patient_id,immune_score,emt_score,hrd_score,PI3K_score,p53_score,MYC_score,MAPK_score,WNT_score,hypoxia_score,cellcycle_score,apoptosis_score,angio_score,dna_repair_score,TMB_score
TCGA-D8-A1XJ,-0.3146483968778693,-0.9897423196407796,-0.3445805499450953,-0.1111032910342876,-0.3364898734120324,-0.9049013838295212,1.1985034616331327,-0.4313924177499569,2.5615383617506278,0.9720281778276229,-2.3120143008223,0.2529674546677062,1.5042759109349448,0.531533602095544
TCGA-EW-A6SA,0.093095511732409,-1.048659342825871,-1.641069007072727,0.9046571973197648,1.8380370293415316,-0.9903070792360624,-1.4897596856044706,0.0385055209808367,1.2167995552730926,0.6967061215329892,0.6230916725820739,0.6848580762561742,0.653366827887866,0.34248992866927885
TCGA-D8-A27H,0.964661627497704,-1.0649199439379085,0.9512833703526536,1.898744646976296,-1.2153712728684385,0.4394801353877635,1.0427452300893436,0.7288441893620164,1.160591529855694,1.067954352384152,-2.7928579702520064,0.8485275172591356,-1.0160345289651422,1.0990390732022555
TCGA-E9-A247,0.5203927272998774,-0.6715062624027378,-0.068374937212098,-0.433935823279808,-0.7805032200475769,-0.1562074698017321,-0.0979038206305169,1.2984686690464675,-0.9531358389083674,0.8297741828285752,0.2621798649884571,-1.3338564170027032,0.6680958939914837,-0.17787775671158323
TCGA-AC-A2FG,-1.294323252438118,-1.1992364981216823,-1.1579704504551775,-0.208936606279361,0.0466170606753519,0.0401864975850166,0.6210010489040603,0.6936300152964588,-0.5074776447282434,-1.6700795585570516,-0.2327406051841622,0.0734762780223995,-0.5157929935028329,-0.47117113998284077
TCGA-B6-A0RP,0.0369787394938028,0.0912920515721268,0.725757529383372,-0.7478032029717315,-0.3372986408922465,-0.8296211059196318,-0.4297415948757724,1.1705707888403625,-0.5572843153038384,-1.375930604083817,-0.0816785496346688,0.2768604135600371,-1.055462116395344,-0.6985374519430598
TCGA-BH-A0DH,-0.1152901926230964,-0.0077904079120357,-1.2241980442903817,-0.488597141761925,-0.6097910688400814,0.3877769165763586,0.0884518396450028,1.4466499135143316,-0.9694902680525922,-1.135418401823339,-0.3917402400071914,0.9563932690370454,-2.411211548120492,0.3257634179181138
TCGA-AN-A0AM,1.6694336646175485,0.7497741988473475,1.1022466540037046,0.5528402398281604,3.008199147439883,-0.8787318265314118,-0.8937833536411469,0.0349841035742817,0.4440527782084721,1.737446814653739,0.3354164362544503,-0.7817526756181348,0.5038571590762781,0.6329706705496854
TCGA-D8-A1XZ,1.0885399052106537,0.4920802615271693,0.3739992131538999,-0.347243668489688,-1.9371029296316369,-0.1564520451035831,-0.4367462892520938,-0.0402333722297479,0.5273942883424252,0.2012344900109335,-0.1057393368075778,-0.3956702548590347,0.7982455239507206,0.4395909137162569
TCGA-E2-A154,0.4769152118575588,-1.3401383081055562,0.4286841619030056,-0.0831633495808472,0.2591984822045197,0.9252555999251976,-0.7907912539101888,1.2014184053217911,0.1508294273903001,-0.3936329257017787,-1.0751162055882293,-0.5611570573884799,0.9044041423088752,-0.11170994239412738
TCGA-A1-A0SQ,-0.6197397953303747,-0.6484373568325841,0.9291946184615372,0.5039235822056254,-0.3607528978183461,-0.6862999790346574,-0.3364867900745379,-0.7980423981205352,-0.159078745080057,0.3743168197918554,0.0920800216500932,0.1322732685851841,0.1103852730986877,-0.5811243028056409
TCGA-A8-A06T,1.2474274978507427,0.7886048564231217,-1.2970999364995444,-0.0849041559019329,0.7145967864461037,-1.3515937151310875,-0.7742032139310998,-0.3573017955160225,-1.034618891185022,-0.4507677269718885,1.5386418319140571,-0.9109991512370612,0.1918132105972802,-0.4980116837583861
TCGA-BH-A0BD,-0.3556296674054578,0.5453308145871424,-0.2323959474022571,0.1480157298594585,0.371306097538307,-0.4945040273227173,0.2785792584308472,0.2730319202574478,-1.1744988192443395,0.9930733510182036,-0.2290818772377684,-0.4625919204814091,1.5612626033707668,-0.4447403915448138
TCGA-E2-A14P,1.454883938806675,0.6907481775648145,-1.5301849455722083,3.5722688037529435,-0.633369751532368,-0.2343737362734695,0.358979294431583,-0.3796980102217195,0.6922188507530328,0.9191877294653228,-0.3810121055203029,-0.9225981939208115,1.62185116350005,0.29181761666950456
TCGA-B6-A0IQ,0.3343501332178473,0.6053993945158045,1.4419002073445362,-0.5756374578162616,-1.5360786852134316,1.003226206155454,0.6425539546773542,1.394673792593568,0.8730261507364109,3.223662633257299,0.1727580734850228,0.6120567115775282,0.7851565940289507,0.30887371911995387
TCGA-E9-A1R7,1.2772404090908782,-0.8216758419370882,-0.7417247256219607,-0.2643812876059713,-1.3668596432001672,-0.1667731228417172,1.6777477164350254,-1.6393794448948242,-1.3127680838273317,-2.1716087872272065,-1.0777827361254375,1.4244707657264304,-2.154353358230585,-0.06896257556988122
TCGA-C8-A1HE,-0.1734877978403219,-0.6072064895910172,-0.3807480786708181,-0.9111778762057096,-0.5520575133296692,0.1238312508182268,0.0549293737011815,0.378392729061594,-0.2941679817738942,-1.2009143935232194,-0.7644964041730397,-0.4850416805144721,0.4452303304586106,-0.24667543457088356
TCGA-AR-A24W,-1.045807659512512,-1.585436694698595,-0.4049663234782528,0.2297465866344807,1.2377449203760853,-0.1712733083957837,1.552163552973849,-0.2143322488098614,0.0081411630132909,-0.7988947067366393,-0.1074136699355877,0.0474986985555662,-1.0000834006083892,-0.8574728813470994
TCGA-B6-A0RQ,-1.059478545396798,-1.5185030879551622,-1.7497913482576284,-0.4421176129889179,0.0547669483605517,0.4809111915214071,0.5566502302380827,1.4305922501404376,-0.1142279621239302,-1.634274324709831,-0.2966133134009029,-0.5769787930308309,-1.957344059211485,-0.17787775671158323
TCGA-AN-A0FY,1.1995227092618863,-0.4371776978170618,0.2483494117477951,0.5675500532413392,-0.6776031114115708,1.9671953008729277,-0.6043201316394562,-0.5887293474748643,1.4454724698477706,1.7262701213241465,0.823267499886575,0.1323267203947884,0.1225094170311401,0.013490169104885524
TCGA-AO-A129,-1.6333739091092356,1.3402464424800942,-0.0579101323618783,0.3023382102237916,-0.3013395944644272,1.2185013868451366,0.6033353636363047,0.7339150304274573,1.2678038986900562,1.6411793670184414,-1.194179894691278,1.2058528644520723,0.0472239503312198,0.9178353434598026
TCGA-E9-A1RC,-1.4971103476067242,-2.575768884729245,0.4840812128731791,0.2998140410582157,-1.2158067630500882,-0.8030602281385599,1.3815492113791812,-1.6395203015910862,-0.8687618521870245,-2.526447470874361,-0.5685374158576082,1.655542938638182,-1.8965625418843397,-0.2005078880462478
TCGA-EW-A1J1,-0.5243126481131494,1.0484113406999955,-0.9915879893078546,0.5676370935573964,-0.7968029954179764,-0.6783757392546684,-0.479043866832183,-1.4047121889219514,0.0667032350499297,-0.4237218354796668,-0.0476337760317636,0.8532847283137595,-0.7351531679411752,-0.8244970196487085
TCGA-GM-A2DO,-1.1362041623595838,2.6331244410526446,-0.5414056364677508,-0.496256689574707,-0.3979562019080292,-1.1230136380206823,-1.5285934033281392,-0.6995835674332396,-1.1087507101594771,0.5407443245368383,1.2389362019999772,-1.2670951068091387,0.3732894551883313,1.253251982368377
TCGA-AR-A24N,1.0163726264630977,-0.4256497097847093,0.1033282233606042,0.0516620999873146,0.8596150169361495,-1.3268426945837155,-0.0593780015607543,-0.3418075589271784,1.3334694096479278,0.343886636935202,0.7970362808810613,-0.617655620138359,1.7336698596622149,-0.342876871457709
TCGA-AC-A3TN,0.5145113747605529,-0.4790233338695343,-0.4754029400385476,-1.668428625878401,-1.2470998432459282,-0.164963265608016,-2.3779703274546224,2.151637678306781,-1.3367215406547317,-0.7587098017119177,1.199062268618069,0.099186598441217,-1.2836983219354303,-1.4004706980626263
TCGA-A8-A094,-0.3727201053423299,1.4740158269726922,0.0503187532338497,1.4468313260222014,-2.049210544965428,0.0730574181538579,-0.8545647626000974,-0.5788693787365088,1.349080455649235,0.5590308736740566,-0.8818857601480785,1.0629761773844972,0.8019117107101386,1.5424527386856575
TCGA-E2-A1IJ,-0.7476462709423661,0.5118132993096994,1.1438467876797545,-0.1391302728037853,0.1214591590363677,0.3386661959645777,-0.1357753550607339,0.3988169500196145,-0.6801077301395047,-0.9075333034772116,0.1615958526316116,-0.2661030683824937,-0.7096828178231327,-0.8244970196487085
TCGA-A7-A3J1,0.4295815996012569,0.7801959975858751,-0.5515035587098809,0.308953274243921,-0.3206255882232925,-0.3773035426754815,0.5103499701572352,-0.3474418267776669,-1.3429164001790594,-1.4717714603706562,0.4777967644735069,-0.3756258262580886,0.0916041058399295,-1.4004706980626263
TCGA-D8-A73W,0.4740869571168287,-0.3573827571195918,0.665524685206261,-0.628035728080965,-0.2561730413388233,1.0945017088064322,-0.2225642881299808,-0.734234314713747,0.0761194215269091,-0.5828119690311768,0.2049424769456928,1.62042509972932,-0.4096022156116997,-0.22343776492668083
TCGA-GM-A2DF,-0.4133953281741055,1.151831492288946,-0.342155072339639,-0.0619255124635901,-1.2897156681647062,1.6649980579052237,-0.0391336650665516,0.1659808310981537,-0.0028443878765174,0.2651094345866721,-1.0856583030608968,0.3979287623097751,-0.7466662807470587,-0.22343776492668083
TCGA-A7-A4SF,-0.8164369492275966,0.4227443520804547,-1.6263148751504564,-0.6289931715575666,0.6849212412106885,0.0341210300990989,-1.272537185275055,-0.937208814027615,-0.1138975696159639,0.5638655756232472,-0.6923760549923937,-2.4088792117288533,0.3196151946491742,-1.4004706980626263
TCGA-AC-A3EH,-0.1644379293141921,-0.2491338489143476,0.8121288497136714,1.020333777355978,0.0832604488171949,0.4051906780681842,-0.8548726612540026,1.1346523312934955,0.7620142680604585,-0.1765832476064769,-0.7556286398283819,-0.1833062153081725,-0.0109526448247638,-1.4004706980626263
TCGA-D8-A143,-0.0958415987525193,0.5868084369164147,0.5606914693836613,1.321145109639754,-0.6015789682717864,1.3463164395927276,3.895695669833956,0.7761720393061248,2.354175763939636,0.5451524351375692,-0.7030421771412012,0.2957289023497311,1.6621470583206386,0.013490169104885524
TCGA-BH-A0H9,1.0049901060107067,-0.7580280905222235,-0.9924163882636686,-1.2280046266434796,0.1840453194280412,0.9964759278243528,-0.0798532620453826,0.2331694752152351,-1.401106780644241,-2.5372544517019566,-0.6952286225438187,1.9371805234339317,-3.59757671965406,0.34248992866927885
TCGA-EW-A1PA,0.0176500607213107,0.2857741271418231,-0.1104081452430063,1.7463370535651657,-1.045032398959494,0.9082820739767036,0.3028647647575414,0.335431436701612,0.2973998037358907,0.2266024555325537,0.9203788213112476,-0.8172981290038203,0.204130311727596,-0.4447403915448138
TCGA-EW-A1PF,0.8620232529197436,-0.2331659950202524,0.2485996251616287,0.059060526851931,0.9490771428240448,0.459779885441437,0.8316807028380115,-0.3578652223010725,0.4071314154434778,-0.4939387714358104,0.2332201031076626,0.3750513877998919,-0.6310527596935714,-1.4004706980626263
TCGA-LL-A7SZ,-0.1052834806038466,1.3193190285663874,-0.5724716792458424,-2.055322830739906,-0.8257319860562726,-0.7233775947953442,-3.131667744880375,0.66137383185241,-0.5705826137493932,1.4843643873253738,0.7902769360309405,-0.5805066124645956,-0.3965776047558844,0.6469884021607089
TCGA-AR-A24O,0.774120828636761,-0.0017082849951996,0.6402232710812402,-0.4120887039501721,-0.3565846346511118,-0.1042596756884754,1.1426968306129952,0.1751365163551997,0.1721397441539872,-0.1205575838423622,0.0303157329278852,1.4947064435441608,0.3624838521079497,-0.6684292079208344
TCGA-B6-A2IU,0.2790048450901305,-1.0111902771880754,-0.784014367458988,-0.1200684435878846,-0.0752579773040567,-0.330980980504809,-0.5649475912714567,0.5289685373659152,-0.8708268053618043,-0.8091328990996256,0.4869745905085386,-0.1926068301790116,0.4750100579956139,-0.24667543457088356
TCGA-AC-A2QI,-0.1837959710894191,0.4606381169427709,0.1912987377963845,-0.0146626208460896,-0.2393133500205937,0.670554880577054,-0.625719088085798,0.4964306405293413,-0.4189324525938526,-1.4397771092363272,0.6318354122505785,0.4412781798974331,-1.1371473301577544,-1.4004706980626263
TCGA-BH-A0DS,0.1825864437647678,0.1542169508935123,0.1014888397102361,-0.8031608439822815,-0.0825990975090391,-1.1401339091502871,-0.6017029930812717,0.05005577007434,-0.0938262247571424,-0.9425422334739786,-0.5367250864253844,0.2794261004209613,-1.100324664898716,-0.27022927267460123
TCGA-LD-A9QF,1.4091396195661912,1.557477027861777,0.6693655759196112,-0.7622518954367479,0.907518936917845,1.3248427280901662,0.0809852972878241,0.8333598579885912,0.2016685745532821,-0.0018514312781864,-0.0457734058895284,0.3067934269374553,0.3085844748379507,-0.6985374519430598
TCGA-D8-A1X8,-1.144500719080499,-0.1268648162499659,-0.1691820399634312,-1.0928310158111043,-0.3998848012839167,-0.8637149029977303,0.4472692334386134,0.1592197096775675,-0.0178772469888888,-0.6392926635669812,0.1728820981611716,0.955965654560228,0.315402295829144,-0.6097395062909394
TCGA-A7-A4SD,-1.0204716030598238,1.211541810529243,0.4870597148883008,2.6409374219715915,-0.1381552021111896,0.0515837066512957,1.2912194437900353,0.6212296734176748,2.5263515596524466,1.2870801083752823,-0.9255424461525248,-0.1809543356856599,0.6179913416128072,0.6608935403343899
TCGA-D8-A1JD,1.4311655085515076,-0.1128627572136908,0.9125869296186038,0.6549385305598893,0.1586002502429556,-0.3714337354310463,0.3796469915749017,-0.7809987378728078,-0.1279392512044392,0.7502575554760531,-0.1353192220691158,-0.7440156980387468,0.4755246105232523,0.8069032830167661
TCGA-LL-A441,0.2332231118030446,1.232223213145665,-0.0790235160702779,-0.174990883018167,-0.3605040462859787,1.9276719320937263,0.3567855165225166,2.9904393045483517,-1.0003406684837437,0.7745163834916842,-0.4239866558059335,-0.4985649883439148,0.1330899033806798,-1.4004706980626263
TCGA-AN-A0FF,-1.6831645478293964,0.0399018663203705,0.5078337872712261,0.5845229148719348,0.9261205889626832,-0.5369133846637664,-0.3342160375019949,0.1072435887568039,-1.2710973287603566,0.0563640680746794,1.4085399466337505,-0.737013510980816,0.5173320033937774,-0.6684292079208344
TCGA-D8-A27V,1.3786235691975672,-0.3646077067066837,-1.043474669295728,0.3640497943063147,-0.1831351165875113,0.6251127894930466,1.141234312006951,-1.0510210246074978,0.40907247142777,-0.1418587118420169,-0.1681857612486015,-0.7751781030370243,-0.544061222989902,6.227799603265354
TCGA-A2-A1FV,-1.0113271765516731,-1.5558739949561913,0.246397091106847,-0.5702409582208932,-0.4264497023646758,2.392022600188969,1.1297265998172807,-1.158776397248101,-0.2325084799750885,-0.7867510730172088,-0.4382494935630716,0.3785792072336594,-0.2324353484396094,-0.17787775671158323
TCGA-AC-A3TM,1.7759097751857116,0.1625886663299408,-0.8170253245068456,-2.5641605183935336,0.1219568621011092,-0.3135672190129824,-1.8511172432927911,1.0583080019193682,-2.187853940233843,1.0157680107561542,0.9295566473462747,-0.8887097466328056,-0.7574718838274402,-1.4004706980626263
TCGA-E2-A15E,-1.3416252242391795,-1.0891590232555073,-0.0761482607684178,0.6216891298271314,-0.3584510211439041,-0.477139180891261,0.8490769767835982,-0.0699541351410788,-0.1611849973183338,-0.0853211384597526,-0.0143331504857596,-0.6990627261630137,0.1451497282471776,0.34248992866927885
TCGA-A2-A4S0,0.6410347058669648,-1.5497186356189674,0.0596525166996856,0.3799781721442544,-0.7042924382585168,-0.4656441417042407,-1.8121680635739104,-0.7725473360970714,-0.4287616297057892,-0.4205934989243092,0.91541783426529,-0.5035894584465517,-1.6656570951071352,-1.4004706980626263
TCGA-E2-A1LL,1.1634178781462563,-1.3665730258570277,0.730280845966707,0.3733631081241282,0.1313510074481728,-0.168142744532085,1.7397508078649837,1.1681762250039076,3.3598905581824674,2.2930109474618776,-1.3894567472878938,-0.3227619865611829,0.7650568859181217,-0.1334860835469118
TCGA-BH-A0BJ,1.102244672666644,-0.0089609785859487,-0.1079607922452411,-0.1122348151429944,0.676273650460744,1.0082644573735935,1.0954728745704394,0.3421925581222007,-0.7318967557628798,-1.151429797102121,-0.3460371468462845,0.069948458588632,-1.0939892369021824,0.0728507408827852
TCGA-BH-A202,0.5901384323665059,0.8142212638919043,1.4129785896897848,-0.0871672041193433,-1.8664290944378588,0.1772954118029627,0.072595058968935,-0.047839633827908,1.1365967739648002,-0.2216028545803876,-2.016153435868839,1.0812032444589623,1.905980637354728,-0.5252749305992134
TCGA-EW-A6SC,-0.6216584005829169,-0.5902017630609738,1.0798443907634814,-0.2040623485803143,0.0377206183930365,-0.815044417929283,0.814438378219376,-0.0965760507346404,-0.196082705972048,0.5612207092628109,0.9029533543123148,-0.0250888588846739,0.111896771148622,-0.4980116837583861
TCGA-AR-A24T,-0.970791156152759,-0.364720823191608,1.2459333474867544,-1.743631458949348,-0.3312017783491213,0.8148543086694338,1.1431201912621132,-0.4970316382081548,-0.387751659654738,-1.5141177615608976,0.1361087816829901,1.0693903945368035,-0.4785522543150889,-0.5811243028056409
TCGA-AN-A0FS,-1.648124845122341,-1.5967721392212768,-0.3183033602025549,-0.238617354053881,-0.3469416377716774,-0.0869926593777594,0.2937432671356301,0.2342963287853328,-1.1622329973861718,-0.1956945400173879,0.6614152975121208,0.3512653325267639,-0.1895666909808339,0.25719285457475255
TCGA-A2-A0CL,1.6297553482553206,2.0561760269844864,0.4408189436673303,0.6095905258955858,0.4514362909622372,1.2030931428284937,0.4850637932053539,-1.4127410206088995,0.2404070961120749,-0.215289302623211,-0.0860194132998872,0.4124676545216654,0.9012846676100762,1.1623820072705024
TCGA-B6-A401,1.241401008243887,-0.2155087526974798,-0.1812468307718698,-0.5634518135686526,-0.6672135599350209,0.5038523548350758,-1.102461666324721,1.2119826575414585,0.3611242587094733,-0.1107744222510657,-0.2135787927191388,-0.1176139413066601,-0.4923486939623606,-0.6985374519430598
TCGA-A8-A085,-0.3456593126155348,-2.7638888803166664,-0.0823163235203067,0.5658962872363077,0.3583658178549411,0.26363049335654,-0.3569235632274291,-0.4781568409090152,0.6563299645754314,0.2787319183140901,0.9606868410596784,2.8692731792829083,0.2782258757073569,0.22186141611739182
TCGA-D8-A1JG,-1.519217060434798,0.8710678134346822,0.1084442225970717,1.3535241072119613,-1.3126722220260645,-1.477452165463866,1.3869374378225072,-0.6204221041338642,1.2767244964050906,-0.4397047913352156,-1.3444357898458026,1.0779961358828094,1.1105145891605603,1.1829915410969438
TCGA-A8-A09A,-0.7371654013873044,0.6021162525398056,0.2033624645341695,0.1764779132092299,0.1150512320777766,-0.0306425098311756,1.2323723135625957,-0.2789854723942235,0.3878447527910737,-0.4471559202216112,-0.1639069099214596,-0.2007315052385958,-0.6197969231515038,1.8188013172271158
TCGA-GM-A3XL,-0.8661797413420715,1.7494047991176722,-1.4807526688747144,1.0336509457122875,-0.2992865693223526,-0.4315014295657728,0.4371085778597738,0.3152889291361128,1.201353705525767,1.411900736934019,-1.064636120453638,-0.562653708057352,-0.2849518657915831,0.6608935403343899
TCGA-PL-A8LZ,1.403897369646561,1.61374245776168,1.462428631110117,1.9642860049652064,0.2218707523486495,0.6891426035177658,-0.2146743851236861,0.267115939014433,-0.4672523568836066,0.612326352808048,-1.0272426805947132,0.9839209509823494,0.3782741827998179,0.5757363539531847
TCGA-AR-A0TR,-1.518707912312266,-0.0535543871489068,-2.74642367458992,0.4179277499439414,-0.700248600857463,-2.8842493017136515,-0.8688820500066433,-0.1360159256880624,-1.6148294342335443,-1.1961934492669546,0.664329877401618,-2.337627949528676,-1.0477116689478092,-0.3677863716473534
TCGA-GM-A3XN,0.7309875521906396,0.3332663151162597,0.2381835006355494,-0.4104349379451344,0.8025658031397644,0.6721690775692736,-0.2739063886685088,0.3278251751034519,-0.8026833505941985,-0.6094312691749403,0.5071286003827519,0.5830858307729533,-1.1974464544902412,-1.4004706980626263
TCGA-LL-A5YM,-0.6629216297593774,-0.229068093188564,-1.6916884966111028,-2.5595473816426524,-0.0030288200329522,-1.2326812033708916,-3.011972143175116,0.0817485267333412,-2.1701779410577613,0.2291904430465302,0.5807992580152634,-0.9746602564736812,0.1019594754586296,-0.5811243028056409
TCGA-XX-A899,-0.2569376635324314,0.6321620961323976,0.3661021976608344,-0.3696130297156518,1.24359293138684,0.0165605234261627,0.3291900996663531,-0.4519574954042418,-0.0445151429434925,0.2435523517779404,-0.0986079179290065,1.1290960658628328,-0.3969313596186329,0.4707841971944106
TCGA-A2-A0CK,1.6509038065126806,0.0817544721199415,-0.1245539183568514,-1.3731008335060504,-0.3036414711388726,0.2001387449958928,-1.0500804078292678,0.8826597016803688,-1.48643064582598,0.2743806865598222,1.297971947846909,-0.3900578148507703,-0.8174494128301524,-0.9253710110462472
TCGA-E9-A22D,-1.4189587743616234,2.627228496213072,-0.3561762711847379,0.8486902740968358,-0.465581605830243,0.502433818084337,-1.2427864778415605,0.7281399058807044,-0.2799198048679432,1.5186907711646085,1.0377061649482098,-0.2863078524122527,0.940744414573254,-0.4447403915448138
TCGA-B6-A0RM,-0.0330080530885587,-0.8374519829903158,-0.2669919497523122,0.7611277161461745,1.034806495726352,-0.440012650070204,-0.7101218065872881,0.0700574209435773,-1.8312778260135485,-0.4997688531980658,0.2740242215606884,-3.21263407272215,0.3692373540331885,-0.47117113998284077
TCGA-AR-A0TS,1.191456921694622,1.0456469885674398,0.0280843652989421,2.2181826068956987,-0.9413857357263692,1.2205558193806896,0.918277199248568,-0.5974624626431245,-0.4678718428360423,0.3937978247047602,-0.0792600684497621,-0.5151885011303019,0.5747046102253264,0.35905637466185736
TCGA-A2-A0YT,-0.0532214489909599,-0.0932770698228912,-1.2826611013329166,1.8379905063703768,0.8858688536014393,-0.8186641323966853,-0.2530462548664977,-2.58424616342185,-0.2555533574055891,0.443111784586476,0.5120895874287095,-0.4149663581255517,1.1363386941413516,0.16747431310446806
TCGA-AR-A1AY,-0.9846381788049348,-0.9351068245370636,1.4868814558356789,2.1672640220039154,-1.7515218993648811,-0.6693753681465336,1.4671065498328113,0.3912106884214569,2.30457558868152,2.7972134819157035,-0.9523317762007144,-0.090193162980556,1.7448613771383212,0.1857938533180109
TCGA-AC-A2B8,-1.1953640196552546,0.0356569540466029,0.8119517069009886,0.1306947069646465,-0.1930891778824115,-0.6360642120343607,0.5487988145635253,-0.7311354673959777,-0.7382568115411923,-0.9381910017197106,-0.2756531431317163,0.158999173386455,-0.1248617106304533,0.5902233037254387
TCGA-AQ-A54O,-0.913230005216474,0.1377706851107997,-0.6767849571576227,-1.7637377719578922,-0.4449269286433269,-3.1813593784028447,-2.7641907014457083,0.388956981281259,-2.1776943706139487,-1.1047038247343832,1.3467756579115426,-2.1246759400721857,-1.977958319849951,-0.7291786128219677
TCGA-E9-A1RA,-0.1165445077620437,-0.2296700933622016,0.3339441421131995,-0.0360745385954549,0.8340455219848801,-0.5973723992814544,-0.0861266971186798,-0.4177293182125201,-0.2441961149443205,-0.050681920964981,1.2335411285874969,-0.3736481093027948,0.0290859737320066,-0.8244970196487085
TCGA-A8-A096,-0.6101870235936969,1.1076777929758597,0.9262711910179714,-0.2293040402360706,0.5934683030638106,-0.4421159976661263,-0.3877519159495874,-0.339553851786983,-0.180389061843747,-0.2510092182007418,0.6075885880634486,0.4850017601523042,0.5485267503817843,-0.4187071130649698
TCGA-E2-A156,-0.7729688147358356,-2.408156356045677,-0.60045837242312,-0.0195368785451302,-0.4452379930587962,-1.6521278460462023,-0.5765707654563406,0.6109471345905311,0.0213568633318549,-1.234643549474613,0.8555139156853171,0.6011525424186083,-0.1712035976507811,-0.4980116837583861
TCGA-C8-A12M,-1.1921158652636274,0.6325570454798121,-0.425022963038923,-0.0578346176090368,2.9505900176956645,0.7014202836707116,-0.3305597409868822,-0.9776346858548778,-0.0032573785114746,-0.1328434146779455,-0.4124523609240761,1.199973165395792,-0.4682290442293649,0.09219373982862697
TCGA-E2-A15M,0.5693258198576736,1.0231128052378748,0.2858452999093206,-0.2087625256472466,2.0587061256728005,0.6751039811914916,1.2864470146545195,-0.7793084575176575,-0.6388499657074839,-2.294438656159808,-0.4148708421089828,2.308082630265909,-2.5271145049707755,1.3395891168097533
TCGA-E2-A15R,1.323926676693065,-1.7712756503480425,-0.3923333642719304,-0.1160645890493823,0.1417405589247227,0.8689054503786128,0.3870365592686038,-1.2523052435662203,0.5692715387268787,0.2315793545978941,-0.4062511271166269,-0.4476788656023028,0.829375951872773,-0.29410800153563177
TCGA-B6-A0IG,-1.0038573953854688,-0.1364902611735673,-0.2077688058740552,-0.2308707659250511,-0.3270335151818836,1.306939815994637,-0.2141355624793544,-0.1423544770198629,0.7005612615791283,-0.2892318030225532,0.1717038637377521,-0.4432958172148949,1.5839672336527588,-0.24667543457088356
TCGA-BH-A0HX,-0.8360572989670472,-0.5051490791098107,0.1326388509867296,-0.3975529711690923,0.1792549274298684,0.2081118998362511,-0.3820173035206219,-0.8225514632701634,-0.0003251450032923,0.6161087960977065,-0.0991040166336014,0.2834884379507519,-0.0847266134747499,0.1857938533180109
TCGA-D8-A1X6,1.684655234637766,-0.2641171565431567,-1.341507215787621,-0.4779782232032996,1.5794802872065556,-1.8210315495048424,-1.6236571127210604,-1.8100977607646425,-0.5480333250808406,-0.1004224721951565,1.5264874136514563,-1.9605254327828057,0.8232334810741031,-0.22343776492668083
TCGA-A8-A07F,0.3901603336811523,0.2290818160257902,0.6950555317428164,-0.6514495730995784,0.72654165999998,-0.5326577744115499,0.676268857279866,-1.3556940586226975,-0.3842825383211138,-0.3488408341137167,0.2962246385913622,-0.6250854216731099,0.7860249014193376,-0.4447403915448138
TCGA-AO-A1KO,0.9310529648719756,-0.9176394421126514,-0.6876608994469487,-0.4966918911549776,0.132968542408591,-0.5359350834563592,1.5658265557408484,0.6650361059552257,-1.1597137545129468,-0.9413193382750652,-0.5898696601552365,-1.0099919026209552,-1.3037980300462584,-1.1864726409114927
TCGA-AN-A0FN,-1.4249231002619795,0.9461178884923176,2.271420151692876,-1.1648133571880364,0.3112084524703611,0.1021618790741838,0.0513500518495452,0.2606365309863681,-0.2878905241225785,-0.679079416666476,0.6286727830087795,1.921572595029992,-0.6135579737539033,-0.2005078880462478
TCGA-A2-A04T,-0.1502979123762025,1.461969748203454,0.4902953692303679,1.644499883781596,1.6039921631452434,0.8750687479852717,0.4894513490234888,0.2109141172058048,-0.0377833955937256,1.3386976615386703,-0.533562457183581,-0.4592244564764488,0.6171551937553987,0.6469884021607089
TCGA-A7-A26I,1.0181691381176587,-1.4195064451507495,1.090456366609057,-0.1697684640549069,-0.1469272186273212,-0.3389052202847971,1.1032858029132573,0.2424660171685455,1.3749336693974272,0.118219813601057,-1.867819923194621,1.6671419813219353,1.3219635184864806,-0.29410800153563177
TCGA-A8-A07J,0.5661281096400052,-0.4282149397283135,0.7494810374108464,0.0024843214166201,-0.6285171466511066,-1.6769766967143125,-0.1770722620156361,-0.8622730516161117,-0.8683075624885763,-1.3027275286884683,0.14503855836572,0.5863998429683093,-1.1294290422431958,-0.22343776492668083
TCGA-A1-A0SN,-1.076147807332841,0.758428820753276,1.176096828563095,0.5712057465156251,1.1273170528858114,0.2494940409095237,0.4195583545872341,-1.0103134393877136,0.1379854186431934,1.1988325780909883,-0.3761751431504896,-1.0584192421208485,1.0637224686785511,0.0728507408827852
TCGA-A8-A07G,-0.2653068656071009,-0.32906451947679,1.6560356345725809,1.7452055294564557,-1.2115140741166637,-1.3128040722574408,0.179820765191075,-1.0255259625840338,0.4342236010965385,-0.6054781893458991,-0.5622741697120824,-0.2069319151524904,-0.1569890840748017,0.22186141611739182
TCGA-BH-A0DP,-0.197742820664946,0.1528720674545441,0.7045195316893759,-0.9644465496309604,-0.2043497097222641,-0.253206034516034,0.3466633482754142,0.4316365602487148,-0.9381855779229928,-0.3971594141823646,0.5021676133367943,-0.1278766887503454,-0.6479043549736877,0.1113229996056972
TCGA-D8-A1JN,1.2205948743912434,0.6875596076791728,-0.6235157296063443,0.0445247940708574,-0.5381218275168135,1.0415756134857674,-1.187403207470543,0.2271126372759609,0.0006247334571037,-1.8034604535081715,-1.8020248324975736,-0.6827064724246423,-1.3136388471373213,1.0664767264694666
TCGA-A7-A26H,1.009345849983696,0.0735255062122039,0.3604588883864253,-0.197969526456516,-0.1489180308862973,-1.26349769140418,0.5782801106748511,-0.4202647387452418,-0.9235657094455786,-0.5669996497150076,0.0587173837660082,-0.9145269706708288,0.9513892199887504,0.9178353434598026
TCGA-A2-A0T0,1.5380584280753669,0.2790309069794694,0.3613953662171829,1.768445293842964,1.5964644042909724,2.1654969556141177,0.5291317880453915,1.7386458448659303,2.531266148208412,1.3061629613629555,-2.22141427489545,1.3951257222546396,0.4472242215032048,1.491780426685883
TCGA-C8-A12Q,0.0045383208144073,-0.1724416711614627,0.4238118069290756,1.8187545965223653,-0.2235112777149423,-1.2171262141731374,0.6935111818984995,-1.6112081056423768,0.5363148860574566,-0.5081869224742993,-0.3847328458047733,-0.0792889938216418,0.3777274707392035,0.7682879929065491
TCGA-E2-A1BC,-1.1899233924570842,-1.152409861327181,0.5295090983794071,-0.9016034414397336,-0.1908495140910547,-0.8442467089703517,1.1375010408283617,-0.831425435134683,-0.1532968761906863,-4.24677662151153,-1.4375783216337117,1.4676598278852784,-3.3370845025377163,0.34248992866927885
TCGA-BH-A0BF,-0.0311720631330331,1.5322203726551178,1.0165549125305704,-0.1693332624746394,-0.1038759035268837,0.294300236208717,-0.0102296789312948,-0.1282688073936404,-0.3018909066475599,-0.4529006837141768,-0.2915283016787965,0.5491973834849472,-0.0366802712066244,-0.6388356600211044
TCGA-E9-A5UP,1.4010007693502269,-1.3703790522428498,-2.090190805083661,0.1530640681906072,-0.2755212479807871,-2.238912910248303,-2.670243124673187,-0.6253520885030458,-0.2942918789643848,-2.071530456879019,0.6573844955372764,-1.151906457115681,-1.4815437688119415,-1.4004706980626263
TCGA-B6-A0RL,0.8760026710823888,-1.383297653197623,-3.667991500022748,1.2115613517273425,1.0176357399926597,-0.9862960442856988,-2.627676135770932,-0.3344830107215421,0.3727705946152084,0.7567133045493825,1.3519226819717254,-3.607856752923282,0.9839668268947804,0.0728507408827852
TCGA-A8-A095,-1.0004818746601103,-0.4461194627044743,0.1054814140858126,0.6209057669826473,1.0443250668395958,0.1473104797959701,-0.0156179053746188,0.033152966522872,-0.8845793935058103,0.2872637452832449,0.5306312765129894,-0.7181984740007235,1.5062376424465609,1.131000234446497
TCGA-A2-A04Q,-0.1058870784208992,2.3978547059126183,0.4128398922598669,-0.3206963720931229,-0.9780291238682122,-0.0725138015081518,0.2327023589991197,2.6313955857759304,-0.4831111972658863,0.996542960652325,-0.0350452714026443,-0.536729580400123,0.2151610315388172,-0.04797831385238559
TCGA-D8-A1XL,1.290224057958207,1.670259436877193,-1.2949471969348636,-1.0031794902751408,-0.0244300518169806,1.9429823459896305,-1.3908857303694837,0.4379751115805153,0.6989505981028026,0.3980352987661084,-0.0297122103282361,-0.1682328050002562,0.168240272924899,0.701951126257992
TCGA-BH-A0BR,-0.9824598414184644,-0.0328281621828609,1.1708446406717283,2.081268189742232,0.8128931417332225,-1.2060224954690797,0.3570549278446814,-0.6838076174518692,1.0952151123422915,0.1377292579371888,-0.7057707200164819,0.642738050289381,-0.2728598813921092,0.013490169104885524
TCGA-B6-A0X0,-0.4243998759934691,-0.5559312926936136,-0.4267971573078897,-0.115803468101223,-0.238753434072757,0.3169968242205356,-0.8399780638713865,0.460230469589948,-1.5285143915279122,-0.4993138224263791,0.8192987102498072,-1.324662705751067,0.045262218819604,-0.7291786128219677
TCGA-EW-A423,-1.5736678971095308,0.5365512033780032,-1.8784203622651987,-1.164552236239874,-0.9858679471379428,-0.5591208220718805,-1.996599357262529,-1.9913803288541323,-0.5872674354015843,-0.5310237793284043,0.7295668570559989,-0.2947532383294513,-0.3456369045197993,-0.11170994239412738
TCGA-GM-A2D9,1.0969585993482345,-0.3858356079841173,-0.7248123416017147,-1.1149392560889029,1.0789776427224629,-1.6468939345865796,-1.5952919492301365,-0.1243248198982972,-0.2111981632114014,-0.5320475985647021,0.4036300081364048,0.3599779774919784,-1.117144100645856,2.9239811094407395
TCGA-B6-A1KI,0.2523037447113144,-1.2473847975712846,-0.7492219895218548,-0.747542082023566,-0.0819147557950186,-0.829670020980002,-0.3935635030420293,0.450229644155328,0.3607112680745191,-0.8859762206684798,-0.7323120007123697,2.5085269162754127,-0.6668784794303094,-0.6388356600211044
TCGA-A8-A092,-0.8444358099059488,-0.3503027317538507,-0.43989274422498,0.172125897406511,-0.7406869748679892,-0.4436812795979765,-0.4949776221717263,-0.8541033632329039,-0.2897902810433708,0.4131366325015108,-1.5870280563932673,-1.8986816890726723,1.942931940745675,0.3754657903676697
TCGA-AR-A24Q,1.3663586905479708,0.6915442425017859,1.749542732341325,0.1158108129193564,0.7830309578485284,-0.3788688246073317,1.9037453284007104,2.190936696563944,0.942573773662858,1.7040589317811137,-0.1447450974564405,0.441919601612662,0.3675007392524124,1.4658769948511599
TCGA-AR-A1AI,-0.8710000367798818,1.6305811980138307,-0.5751044786148578,3.2501325940358594,-0.9194245879945008,0.533445966359107,1.553202710930775,0.4520607812067377,2.1960003507518047,0.8098665865672151,-0.854910393085668,-0.0967142837520651,1.4456490823172774,0.4078252445839344
TCGA-LL-A6FR,1.7580011909201196,-1.8663679657699763,0.0614860703994747,-1.6788734638049212,-0.1227264071040993,0.5704257519990517,-1.4465384120626688,3.8013513049299976,0.8805425802925922,1.7040589317811137,-1.4383844820286762,-0.1156896761609677,-1.0380959685875892,-0.24667543457088356
TCGA-AR-A250,-0.6062726111105374,0.4810451931864236,0.822319630096764,-0.2486269904001337,0.8292551299867106,0.3745698502763775,-0.1636401832390644,-0.4278710003433993,0.7674244453783717,0.5240219436772926,-0.4455049371177871,0.792616924414884,0.7621303684171861,1.0332901435249677
TCGA-BH-A0B3,0.5659021207693735,0.8540191270892756,1.1245850624974418,-0.0810743819955419,-0.5223197552111621,0.5988943171345669,1.0614885606457607,-0.3365958611654756,-1.0166537985644717,-1.9884020227762185,-0.0631368605503933,0.2957289023497339,-1.2804823686376974,0.4395909137162569
TCGA-E2-A1LK,-0.1314158588051667,-0.8531681466566332,0.5995079080088543,2.592281885297216,-2.369482467128768,1.7458546526973264,0.3799548902288079,3.723739265289509,0.8903717574045229,0.1271782319186685,-3.0146140912064334,-0.9005225965549674,0.2317875100880962,-0.29410800153563177
TCGA-BH-A0AW,0.6156773010774462,1.5311654658250655,0.2653753274806598,-0.0260649022492053,-0.8771198274911854,0.6075522828201086,0.0419976302372063,-0.0517836213232512,0.218518592459452,-0.2480515181847638,-0.2909081782980485,0.3362988258380562,-0.3765422157110076,1.2234888356053946
TCGA-AN-A0FZ,-1.435354214867281,-1.6192531692223124,0.0768230886111363,1.4511833418249265,1.2749482244657684,-0.857747265632554,-0.5470894693450138,-0.1271419538235427,0.3935027244899566,-0.4462174192550033,0.8012531198701265,0.8082248528188234,0.3133762452515715,0.34248992866927885
TCGA-LL-A5YO,0.0108216345490515,2.335097586719668,-0.1800126594960348,0.9507015245125136,-0.744046470555016,0.0330448987709531,-0.4882808264493091,1.0095715850126357,-0.693116935140593,0.2957102539827083,0.1717038637377565,-0.6649070198269975,0.3669861867247764,-0.1334860835469118
TCGA-W8-A86G,-0.2676363185856712,-1.6503738272497344,-0.2954367783527322,-0.565018539257633,0.1179130247000619,1.039765756252067,-0.3399121625992211,0.9515386261526004,-0.27793744982016,-1.154074663462559,1.0397525721046703,-0.5407384661203122,-1.99757563496612,-0.8244970196487085
TCGA-A8-A06O,-0.376496578710306,-0.032210055881754,-0.978550286217752,0.5043587837858929,-0.4473532310839626,-0.2530592893349234,-0.6250263161145142,-1.1449724410144029,-0.944752129018778,0.6091126979830006,0.0711818637189832,-1.1939730312728754,1.9675018239403523,0.3917211247779103
TCGA-D8-A1XC,-1.397839805906271,-1.8452947575506269,-0.7351611323221466,0.4344654099942631,0.6786999529013763,-1.5642763976211451,-0.7900215072754304,-0.7374740187277782,0.165614492121696,-0.6870424551710197,0.5485528422165213,0.2974928120666162,-0.8104064751081195,-0.4980116837583861
TCGA-B6-A0I9,0.2807542405545427,0.4943250269582692,-0.7851848554335185,0.2300947478986973,-0.3025216392431958,-0.636797937939916,-0.5707206910321603,-1.4895079200718129,1.249591011688533,0.0518137603577988,-0.4121422992337065,0.4064810518461795,0.8895142785403725,0.4395909137162569
TCGA-B6-A0IO,1.2499313567678776,0.3716525739073809,-1.3624653346170854,-0.212853420501803,1.1299922068588146,0.3043767386449993,-0.6934952792764619,0.2395080265470356,-1.1438136150671732,-0.7672131892578441,0.6895068866598698,-1.383138985456237,0.0116876663912759,0.1857938533180109
TCGA-UL-AAZ6,0.9183974972566872,-1.0981796287687218,-2.128603776872797,-0.510444261091564,0.5074900986291293,-0.8249741751844538,-1.358633346373018,-0.0074137620006502,0.664672375401524,0.8507055983262375,0.0940644164684771,1.3068233327912542,0.323024105144772,0.48617256869766
TCGA-BH-A201,-1.1582820713111617,-1.2570369697622972,0.7378027410072571,0.3093014355081406,0.6854189442754334,-0.1356142293858358,0.8572747784437991,-0.4606906105724996,0.4475218995420963,0.0500220766942774,-0.4658449840062257,0.2495999906627487,0.5188113419107332,-0.6388356600211044
TCGA-AO-A0JC,-0.5051013601556159,2.8934416692207283,0.0250886667118199,-0.1026603803770154,-0.1069243347984513,0.3354378019801386,-0.2643230430657402,-2.222526167420448,-0.1262046905376316,-0.7231036438273128,1.2514006819529522,1.496844515928262,0.3559554669135529,1.2334668482151103
TCGA-A8-A09I,-0.3458651941679094,0.9394326260875452,0.1995414231047359,-0.1920507849648166,0.0806475077272837,0.2419122065521277,-0.5423940148729726,-0.4429426668434577,-0.9464040915585976,0.5569263563550013,-0.6750126003315289,-0.1894531734124628,1.7119621749025165,1.131000234446497
TCGA-A2-A1G4,-0.3834772366235743,-0.3907265486603646,-1.0943306921945202,0.1189442642973143,0.7575858886634428,-1.059717549901516,0.2405922620054164,-0.3851914213759436,-0.1212901019816633,0.2062682679227353,0.116016784146849,-0.3515725119369448,1.3187475651887464,-0.4447403915448138
TCGA-AC-A4ZE,1.6410695664267625,-0.0050375124019812,-1.9920549601738995,-0.3528142487171709,-1.5256269208537898,-0.0751062997077768,-0.5405081356178103,-0.232502762627689,-1.007155013960507,-0.0213324361910882,0.1137843399761721,-0.3900043630411689,0.0152252150187804,-0.04797831385238559
TCGA-E9-A54X,-0.5902925904246511,-2.3028265960863488,-0.6196926185591934,-2.46406415493105,0.8726175095026073,-2.304752581506725,-0.2497748316687656,-0.8183257623822964,2.3717278659252297,0.7015408234821768,0.8865200847225719,-0.7252006610586542,-0.6658815339080135,-1.4004706980626263
TCGA-A8-A06Z,1.664248894842144,-1.518807401363055,-1.911795436745588,0.6261281859459075,-2.8350214713145307,-1.4767184395583113,-0.9772623761809234,-2.149280685364088,-0.4985570470132119,0.5717717352813311,-0.2313143214084454,0.6943724983654277,0.4523697467795764,0.4078252445839344
TCGA-E9-A1N4,-0.8279049290871258,0.3937154022919836,0.9387550827113874,-0.330444887491207,-0.6285171466511066,0.5156408843843181,1.4886594556061072,-0.0650241507718998,-0.9226571300486792,-1.4156035994903875,-0.5181213850030323,-0.0702556379988158,-0.8821543931805352,-0.6684292079208344
TCGA-B6-A0WW,-1.6400209312117464,0.0003892361455708,-0.1872475629567571,-0.8404140992535385,1.808921400053956,-0.7684772804567587,-0.5367363771074837,-1.6036018440442192,-0.6519417688355601,-0.0140235044208453,-0.0741750567276514,0.1529591189013647,-0.2880070214244301,-0.342876871457709
TCGA-AO-A0JJ,-0.1034455191802596,0.7221828258308185,-0.3347102239601585,-1.6341347413529936,-0.3839583032120816,-0.6937350682109429,0.4315279147577595,0.5779866676651689,-0.8263477139771289,-0.4141093104277514,0.4811454307295355,-0.4995805727263624,0.218569942034415,-0.8244970196487085
TCGA-D8-A27G,1.466142989912166,0.766151399745852,0.7655014190038463,1.060894564637298,-0.646745521397387,-0.982578499697556,0.0617801187505497,-0.0892515025290041,0.6265533397951639,-0.3221646551234933,0.3445942622894732,0.5008769476042595,0.4426575678204237,3.9506813981132716
TCGA-EW-A1J6,-1.0056883163445602,1.103984526110092,-1.752875061033545,-0.4065181237226893,1.4108211611411248,-0.3962825860991574,-1.2739997038811004,-2.438882052879229,-0.5724823706701855,-0.904404966921854,1.3664955814192374,0.3303656749721746,-0.2707695117485822,-0.4187071130649698
TCGA-AC-A8OS,-0.9435467587129988,0.1375344210920063,-0.2878814160132433,0.6293486776399195,-0.5047135092958104,0.8693946009823181,0.568196429759488,-0.1623561278891002,-0.3626831281129603,-0.5616245987244435,0.1785872332640303,0.3058847461742163,-1.2208907540307123,-0.1334860835469118
TCGA-B6-A0WY,-1.1258379451237033,0.0634880339007191,-0.4726942840116007,-0.1500103123105731,0.7750054959295156,0.7567921320098892,0.5468744479766237,0.7747634723435033,-0.4809223469006246,-0.2353106565774969,-0.314906953132881,0.149805462134816,-0.635619413376348,-0.3677863716473534
TCGA-LL-A6FQ,-0.1544853395143599,-0.3149629234951286,-1.5792745867267783,-2.400437683895333,-0.2265597089865066,-1.7729480451608397,-2.730937646824054,2.114028940404769,-2.1140525137673567,0.171742808120885,0.8367861895868207,-1.9424052693275464,-1.4683262007582614,-0.2005078880462478
TCGA-E2-A14Z,-0.2897354646398952,1.271671165689649,0.155217400852486,0.3872895586928168,-0.4849298124722002,-0.2167643145401613,-0.5363130164583668,-0.151369305580647,-0.2902032716783279,0.2728449577053733,-0.5338105065358829,0.6508092735393638,0.2945307589268587,0.22186141611739182
TCGA-A7-A13G,-1.2125084488267783,-2.023715243410746,0.3709832196783391,-0.8281414146898785,-0.6720039519331904,0.2620652114246906,1.713310010960962,-1.6661422171846454,-0.3994805936874668,-3.875613708930061,-1.5551537146229717,2.735590203466975,-2.48894113932669,-0.6684292079208344
TCGA-AN-A0FD,-0.3781252955614617,0.7217677918708529,0.3892695658940905,-1.1951033871749384,-1.1950276600969882,-0.3459489889781194,-0.6389972175354187,0.7753268991285509,0.1684228284393905,-0.1988513159959724,1.5335568201919512,0.1800057345602472,-0.8766229535084342,-0.3677863716473534
TCGA-C8-A3M7,-0.6658573214834522,-0.1532593154424123,-0.6901035581503757,-0.3645646913845,-0.5697259721281129,1.4880233694854823,0.3131023949998576,-0.3975868106470209,-0.5012414861404186,-0.6900854734566844,-0.526927137009609,1.8207624821196144,-0.2979443171144224,1.131000234446497
TCGA-D8-A73U,0.8548482779074352,1.7712698472147388,0.6199911030349899,-0.3926787134700549,-0.1222909169224464,-0.3921248059676813,-0.4866643585163137,0.3945912491317501,-0.423351452387873,-1.8484231816356176,0.1137223276380955,0.2602903525832543,-1.1448334585393345,1.0773990364872361
TCGA-LD-A66U,-1.3125662533036508,0.8865727297442226,-1.4324552833666346,-1.8976057780494584,-0.0513060173132089,-0.2718426725171177,-1.5232436642165537,1.443269352804036,-1.4901062624770829,0.2523685729794022,0.9100227608528052,-1.2146054297794515,-1.5538062394119934,-0.3677863716473534
TCGA-GM-A2DK,-0.3085749659277226,-0.3519911064465003,-0.9234057121298616,-0.6135870356159486,0.6007472103857078,-0.9975954232312364,-1.2820050688826088,-0.4566057663808945,0.6752449356563781,-0.2019512131280985,1.2654154703577971,1.2172915517070124,-0.9682776224938132,-0.6684292079208344
TCGA-A2-A04N,-0.3927482558604738,-0.8156265477769734,0.2032152981649003,-0.1087532025008231,0.8334233931539449,-0.2565811736815845,-0.4944003121956563,0.0879462213688786,-0.2099178922430419,-0.5398684399530961,-0.0376497896017719,-0.1725089497684613,-0.5227716121589112,-0.1334860835469118
TCGA-EW-A1P4,0.8611751867351644,1.4980481185028185,0.5970730649655664,1.082045361438501,0.9409894680219402,1.3748828348489814,1.4674529358184547,1.0905641853634185,2.2047557522128542,2.511567914988395,-0.2557471826098005,-0.8736363363248892,0.741805543575513,0.1857938533180109
TCGA-AR-A0TP,-0.1557330991946917,-2.075115234717348,0.2973834588155842,1.1207783020826751,0.4590884755826921,0.1184016791171232,1.264663184890798,1.6415955811412564,1.325787783837762,1.0308124656450952,-0.1636588605691622,1.5088711730888325,-0.6653669813803752,0.13024319224945882
TCGA-A8-A075,1.5514419815822476,0.8132772549260036,0.269448791915136,0.5369118619902115,-2.0060348040988063,-0.15586506437914,-0.6775230366051813,-0.3966008137731875,1.938707185174734,0.4616258491095445,-1.9403743587417943,0.7645012725639523,0.923120990501679,0.4552578115486826
TCGA-EW-A1J5,-1.4869209574761182,1.133568990778175,0.4109473530221783,0.5103645655936402,0.1318487105129176,-1.0263574787289729,0.5745853268280031,-0.8800209953451535,-0.3583467264459308,0.0219523659657579,1.412942822637041,-0.2880183103195335,1.086780853823294,2.6571184746075094
TCGA-BH-A18M,0.9653524964594116,-0.5448551088870172,0.6074599711041898,0.0948340967502648,1.3186216683971346,0.4947541536062007,1.2841762620819763,-0.8539625065366395,-0.6344722649769604,-1.2305482725294163,0.1501855824258985,1.778695907962417,-1.2151663571607478,-0.7603718963001215
TCGA-AQ-A54N,1.0967939193777696,0.0073403667429488,-2.828229809194144,-3.2656184254753984,-3.8603519975721214,0.9539687403625636,0.2517151008777058,0.2500722787667031,-0.222596704736164,1.0790741668672834,-0.1774876119597775,-0.2650340321904446,-1.4573276404800164,-1.4004706980626263
TCGA-AN-A0XP,-1.3365872976713151,-0.9660605862521786,-0.0778542837214723,-0.0180571931722069,-0.034010835813323,-1.608153206773304,-0.8439037717086663,0.1962650207945322,0.0375047971586041,-1.140196224926065,0.0609498279366896,1.2849080908542172,0.073626926905606,-0.4980116837583861
TCGA-E2-A15A,-0.854265364195612,0.9328297733808012,-0.3469786676986928,0.9080517696458912,0.3927073293223387,0.8968848649104244,-0.4937075402243703,-0.882274702485349,-0.911671579158871,0.2523116941329423,-0.4216921992971756,-1.118659431542904,1.3789502109223026,0.7552224184715647
TCGA-A2-A4S3,-1.339154472857594,0.8978920261717976,-0.6925921126010091,-0.7621648551206969,-0.9273256241473264,0.1086186670430638,-0.6399209134971291,-0.2939162821980199,0.3697557629800383,0.5633536660050992,-2.311704239131926,-1.3243419948934525,1.802780696030489,0.13024319224945882
TCGA-BH-AB28,-0.5786474369918959,0.0280796168278677,-0.672606036427085,-1.2638652368578676,-0.1632892068808093,0.4026960099892979,-0.253662052174306,0.0773819691492111,-0.4791464871703201,-0.685392968623648,-0.3361151727543605,-0.9757827444753318,0.3123471401962994,0.1113229996056972
TCGA-E2-A10B,-0.8484260675207693,-0.2804220496737118,-0.0816576671224882,1.0487089203896889,0.3076623181340553,-0.4255337922005955,-0.0067658190748744,-0.6378883344703824,-1.336349849083274,-0.6846251041964243,0.928750486951306,-1.0391231388543345,0.4361291826260268,-0.027245366702401373
TCGA-E2-A10E,-0.8486254363072634,0.2026218924688798,0.0719376170338711,-1.2808380984884598,0.4087582531603576,0.6648318185137285,0.4037785485746449,0.7675797808341289,-0.3117613828229875,-0.5933061162032357,-0.203284744598773,-0.1351995866658906,0.614003559523619,-1.4004706980626263
TCGA-LL-A5YP,-1.2626863058765632,-0.1242068562551757,1.159762231374716,0.5000938082992313,0.1751488771457225,1.5163941045002556,-0.1217659663080932,2.388276928027326,0.3794610429014813,0.564320606394937,-0.451272084558718,-0.055502938548511,0.2259666346191989,0.30887371911995387
TCGA-B6-A0RS,1.4190533957473563,1.0425177647013837,-0.4160335733582008,0.1465360444865352,-0.1071731863308221,0.228264904708814,0.0065892850382206,0.0576620316724976,0.9494707172666096,0.3633107630016439,0.055678779200358,0.5983195965096739,0.5860569253663224,1.253251982368377
TCGA-BH-A1F8,-0.0963380977721763,-0.0272004857140114,-0.0535303557687961,-0.691052916904303,1.9933825984250355,0.2682285090313487,0.0729414449545764,-1.4533077491324191,0.3891250237594332,-0.7165056976378322,-1.97255876220246,-0.966001063318068,1.1392008925763348,1.0990390732022555
TCGA-A2-A0T4,0.1705818642045519,0.304257822510291,0.1311408219094056,-0.5916528759702523,0.0701335304845467,0.9372887047762908,-0.0950942454136421,0.2489454251966054,-1.0088895746273148,0.5344876514261245,0.0740344312704082,-0.1245092247453823,0.2429147084982503,-0.3677863716473534
TCGA-AO-A03O,0.1990999118345301,1.113029834304062,-1.2194860228308495,1.5040168136698973,-1.0275505788103294,0.6233029322593445,-1.193099332567771,0.1199206914204049,0.2593633662565186,0.3855788313911409,-0.3592457748561475,-0.56703675644476,1.0897716903901842,0.4395909137162569
TCGA-BH-A18P,-1.0840060913781917,0.6078572114524108,0.4215060274414963,0.3982566385156649,-0.0146626291713593,-0.0222291194474839,1.4372018930723656,-1.4103464567724395,-0.473653711725413,-3.135648355895255,-1.1533757762382566,0.7324301868024329,-2.4163892329298418,2.216418003415579
TCGA-C8-A26Z,1.0387998701477332,-1.1445236346875711,-0.5027349468853093,0.3111292821452804,0.9298533619482712,0.2631413427528373,-0.0187738665771371,-0.853399079751592,0.3483628480893574,-0.0713005028071079,0.790835047073612,-0.7807905430452886,0.327397801629685,-0.11170994239412738
TCGA-BH-A1EX,-0.0644142410907638,-0.2660237386896785,1.5874721144244193,0.5019216549363773,0.8956362762470607,-0.5205268394397154,0.1991798930553025,-0.7545176789755081,-0.5093361025855387,-1.3834954906631354,-0.3750589210651511,-0.8489950520981236,0.54579319007871,-0.5811243028056409
TCGA-LL-A73Y,0.8685114237898809,0.1204446335507555,1.8439611996225107,-0.0334633291138249,-1.4284503974623444,-0.6797942760054073,0.5838222864451282,2.2953115084942546,0.0476643667784981,0.2369259661652329,-0.5757308470742472,0.7197621079266308,-0.1872512046064649,0.8321764383690252
TCGA-A7-A425,1.7687995075139242,-0.9733787265414824,-0.3183250181805954,-0.632474784199741,-0.8436492963870871,-0.2570703242852872,-0.3227468126440621,0.9078730503113088,-0.7067043270306174,0.1719134446602707,-0.0791360437736178,-0.6758111889859145,-0.3884734024455964,-0.4447403915448138
TCGA-D8-A1JK,0.7940314696846542,1.306305609740386,1.5016452401735785,0.8725393206957229,-0.8308334424699114,-1.0375590275537712,1.314003944178948,0.5085443164078922,3.0263593213926705,0.66815294060955,-1.6740313667117992,2.014685647357606,0.7966375473018557,1.7089644619991904
TCGA-D8-A27F,0.4503864920574232,-1.3457304751902204,1.481647926701387,1.3820733308777806,-1.4410173998471594,1.2660468255250672,1.498435237867564,-0.2657449429455749,2.4409863954072133,1.4356760947547271,-1.7603525413115066,0.3454925370896924,0.0732088529769006,0.25719285457475255
TCGA-AR-A1AK,0.5987739434362792,0.8580483957392452,-0.8143683685923391,0.2361005297064446,0.843004177150284,0.1180103586341609,0.6445552959277303,-0.8107195007841362,-0.4010912571637897,0.2335701142240296,0.4787269495446289,0.3771360083743915,0.6385091236523439,0.14895883826389708
TCGA-EW-A1PE,-0.2807697121331836,0.4721280260212744,0.1780904584976751,0.0003083135152576,0.7063224729947203,-1.4179714520535824,0.0408814976168034,0.1059758784904443,0.5190518775163296,-0.9256776554982816,1.3070877615438596,1.3925065835841168,0.2805735216146997,-0.4447403915448138
TCGA-C8-A274,1.022654906159229,-0.681252849866121,0.139531650583761,-1.116941183358154,-0.9333602738073564,0.649863810040419,-0.6394975528480122,-1.099898298210492,0.1634669408199283,-0.5420013966953844,-0.965602416548654,-1.1085570395280258,0.2240049031075831,1.6861353787140385
TCGA-E2-A14T,-0.9362514618172828,-1.051964361738858,-0.8996254142879622,0.6054125907249752,0.9183439785760448,0.3254102146042273,-0.4544119745198473,-1.368230304590034,-0.0242786018306922,0.13067628097602,1.2218828090294906,-1.204663393193378,0.8193421775838478,-0.27022927267460123
TCGA-AR-A24X,1.422044252495541,0.0637599863806686,0.9949712964455314,0.0313817063466529,0.083509300349569,0.0121581679928357,0.1976403997857796,-0.4640711712827927,0.3070637845938397,-0.6499005684319629,0.2697453702335466,-0.5381727792593909,0.5335082484813702,-0.47117113998284077
TCGA-A2-A0SW,0.6554361395102737,1.589933279651154,0.1428656675700969,-0.050871392324691,-0.2964247767000706,-1.001215137698639,-0.571952285647777,-1.617264943581656,-0.6447557317873392,0.6239865163325589,-0.2583517008089369,-0.5112865190293184,0.2353572182485791,0.0728507408827852
TCGA-AO-A0JF,-1.649204507567862,-0.1191911599793071,0.276774416515546,-0.4276689205238984,-0.2883371018979627,-0.5778063751333344,0.6414763093886907,0.4483985071039209,0.4087007798563097,-1.0740745659151156,0.1205436848262883,1.3462173164683244,-0.4108242778648375,-0.5529744078556693
TCGA-AQ-A0Y5,0.5291666311967367,-1.53449304076354,0.2169092077437983,0.0668071149807671,1.272584134908228,-0.518374576783423,0.5708905429811489,-0.9241091412752308,2.030597601452258,-1.3474058625836107,-1.0398931975619137,2.558985424540201,-0.066974551271266,0.13024319224945882
TCGA-C8-A1HJ,-1.5344722523398953,0.4102972118760071,0.8413870024989851,-0.2279984354952586,-1.180283206803922,1.7900249522117055,0.6229639028226991,0.5034734753424513,0.9384025682498132,2.2303020192385894,-0.3470913565935465,0.7556282721699306,1.6713446847521554,0.7682879929065491
TCGA-C8-A273,1.7118289052085338,-0.6447097718422322,-0.2305642204035267,0.7095128087259551,1.6801407320512116,-1.2980317240256103,0.8453437056050109,-0.4844953922408157,-0.6363720218977528,0.8401830117309457,0.5303832271606875,-0.9457428274787076,-0.0138470027927233,-0.7921375654324438
TCGA-AO-A12G,0.9846160797914656,-0.1373681088998687,0.5689275700891959,0.4624053514477098,-0.2235112777149423,0.1176190381511986,-0.4772349622404962,-0.2337704728940486,-0.3510780912707221,-0.5595200814053836,0.5386308681246017,0.7152187041104155,-0.4951144137984111,-0.29410800153563177
TCGA-B6-A0WS,1.7193308175609223,1.063197149313924,-0.2587323272139475,0.5007901308276643,0.361414249126502,-0.2045844645079576,0.3114859270668582,-0.9322788296584386,-0.2878079259955876,-0.0395905459050796,1.7238726857426048,-0.7458330595652334,0.7218987926625497,-0.8910890908964243
TCGA-OL-A6VQ,0.6094507856260026,-0.1475094229158213,-0.3866721379237971,0.505055106314329,0.4396780560576399,0.5667082074109089,0.5110812294602614,0.4403696754169726,0.5333413534857804,-0.9536904873803412,-0.2442749000660196,0.4757545970910666,-0.5574717482414466,0.34248992866927885
TCGA-A2-A0EX,-0.9433678475390176,-0.5983106477287092,0.6653868410499403,-0.3452417412204399,0.060366107838932,0.386700785248211,0.073865140916291,0.2552839765284059,-0.5612903244629015,-0.628713198125228,0.554506026671673,-1.0564949769751562,-1.4764625626015244,-0.47117113998284077
TCGA-BH-A0BW,-1.5389458233837148,1.2538562135673958,0.2551873077873144,2.236548113583157,0.082389468453889,0.3253612995438572,0.9752384502208457,-0.7418405763119071,0.9674771089506542,-0.0109520467119506,-0.5873891666322533,-0.3459600719286805,1.1388471377135865,1.2630603961148403
TCGA-A7-A13F,-0.3693437539166362,-1.5318484906390883,-0.6295203792553457,-1.8095209782024757,0.7875724983143205,-1.084272910207406,-0.6483496391477576,-0.0646015806831141,-0.0027617897495295,-0.0358081026154242,-0.1144830764760823,0.1295472262954555,1.9020250147985156,0.4552578115486826
TCGA-A2-A25C,0.9381833331509968,-0.1179343003141403,-0.6369840300716005,-0.0890820910725434,1.305245898532119,0.3372476592138398,0.2098793712784719,-1.1665235155425258,-0.5523284276843732,-0.1729998802794356,-0.6802836490678604,0.2553727860998203,1.382069685621104,-0.29410800153563177
TCGA-A7-A26G,-1.3520037258482795,0.3956429237376392,1.7508024435128455,-0.1537530459009131,0.2747517029777969,0.8763894546152701,1.1268400499369295,0.5230525561229005,0.6695869639574923,0.4173741065628559,-1.2583006522603162,-0.2663168756209053,0.3202262257757431,-0.04797831385238559
TCGA-A8-A06R,-1.0851493452482852,0.365232190399532,0.49016497882386,0.0943118548539369,-1.3297185519935792,-1.785861621098598,-0.3398351879357446,-0.303635394240116,1.6563454880558826,0.5102003839872635,-2.319889867757759,2.3224077152393883,-0.3169184415710465,0.20392156236118025
TCGA-E2-A1II,-0.7581828273061387,2.841314042273484,1.6760698537702945,-0.4899027465027431,0.1534987938293168,0.7043062722325595,1.681096114296234,-0.9660844367613746,0.5653068286313095,1.3367353413357634,-0.2964272763866776,-0.6135398307989639,1.144635853649503,-0.4447403915448138
TCGA-AR-A2LQ,-1.0294106622235906,-1.2005963868444336,1.1070185831231123,0.0173682154619041,0.4302216978274845,1.247899338127687,1.326473839662066,-0.3822334307544388,-0.5249058495233492,-0.9329581478452932,-0.137489653901725,0.7624166519894526,-0.7656404052036804,-0.9960412476551981
TCGA-A7-A2KD,-0.8129509755843646,0.5142954543727006,0.4608892915684175,-0.3366247499310595,-1.9261534622072505,0.5862253164986595,0.0218302684064801,-0.7687442052979926,0.1652015014867389,0.3797771890521139,0.6558341870854109,0.3190873431460416,1.5855108912356692,-0.3930595269996123
TCGA-AN-A0XW,-1.466071427880986,1.4026475460920769,1.6774300883053894,-0.4241002675656698,-0.1937113067133401,-0.4462737777976024,-0.1951613079325076,-0.1660184019919196,0.7503679321547233,0.6698593060033816,0.535902325249321,0.1886114759062559,0.2378978213537877,2.2882156776386293
TCGA-C8-A12U,0.8239776168985459,1.7065406531822176,-1.344690105504358,1.2262711651405274,2.3877500643522755,-0.7398619701401347,-0.4605699475979307,-0.5457680551148847,0.5102138779282919,-0.0498571776912974,1.3503723735198645,-0.7574855540585852,0.7786603683675298,-0.06896257556988122
TCGA-BH-A0GZ,0.8286418848672902,-0.7982508218445918,-0.6119990598857246,-1.859133958353444,1.1884723169663425,-1.1248724103147538,-0.5300780687168057,-0.2664492264268869,-0.4539953575015457,-0.0613751440996555,0.53739062136311,-0.3436081923061707,0.184898911007154,-0.29410800153563177
TCGA-D8-A1Y0,-0.8355117059634998,0.7344583152163126,-0.1779191942342971,-0.9619223804653876,-0.2982289503097711,-0.5672896371537205,1.0836187763951275,-0.5468949086849825,-0.7192179432697577,0.986361647135797,-0.0267356181006581,-0.5504132436583729,1.056100659362923,0.13024319224945882
TCGA-AC-A2QH,-0.1279760556776092,-1.810171111749449,6.7815225517012285,1.2003331509563349,-0.0284738892180312,-1.0910721035988773,2.6688734833526566,-0.6719756549658397,0.503027840880074,0.8356327040140621,0.1348685349214985,1.373744998413626,0.1975697670002207,-0.4980116837583861
TCGA-GM-A2DL,0.4706078899771128,-0.7191389154713151,1.1110094582354846,-0.5664982246305532,0.7490627236796885,-0.2676848923856416,0.1031540003689285,0.0321669696490362,0.3840452389494833,0.7637378420873169,0.918394426492868,0.6587201413605392,-0.5242509506758671,-0.09020431931287741
TCGA-AR-A1AJ,1.4605661489115755,1.6932692613691875,0.4890401174486479,0.3699685357980079,0.6021158938137519,0.3768199430534112,1.004488822341746,0.2903572938977015,0.5216124194530545,1.2159815502989892,0.1857186521425927,0.4679506328890968,1.5561492376273711,-0.1334860835469118
TCGA-D8-A1XK,1.617286130034672,0.7574655012067406,0.0267082827535896,0.8819396748295906,0.8207941778860481,-0.6559237265447017,1.815994212038012,2.374754685186151,2.3256794101277283,0.936052307441015,-2.814686313254234,0.624243724166903,1.633299957239977,4.229336860532789
TCGA-E2-A15O,0.9330585143838016,-0.3607903703953801,-0.647124470913769,-0.9765451535625091,1.9023029375767184,0.8105008682964786,-0.3503807168319649,-0.3140587897635191,-1.376822931308881,1.6637318296402392,1.001056873146177,-2.0370149723240294,0.6507297461837268,-0.47117113998284077
TCGA-AC-A2BM,1.5127967166186542,0.6712323984406992,-0.2651027379890323,-0.3557736194630113,0.924191989586799,-1.7252558612997986,-0.0554522937234746,0.2375360327993665,-1.0052139579762178,0.0930224846188181,1.7320583143684378,-1.65809509405167,0.7062049405696146,-0.6985374519430598
TCGA-E9-A2JS,-0.1957516787252212,-0.4330219081583729,-0.0409943303802306,-0.1983176877207294,-0.7298619332097863,0.5176464018594992,-0.6587412187170248,-0.6492977268676238,-0.6370328069136824,0.5892619805680989,-2.0790959590144618,-1.5653562043912752,1.3672763004515318,0.16747431310446806
TCGA-GM-A3NY,0.6306898144114935,-0.1945868082096819,-0.9246886672196082,-0.9400752611357456,-0.2445392322004162,-1.3415172126948058,-1.2161532442788476,-0.5143570118484085,-0.7191766442062667,-0.64634564052815,1.3631469151632134,0.3303656749721746,-0.9122235565143326,-1.4004706980626263
TCGA-BH-A1FG,1.6070383839388116,-0.3284654837133636,-1.6134137176336083,-0.6292542925057228,-0.06262876203615,-0.9987204696197542,-1.0000468765698352,0.1778127935841808,-0.7514312127962623,-1.4041140725052592,0.747860496787977,-1.5712893552571567,-0.4965294332494147,-0.7603718963001215
TCGA-D8-A1X9,0.8287435652684687,0.4088644638749249,0.3765493669949246,0.4353358131548106,0.5732491160585508,-0.5790292516425926,0.2318171503691465,0.1179486976727333,0.3396900447552985,0.2828556346825139,-0.2423525175857079,0.088816947378326,0.8707652708145927,0.6045900284623825
TCGA-C8-A1HK,-0.4785390354177343,0.3323756189090812,0.75206557743452,0.611679493480888,-1.5867821849343209,0.684006522178886,0.8123600623055214,-2.2663325999580013,-0.0794954497242005,0.9577515873659024,-1.5451697281929753,-1.1216527328806454,0.6560039095920075,0.09219373982862697
TCGA-HN-A2NL,-1.4595171732168686,1.1868250629049792,2.047090628080547,-0.4284522833683825,-1.9728753374101773,3.2408945578551305,-0.3910618264790587,1.104368141597117,-0.8494338904711264,1.0162230415278424,-0.2099200647727449,-2.111526794909962,0.7958013994444448,0.3917211247779103
TCGA-A2-A4RY,-0.7626568022961846,-0.449003646203395,-0.4921852399656684,-0.0959582760408351,0.1640127710720537,0.3559332122752937,0.5337502678539562,0.6323573524223923,-0.7378025218427412,-1.2100434483802152,0.0799876157255644,0.2925217937735808,-1.6718317254387822,-1.4004706980626263
TCGA-A8-A091,1.4199347586275146,-0.4789962973996047,-0.1601035406961206,1.536569891874222,-0.6620498906382934,1.7963349949994734,0.3851891673451768,0.3457139755287557,-0.622041246864805,-0.0585312017766034,1.2740351853501486,0.1421618533616563,0.2855582492261839,-0.6985374519430598
TCGA-AN-A0AT,1.5859897556949478,0.5815224397621651,0.6926387596448209,3.2443008928602204,-1.4132082411045364,1.2038757837944185,1.0390119589107545,4.538876966559024,1.5383540636491877,2.1202130119132643,-1.2946398823719747,-1.1946679047977058,0.7591395318502937,1.0444231747888453
TCGA-AN-A0XR,0.4431171873343713,-1.1123681839365664,-0.0554562669733703,-0.2147683074549969,0.3207270235836083,-0.8222838468640867,-1.115508871783912,0.7370138777452266,0.0676944125738257,0.2512025566269487,0.8103689335670773,-0.1835200225465784,0.2787082687020145,-0.4187071130649698
TCGA-B6-A0IH,0.9462718132820328,0.5091237755790451,0.3902418792504467,-0.6114980680306464,-0.4966880473768009,0.0003207233832232,0.6866989241808705,-0.4513940686191917,-0.7740630995918057,-1.381362533920847,0.3589191123846877,0.9021396822904733,-1.4551086327045792,-0.22343776492668083
TCGA-BH-A204,1.063551128195995,-1.384306773841872,0.4276884085684396,-0.277176214065953,1.0092992136581778,0.726660454821786,1.648612806309341,-1.2787863024635202,-0.844065012216707,-2.497922729374152,-0.5808158587963579,2.239076344069038,-2.5540320340727978,-0.24667543457088356
TCGA-BH-A0C3,0.0167139210579162,0.3440664814558875,-0.2312825496426689,-0.2796133429154718,-0.5608295298457976,0.968985663896245,1.425925104873125,0.7663120705677693,-1.3437836805124646,-1.2436588466386862,-0.408297534273083,-0.6972453646365299,-1.65404750370232,-0.9960412476551981
TCGA-BH-A0BQ,-0.2901038520179341,0.5141417393501948,0.7669577985815426,-0.4656184983235823,-0.1031915618128633,-0.2236124229920037,0.0555066836772525,1.270438186490282,0.1445519697389815,-0.5316210072162468,0.7378765103579807,0.0903670498567997,-0.430473752513985,-0.09020431931287741
TCGA-D8-A13Z,-1.6595071775358283,0.1863592714381809,0.2025601991579469,1.7327587642606903,1.9750920107956595,1.043140895417617,1.7165044594952177,0.4383976816693035,2.3178325880635806,0.7416972890836684,-1.3002209927986847,0.6212504228291614,1.1840634410797046,0.561127149995274
TCGA-C8-A12X,-1.2773178662096556,-0.4004713989314246,-1.0287802711171925,0.2042437740305559,1.8056863301331127,-1.487724328141628,-1.3554773851704989,1.0808450733213246,-0.8215570226116513,-0.7097086754857405,1.5278516850890969,-0.0171779910634984,0.3023776849733264,-0.04797831385238559
TCGA-D8-A1XW,-0.306090318004069,0.359862912471682,0.1353541022472778,-0.4083459703598291,-0.6720661648162823,1.1124535359623298,1.0086454541694532,0.0375195241070009,1.427466078163729,-1.0622437658512225,-0.178665846383197,3.276308709406199,-0.138400874013907,0.6329706705496854
TCGA-AR-A1AN,1.2286538916402228,-0.6666909057121929,0.9378219801365018,0.8483421128326193,-1.595243137034983,-0.5860730203359157,0.4159790327355979,0.6434850314271074,-0.6237345084681216,-0.0572514277312301,0.5190969816311319,-0.119324399213941,-0.3070454649470063,-0.5252749305992134
TCGA-AR-A24R,-1.2786065374275553,0.608596483648235,-0.4741726972234984,0.839899202175344,0.1835476163632931,-0.9810132177657066,0.3958886455683503,-1.260193218556907,-0.1518101099048483,0.2884013222124654,0.6000850951564356,-2.05898366607067,0.4111733850356226,-0.6097395062909394
TCGA-A8-A076,0.7939399038644698,-0.4096368013001549,0.284473126938821,0.1722129377225621,0.4197077205847475,0.2274822637428893,0.0031639125135375,-0.442520096754672,0.4556991141142072,0.5774596199274338,-0.2257952233198207,-0.8553023656312212,0.4301796690252227,0.3754657903676697
TCGA-A2-A0SX,0.0832593570933144,1.2246753702199475,0.7447711197387382,0.1889246784049982,0.4538625934028696,0.7707818392757949,0.8715150911868674,-2.468180245701772,-0.3078792708544091,1.50009138837185,-0.4076774108923394,-0.9277830194522556,1.43854182552929,-0.6097395062909394
TCGA-AC-A2QJ,-1.6655113527967629,-0.3003469090462342,1.3251227656571056,-2.037131404684553,-2.114347433563917,-0.1302335727451033,-2.056254721456466,2.439267052074251,-1.1675605765770944,1.3713176799840707,-0.621744001925528,0.2026693018317217,-2.0281915103605344,-1.4004706980626263
TCGA-B6-A0RT,-1.2412015542915802,2.757556301543957,0.6483718698243722,0.6571145384612518,-0.0577761571548919,1.0379558990183668,0.4898362223408675,-0.5249212640680735,-0.5415906711755403,0.404946078611123,0.8494367065540166,-0.3170426429337071,0.7771488703175956,0.14895883826389708
TCGA-A2-A0SU,-0.7711964196406899,-0.1478479900125663,-0.1593092126051699,0.8500829191537019,-0.3374852795415221,1.1430743637541383,0.053736266417302,0.7057436911750123,-0.6059759111650526,0.0410067795302045,1.0446515468125557,0.259328220010408,-0.9386265330887188,-0.342876871457709
TCGA-AC-A3W6,1.641752890987014,0.8592447110099116,0.4743315723516123,-0.0671479314268503,-0.1306896561400169,0.7820812182213354,-0.8034920733837394,0.4661464508329603,-1.0088482755638208,0.0715507200797777,0.3222078082445785,0.8452135050637767,-0.8473577784990669,-1.4004706980626263
TCGA-BH-A0DL,-1.5361260146684808,0.9499124581517256,0.3822992114241129,1.1672578308556885,0.1885246470107449,2.0368014317798617,2.8889825335624253,0.2352823256591686,2.0497603669141773,1.28301327085332,-1.5905007473254358,-0.5425558276467989,1.4106595104379478,0.7941269859481933
TCGA-BH-A0BS,-0.9187565412303856,-1.3706970874036897,-0.9210246432693574,0.4523957151014632,-0.0294070824644324,-2.663202143900272,-0.2331098170262011,0.828007303530624,1.4774792440567994,-1.2058059743188685,0.5714353949660108,0.7589422843652894,0.0821492031445948,-0.9253710110462472
TCGA-D8-A1X7,-1.0185353086800053,-1.227436439098902,0.3609366544173908,-0.2943231563286598,-0.4423762004365109,-2.0006476511845785,-0.3767445390725138,-1.6905104256380117,-0.3939465191790658,-1.0162003396410138,-1.0070266583824277,0.0774851637425916,0.7808472166099876,-0.6684292079208344
TCGA-AR-A0TV,0.7109805393006535,1.5234008579927207,-1.14319472786216,0.2148626925891875,-0.0182709763907669,-0.0809271918918426,-1.5435264880424926,-0.1454533243376322,-1.0216096861839363,0.5158598292101363,1.1559016813182177,-1.0879246410214467,1.060217079584023,0.16747431310446806
TCGA-BH-A0B7,0.8579687826446151,0.7138106909364836,1.326923214143446,-0.2649905698183502,0.0053699191846182,0.058431815103138,1.2600062177504965,0.3147255023510652,-1.0292087138671118,-1.224263159995474,-0.6067370161114977,-1.0869625084486003,-0.953226961060423,0.42378093721146887
TCGA-B6-A3ZX,1.6232466924842848,1.719303930817346,-0.1805794832082821,-0.1664609320448438,-0.9090350365179508,1.864913909638632,0.0048188677782722,1.15944310983565,-0.9261675504457944,1.1543248807352302,0.0846385410811524,-0.555063551093791,-0.0740174889933012,-1.4004706980626263
TCGA-C8-A1HI,-0.6119100030510893,-0.8072086014317172,-0.6774123741354976,0.5855673986645904,1.6437461954417394,-0.5942907504781266,0.3634053375814552,-0.066151004342,-0.3663587447640601,-0.3926375458887109,-0.1060493984979474,-1.4747553871149814,-0.8268399964595325,-0.027245366702401373
TCGA-AN-A0AS,-0.9278489800062713,-0.6669390044472574,0.818858915949128,1.1261748016780404,0.4537381676366826,-0.8663074011973554,0.5366753050660468,0.5808038015904169,1.312076494757253,0.4195355027283742,-1.647180024325533,1.272400367407225,-0.7604627203943304,-0.11170994239412738
TCGA-AO-A0J7,0.4386914639714814,-0.959682782623216,-0.6692901149111506,0.1458397219581021,0.4650609123596303,-0.6025573956807061,-1.1568057787388122,1.1371877518262172,-2.4721153942734864,-0.3871487372052224,0.4268846349143406,-1.485338845416284,0.9475300760314688,-0.7291786128219677
TCGA-E2-A3DX,1.3336854426999056,0.8656438166328437,0.4222507825157492,0.3803263334084709,-0.3351211899839849,0.1035804158249226,1.055676973553319,-0.1216485426693161,-0.1507776333174613,-1.5612418858538606,0.6185647719026346,1.0379072786809087,-0.6329501721392327,-1.4004706980626263
TCGA-E9-A1NA,0.8286129247553684,-0.4298015760327405,0.3620629887292812,-0.72900249470399,1.4116299286213354,-0.6166938481277224,0.267071546241177,-2.0877263090974947,-0.4930229725048108,1.2695045448188202,0.7441397565035066,-0.5181818024680406,-0.3968027214867239,0.6746878794171651
TCGA-BH-A18T,1.3774751079805432,0.2701961882801995,-0.4941314053807871,0.3306263129414487,0.1070879830418623,-0.1162927805395677,1.2191326714447122,-0.3315250201000347,1.113386700280318,1.6243432284659758,-2.748457136190664,-0.5290859716269605,2.3258554999067,0.4395909137162569
TCGA-GI-A2C9,-1.208859708269163,-0.5864939863838967,1.0602154145799394,-0.3605608368460069,1.752307676439221,0.7987123387472364,1.1272634105860475,-0.2246147876370051,-0.5371303723180231,-1.6309469121918576,0.0459428421226636,1.9777504469222569,-1.998315304224598,-1.4004706980626263
TCGA-LD-A7W6,0.4969585291871193,0.0458323557656656,-1.2921001943680042,-0.1643719644595416,-0.5851547671352064,-0.1788062276928104,0.1149311238807614,0.3050063903089716,-1.0166124995009775,-0.0615173412158098,0.8701488274709013,-0.8612889683067043,-0.0392530338448113,-0.4447403915448138
TCGA-E9-A6HE,0.8360933780563685,-0.1442139458109946,-0.0130157779079824,-0.6074942134921409,-0.458862614456186,-1.519274542080471,-1.4488861392986885,2.229108861251009,-0.5472486428744261,0.7664111478709862,1.514891106431527,-0.0312892687985657,-0.0554292789324065,-0.6985374519430598
TCGA-GI-A2C8,-0.6214026599601493,-0.3046016203944717,0.9723514274946454,0.3454231666706878,-1.3396726132884762,-1.172026528511722,0.5014209091940163,-1.0876437656356768,0.6408428157646119,-1.397345489776396,-0.3804539944776315,0.7539178142626497,-1.9992157711479637,0.9058548084807466
TCGA-D8-A1JC,0.2684808242105838,0.4970400931391429,0.1668980733932258,1.8640155608706173,0.5730002645261767,0.3957011563563458,0.582244305843868,-1.3534403514824995,0.3147041113405117,0.7967560124579482,-0.7577990716609911,-0.5669298528255542,1.3227031877449589,0.48617256869766
TCGA-AR-A24L,1.6646212334743575,-0.8420589712571258,0.82651398077719,-0.6053182055907846,1.2529248638508048,-0.2721850779397099,0.7831866648480997,-0.4360406887266096,0.0094627330451443,0.5009575714373465,0.797718416599877,0.783209405924839,0.3250179961893639,-0.17787775671158323
TCGA-AC-A7VB,-0.7339885449609291,-0.9073814798107188,-2.043912018590888,1.3658838320916755,2.358821073713976,0.9618929801425524,-1.5225508922452675,-0.243067014847359,0.4226185642542973,0.4178860161810071,0.9740194937456988,-1.1632916925610195,0.9776957179642036,-0.6097395062909394
TCGA-A2-A04P,0.4846233775402135,0.6427018439699007,0.4153595091043077,5.34258179198201,-1.9353609689050284,0.2187753829969765,0.6654154297297414,-0.6029558737973512,0.8626187867355355,0.3537551167961929,-1.1535618132524774,0.7713431041930758,-0.979822894832675,1.1097584907035007
TCGA-AO-A126,-0.0097954621110634,0.1033949636925937,-0.1777248387588763,-2.095883618021226,-0.2716640492290087,-0.8035004636818924,-1.23266430959446,-0.383923711109584,-1.5250865692577849,0.6515443174429303,1.211836810261418,0.3820535748578255,-1.6990708498705782,-0.6985374519430598
TCGA-A2-A0D2,-0.6032278540151729,1.033717853449804,0.1925860072942306,1.6912405335027687,-1.8271105523230091,0.3405738833190201,0.1265158107339102,1.645680425332859,0.7011394484680643,2.116658084009447,-0.5889394750841189,-0.0953245367023987,0.2308227240987764,0.5463936108920333
TCGA-D8-A145,-0.7851847992406393,-0.5482193313577377,0.5277432782973521,0.6131591788538113,0.0259001706053473,0.4917703349236124,0.82975633625111,-1.113983967836712,-0.9260023541918158,-0.6556168925012985,0.4490230396069422,0.3203701865765023,-0.6684864560791789,-0.1334860835469118
TCGA-E2-A105,-0.3831451212294569,-0.69529977325557,-0.212076511811911,0.5324728058714416,0.6294895623747251,-0.9275979718413409,-1.2567573792624638,-0.5492894725214422,-0.5810725758772536,0.3602961841392106,2.623051587822922,-1.142445486816032,0.5228312835328999,0.09219373982862697
TCGA-A8-A07W,-1.283494173451334,-0.1969921457576519,0.3040831239476814,0.7572109019237294,0.3344138578640933,-1.5303782607845289,-0.1936603019947261,-0.4684377288669216,0.0276343209831706,1.5792667426456068,-0.4955488939439124,-0.1124291157752132,1.7269806768029283,1.1519844961639927
TCGA-EW-A2FR,1.6779971310318422,-0.0255816274635395,1.469905186235546,-0.0568771741324413,0.3689420079807666,0.4669214842555013,0.3243022085356216,-0.3835011410207983,0.8722827675934874,0.0875052365120966,-1.1241679650051648,1.0472078935517506,0.0551030359106658,-0.2005078880462478
TCGA-A2-A3XZ,0.6077362631857596,0.9175355667853098,-1.0077384465776855,-0.2641201666578058,-0.0972191250359218,2.718481713100344,-0.1326193938582157,0.2804973251593435,-0.2152454714339644,0.1229407578573203,-0.5874511789703298,-1.1632916925610195,0.2147429576101141,-0.342876871457709
TCGA-BH-A0AZ,-1.2016973374223487,-0.2314924747886513,1.2465749772128107,0.148973173336057,0.4017281973708378,0.0891015579553149,1.507210349503834,-0.3056073879877876,-0.8947389631257102,-2.0644490404946203,0.0367030037495597,0.0474986985555662,-1.7564434567021272,0.14895883826389708
TCGA-A7-A3RF,0.2693758648792403,-1.5135167611420162,-0.476903437848835,-0.1434822886065011,1.430044942016898,0.1619849979070593,-2.316467571337257,-0.7948026941065041,1.224687676400734,-0.0248589246716726,1.1958996393762744,1.2951708382979026,-1.425875617228189,-0.342876871457709
TCGA-S3-AA14,-1.4581251417434289,-0.6494891493475702,0.7806249493391967,1.3375957293740186,0.569018640008218,-0.9690290279749828,0.4451524301930215,-0.8960786587190452,0.5278072789773823,0.2887425952912308,-0.2299500499708094,-0.7855477540999153,0.0020076469650992,-0.7921375654324438
TCGA-BH-A0B0,0.1632749789598461,0.5139429283590315,0.5445792637789646,-0.0240629749799573,-0.4626576003248658,0.4751392143977115,-0.2710198387881554,0.944073221250702,0.1708181741221337,0.1026918885171933,-0.2673434898297345,0.3188200840980287,-0.9046660662646614,0.30887371911995387
TCGA-A1-A0SP,-0.2696636209983565,0.0098422004356441,1.0684346203224244,3.138546908854203,-1.4396487164191083,1.7768668009720965,1.7011865014634835,0.3721950344260554,-0.3254726719034995,3.2262506207712773,1.4768155308537774,-1.5135614008864184,1.310675522411439,0.0728507408827852
TCGA-A7-A6VY,-0.3633367944197487,1.0412740731087489,0.4142471117907224,-0.2682110615123592,-0.5868967278618118,0.886612702232663,0.6235412127987682,0.832937287899803,2.3272900736040514,1.8473367460164545,-1.203109671374008,0.9604556065668388,-0.448000697986627,0.7552224184715647
TCGA-BH-A18L,-0.7040859399248097,-0.3978592636647984,-2.034346627499409,0.0640218248670288,0.4096292335236635,-0.299137276203745,1.1504327842923368,-0.5614031483999932,-0.7814556319575052,-1.6333927025896844,-0.2348490246786949,0.7229157646931794,-1.951555343275566,-0.04797831385238559
TCGA-AO-A128,-1.235198875302726,2.853757484753473,0.3941950060037402,1.763222874879704,-0.9362842793127336,-0.7841790148356252,1.0681083817047037,1.1485971442234562,0.8049652940957959,0.7024224456023218,-0.3056671147597771,-0.0101223521959634,1.3834203860061531,3.999680340518279
TCGA-S3-A6ZF,0.3184879873626078,0.3207402678177677,-0.2776286892592063,0.4616219886032195,0.6909558908707185,0.5490009555568621,0.134020840422824,0.5000929146321582,-0.4605206095338398,0.3252588147192152,-0.4542486767862917,-0.8696274506047,0.8181844343966643,-0.3930595269996123
TCGA-E2-A14N,-0.9129580548898654,1.0007455021608815,-0.418523059776382,1.5209026349844417,-2.4520389629933304,0.3116161675798031,0.5936750433700616,1.2108558039713608,1.1861143510959258,2.0188549075197004,-1.5180083241163438,-1.9263162746371825,0.7875363994692718,0.5014253580733183
TCGA-AR-A1AL,0.6999933062573171,-0.8474251438170388,-0.1390982221511798,-0.5073108097136061,-0.0991477244118094,0.3415521845264256,1.133305921668917,-0.329693883048625,-0.2450633952777258,-1.0290833983644394,0.2173449445605912,0.6830407147296904,0.3039535020892151,-0.5529744078556693
TCGA-AN-A046,-0.9547258016347984,1.476770869308384,-0.110875989065721,-0.0581827788732533,0.334538283630277,-0.4579644772261034,-0.5422400655460226,0.6856011836095106,0.3367991103106132,-0.1534335570968379,0.9685003956570654,-0.6814236289941789,-0.2514737919621879,7.179601480704195
TCGA-BH-A1F2,0.6446792704755955,-1.3815039816016703,0.7886018681720233,-2.4793832505566167,0.945095518306086,0.4531274372310763,0.5507616684821641,0.3226134773417516,0.4811806362909421,-0.1294306838902824,-1.362791441915857,0.3211719637205384,0.8030051348313652,0.03350403819873197
TCGA-E2-A14Q,-0.0901188092068182,0.0514565488077274,-1.0548987796270892,1.474074944947212,0.3052360156934229,-1.4761314588338674,0.229469423133127,0.3813507196830989,-0.7106690371261895,-0.1404083012572609,0.5323676219790758,-1.1016617560892952,-0.0957573332859734,-0.5252749305992134
TCGA-A1-A0SM,-0.568437876634356,-1.3343604590006315,1.6321490429056176,-0.7454531144382607,0.5153289218988631,-1.63060521948327,0.0921851108235901,-0.6218306710964883,0.823178181097322,0.378611172699665,-1.5594945782881855,-0.4004809177232657,-0.2264536753058269,-0.6985374519430598
TCGA-B6-A40C,-1.0973858991114982,-0.3345046855790899,0.4472664813874455,-0.3299226455948761,-0.0042108648117208,-0.3829776896784359,-1.0351473231149144,-0.1072811596505698,-0.0416655075623069,-0.549708480390854,1.2759575678304604,0.7828886950672218,0.2423679964376359,-0.3183207094456893
TCGA-E2-A14Y,-0.0112296141980859,-0.5194029608687096,0.1977459298747024,-0.6276875668167546,1.315635450008662,1.3526264823804972,1.4191513344872333,0.895055090951446,3.876872235019352,2.533437831452664,-2.2594898504731917,0.9251774122291664,0.340551050617414,0.5014253580733183
TCGA-A2-A0CQ,-1.6321545230759915,-0.5174770599724815,-1.1153966140749767,-1.2624725918009954,-0.0306513401262962,-1.731223498664975,-1.858083450337375,0.6402453274130763,-0.737843820906238,-0.6244472846406498,1.0426051396560951,0.0398016379728022,-0.5280136160342158,-0.3930595269996123
TCGA-A2-A0D1,-0.7514733452062896,-0.2084086951295511,-0.1322586427673526,-0.0599235851943421,-3.0108350789356653,0.9750511313821616,2.3824507605582714,-2.746653934212198,1.0083631818112178,-0.4246034575998117,1.075223629483288,1.931942246092883,0.2931157394758574,-0.06896257556988122
TCGA-AN-A03X,-1.613431686185308,-0.5758586776779431,0.7567025768771514,-2.2206994312431383,0.8293795557528976,0.2533094156184067,0.5093108122003109,-0.7998735351719449,-0.2796307114234738,-0.4519621827475689,-0.9488590852685416,-0.6916329246282655,-0.8474542570979976,-0.29410800153563177
TCGA-C8-A1HO,-1.091543206563214,-0.2812366229662224,-0.7327238256482317,-0.0512195535889044,2.8030832718818943,0.9313210674111142,-0.2160214417345166,-1.6830450207361134,-0.0190336207667605,-0.2307603488606117,2.00416845383936,-0.5387072973554169,0.0234902149939534,-0.4447403915448138
TCGA-BH-A18I,-0.637487971494765,0.6690539172861278,1.192117165652924,-0.3828431577559166,-0.325602618870741,-0.788777030510433,0.8112439296851185,-0.0775603967392389,-0.3862648933688999,0.5145516157415315,0.7468062870407106,0.0902066944279924,0.5522572562071523,-0.5252749305992134
TCGA-AR-A254,0.6882803973615433,0.7190613402333221,0.9346696559268292,-0.5107924223557837,-2.0423049149420884,0.2018507721088527,0.226775309911466,-0.6793002031714785,0.677929374783585,0.8486863992768705,-1.0664964905958734,0.6020077713722487,1.639860501967352,-0.342876871457709
TCGA-B6-A0WV,0.6046538628643688,-1.301152038784009,-0.3726267756883968,-0.5113146642521085,1.4012403771447857,0.4497522980655266,0.1713920395404465,-1.3518909278236162,0.6492678247176953,-0.0196260707972597,0.3238201290345207,-1.4453568918335862,0.6134568474630046,-0.4447403915448138
TCGA-B6-A0RU,1.572477383387452,-0.5965578184707271,0.8705174170456442,1.0380900018310577,-0.8720805839606418,0.9179183408696524,0.5624233299987853,1.8578106099037757,1.42077562987745,1.194196952104415,0.6001471074945077,1.0343260074375398,0.8712476638092526,-0.04797831385238559
TCGA-BH-A0BT,-1.2293920587607856,0.7318425018993003,-0.5843773632072897,-0.3296615246467168,-0.3939745773900704,0.4021090292648557,-0.148976509846878,1.2639587784622222,0.4585074504319017,-0.0577064585029198,-1.5733233296788007,-0.5421816649795801,-0.9373723113026028,-0.24667543457088356
TCGA-EW-A1P0,0.1890870304098897,0.156223246191056,-0.422229213282525,0.7210891707611791,0.9223878159770986,-0.3879181107758367,-0.6704798548971216,-0.6439451724096565,-1.2467308812979996,-0.8725243734804461,0.0210138822167092,-2.5046114027269897,0.1480762457481155,-0.6985374519430598
TCGA-EW-A1P3,0.8248984443640768,-0.3492080363357275,-0.9753117177201084,-0.8115167143235026,0.3590501595689648,-1.1956035876102058,-0.2717510980911775,-0.2703932139222276,0.3484454462163512,0.5214339561633177,0.3132160192237721,0.2075868683151585,-0.0363265163438734,-0.6388356600211044
TCGA-AR-A24Z,1.5019986153459608,-0.7287126329768008,-0.2403539709073696,0.6345710966031735,-0.1099727660700122,1.6289476584123126,-0.5081018022943938,-1.2289230319866926,-0.1544119509050671,0.6477049953068104,0.9902047139831398,0.076843742027357,1.5324798213560595,-0.11170994239412738
TCGA-LL-A442,-0.8416741860964951,-1.1617016821671564,-1.7564568896011798,0.631698766173381,-0.0747602742393086,-0.3858636782402838,-0.891397139073388,-0.7666313548540591,-0.2557185536595678,-1.1252370883068157,0.58724854117501,1.427998585160198,0.56180863750142,-1.4004706980626263
TCGA-AQ-A1H3,-1.3026628048522375,0.0925666684651856,0.7499124481937479,-0.0993528483669523,0.0184968375172631,-1.1239430241677186,0.9541858797601482,0.1110467195558852,0.0887156358930433,-0.5316494466394768,0.3559425201571053,0.3117109934208921,0.9347627414394714,-0.6684292079208344
TCGA-B6-A0IM,-1.2518939951026509,-0.8597672516788282,0.5730069822898123,1.252470300272882,-0.1009518980215065,-0.7644173304460238,0.3479334302227702,-0.3458924031187835,-0.4280182465628687,0.1392649867916391,1.5156352544884193,0.4123607509024596,0.9894017879679506,-0.4447403915448138
TCGA-A2-A3XS,-0.5103648848089941,0.4176746197534979,-0.7968175782855624,0.0278130533884244,-1.877316348979157,2.4832981028399472,0.0389186436981626,2.1362842984141994,-0.4930229725048138,-0.1577563494278759,-0.5383374072153222,0.0716589164959129,0.0665839891835708,-1.4004706980626263
TCGA-AR-A1AU,0.8115235821077705,-1.0254028389270582,-0.0595322107140366,0.0414783830089567,0.3399508044593785,0.3764775376308199,0.9922498508490536,-0.5067507502502484,-0.0716073285965561,-0.2144929987727558,0.7519533111008979,0.1318456541083667,-0.0330140844472108,-0.7291786128219677
TCGA-EW-A6SD,1.1710299635984005,1.003833402115238,0.5483993785800633,0.4480436992987444,-0.4963147700782398,1.4599461248329306,0.7525507487846297,0.5865789261371673,0.8775277486574191,0.283993211611736,-0.8877769322651536,0.9575692088483002,0.3200654281108558,-0.09020431931287741
TCGA-A8-A08H,-1.1352901997816276,-0.1254835602207137,1.918395625124873,-0.0441692879885075,-0.0857719545467937,0.3525091580493721,0.6156128224607363,-0.462944317712695,-0.7722459407980043,-0.0969244231378005,-0.2877455490562496,0.9793240953565356,0.4871985209940231,0.881642100570689
TCGA-BH-A0HA,-0.2589002427984461,0.7908570807860341,0.0764324113587063,-1.1900550488437895,0.0685159955241285,-0.5522237985596689,-0.9266515349454206,-0.3639220602403493,-0.8947389631257073,-0.4474118750306868,1.5933367140957708,0.763111525514283,-1.222948964141261,2.5017104115138635
TCGA-A1-A0SH,-0.8517719108428067,-0.9685862705029404,1.447477725923544,0.0607142928569595,-0.0802972208345971,-1.0646090559385455,0.6343176656854161,-0.2457432920763401,-0.2356885078642432,-0.7347922467750552,-0.6505797391301738,-0.6798735265157081,-0.6984591408140457,0.7154234152244519
TCGA-S3-A6ZG,0.0070533934724722,0.2161902581432409,0.2484944914481169,0.2398432632967814,0.503881751409735,-0.4863841273012476,-0.5537477777356916,-0.6001387398721032,-0.5481159232078314,0.67022901850538,1.221076648634522,-1.3445467789232086,0.894627644283768,-0.24667543457088356
TCGA-E9-A1R6,-0.7089227731055032,-0.779322272274507,-0.2498228258312157,0.0258111261191732,1.4593472099537554,-0.5781976956162977,-1.5796660925444974,-0.2070077006042251,0.1286931293567017,-0.0864018365425072,1.410462329114058,-0.4931663555740563,0.052208677942704,-0.4447403915448138
TCGA-EW-A2FW,0.1179757000732905,-0.3841891969622126,-0.5039599918864228,-0.5552700238595458,0.9703539488418894,-0.8813732397914087,-1.282159018209562,-0.328285316086006,-0.018290237623843,1.4688649016647402,0.5739158884889896,0.0829907001316473,1.3434460865153348,-0.5811243028056409
TCGA-D8-A142,-1.556829995630716,-0.0055957487118038,1.1156118748078123,0.3729279065438545,0.3127015616645956,1.0098297393054445,0.4968794040489282,1.5742660803279105,1.2707774312617324,0.0937334701995818,-1.0882628212600245,2.4776317703251483,0.636064999146066,1.0108069652395202
TCGA-BH-A28O,-0.7737016669671376,-0.3500171902784336,-0.2299156736398577,-0.7520681784583931,-0.5378729759844394,1.2831181815943016,0.3447774690202498,1.2350831557284652,-0.9632954085282645,-1.2729514525661174,-0.0971196218152219,0.0463762105539156,-1.651571219663066,-1.4004706980626263
TCGA-C8-A131,0.0328726977902643,-0.1415113524750213,0.4340985897343491,-0.4201834533432154,0.6454782733296553,0.5497346814624167,0.8232134898556459,1.7916079626605277,1.671873935930196,0.7257712120745795,-1.4039676343973293,1.1051496551608948,0.735373636980049,0.1857938533180109
TCGA-BH-A0DG,-0.1641999692884795,0.0038121139364535,0.659105711654384,-0.1500973526266304,-0.6637918513649022,0.3193447471183105,1.517409492414413,-0.0917869230617233,-1.3754187631500274,-1.0137545492431914,-0.127567679809801,-0.2315197475696573,-0.9987970192892957,-0.3183207094456893
TCGA-A7-A13D,-1.3539687926284187,-1.970514704832257,0.8375340433300975,0.8582647088628086,-1.849942680418184,2.1268540579215816,1.309039078384742,0.7363095942639146,2.834607769582984,1.3543393443154526,-1.6049496220967991,1.7128967303417018,0.825645446047405,0.6746878794171651
TCGA-AR-A24V,-0.5636022055067231,-0.3600868799784958,1.147037381654786,-0.5655407811539517,0.0899794401912553,-1.8138410356304089,0.675576085308579,-1.1462401512807625,1.0953803085962734,0.0569897353857548,-0.5057189173881295,1.2709037167383528,0.1649600005612125,-0.6684292079208344
TCGA-B6-A0WT,1.5134047382435525,-0.7699282842494689,1.0397483532139906,0.522463169525192,0.2116056266382867,0.5877905984305088,0.0500029952387147,-0.7457845638072478,-1.1187863825888893,-0.6776005666584839,0.3848402696998275,-0.9780277204786386,1.0173162625922687,-0.8574728813470994
TCGA-D8-A1Y1,1.3833450149248168,-0.6740520696049824,1.3672137923013508,-1.0950940640285147,0.2263500799313565,-0.295615391857083,-0.3249790778848678,-0.4295612806985472,0.0262714518878202,0.7849820912405147,0.4326517823552714,-0.1016853020451034,0.6250664388678185,1.7901861137418174
TCGA-AO-A12D,1.4140301734783118,1.377465238674331,0.4651062769682909,0.5952288737466205,-1.3986504264607489,-0.3901192884924994,0.3829184147726358,0.1040038847427727,0.825243134272096,0.1791370581608207,-0.8949083511437205,1.3994018670228447,0.5452786375510739,0.09219373982862697
TCGA-EW-A1PH,1.4175010489991848,0.240551012644164,-0.9666418390624348,-0.1876987691620978,-1.477723000872094,2.482711122115503,1.3316696294466994,2.758307469108197,1.184957977318048,1.09434613714207,-2.12839576778369,-0.7372807700288291,0.8595737533384841,-0.06896257556988122
TCGA-BH-A1FN,1.5111026665100455,-0.4522708200440922,0.7385999173267099,-1.4948702356660588,0.1831121261816401,1.6006258384579095,0.5222810429960253,0.6677123831842092,-0.9950130892928212,-1.4354543169052876,-0.4530704423628767,2.0337679433857083,-1.4177392553849262,0.7552224184715647
TCGA-4H-AAAK,-0.5188293037161015,-0.4567165553615325,1.3008107876975712,-0.255242054420263,-0.5648733672468514,0.7084151373036655,-0.6037428216633861,0.3151480724398509,-0.2021123692423883,-0.1963770861749202,0.650191064320633,-0.1174535858778501,-0.0414077225542906,-0.6684292079208344
TCGA-A2-A0CT,-1.15044715601979,-0.8549979560747445,-1.2979921754917536,-0.1851745999965249,-0.0712141399030028,-0.6107751258229162,-0.3300209183425504,-0.4489995047827343,0.7162136066439295,0.8916583677781798,0.1612857909412376,-0.5882571248569638,0.2127812260984961,0.5463936108920333
TCGA-A7-A0DB,-0.0800049315920536,-1.4954816149066303,-0.198437841924729,-0.2342653382511683,-0.6794694979043632,-0.5997692372395986,1.3233178784595496,-1.3862599617115998,-1.0497343484243842,-1.2693965246623031,-0.834322296844932,1.5487462230523188,-0.9513295486147616,-0.4187071130649698
TCGA-A8-A07B,-0.0705779492653765,-0.2886906858718485,1.0907008724562473,-0.2371376686809639,-2.5921423757190194,1.216349124188845,-1.135368334960732,-0.2871551607774362,0.4782071037192629,0.049936758424586,-0.7287152851040479,0.5133846710512487,-0.1580503486630521,0.30887371911995387
TCGA-A8-A090,0.0005174744864856,0.2526458648135601,0.2581487620821565,-0.3144294693372101,0.884873447471953,-0.9672680858016516,-0.181883178482889,-0.3761765928151621,-1.2148067052159646,0.0158378899711939,-0.0293401362997856,-1.1250201968856055,0.8438155821795943,-0.3183207094456893
TCGA-AR-A1AM,0.8567827708984566,-0.1348240104789062,-0.6155215397483078,0.3136534513108532,-0.1932758165316871,-0.0022717748164034,-0.1152616072443663,0.8460369606521898,-0.1962892012895207,-0.894223653405329,1.32141261163907,-0.7199089319080044,-1.085788555992964,-1.4004706980626263
TCGA-B6-A0IN,1.482913922264472,0.2654643687762659,-0.5738327180082814,-0.5966141739853531,0.4344521738778173,-0.2369662344730953,-0.6924561213195345,-0.3956148168993493,-0.1060507475518134,-0.4179770719871012,1.422430710362438,1.320346640620697,-1.1828138669855577,-0.4187071130649698
TCGA-E9-A1N3,1.328027664668485,-1.5361482496681833,-0.8280538317309787,1.3051296914857509,1.065353021325073,-0.5703223708966789,-0.1256531868136336,-1.2739971747906031,0.4060163407291,0.3151912588956116,1.026543944094803,-0.1436984243926936,0.1121218878794639,-0.6097395062909394
TCGA-AQ-A04J,1.7364018936921857,0.5681636198616732,0.6916376745354667,0.6712150696620486,0.6859166473401782,0.458312433630328,1.1542045428026633,-0.0209360048418226,1.3162477001702977,0.6127529441565078,0.1892533554128379,1.4073127348440202,0.4546852331539454,0.3917211247779103
TCGA-AC-A62Y,1.0273953006567318,-0.068100145239607,-1.0743759231171277,-0.07602604366439,0.2483734405463168,0.279136567493925,-1.3019415067229063,0.5733383966885187,0.1129168871014157,-0.2159149699342834,1.1814507646049155,0.3409491332734743,-0.9517476225434672,0.1857938533180109
TCGA-BH-A0B9,-0.1799001876794481,1.8584430100407392,-0.802836055521173,-1.1725599453168694,-0.7298619332097863,1.145569031833023,0.8700910599125603,2.191077553260206,0.7396301756458904,2.5172557996344995,1.1441193370840623,-1.8653277598806923,0.5987277813593891,-0.3930595269996123
TCGA-GM-A3NW,-0.911716679115109,-0.108780952656599,-0.9459321613168186,-0.7302210591287541,-0.7398782073877783,0.5265489428468936,-0.836629666010178,-0.544641201544787,-0.7804644544336121,-0.7724460431322585,-0.5643825892066151,-0.8138772131892555,-1.0187680892682156,0.0728507408827852
TCGA-BH-A1EO,1.4783814262911008,0.0194170958706508,1.3927225590916192,0.1657719543345411,0.5410228426163163,0.2536029059806296,1.142812292608209,-0.7726881927933358,-0.3324109145707449,-0.8494600012404999,0.0473071135602995,-0.1655602145201319,0.2460663427300278,-0.1334860835469118
TCGA-E2-A14R,-1.00324170371692,1.4733031222985642,0.2036818938022608,0.3797170511960889,0.086682157387317,2.228010402767358,0.3402744512069032,1.6135650985850707,1.3361951478386316,1.130293568105445,-1.3789766621533026,1.0273772721892105,-0.1929112824104749,0.9649451999388997
TCGA-A8-A09G,0.807599196454368,0.903360848646921,-0.5769391720598567,0.5772115283233693,0.0613615139684184,-0.6272105861073373,-0.5380064590548397,0.0955524829670387,0.2773284588770692,0.1297377800094151,-1.8627969238105877,-0.5647917804414532,1.5787252297774543,1.9876661136582263
TCGA-AC-A8OP,-1.001779112305098,-0.5157204024695548,-0.2002162851255105,-0.996912587519225,-0.5893852431855393,0.2922458036731649,0.3629050022688607,-0.0120620329773029,-0.1025403271546982,0.288628837598308,-0.5622121573740059,-0.0281890638416213,-0.8480331286915904,1.2234888356053946
TCGA-AQ-A04H,-1.146205266097313,-0.2805206867408678,-0.1731360608983385,2.955675204824053,-0.7981094659629286,0.1538161828252203,-0.08443325452221,-0.2226427938893335,0.3522862591214327,0.5094609589832698,1.1890782821880772,0.9107988754460862,1.0044202898683623,0.2396172681308292
TCGA-E9-A1R0,1.357027397202633,-0.3329232980168931,-0.0237886266258798,-0.6572812742752204,-0.1990616146593464,-0.9790077002905238,-0.1189179037594791,-0.1701032461835248,-0.7091409717768545,0.1345440425353698,0.7504650149871089,0.514881321720121,0.1967657786757883,-0.5529744078556693
TCGA-D8-A1Y2,0.8848291817019591,0.7560175200847461,0.7783615793843376,-0.3007641397166778,-0.3148397900956332,0.4698563878777194,-1.0226774276317936,0.2110549739020668,0.0266431434592805,0.1724537937016503,0.5850781093424008,-0.0692935054259667,0.4881633069833406,-0.7291786128219677
TCGA-A8-A09Q,0.0293006138003999,0.6123283524324115,0.3108992093184511,0.7799284244139097,-1.2851119148158154,-0.3212468834911188,-0.1747630221113538,0.3940278223467024,-0.3159738872995322,0.5100581868711108,-1.2967483018665118,-0.9418942971873258,0.6094369058408401,1.1519844961639927
TCGA-AR-A0TQ,1.4004487535099404,0.9542463671953878,-1.2867213072054198,0.6941066727843402,0.7518623034188786,-0.1430004035017519,0.3887300018650758,-0.4115316235769815,0.74293410072553,0.7541253170354044,-0.4762630568027401,-0.8568524681096948,1.07250202118136,-0.342876871457709
TCGA-E2-A14S,0.3569456675636696,0.2072893646117435,-1.3025394693401735,-0.3203482108289033,-0.7222097485893314,-0.4406974609153883,-1.2371288400760714,-1.6919189926006355,-0.5963119303071006,0.2430688815830222,0.5311273752175887,0.291613113010339,0.510900096798311,-1.4004706980626263
TCGA-A8-A08O,-0.5869436038674599,-1.0896686637384945,0.5234478005180917,-0.2498455548248946,-0.5164717442004078,-0.1000529804966299,0.6791938944919546,-0.725923769634275,-0.7144685509677741,0.5204954551967097,1.814534724007531,-1.315255187261022,0.3470472762788348,-0.6684292079208344
TCGA-B6-A400,-1.3966419671144232,-0.0062511146923818,0.7905922881830058,-0.6624166529224265,-1.006149347026301,1.8702456512189944,-0.0779288954584831,2.1121978033533595,1.390875107906698,2.257632304963114,-0.9537580599764268,0.7603320314149559,0.2544921403700882,-1.4004706980626263
TCGA-A1-A0SJ,-1.1462349503258502,-0.5338689852158942,-0.3490760010272999,0.9688059102518096,1.769167367757457,-0.8373496854581393,0.4023160299686006,-0.5098495975680177,0.4533450674949638,0.7618039613076412,1.259772347593015,0.2568159849590911,0.6258382676592749,-0.3677863716473534
TCGA-A2-A3XV,-1.5260509256206172,-0.3883563890961098,-1.488881002821277,-1.5988834133509875,-2.473937897842104,-1.4964312088875418,-1.9558797602836977,0.0887913615464525,-0.2517538435639986,0.0670288517861255,-1.4947536973384037,-0.2321077174752848,-0.764836416879248,-0.17787775671158323
TCGA-AO-A0JB,-1.328457339422172,-0.2073072971515688,-1.6717006583157628,-1.3031204193983694,-0.8390455430381998,-0.4761608796838547,-1.409552086262426,1.4862306451640168,-1.1892012858487448,0.0512449718931877,-0.4878593640226741,0.073262470783988,-2.1398494088578115,0.701951126257992
TCGA-B6-A0IK,-0.0472679967977091,-0.0343208704676875,-0.2729847083915336,1.101455351918612,0.727288214597099,-0.1299400823828822,0.3772607770071449,0.5617881475950154,1.0830318886111117,0.888899743724819,-0.4250408655531998,0.0456278852194781,0.8475782475379406,0.9765250450896973
TCGA-D8-A1XR,-0.7888600482558339,-1.1946482030594536,0.6391746882965874,-0.543171419927994,0.3731102711480075,-1.576554077774091,-0.2120187592337645,-1.0432739063130732,-0.9334361856210032,-0.1034086116343599,-0.0301462966947545,0.0067149678288352,1.1339588887010326,-0.5252749305992134
TCGA-A2-A1FZ,-0.2137960493271156,-0.340003642373879,0.2834320927858891,0.1946693392645769,1.4640753890688298,-0.1748930228631861,0.9528003358175764,-0.8688933163404384,-1.2468547784884874,-0.998966049163323,0.8684124820048148,-0.7318821372589706,-0.0157444152383869,-0.4980116837583861
TCGA-AC-A23E,-1.3300312752156949,-1.4218365762346454,1.3762016681430211,-0.0229314508712505,-0.2311012494523021,-1.4200258845891345,0.5180859238365808,0.1066801619717563,1.789782762209897,-0.7247246909514515,0.2902094417981339,1.9287351375167296,-0.2742749008431105,-0.7291786128219677
TCGA-B6-A0WZ,-1.69649624254873,-1.1105830346193917,-1.0106636737228571,-1.6840958827681811,-0.1594320081290376,-0.4162399307302396,-0.7969107396565359,0.921817863241267,0.2817474586710895,-0.4425771730814977,0.5447700895939743,0.7486795369216013,-0.4220479548739269,0.16747431310446806
TCGA-E2-A15T,0.2202259307376134,-0.7906767811525237,-1.0482481182659311,1.2381956884399707,-0.1830106908213243,-1.165618655603213,-0.5141443133772624,-1.0174971308970857,1.1598481467127737,0.031451133324749,0.5079967731157973,-0.1247764837933981,1.1424490054070453,-0.5529744078556693
TCGA-AR-A0TZ,-0.1004570447188894,-0.7837530456384166,0.4178530881478374,0.5954029543787225,0.6149317477309408,-0.5536912503707779,0.100536861810742,-2.3104207458880786,-0.0968823554558123,0.4127669199995155,1.3220327350198136,-1.1372072094749834,1.3848032459241784,0.14895883826389708
TCGA-E2-A1BD,-0.1820872997701803,-0.537551559268459,-0.3761292926408628,-0.6484902023537318,-0.0180843377414846,-0.7147685441701709,-0.7798608516965907,0.1133004266960806,-1.2324001062650518,-0.7028263350639543,0.7534416072146826,0.4280221311160034,-0.11804388963926,-0.22343776492668083
TCGA-AN-A0AR,-1.2733574227891555,-1.181136047875578,-0.8898992365134601,1.4771213560091123,-4.160466945613297,0.7567921320098892,-0.1954307192546745,1.978665655296768,-1.767553371039969,1.7451254589259786,0.8276703758898656,-1.5142028226016502,0.8285719635483405,0.9532873754454948
TCGA-E9-A22B,0.4051528287636266,-0.2054881107325332,0.0630939106225581,-0.1873506078978812,1.6441816856233922,0.7393294554576934,-0.3121243090843672,-0.1791180747443063,0.4681714312898536,-0.2460891979818628,1.4531888300473912,1.896717503564815,-0.3934902895900591,0.1113229996056972
TCGA-BH-A18N,1.1641862592842034,-1.490027470255196,-0.3965669906458956,0.0420876652213356,0.7964067277135474,-1.3433270699285071,-0.9496284719930216,-0.8979097957704549,0.3096243265305617,-0.8213618510887475,1.1521189286956706,1.90612502205486,0.0914433081750421,-0.3677863716473534
TCGA-C8-A26X,-1.3855834310151036,1.459660435442082,0.1950223243495824,2.152554208590728,-0.3392894531512259,-0.4126691313232075,0.6029120029871867,1.595253728070981,1.918842335633388,0.0102068841715527,-1.034808185839807,2.54498105042434,-0.0800956407260143,0.3917211247779103
TCGA-AR-A1AR,-0.1189386495600947,1.015859983185918,1.2710348669444202,1.0707301203514332,-1.4199894453616857,0.239368623412872,1.994459969307237,0.2947238514818304,0.5544864739954829,1.8806961894658516,-0.5769710938357387,0.0364876257774462,1.6848516886026306,-0.006757785635353757
TCGA-A7-A6VV,0.9270292419607266,-0.0295369619620257,1.4396213204417398,2.165000973786496,-0.1395238855392404,0.5445986001235351,0.6784626351889324,0.5453079141323331,2.8434870682345244,1.4175601821568915,-0.8387251728482226,0.9844554690783754,0.5078771006984426,-0.09020431931287741
TCGA-C8-A134,1.5328631774182,1.2185677863469409,0.0106991347836527,1.3596169293357658,0.017252579855406,0.3695805141186082,0.3645984448653346,0.2120409707759026,0.3657910528844662,0.1513801810878367,-1.6368859762051715,-0.1543353345036004,0.0104012850721813,0.6045900284623825
TCGA-D8-A1XS,-1.061869129628395,0.0956545797853681,0.3833880874322022,0.11102359553637,0.1034174229393662,-0.4650571609797976,-0.3003086982407929,-0.7283183334707323,0.038082984047537,0.1889202197521203,-0.7537062573480745,0.153279829758982,1.5084566502219967,-0.6097395062909394
TCGA-AC-A8OR,-0.0589875781772635,-1.3410919964162744,-1.8932116577038984,-0.2535882884152314,0.6179179661194065,-0.0679157858333431,-0.8937833536411469,-0.0606575931877709,0.5838501081407961,-0.9937616347121384,-0.1224826680876902,-0.479856854983028,-1.2699662013541122,0.20392156236118025
TCGA-AN-A0FW,-1.081074550707982,-0.228567010656109,-0.3387686608011939,1.3240174400695437,0.9057769761912364,0.7175622535929108,-0.4657272500508271,0.4847395347395736,-1.220299480660869,0.4749639386046524,1.6103901070662616,-0.6636776282061383,-0.1329015938747844,0.881642100570689
TCGA-BH-A1ES,0.8348913870989461,-2.06666044179611,1.8432904119717808,-0.2079791628027625,1.0206219583811222,1.0179496393269143,-0.0429054235768802,0.144429756570033,-0.3523996613025755,0.8127674077367256,0.8396387571382457,-1.0987753583707591,0.2367400781666043,-1.4004706980626263
TCGA-C8-A133,-1.2126124862438166,-1.2253147822591042,-2.312393774072436,0.345684287618847,1.1803224292811458,-0.5094720357960285,-2.319777481866728,-0.5815456559654923,0.616930658000706,-0.6181337326834763,0.3797552579777212,-0.8981172651228475,-1.5975110447281806,-0.5529744078556693
TCGA-A2-A0D4,-1.4345926049968585,-1.5248667603807262,-1.8453983342384743,0.3457713279349043,0.5509769039112198,0.4728402065603076,-0.782170091600873,-1.1959625650613304,0.0918956637821981,1.5430064780266994,0.3690271234908283,-0.1645446301376814,1.1550877018671335,-0.27022927267460123
TCGA-GM-A2DA,-1.1540620946465263,1.1612252329680186,0.1012714625231344,-0.1989269699331114,-0.0949172483614798,-0.3423292745107187,-0.5974693865900859,-0.1447490408563227,-0.4368562461509093,-0.6897726398011489,-0.614240509018515,1.152721765707151,-0.9087503269527828,-0.342876871457709
TCGA-E2-A108,-0.6529869083001713,1.7441360902887677,0.7653454198398981,-0.1893525351671324,0.271703271706236,0.332307238116439,0.4524650232232471,0.4674141610993199,-0.3991502011795035,-0.2478240027989228,-0.1933627705068489,1.021176862275316,0.2687388134790437,1.2234888356053946
TCGA-A8-A09D,-0.2583807601085733,-0.4545689672582365,0.4716318140478698,0.8054312370178315,2.4636497817258727,0.1298967183041436,0.4399566404083879,-0.7102886763491665,0.004052555727231,0.5258705061872769,0.1563868162333521,-0.2852388162202036,0.0178301371899435,-0.17787775671158323
TCGA-BH-A0AY,-1.0939840576674948,0.3362136999497484,0.4060786768052017,-0.7946308930089644,0.7952246829347788,-0.4002936210495221,-0.2924572825662376,0.2819058921219675,0.0230914239986655,-0.2177635324442647,-0.2691418476338975,0.869320271194519,0.0168331916676452,0.8069032830167661
TCGA-GM-A2DD,-1.590853255708124,1.3838248122792178,-0.9865267845220964,0.0524454628318017,0.3354092639935797,-0.8519752885088583,0.8317961648332254,-0.4228001592779585,0.3084679527526899,0.6201471941964375,-0.2163073355944194,1.3605958532514046,-0.993522855881014,0.05328917235199838
TCGA-B6-A0X7,0.414987606062073,-0.9517630010015136,0.3175324988424566,-0.547001193834385,-0.4350972931146171,0.8068811538290763,-0.419196065979554,-0.036571098126931,-0.7477142970816656,-0.3229040801274855,0.8072683166633504,0.1173067618964792,-0.9544168637805848,-0.8244970196487085
TCGA-C8-A278,1.245048929330051,0.9461230921112136,0.3786311212626801,0.3200944346988711,-0.4737937063985347,-0.5136298159275038,-0.4969019887586258,-0.6859204678958029,1.2949786824701075,0.4392724624503561,-0.9527038502291606,1.3815489626155983,0.4539455638954652,-0.09020431931287741
TCGA-BH-A0EI,-0.2301002701797533,-2.207318700570244,1.1348855166006688,-0.2908415436864823,0.1218946492180207,-1.73386491192497,0.0212144710986718,-0.4757622770725554,-0.6017221076250139,-0.1640699013850495,0.1821839488723476,-0.687944749765688,-0.1725221385028495,-0.7921375654324438
TCGA-A1-A0SB,1.428803603693334,-2.1296452789522413,-0.4788794973157376,-0.1713351897438874,1.038663694478127,0.4865853385243607,1.5336896337395969,1.0440814755968812,-1.2612268525849262,0.6931796330524048,0.034780621269248,-3.005454858702729,-0.043787527994614,-0.8244970196487085
TCGA-AR-A252,0.2051467943980706,1.613420949259897,0.2539238342692484,0.2090309914135485,0.5506036266126554,0.7267093698821562,1.0635283892278782,-1.0729946692244066,-0.6959665705217815,-0.6629542636947713,0.4339540414548352,0.0640153077227504,0.2686744944130892,-0.8574728813470994
TCGA-A2-A0YI,-0.7250991029455282,0.6743222070347876,-0.2776677667465008,-0.0637533591007299,0.5033840483449868,0.9514740722836788,0.5368292543929979,0.0125878888685871,1.0119562003353266,-1.476037373855236,0.1328221277650424,0.3077021077007001,-0.8763978367775923,-0.9253710110462472
TCGA-A8-A08J,1.2755648128454589,-0.394057248081738,-0.1145802642435539,-0.4842451259592092,0.2136586517803612,0.3703631550845312,-0.2915720739362623,0.0673811437145937,0.7804336503794601,-0.0897008096372521,-0.6020240784178374,-0.1520903585002908,0.3908485601939517,-0.24667543457088356
TCGA-B6-A0RH,-0.597294495119514,-0.2535906780374465,-0.1559139934218294,-0.2329597335103502,0.1888979243093027,-1.7214404865909143,-0.7154715456988748,0.0117427486910131,1.134655717980511,0.3770470044219847,-1.060791355493019,0.548769769008127,0.1370133664039136,-0.22343776492668083
TCGA-D8-A1JJ,0.2483557253929504,-0.3784635973948569,2.678167109363613,0.2165164585942191,0.8530826642113712,-1.0844685704488874,0.2736143926366411,-1.9546167311296887,1.4780987300092292,0.2423010171557985,-0.9740981068648656,0.5363154973707364,1.2263853864778655,0.3257634179181138
TCGA-E9-A249,-1.6447851704859189,-0.0988049455337319,-0.2459199380741538,-0.6914010781685196,0.8900993296517754,-0.4705845628016406,-1.572507448841225,0.8767437204373565,0.2989278690852257,0.0951554413611064,1.1435612260413912,-1.2512733711667878,0.5433812251054103,-0.7291786128219677
TCGA-A8-A06N,1.3595628987881558,-0.7730655457347081,-2.608325691575564,1.2970349420927014,-0.4505883010048025,-1.7517678240205004,-2.174256880565252,-0.6631016831013224,0.2321885824764671,-1.0257275464232394,-0.8332060747595891,-0.7823406455237623,0.3247285603925698,-0.3183207094456893
TCGA-BH-A0WA,-0.1858568768138825,0.2932652170971841,0.520893051218154,2.121393775443278,0.2885629630244656,0.0897863688004993,2.5375162201307755,2.547022424714857,3.1868887811997486,1.823618267042203,-2.389963809781949,1.2056925090232622,0.234135155995439,0.6746878794171651
TCGA-D8-A1XO,1.047871739023776,-0.2320528561225687,0.7285651736707387,-0.1495751107303025,0.4092559562251057,-0.603095461344779,0.0823708412303939,0.1866867654487005,-0.4497828530250039,-0.3342514099964624,0.422791820601424,-0.9252173325913344,0.3135370429164589,-0.8910890908964243
TCGA-A7-A5ZX,-1.26470236962308,-1.532163831711327,-0.1287458639515796,-1.0378215360647616,-0.5696637592450211,-0.5740399154848225,-0.3150108589647185,1.8404852362635191,-0.6562781705025896,-1.7646690802217446,0.5139499575709446,-0.5994285530638939,-1.965480421054748,0.2745917989701312
TCGA-E9-A227,0.1101152145365091,0.6575916442841488,0.049001636526953,-0.3459380637488792,0.9156688246030448,-1.5167798740015863,-0.4649575034160657,-0.2605332451838746,-0.6635055066143073,-0.4424349759653449,0.7907730347355354,0.2695909674540933,-0.2198931305784516,-0.8244970196487085
TCGA-AR-A24U,1.7585924601368204,0.7768238658887314,0.8949924792848236,0.2969417106284202,-1.4158211821944444,-0.257608389949361,0.6615666965559404,-0.3475826834739313,0.6426186754949194,-0.8299789963275936,-1.172723625717501,0.0697881031598219,1.1022817487183658,-0.29410800153563177
TCGA-D8-A1JP,-0.6508201590824437,0.1565013032072147,0.9224030706253744,-0.5696316760085081,1.8615534991507297,1.153737846914863,-0.9827660646194613,-0.0479804905241724,0.5744339216638196,-1.2511384149483116,0.7442637811796596,0.3284948616360865,0.1616475686645475,0.8195859799990648
TCGA-BH-A1FC,0.5396348813519695,2.1138694627951806,0.0809107407362922,-0.1357357004776681,-2.26316064992264,2.5121090733980536,0.8989950460478171,0.1080887289343778,-0.3713972305105132,2.006455318991196,0.2428320155092126,-0.9818762507700176,1.1706850753611382,0.8446759901096549
TCGA-A7-A6VX,1.560918137149389,-0.522602732850105,0.9947587353038688,0.1467101251186465,-0.7169216535264202,-1.5575750343504149,0.1058866009223267,-0.51520215202598,0.4388490962080344,-0.8712161600118413,0.6549040020142932,-0.3548865241323037,-0.2647878386147997,1.0332901435249677
TCGA-B6-A0IE,0.1858444480119241,-0.5948229415880184,-2.441258764293164,-1.3520370770209016,-1.9688937128922184,-0.3328886678592505,-0.6623975152321366,0.327402605014665,-1.913215167988657,0.4768125011146367,0.5094850692295819,-1.040245626855985,-0.6456210281322995,-0.4447403915448138
TCGA-BH-A8FZ,1.1244761430247905,0.2001861928475706,0.1399277977316183,0.170907332981747,0.6649509057377995,0.7197634313095743,0.6956664724758307,1.1150732505130465,1.325829082901259,-0.2779413520000377,0.0602676922178694,0.4611088012599704,-0.6425658724994526,0.1857938533180109
TCGA-A8-A09N,1.0912929144680448,0.3409319520274579,-0.8184953999800696,0.1657719543345411,0.3715549490706811,-1.5564989030222682,-0.2441171939032767,0.2290846310236325,0.7488811658688823,0.7681459526880492,0.1206056971643649,-0.9440858213810284,0.2976823931586385,0.20392156236118025
TCGA-AC-A3YI,1.73533523168313,-0.5907016519407196,0.5071549984097434,-0.183259713043331,0.9833564414083472,1.074201958752757,0.2513302275603251,0.9109718976290782,0.9855247996981956,-1.044326929215995,0.0337264115219861,1.536291951414931,-1.3845827768853023,-0.8574728813470994
TCGA-A2-A04R,1.036709512061214,-1.245013198735653,0.0349425608017625,-1.1072797082761208,-0.4934529774559578,-0.9608112978327726,-0.3189365668019983,-0.299409693352249,-0.6977011311885921,-0.0241479390909103,0.9096506868243632,0.0404965114976354,0.5179751940533224,0.5014253580733183
TCGA-A2-A0T6,0.2691181809049985,0.3060537497423305,1.3203018166236138,0.1239926026284631,-0.2677446375941451,0.5268424332091164,0.3766834670310738,-0.0879837922626445,-0.0821798888514073,-1.0733635803343535,-0.1036309173130451,-0.0974626090865026,-1.1944234583903717,-0.7603718963001215
TCGA-B6-A0I5,0.8463167807226698,-0.3840795667108347,-0.4143617387637709,-0.4819820777417957,0.9958612309100636,-0.8369583649751768,-1.3661768633936713,-0.2436304416324066,0.0687681882247096,-0.1729714408562026,0.5430337441278922,-0.0028529060900168,-1.0577776027697128,-0.6097395062909394
TCGA-BH-A6R8,-0.8789260149173505,0.4736106230191127,-1.69720121862104,-0.2136367833462902,0.9364479275561448,-2.4610361993898286,-2.0698022622282526,-0.2409541644034255,-0.8711571978697676,-1.0285714887462911,1.786815208888228,-1.1857414525940826,-1.1429038865606962,-0.3930595269996123
TCGA-E2-A152,1.3472948431260938,-0.7093701259784873,0.7011130808170123,0.4657128834577729,0.1153622964932425,0.0755031711723724,0.283236225571147,-1.0455276134532712,1.7006593831865733,-0.0554313046444803,-0.3471533689316231,0.9795379025949444,-0.4062897837150348,1.0664767264694666
TCGA-BH-A0B2,1.4978568146504014,0.6373776896291343,1.086843935819147,-0.588171263328084,-0.6203050460828117,0.4687802565495718,-0.0049184271514494,-0.0967169074309023,-0.4708453754077185,-1.081155982299513,0.7471783610691568,0.1957205665833896,-0.4337861844106499,-1.4004706980626263
TCGA-E2-A15C,0.6772871960652234,-0.214160748308069,0.2896154145439819,0.7225688561341055,0.9077055755671272,0.7521941163350814,0.3415060458225198,-0.3270176058196439,0.5415185680578913,-0.9403239584619972,0.7639216923492781,0.1023937070173673,-0.4962078379196399,-0.27022927267460123
TCGA-OL-A5RV,-0.5763313636067882,-1.1941394171105812,-0.527712870680251,0.5181981940385335,0.5996895913731262,0.6162102485056521,0.5462586506688154,0.7087016817965197,0.5014997755307361,-1.2141387253254077,0.4508834097491773,-0.8279884909243257,-0.379404414145991,-0.9603455418855493
TCGA-AO-A0J3,-0.0651323087483322,-0.232616115831381,-0.8103061535220538,-0.3241779847352912,0.4458993443669521,-0.0351916104456141,-2.0054899308940115,-2.2778828490515024,-2.296470477227055,0.3240074800970718,1.3204824265679522,-1.534621413869818,-0.3275632469865406,0.5014253580733183
TCGA-AO-A124,-0.7233589217143404,0.1842889676658118,-1.106427764140688,3.190074775958368,-2.5986125155607023,0.5687626399464619,1.0643366231943747,-0.3673026209506423,1.4881757015021355,1.060446344651295,-2.1504101478001387,-0.4468236366486596,1.4442019033332976,1.1932050243810246
TCGA-A7-A3IY,0.8565612699805525,-0.4601325691796821,0.7492729835262906,-1.5067077186494513,0.9293556588835264,-0.360232186606248,-1.2267757478385424,0.5234751262116886,-0.375527136860064,-0.2546779037974789,0.5791869372253257,0.8720463134842504,-0.5310687716670627,-1.4004706980626263
TCGA-E2-A153,-1.0201174496052845,-1.6677062160597418,1.125600427459401,0.4114867665559173,0.0831360230510112,-0.1212332016369694,1.0991291710855522,-0.6643693933676796,0.1573546794225942,-1.575859749394351,-0.3942827458682468,0.7905857556499886,-1.5271138270408129,-0.06896257556988122
TCGA-AO-A03M,-1.374159434909181,1.4016310872611888,-0.6518773936013649,1.7848959135772315,-1.384341463349332,-0.0223758646285962,0.3335006808210094,-0.3367367178617375,0.8466773482262678,0.2194641603016935,1.3084520329814957,-0.3427529633525246,0.2856225682921407,3.8172822813767753
TCGA-E9-A54Y,0.5649265154545946,-0.5574688210089652,-3.201654172731692,-0.9810712499973424,-0.8729515643239445,-3.017689586403826,-2.8681834718018515,-0.4199830253527155,-2.094311561416499,0.7471007794974656,-0.9051403869260142,-1.294622788754443,-0.2898722743371152,-0.24667543457088356
TCGA-A1-A0SE,0.907443874696781,-0.31192997746631,-0.057406256235481,0.1411395448911668,-0.0633131037501804,-0.4272458193135572,0.8645873714740246,-0.1985562988284911,-0.8937064865383203,0.3981490564590282,0.3204094504404199,-0.7548664153880623,0.4726945716212473,-0.4447403915448138
TCGA-A2-A4RX,0.8963230586078115,-0.0368269416411458,2.854254235447779,0.6645129653258682,1.0953396309759542,0.3556397219130726,0.8302951588954418,-0.3251864687682342,3.779695538614399,0.7247473928382787,-0.9015436713176967,0.805659165957902,0.6310481120016033,-1.4004706980626263
TCGA-AC-A6NO,1.4117315491051563,-0.7923204426356708,-0.2016404218219409,0.673391077563408,0.320727023583605,-0.4654973965231292,-0.5293468094137836,0.4699495816320416,0.3598439877411108,-0.1344929012253172,1.515697266826496,-0.6367379161664616,0.5433490655724342,-0.4980116837583861
TCGA-BH-A0H3,-1.4069665037813432,-0.0785726070371352,0.7101014984667711,0.0655885505560031,-0.137844137695727,-0.0688451719803792,0.6695335742257095,-0.4984402051707763,-0.1851384541457307,-1.120828977706088,1.252516904038295,1.0581120627106675,-0.341649122430611,-0.8910890908964243
TCGA-A2-A0YF,-1.496123464032298,-0.7311197633271217,-0.9731320631940508,-1.1226858442177388,0.8881085173927961,0.8839712889726661,-0.3523435707506037,-0.894247521667638,1.0247589100189365,0.0467799824459985,1.0216449693869174,1.013907416169372,0.5720675285211848,-0.5811243028056409
TCGA-EW-A1IW,1.1361434146724958,-0.2680402582056582,0.1051964026871212,-0.7584221215303538,0.7259195311690515,1.212827239842183,0.7909995931909177,0.4395245352393986,-0.3139502331882463,0.3948500833642879,0.8713890742323929,-0.8394806299888702,1.5916533620343392,0.531533602095544
TCGA-AC-A2FM,1.143090666054328,-0.75490202020216,-1.5684656386556788,-1.2978980004351095,0.7235554416115143,0.9355277626029606,-0.9764156548826864,2.2436171009660173,-1.09351135572963,-1.63367709682199,0.2571568656044273,-0.546831972415001,-3.042020787470748,-1.4004706980626263
TCGA-B6-A0X4,-1.3678159852906202,-2.2573018085683225,-0.0140382840345376,-0.4279300414720607,0.6970527534138438,-0.7162849110416502,-0.2188695042831328,-1.316395040365535,1.496972402026682,-0.3166189675935403,-0.0998481646905025,1.0856397446559718,-1.3019327771335742,-0.7291786128219677
TCGA-BH-A208,1.5573546708659196,-0.4094591054427888,1.6922429820653764,0.0020491198363464,0.7732013223198152,0.6703103052752031,1.423077042324511,0.3543062340007541,-0.7900458371645733,-1.6787820220655876,0.0174791789464641,-0.7099134435123321,-1.6345909862510373,0.1857938533180109
TCGA-A2-A0EP,-0.0328456129970221,1.0213423990512716,1.0568743607789353,-0.3989456162259646,0.294722038450686,0.5702300917575709,-0.5677186791565951,-0.061221019972821,-0.276987571359761,-0.560970491990138,0.2755745300125496,1.47904506333062,-0.5792437520670972,-1.0324884969119104
TCGA-A7-A0CD,-1.061205600784891,-0.8893155218758901,-0.656442589803702,0.7791450615694225,0.198105431007084,0.230612827606589,-0.7593855912119625,-0.068968138267243,-0.4089380792279373,-0.5678812718351541,0.2414677440715767,0.9018189714328588,0.3298740856689414,-0.6097395062909394
TCGA-AN-A0XV,0.4049553515072409,0.2659776107279571,-0.1838520568095176,-0.214768307455,0.2723254005371646,0.1064174893264002,0.2362047061872814,-0.0329088240241116,-0.8879659167124406,0.1362788473524343,0.8338095973592382,0.6225867180692236,-0.0912228391361707,-0.342876871457709
TCGA-BH-A0BP,0.0260512356368724,-0.8956672509375728,0.3400936514342506,0.4891267284763863,-0.315524131809657,-0.6211451186214196,-0.0608405201667986,0.0376603808032628,-0.1553205303019664,-0.3516847764367687,-0.0664855268064175,-0.1294802430384205,-0.9596588676558916,1.243387679922928
TCGA-BH-A0BV,-0.0001742162368104,0.5449421639189335,0.3600938356598352,0.8929937949684928,0.4564133216096857,-0.4600678248220266,-0.1177247964756017,0.7578606687920378,0.3649237725510608,-0.1151540934285651,1.0275981538420649,0.281777980043471,0.2495717318245585,0.1113229996056972
TCGA-E2-A56Z,0.6295895590595076,0.1444278269559204,-1.125557026159483,-1.650411280455153,-0.1745497387206619,-0.1815454710735468,-1.690817506603916,-1.0051017416260108,-0.0067677989085927,0.698270289810668,1.0853316405894329,-0.2016401860018405,-0.4408291221326828,-0.06896257556988122
TCGA-A2-A0T2,1.0618402607811668,0.3745980714028473,-0.7221857146083379,1.6292678284720834,-0.395467686584305,0.6835662866355526,0.4513104032711049,0.680812055936596,2.020520629959352,-0.0062595418789158,-0.9447662709556248,2.084012644412091,-1.1270492368028746,-0.4980116837583861
TCGA-BH-A0BG,1.5946494316533428,1.6440290230673271,-0.2722213125208135,-0.1785595359763956,-1.7223440571942144,1.1697330716559498,0.4172876020146911,1.375517281901907,-0.6135749388482276,0.8151847587113225,-0.0772136612933061,-1.1659108312315425,0.4074107196772762,-0.29410800153563177
TCGA-E9-A3QA,-0.141540884619426,1.521713763846417,-0.225212768061427,-0.2871858504122027,1.1634627379629097,1.2331269898958566,0.6926644606002635,1.3014266596679729,0.6746254497039453,1.803767549627301,-1.2369684079626877,-0.3089714196837244,0.5946435206712701,-0.17787775671158323
TCGA-LD-A7W5,0.6425141196134502,1.275478123110307,-0.8344061355573398,0.1615069788478825,-0.1324316168666255,2.332248396416466,-0.6505819043885633,0.0208984339480592,-0.9776674826247062,-0.3045606521438027,1.7394997949373787,0.1882373132390372,-0.3064344338204374,-0.1334860835469118
TCGA-AC-A5XU,0.4228769808353773,-0.1184657801639857,0.2539424279058157,-0.2585495864303261,0.8528960255620924,0.190551393163314,-1.2385143840186403,0.5698169792819613,-0.6147313126260994,0.6291340519372834,1.926404981893936,0.0425811320721351,0.040470448405981,0.13024319224945882
TCGA-BH-A0W5,-1.495791660802582,0.8429719503679806,0.6468211197268532,0.16899244602855,0.344616770691361,0.3404760531982789,0.4047407318680967,-0.2767317652540306,-0.4512696193108449,-0.4385672144059951,0.4330858687217942,-0.502199711396888,-0.3767673324418518,-0.4980116837583861
TCGA-A2-A0SV,0.9232476190680792,-0.2088188504550301,0.3522796979742379,-0.0169256690635032,0.0239715712294631,-0.265239139367128,-1.1381009355141325,0.8137807772081397,0.290172467624173,0.7266528341947245,-0.8516857515057925,-0.409407369926886,1.329424530137219,-0.3183207094456893
TCGA-OL-A5RY,-1.1522502188242574,1.128322900762125,0.98897689557078,-0.914659488847884,0.1533743680631364,0.5338372868420702,-0.2804492350639729,0.233873758696547,0.1899809395840501,0.638718137565966,0.2249724621437573,0.790104689363564,-0.3132200952786522,-0.9960412476551981
TCGA-D8-A1JB,-1.4534007738153305,1.5506030411555611,-0.6752798229739425,0.4966992359731109,0.3385821210313309,0.5476802489268637,0.5823212805073446,0.4405105321132345,-0.6519830678990599,-1.5395426059289776,0.6911192074498076,-0.049409432253825,-0.8520852298467332,-0.17787775671158323
TCGA-AO-A1KQ,0.0551085216772229,1.0857182372765817,-1.1844076240326804,-1.3293195545307277,2.0587061256728005,-0.5129939201426905,-2.10940572658668,-0.4104047700068838,1.042311012004533,1.1432335056753289,0.8069582549729808,-0.5319189175358919,1.3374644133815523,-1.4004706980626263
TCGA-C8-A12W,-1.3208169388302902,-0.2311843525682826,-0.0981982917693845,0.3885081231175746,-0.0533590424552802,-0.9454030538161288,0.103654335681523,-0.1412276234497677,-0.3534734369534594,0.8664894782191738,-1.1825835874713484,-1.1543117885477925,1.8712805012721925,0.0728507408827852
TCGA-BH-A0DT,-1.1507824125775568,0.1672824418305428,0.5619840808818085,-0.1835208339914903,0.5980098435296094,0.1623274033296524,0.3816483328252799,0.5857337859595935,0.2999190466091158,-0.7662178094447764,0.9757558392117766,0.8995205436199504,-0.3822022935150175,-0.8244970196487085
TCGA-E9-A228,0.3630642726139143,-1.345390584289426,-0.3035817921937359,0.4273281040778121,1.6407599770532737,0.0036469474884036,-0.61109390202535,-1.888836653975232,-0.337408101253704,0.4948146560195526,1.496039355656873,-0.44489937150297,1.6461959299638853,-0.17787775671158323
TCGA-D8-A1JS,-1.4128447915847786,-1.1748947888486243,-2.339766662639804,-1.6216009358411712,-1.0450946118425892,-2.433839425823942,-3.0852135354725783,2.2151640483210477,-1.3760382491024632,-1.483602260434553,0.7238617219531446,-1.009564288144132,-1.759723729065816,-0.6985374519430598
TCGA-B6-A0RO,1.2414931166956784,-0.2959005991131277,-1.8685364542097915,0.5830432294990083,0.8109645423573383,-0.5059990665097368,-0.4993266906581229,0.5972840350530942,0.3524927544389113,-1.2487210639737178,0.8157019946414854,-1.9015146349816068,-1.1385945091417342,-0.3183207094456893
TCGA-E2-A1IU,1.0788962056666616,-0.1889154807412475,-1.1182568769504444,-0.12737983013645,-0.6655338120915074,-0.6993113850931569,0.5600371154310264,0.02540584822845,-0.0815604028989745,-0.5720618670500394,0.8178724264740946,-0.3482050479319874,-0.0204397070530747,-0.6097395062909394
TCGA-E2-A2P5,1.325156651016569,0.3736430912335405,1.1213044576809232,-0.3828431577559166,0.1447267773131884,0.2373631059376901,-0.7061960987500104,0.2220417962105199,-0.3309241482849068,0.817744306802069,1.3286680551937855,-0.1892928179836556,-0.0991019247156144,-1.4004706980626263
TCGA-A2-A3XT,0.792104463644797,0.9789814501355456,-0.0554454969352658,-0.2383562331057248,-0.2660026768675365,0.5970844599008648,-1.0535442676856903,1.2000098383591695,0.7474769977100351,1.0075490174425366,-1.325894100761527,-0.1430035508678603,1.324697078789555,0.35905637466185736
TCGA-LL-A50Y,-1.1013254566297828,-0.036415737677,-0.8990535562161385,-1.8919481575059247,-1.4025076252125206,-1.1912990622976192,-2.848670394610673,2.237560263026741,-0.7554372219553255,-0.6111660739920003,0.9145496615322444,-0.5374244539249533,-1.127853225127307,-0.5529744078556693
TCGA-AO-A03N,-1.0806831011281264,-0.6841766816633411,-0.2100330118493839,-0.3682203846587857,0.5066191182658234,-1.2729872131160185,-0.170260004298005,0.8073013691800772,0.3185036251820992,0.5571823111640768,-1.456616109422582,2.0762086802101214,-0.3977996670090222,0.6469884021607089
TCGA-BH-A0DQ,-1.488849685761735,-0.5371301467089886,0.4241626022343995,-0.3206963720931198,1.4388791714161215,-0.6009921137488567,-0.1217659663080932,0.186686765448703,-0.3837043514321779,0.3489204148470038,0.4433179045040878,0.8209463835042271,0.4196956612746136,0.25719285457475255
TCGA-E9-A1QZ,-1.3217584731976948,0.9380099778864802,-0.6410047621571267,-0.5812950783597892,0.5324374647494701,-0.7900977371404306,0.777413565087395,0.3896612647625735,-1.02598738691446,0.2347645699997101,0.8863960600464189,0.4340621856010908,0.7183934035680192,-0.6388356600211044
TCGA-C8-A3M8,1.411446335623811,-0.8746495296392817,-0.2914320616812212,1.6857569935913492,0.1816190169874056,-0.7483731906445659,-0.2221024401491255,-1.374850569314361,-0.4458594419929316,0.4159236959780985,1.0310088324361613,0.5606360707398874,0.4836609723665163,-0.11170994239412738
TCGA-E2-A15F,-0.6847445683403464,-0.6766524229645127,-0.4099141350683314,-0.5348155495867759,2.676791119202877,0.1816977672362898,0.299824265550237,0.3100772313744125,-0.020272592671629,0.4016186660931512,1.3142191804224266,-1.758263785246816,0.55273964920181,-0.5811243028056409
TCGA-A8-A08L,-1.0082851481241717,0.9225258590512226,-0.1512458180904864,2.2219253404860324,-0.0051440580581153,0.5405875651731713,0.941677496945287,-0.3225101915392531,0.6112313872383232,-0.3953108516723804,0.2078570568351899,0.7620959411318353,0.7264011272793741,1.701388168089697
TCGA-E9-A1R2,-0.0459676559059619,0.6225036097945397,-0.5669014524681699,0.1178997805046616,0.7131036772518692,-0.1523431800324789,-0.4400946871133024,-1.123421366486282,-1.043745984217535,0.1526883945564429,1.9059409103293488,0.0251023903321046,-0.2248456986569598,0.14895883826389708
TCGA-C8-A12L,-1.5020471590369542,-0.0321227423295685,0.8057299523089811,1.158640839566314,0.5162621151452577,0.3991252105822674,2.1993280361487466,-0.4299838507873328,2.7463516708930658,0.9923339260142098,-2.14117030942704,1.7956935834160257,0.915852936048804,0.4552578115486826
TCGA-E9-A1NI,-0.8938412497539304,-1.0294217566455068,0.0290857364025678,0.1245148445247909,1.058260752652458,-1.107458648822928,-0.5525546704518123,0.2416208769909716,1.0517684975450092,0.4419742076572509,1.0246835739525633,0.6640118705111892,0.5024099800922984,-0.342876871457709
TCGA-A8-A08R,-1.3497744794286706,1.1641148666249628,-0.1799779360734997,1.3817251696135704,-1.4825756057533557,2.19063929664445,0.5838222864451282,0.7040534108198645,0.7644922118701896,2.1367363168101914,-1.4468801723448832,0.446035390952057,2.25729137559904,1.942020295118431
TCGA-EW-A1PG,-1.3523146545130358,-1.2170179624847055,0.974959635159442,0.0508787371428212,1.2528004380846212,0.6309336816771107,1.4343923178554887,0.520798848982705,1.410203069622599,-0.9986247760845576,-1.1244160143574622,0.6310855557960265,-1.619508165284671,-1.0324884969119104
TCGA-A8-A08X,-0.6800591170716684,0.7617932736183234,0.8984184310604835,0.8924715530721619,-0.3947211319871894,0.1657514575555722,0.722800041351137,0.3475451125801654,0.9079651584536164,0.2107048179466977,-0.9837100192664112,1.851123109973856,1.1767632270938535,-0.3183207094456893
TCGA-A2-A0ES,0.689991767813333,-0.3509690879870124,-0.6712622690772575,-0.0330281275335511,1.4625822798745989,0.560936230287215,1.2299476116630994,0.4988252043657961,-0.0474886755151745,-1.4066736205960058,0.2758845917029237,0.7023368179962017,-0.9814630310145172,-0.8910890908964243
TCGA-BH-A6R9,-1.6170336120700135,0.6625035766614121,4.373124748284417,-0.8657428312253458,1.1568059594719478,-0.2361835935071707,0.5637703866096158,0.5774232408801213,0.6003284344755087,0.0406086276049761,-0.195471190001386,0.6323683992264871,-1.2657854620670592,-0.8574728813470994
TCGA-B6-A0I2,-0.7408585719303211,2.265662951205772,-1.307670543674066,-1.9369480009060147,-2.8214590628002365,-1.109708741599961,0.9736604696195876,0.6330616359037019,1.2132478358124774,2.862965428424658,-0.8301054578558668,-0.0003406710386998,0.2617923543559414,0.1113229996056972
TCGA-AN-A0XL,-1.532437507120206,-0.790820994519215,-0.7980973912186766,-0.1058808720710306,-0.3000331239194715,0.0731063332142281,0.4204820505489486,-0.4097004865255718,-0.9672601186238364,-0.2944646568969707,-0.4746507360128024,1.0051947712041605,0.1725174908108837,-0.3183207094456893
TCGA-AN-A049,-1.253363071380572,-0.0374239971993901,0.5207960285981766,0.030163141921892,0.6056620281500643,-1.0959146945755376,-0.0759660415398423,-1.2530095270475323,-0.2721142818672896,0.0177433313276396,0.3605934455126933,-0.6630896583005108,1.1307750949362767,-0.4187071130649698
TCGA-D8-A1JF,-1.6082151231097854,-0.0003024866339399,0.2263498476009707,0.8938641981290341,-1.2942572086305015,-1.4492281756302037,1.391594404962807,-1.9887040516251488,1.1405201849968696,-0.880914003333448,-2.45420859202714,-0.8035610139359689,0.5674043962394731,-0.15553963522753317
TCGA-E2-A15D,-0.5717365685867102,-0.2319039267975594,0.214160492882112,-0.0659293670020863,0.6647020542054287,0.2047856757310707,-0.0389412284078633,-0.7304311839146658,-0.0303082651010383,-1.2333637754292384,1.1062297985205385,-0.1880099745531949,-0.4656884411241587,-0.3183207094456893
TCGA-E2-A1B5,-0.5343603858734102,1.9864430521467475,-0.312005888577379,-1.1850067105126407,0.5603710492582766,0.1135101730800944,-1.373066095774777,-0.983691523794152,-0.7540330537964782,-0.8008570269395464,0.7746498268361621,1.156249585140921,-0.9082357744251466,0.2745917989701312
TCGA-AC-A2BK,-0.0191547304386752,-0.1855541454701018,-0.2434119747216459,0.6910602617224334,0.4677360663326301,2.7309061384343982,1.1782591251389298,0.6264413711793776,-0.5879282204175081,1.4335431380124406,-0.7852085250899243,-0.4683112641088792,0.7776312633122555,0.531533602095544
TCGA-E9-A22H,0.9564334256509238,0.2810775175257557,-1.1510594081813603,-0.7023681579913646,0.9745844248922187,-1.5297423649997148,-0.3565771772417876,0.7115188157217602,0.9571523430767754,0.2025995823259982,0.6766703326784487,-0.049516335873028,1.0934378771495998,-0.4980116837583861
TCGA-E2-A159,0.3335179830831447,1.3048702325603263,0.0609149186835807,2.6764498709217537,0.8329256900892034,0.1096458833108394,1.2316410542595733,-0.24517986529129,1.3138523544875575,0.226431818993171,-0.6686253295098543,0.4234787272997882,1.1279450560342694,1.1204119421409409
TCGA-A2-A3Y0,-0.5917040712919378,1.421333385444704,-1.4311718401459452,0.9906530295814486,0.5119694262118363,1.5944625408512525,0.7389262333493676,1.9510577428293692,2.4352458255813336,1.7031204308145071,-1.339474802799845,0.7102476858173773,-0.0442056019233195,1.330206002265837
TCGA-B6-A0RG,-0.8797520491124683,-0.9286770285814888,-1.0232151228112247,-0.0221480880267571,1.8519105022712952,-0.497585676126045,-0.2650543023687624,1.288045273523062,0.5580794925195948,0.0341528785316483,1.1095784647765623,-0.4179062076536889,-0.2882642976882481,0.34248992866927885
TCGA-BH-A0BC,-1.3866314945198617,0.553109966599003,0.0105332375969514,-0.2460157809185036,0.2718899103555149,-0.3400302666733131,-0.33606342942542,0.1010458941212653,-0.468532627851972,0.3153903348582257,0.5871245164988658,0.3608332064456217,0.031079864776603,0.20392156236118025
TCGA-BH-A209,1.1887719226758346,2.0501777660584186,0.1818871841247035,-0.60296811705732,-0.0059528255383261,0.5089395211135872,1.278441649653009,0.086678511102519,-0.8434868253277682,-1.5837659090524316,-0.6438824066181297,2.3458196078453004,-1.4332401502799978,0.6045900284623825
TCGA-E9-A1NF,0.2684887577823981,-0.3775621834902623,1.5286988217878874,-0.1359097811097702,-0.1698837724886793,-0.8629322620318057,0.0621265047361932,-0.1447490408563202,0.7034108969603198,-0.492147087772289,-0.4016002017610389,1.6045499122773674,-0.3824274102458594,0.05328917235199838
TCGA-E2-A14X,-0.6254886264827345,0.9185171529599268,-0.6663684228226783,0.6918436245669267,-2.073535782254833,0.9027057570944902,0.272729184006668,-0.5219632734465687,-0.1314909706650542,0.29354885781719,0.2183991543078575,0.0618772353386464,1.015965562207222,-0.5252749305992134
TCGA-D8-A1J8,-0.1026221227514588,1.7081243855747803,0.3903192508143124,-1.0856937098946473,1.0524127416417035,0.4371322124899894,1.09289422334399,-1.764460191175684,2.9125391023990264,0.8695040570816085,-0.777084908802159,1.3594733652497513,1.2241342191694558,3.6944849189036675
TCGA-E9-A1RE,0.312661435747277,-0.3234056396300125,-0.3649350175578454,1.267267154002115,0.5599355590766237,-0.6980885085838998,-0.0143093360955256,-1.3063942149309151,0.9184551205814766,0.0277824477280148,-0.2516543682968883,-1.2271666050360457,0.9266585391291836,0.013490169104885524
TCGA-AR-A1AV,-1.1431234939622936,-1.2294839545275402,0.1981741205898835,0.7237874205588695,0.50661911826583,-1.4715334431590597,0.0285655514606346,-1.0565144357617244,0.0232979193161441,-0.5342089947302249,0.7351479674827002,-0.2976396360479899,1.0827930717341057,-0.11170994239412738
TCGA-BH-A2L8,0.0628143637047931,1.3612947131487896,0.387891532969111,-0.0016065734379393,1.420588583786746,-0.8657204204729123,-0.7106221418998826,0.1299215168550223,-0.7059196448242029,0.0354326525770231,0.4368686213443367,-0.5743596543603052,-0.6198290826844821,2.905143269645043
TCGA-A8-A08B,-1.055089814698572,0.3897130994631684,0.0538982098275558,0.3159164995282668,-1.953713769417499,0.0108863764232074,-1.8986875853209928,-1.968420687363388,1.562059726095618,0.1388383954431794,-2.801229635892065,-0.9166115912453284,1.2648481879187496,-0.027245366702401373
TCGA-A8-A09M,-0.1966785763686799,1.1324704252018103,-0.7254908429515639,0.6298709195362443,0.8219140097817216,-0.8276645035048201,-1.3684861032979516,-0.8891766806021971,-1.22620524674073,-0.0471269930611666,0.494726132767849,-1.165322861325912,0.0401166935432301,1.1727174433139769
TCGA-C8-A12P,0.3594367440000021,0.0588859562401938,0.3020883229743075,1.9635896824367705,-0.5837238708240671,-0.4941127068397541,0.50111301054011,-1.827000564316113,1.106696251994045,0.4810784145992149,-2.4230783983137365,0.3206908974341139,0.5332188126845738,1.2728135508991638
TCGA-A2-A0YM,-1.639318557809086,0.1314148240788341,0.0984527528461134,1.7373719010115656,-0.0681657086314418,2.418632393030412,1.2026985807925752,-0.4515349253154561,2.1138152143957263,1.3911399579757409,-0.966532601619776,-0.9665890332236984,0.8764575081515787,0.5165449336137173
TCGA-A7-A4SB,-1.6271681424822202,-0.7129681042904498,-1.4753075077511335,-0.4325431782229389,0.0751105611319985,1.6628947103093006,-0.45395012653899,-0.6073224313814801,-0.4511457221203543,0.0203313188416177,-1.7444153704263587,-0.1960277459935734,-0.0087657965823062,-1.4004706980626263
TCGA-E2-A14V,-0.2393601733817137,-0.7069666752068556,0.6863610805295259,-0.8194373830844439,0.663146732128099,0.3833745611430315,0.1630018012215553,-1.584445333352556,0.8373024608127883,1.0256364906171436,0.2008496626327718,0.0913826342392473,1.4371589656112624,0.9532873754454948
TCGA-B6-A0RI,-0.8613037849373862,-1.219134460957085,1.011618987449073,-0.1454842158757461,0.5638549707114873,-0.656363962088035,0.0708631290407238,-0.6516922907040811,0.18593363136149,0.3689133293780582,0.586070306751595,-0.0308616543217455,0.9107074107724326,-0.6985374519430598
TCGA-A8-A081,1.5649455269677195,1.307537808027222,-1.2473427960156005,1.0839602483916917,-0.1329293199313737,0.8305560430482994,0.4072808957628046,0.1042855981352965,0.1877507901552915,0.3935703093189161,-0.7289013221182733,-1.2202713215973204,1.8900295089979744,0.9178353434598026
TCGA-A2-A0EM,-1.6700883090588734,-0.9375997780966924,0.6273667388234268,-0.7025422386234729,-0.2719751136444779,-0.7363890008538428,-0.2076312034156275,0.9030839226383918,-1.0316453586133458,-0.8875119495229271,0.7373804116533859,-1.0449493861010102,-0.1574393175364832,-0.3930595269996123
TCGA-AO-A03U,0.3972851136574464,-0.6154754332912389,0.3356320005208846,0.2143404506928596,0.3767186183674085,0.2673969530050529,1.0741124054558338,2.032191199876413,1.281556486834065,-1.1782481732084986,-1.0207933974349666,-0.0325186604194221,-0.910390463134626,-1.1864726409114927
TCGA-GM-A4E0,-1.5688326842514373,0.5448882153723287,0.0727625444046173,-1.9001299472150317,0.5674633179308916,1.5839947179320086,-0.5690657357674267,0.0404775147285083,-0.6520656660260479,-1.987122248730848,0.2175929939128887,2.6746016887104824,-2.582300263559867,-0.6684292079208344
TCGA-A7-A5ZW,1.0591485041416653,-0.0174970229964307,0.4270549759916144,-1.1630725508669506,0.0300062208894931,0.5301686573142976,-0.8269693457439349,1.0274603854379396,-0.0052810326227546,-1.0987315458559763,1.174753432092867,0.0499574817972846,-1.2090882054280336,-0.4187071130649698
TCGA-EW-A2FV,1.7056792160317076,0.541442201793408,-0.8968535532664036,0.7555571359186979,1.7706604769516885,-0.563669922686319,0.2789256444164907,-0.1750332305527012,0.3239551015635065,0.6603320992211591,1.1796524068007526,1.0611053640484092,0.4594448440345877,6.633224497185513
TCGA-WT-AB44,0.6868291408536026,-0.686843330910081,0.3431355895802047,-2.03425907425476,0.8963206179610844,-0.5532999298878164,-1.2127278717541634,0.6015097359409625,-0.6443840402158849,-1.5134067759801353,-1.95724171469806,0.2853057994772385,-3.53287173930368,-0.4187071130649698
TCGA-AR-A2LJ,-1.0521155329044851,0.5030513223547322,-0.6295092868707858,-1.5253343462850784,0.4401135462392928,0.4520513059029305,-1.4704775324037196,1.496794897383683,-1.6413021339341722,1.0693763235456766,1.0385743376812553,-0.5817360040854547,-0.9869301516206624,-1.4004706980626263
TCGA-A7-A0DA,-0.6568830709509277,-1.013228493817481,0.9936542787860424,-0.457697829562641,0.4210141911297064,1.9568253080744225,1.1176030903198022,3.2668001426148416,1.2402161242750505,1.147015948964989,-2.319641818405461,0.5441194615727061,0.0989364793587611,1.3582041391271502
TCGA-E2-A1L7,-0.8949437256400741,1.2080880340175306,1.0160419909580325,0.1839633803898974,0.6816239584067502,1.0573751779853735,-0.0427899615816644,-1.2030053998744403,-0.1494560632856049,0.1117925039509591,0.5595910383937838,-0.6394105066465887,0.5665360888490862,0.2396172681308292
TCGA-E2-A576,1.4919247506892146,-0.0162858282783871,-1.2244931087755753,-1.5028779447430602,-0.924339405758854,1.2108217223670004,-1.924397122921992,0.1520360181681931,-1.5468924747834198,1.3346023845934736,1.40413707063046,-1.234168792093979,-0.8746290624638401,-0.06896257556988122
TCGA-AR-A1AO,-0.3562675050904242,0.8167412269338595,0.6773819102113146,0.5739910366293633,0.4042789255776606,0.5674908483768336,0.5858236276955042,0.2692287894583665,0.039611049396872,-0.1448732907044532,0.1690373332005524,0.4923781098774537,0.2607632493006671,0.688373171200905
TCGA-A7-A4SA,1.672545286513688,1.111303409430063,-0.8446716448781225,-0.0144014998979242,-0.4589248273392778,-0.8362735541299926,-0.2799488997513784,0.2395080265470381,0.745494642662252,0.2155679593191138,-0.3261931986624409,-0.7602650481579152,-1.0219518830329704,-1.4004706980626263
TCGA-BH-A42T,-0.6123973118523517,0.1180987995520232,-0.6135042611537408,-1.2831011467058704,-0.2735926486048962,0.0239466975420771,-2.0586794233559638,-0.3046213911139518,-1.4663593009671585,0.789674596073548,1.4921325783581818,-1.0308915601755444,0.9902700953583377,-1.4004706980626263
TCGA-AC-A3OD,-0.5825100533653635,0.8899549110117339,-0.7631906543107477,0.4782466889695984,-1.2550630922818458,0.2678371885483863,0.9536085697840752,-0.9889032215558548,0.070089758256566,0.1915366466893268,0.1122960438623786,0.4713180968940571,0.0122022189189119,-0.4447403915448138
TCGA-AO-A12B,-1.6601416354687768,-0.2923063611349222,-1.567516170816372,-1.1804806140778137,0.4368162634353545,-2.234852960237568,-2.266511014741301,0.0548448977472546,-0.0086262567658939,0.5747863141437675,0.4409614356572533,0.7160204812544545,-0.5601409894785642,-0.7291786128219677
TCGA-A8-A06Y,1.047656075774392,-1.619702782468564,-0.8725925268460835,-0.5267208001937234,1.9525709471159511,-0.3423292745107187,-0.2690954722012559,-0.1620744144965739,0.0337878814440044,-0.8414400838894903,0.0054487853600118,0.32432562048709,-1.1831676218483074,-0.4447403915448138
TCGA-S3-AA15,0.7086814398865456,0.8273361286446798,0.5454089905703978,0.5738169559972551,-0.4771532020855615,0.4076364310866986,0.0336843665817917,1.939366637039603,0.0239587043320708,1.2030984915755665,0.0809798131347541,0.7633253327526945,0.1929709537844635,-0.29410800153563177
TCGA-BH-A0DO,0.0495038856977288,-1.2021673242150552,-1.1476494731405686,-0.1232889352818967,0.1092032210670221,0.9803339579021538,1.2917582664343692,0.4355805477440579,-1.1130458127630096,-1.43607998421636,-0.1654572183733252,-0.4583692275228084,-1.4655283213892325,-0.6684292079208344
TCGA-C8-A12K,0.3526239904818585,1.9919038489627807,0.6811177579285393,-0.4758022153019433,0.0568199735026196,-0.1997907885916682,0.3559003078925393,0.7965962602641479,0.3790067532030331,1.2638166601727174,1.3053514160777733,-0.5371037430673389,1.594097486540617,1.0990390732022555
TCGA-A2-A04Y,0.4604795194353246,0.7793682508851125,-1.7646613403028784,0.0397375766878679,1.7470817942593984,-1.466054956397586,-0.8842384953701156,-1.379076270202228,0.4299697975565028,0.4587250279400295,1.6651470015860514,0.1274091539113573,-0.200822527522897,0.013490169104885524
TCGA-GM-A2DC,-0.0274342054362374,-0.0560642637761319,-1.753044873754006,-0.8296211000627987,-1.1751195375071946,-0.5942907504781249,-1.9553794249711032,-0.6363389108114965,-1.536278615465069,-1.5776514330578708,0.9085344647390204,0.1147410750355579,-1.923029837524678,-0.8574728813470994
TCGA-D8-A27T,-1.5758136672848075,0.4264477029504904,0.922303933898064,-0.317649961031216,-0.2738415001372703,-0.4404039705531664,0.4148244127834578,-0.0544598985522323,-0.7927715753552769,-0.0258827439079718,-0.2086798180112577,-0.1609633588943124,0.0276066352150507,-0.6684292079208344
TCGA-A2-A04X,-1.4111341915230482,1.481656510021971,0.3325506744180428,-0.7138574797105406,1.0709521808034534,-0.7736133617956402,-1.9931354974061053,-1.0203142648223311,0.5357366991685207,0.5861336440127444,0.0727321721708488,0.9917783669939236,0.2463557785268242,-0.4980116837583861
TCGA-BH-A18Q,0.0187269672167078,0.8385723656258853,-0.4087054108116456,-0.1299039993020229,0.3206648107005165,0.662043660072621,1.554164894224225,-0.4333644114976285,-1.234382461312838,-1.6955612817715917,0.0691354565625271,0.1478277451795221,-1.4124650919766444,0.48617256869766
TCGA-AR-A2LO,-1.2437927108212372,0.7042043953409715,-0.194007744154637,0.4848617529897246,0.0233494423985279,0.8367682557153285,0.8911436303732618,-0.2477152858240117,-1.0897944400150334,-0.2240202055549799,0.2002915515901004,-0.1004024586146427,0.7646388119894163,-0.8244970196487085
TCGA-A2-A1FW,1.214438990739629,-0.2903066629542711,0.6123972759440982,1.316706053520978,1.6474789684273303,0.5653385857205421,1.164788559030623,-1.209484807902503,-0.9454542130982044,0.4437658913207783,-0.1379237402682433,-2.5265266446640324,1.0134571186349894,0.25719285457475255
TCGA-BH-A1EV,-1.5674258786601358,-1.4039553334416868,0.5843890353069178,0.6472789827471073,0.6697412977359691,0.4290123124685197,0.0947252747183,-0.3171576370812884,2.3520282126378658,-0.311044840640362,-1.1817154147383075,0.5366362082283508,2.0341363762693727,0.6188385072107376
TCGA-BH-A1EW,-0.220997945009653,0.4165250225992696,-0.6051397605566949,0.8830711989382973,2.4298059733232167,-0.0960419455462644,0.4001222520595321,-1.2120202284352246,0.5515955395508004,0.4236307796735696,1.137359992233942,0.8880284045554059,1.1214809899058271,-0.8574728813470994
TCGA-E2-A573,-0.1711884355012702,1.2512878950359734,-0.6393043473880293,-0.181954108302516,1.0858210598627105,0.6358251877141413,-0.0756196555542029,2.9218420934686447,1.2974566262798355,0.6574028386284156,-1.0660003918912786,0.3146508429490294,0.7814582477365565,-0.027245366702401373
TCGA-EW-A6S9,0.9872931308169972,-0.654278815115552,2.245055995183121,1.0675966689734753,-0.8684722367412409,-0.5376471105693209,0.0953410720261084,0.7003911367170451,0.5997915466500696,0.2890269895235363,0.594814046420104,0.3396662898430165,0.1352124325571829,-0.5529744078556693
TCGA-AC-A3HN,0.7027060455514926,0.2587710587585015,1.6513524922521263,0.0238091988499282,-0.137097583098608,-0.4388876036816871,0.3856125279942968,-0.5049196131988387,-0.444620470088066,-0.3190363185681357,0.2472969038505754,0.7754588935324708,-0.145894045197626,-0.9253710110462472
TCGA-E9-A3Q9,1.4264502012140996,-0.0834765008835059,-1.4343863443876002,-1.433942014428026,-0.4645239868176582,-0.6030465462844097,-0.1117977473879439,-1.0373579250700609,-1.0745137865216925,-2.356550356495257,0.5635598280305516,-0.6007113964943545,-2.0111469578825525,-1.4004706980626263
TCGA-BH-A0HY,0.1132069561137261,-0.7381908369637235,0.2501486466935961,1.177963789730374,-0.4699987205298548,-0.1125752359514259,-1.0536212423491649,0.0203350071630091,-0.709430065221321,-0.2335758517604339,-0.6845625003950023,0.5686003903706672,1.0977472545685607,0.09219373982862697
TCGA-A2-A0EQ,1.0292471748134384,2.317500320095361,0.2961721034528929,-0.6019236332646705,-0.0774976410954069,1.1523682252244942,1.8563674230312013,0.5710846895483208,-0.1330603350778861,0.7987467720840838,1.4723506425124102,-0.2944859792814412,0.9623556207340194,1.8399565343977955
TCGA-A8-A07O,0.7172227030672699,0.6659147872105354,0.1555502709572375,0.1606365756873412,-2.1488133707974986,0.6623860654952141,0.779107007683869,0.852657225376514,1.435601993672346,1.7057937365981737,-0.621744001925528,-0.1800991067320194,1.665041416288598,-0.2005078880462478
TCGA-A2-A0EN,0.1958161675034261,0.9964415783096624,0.977374898195876,-0.4484715560608786,0.0256513190729699,0.2901913711376128,0.2922807485295838,-0.3481461102589789,0.5624571932501181,-0.8666374128717292,-0.79314610436346,1.1831358453709937,-0.7101008917518381,-0.3677863716473534
TCGA-BH-A1FH,0.1888400508052802,-0.9794741853901552,1.29777104516813,-0.8299692613270213,1.2113666579446052,0.6573967293374431,0.6541386415305009,0.3637436326503214,-0.8606672357419044,-1.4770043142450722,-0.4623102807359805,0.9636627151429892,-1.830249584885092,-0.5811243028056409
TCGA-AC-A6IX,1.0960252776703638,-0.2653151042534434,0.0934551868378585,-0.0278927488863451,0.4556667670125701,0.7884890911298434,0.1153929718616208,-0.6953578665453701,-0.9536727267338092,-0.5447600207487435,0.581109319705633,-0.4807655357462699,-0.2707051926826276,0.6469884021607089
TCGA-AC-A7VC,-0.7405356971864351,-1.2900169539390214,4.751913318498991,0.0413043023768484,0.11785081181697,0.3441446827260515,1.0212692989795242,1.1685987950926937,-0.008130668003946,1.3403471480860376,-0.7509157021347217,2.5885442752504035,0.2512440275393778,-0.8244970196487085
TCGA-E2-A15S,0.575984646521511,-1.504379265432676,-1.5728708056799334,-0.729524736600321,0.1742778967824166,2.4492043057618487,0.1201269136653971,-0.6819764804004596,0.0916891684647195,0.6930658753594835,0.1583091987136639,-0.1298544057056393,0.8952065158773608,0.1113229996056972
TCGA-5T-A9QA,0.6534583059022498,-0.7334241983339195,-2.5220134386405624,-1.736668233664996,-0.0753201901871519,-1.0853001264751825,-1.7724876245520058,0.2927518577341588,-0.9911722763877396,-0.2365619911996387,1.564749026243427,-0.7741090668449723,0.4786119256890753,0.14895883826389708
TCGA-AN-A0XS,0.4916987310610632,0.6209237752320048,0.3812533074002762,-0.1279891123488289,0.385117357584979,-1.734402977589044,-0.3185901808163547,0.097947046803496,-0.9881574447525664,-0.515012384049624,1.0969899601474389,0.0179398478453695,-0.8319855217359042,-0.5252749305992134
TCGA-OL-A5RW,0.0962578317006154,-0.4242932933231815,-0.1875468795196321,0.949134798823533,-0.5895718818348182,1.8546906620212409,0.583937748440342,-0.4397029628294265,0.8597278522908531,2.0703587029901658,-1.982418723956308,-0.7186795402871452,-1.9393668802771584,1.3017476014974847
TCGA-BH-A0DD,-0.5668668152585347,0.1935711552127673,-0.0032439842954187,-0.5017402294861326,-1.1354899309768791,-1.3614745573258882,-0.6190607796951201,-0.6346486304563512,-1.4362935827424217,1.3505284616025657,0.6141618958993483,-2.0896115529729222,1.9683701313307391,-0.6684292079208344
TCGA-LQ-A4E4,-0.3265839194385189,-1.3673964351340395,-0.8865172131897481,-0.656933113011004,-0.9602362393035848,1.0642232864372168,0.2338184916195226,0.0323078263453006,-2.03632767626879,-0.905229710195539,0.0872430592802799,-1.9853805242479827,0.5360488515865811,-1.4004706980626263
TCGA-A2-A4S2,0.7957681743834877,0.6121563481327444,-0.0433097839286032,0.6565052562488636,-0.5388683821139292,1.1108882540304803,-0.4734247163984303,-1.0842632049253838,-0.6859721971558662,-0.2924738972708321,1.274469271716667,-0.0500508539690568,-0.985032739175,-0.47117113998284077
TCGA-AO-A0JM,0.5937307157080273,0.0686709524754038,2.58539091541714,0.8084776480797353,-0.4617866199615631,-0.6061771101481084,-0.8820832047927875,-0.9946783461026052,-0.4455703485484593,0.4681953558757891,-0.2904740919315258,-0.2054887162932225,0.7133443568905804,-0.3183207094456893
TCGA-E2-A1IN,-1.2750906281891503,-1.2228475341703615,0.9195707975703415,-0.227040992018657,0.6163626440420802,0.5517401989375977,-0.6386508315497762,-0.7324031776623373,-0.3709842398755589,-0.1005362298880763,0.3378969297774247,-0.1682862568098605,-0.279742021449257,1.4483901755086666
TCGA-AC-A5EH,0.0658646078176591,-0.0975851158007888,0.917916180316828,0.4678888913591292,-0.1515931848593038,-0.3097518443040994,-0.8848542926779239,1.017036989914534,0.9170096533591324,0.1997840794261745,-0.9601453307981016,0.2363973936909205,-0.0176418276840458,1.1204119421409409
TCGA-B6-A1KC,-0.780721353179677,-0.9740871268507132,-0.6578229151170201,-1.023111722651583,1.0308248712083932,0.3192958320579404,-0.3113545624496078,0.6523590032916272,-1.0936765519836118,-0.6311589885230532,0.0318660413797508,-0.3587885062332871,-0.0014012635304962,-0.4980116837583861
TCGA-LL-A9Q3,1.478130314190849,0.4386999417084437,-0.4275953650678886,-0.0368579014399452,-0.9589297687586292,-0.0004619175827014,-2.486543090287592,-0.0345991043792594,-0.7853790429895775,-0.5658336333625587,1.80473677459176,-0.8178326470998434,-1.7088473478956832,-0.006757785635353757
TCGA-D8-A1XG,1.1674135581327183,-2.055772277301484,0.9654346275790684,0.0977934674961114,-0.0338864100471327,-0.6403687373469464,0.6987454590148724,-0.9160803095882823,-0.0379898909112072,-0.1841196947625654,-0.3953989679535897,-0.1127498266328276,0.3468221595479929,-0.7603718963001215
TCGA-A8-A06P,-0.1228106424770987,-1.0363086802867616,0.1715790593745625,0.7452863786242858,1.3429469056865402,-0.6781311639528176,0.06451271930395,0.0966793365371364,0.1030051118624912,-0.2917629116900698,0.3569347175663038,0.1310973287739292,-0.7037976232882809,-0.3677863716473534
TCGA-EW-A1P7,-0.8075553450764537,1.363674478992826,1.7816953839176457,-0.0075253149296325,0.3448656222237317,-0.1849206102390974,0.768753915446341,-0.0829129511972036,-0.0926698509792676,0.4854580857767143,-0.0248132356203507,-0.1812750465432772,-0.7957095685374801,-0.6684292079208344
TCGA-GM-A2DN,-0.7694215413124419,1.474026542702708,0.1784626639055998,-0.8004625941846004,0.702838551541503,0.6311293419185932,-0.245849123831488,0.3855764205709684,0.140752455897394,-0.083671651912381,0.8730634073604028,0.5551839861604303,0.4000783461584446,-0.5811243028056409
TCGA-D8-A3Z5,0.672419791171071,-0.7120255551196073,-1.908480943489564,0.4483918605629609,0.1145535290130317,1.1390144137434026,0.0729799322863137,0.7423664322031913,-1.0807086460460205,-1.0605374004573922,0.5954961821389197,-0.624176740909868,-1.3783438274877018,-1.4004706980626263
TCGA-C8-A27A,-0.7042695288741647,-0.3606861329977463,1.2143636786428635,1.2848492978450925,-0.7380118208949827,0.0869003802386514,-0.0624954754315353,-1.6228992114321446,0.9841619306028424,0.0292897371592307,0.7892847386217464,0.794220478702959,1.934088069176912,-0.5529744078556693
TCGA-E2-A1IK,-1.1857227127383612,0.5938858692998786,-1.364795147364331,-0.5872138198514856,0.6095814397849312,-0.4352189741539146,-1.0826406904796364,0.4276925727533741,-0.5633552776376785,0.1739610831328692,0.736574251258417,-0.7884876036280554,-1.1720725829711294,-0.8244970196487085
TCGA-OL-A66K,-1.6325344991907569,-0.8430692233406897,0.2199482012792251,-1.6114172188628102,0.2263500799313565,1.008460117615076,-1.086566398316916,0.3636027759540595,-0.4310330781980389,-1.501519097069779,1.2200844512253322,0.3596038148247625,-0.8331111053901115,-0.4447403915448138
TCGA-BH-A0HI,-1.1199848105005956,-0.5947920136756393,0.0490337973145922,-0.2535012480991773,0.1126249296371475,-0.7282691008323732,-0.9281910282149404,2.265168175494138,0.4132023777773208,-0.9569041422053902,0.4296751901276978,0.9678319562919884,-0.4604142777158757,-0.3677863716473534
TCGA-AR-A251,-1.2203254982066911,0.0986209113748303,0.4599511367331442,1.1326157850660643,0.6844857510290355,1.163716519230403,1.93103284660297,-0.5063281801614627,0.1362095589128888,0.7596141257188914,-1.5341935443537893,0.0764161275505396,1.1711674683557982,1.4218242261337701
TCGA-AO-A0JD,1.1269940868573258,0.5016185105974009,-1.4740656315765504,3.483574721693578,-0.6483630563578086,-0.4606058904860995,0.3077141685565336,-0.3034945375438541,2.4587449927102853,0.938043067067152,0.0915219106074218,-0.6269027831995965,1.3980529735108356,0.8446759901096549
TCGA-BH-A1EU,0.3448557415072428,0.501886366654163,0.2452651353640036,-0.097263880781647,-0.2531246100672656,0.7564008115269277,1.8665665659417785,-0.801986385615876,-0.9836971458950492,-2.091011461791924,-0.598799436837962,0.5348722985114656,-1.9815601875434128,-0.4980116837583861
TCGA-E9-A1ND,1.2460215059021704,1.6810275273514612,0.4868778180046452,-1.131215795191065,-0.3922326166634618,0.1513215147463348,-0.5681420398057131,0.7013771335908834,-1.6379156107275388,-0.7455707881794195,-0.1663874034444384,0.6066046269980682,-1.4895836520562735,0.6188385072107376
TCGA-EW-A1IX,-0.7936545139110447,-1.0193144330707675,0.6505354004601617,0.8130907848306134,-0.23427410649005,-0.6602282518572883,0.220540362169906,-0.4211098789228132,-0.7526701847011279,-1.1595350327228175,0.4577047669373701,-0.6837755086166915,-0.9681489843619042,-0.3677863716473534
TCGA-E2-A1B1,1.4895067508072388,0.6051734973948009,2.4323776750374777,-0.2347875801474931,0.032494736213214,1.0097808242450743,1.1224524941187946,-1.145113297710667,0.2186424896499397,-0.2278026488446368,-0.0411224805339448,0.3769756529455815,0.4376728402089371,0.1113229996056972
TCGA-LL-A440,0.0456573330142901,-0.7468255605125556,0.6498929735215871,-0.0590531820338008,0.816688127601899,0.7905924387257649,0.6729974340821319,0.1758407998365092,-0.737843820906238,-0.4864876425494163,0.5136398958805751,1.3046318085975517,-0.7114194326039066,-1.2689253855862597
TCGA-AN-A0FV,-0.8682167893241614,-1.896725139112144,0.4042325851764352,1.332547391042867,0.1641994097213359,-0.0556870207407683,0.170891704227852,0.0614651624715814,1.6048042568134768,-0.4609490404884119,-1.1869244511365669,2.0178927559337585,0.4835644937675834,0.5463936108920333
TCGA-AR-A255,1.4915825077367957,0.3272998950758807,0.4661664077834928,0.0212850296843492,0.5502925621971927,-0.477139180891261,0.6343946403488947,-1.254558950706416,-0.8742959266954256,-0.1821858139828897,-0.0114185705962537,-0.4472512511254798,0.4636255833216395,0.34248992866927885
TCGA-A7-A4SE,0.7916818757303409,-0.487365570715718,1.3248257219210586,-0.660762886917398,0.3708706073566541,2.37725025195714,1.288602305231849,0.7092651085815648,3.193248836978055,2.6256668809892294,-2.0524926659804974,1.8969313108032235,0.5094850773473097,1.6157842831135056
TCGA-E2-A15G,1.6854320985955678,-0.9966883314060756,-1.119769565696817,0.0402598185841927,-0.7120068357620637,-0.962718985187215,-1.1674282822985071,0.5489701882351525,-0.723141354301833,-1.4414265957836987,0.4363725226397418,-0.1997693726657524,-0.5530015731575983,0.0728507408827852
TCGA-AR-A1AW,-0.4724590131073685,2.344001471620495,0.4131841904497463,0.162551462640529,-0.02038621441593,1.5699071805453626,0.207916517359833,-1.262869495785888,-0.3490544371594391,-0.70683629373946,0.673941789803168,-0.2543971220795405,0.7990173527421791,-0.4187071130649698
TCGA-A7-A13E,-1.2362964071273164,-0.2486270654345095,0.975174812850578,0.1263426911619277,-1.354790343880104,2.314296569260565,1.8693761411586531,0.4514973544216877,0.5288810546282632,1.2087294973752076,0.2594513221131808,-0.816442900050177,0.6089223533132018,0.7420574851020528
TCGA-AR-A2LH,0.4639104014421572,0.7732688194197904,-0.6550573885291161,0.8351990251084148,0.0919080395671396,0.1853174817036921,-0.1946224852881758,0.2385220296731998,0.1842816688216673,-0.173881502399579,0.0251066965296258,1.2374963357367714,0.0878414404815831,0.2396172681308292
TCGA-BH-A0W4,-0.8762338452333008,-1.198515051751647,0.4565279036852784,0.4707612217889247,1.0939709475479034,-0.8231154028903817,0.5175855885239862,-0.2823660331045166,-0.103655401869076,-0.0764764778350609,0.8986745029851729,0.613874073104012,-0.2048424691450637,-0.3183207094456893
TCGA-AR-A1AX,-1.401257885143837,1.3852866002446946,0.6014064339196032,0.2291373044220988,-0.5305940686625457,0.1321468110811773,0.4372240398549876,-0.7394460124754498,-0.3264638494273925,-0.3140878589260252,0.3450903609940725,-0.2937376539470065,0.9254364768760456,-0.4980116837583861
TCGA-OL-A5RZ,0.4436340785335954,-1.2813845721237225,-1.7474062906775725,-0.1498362316784649,-0.8320154872486767,1.6196537969419569,0.3651757548414057,0.7239142049928374,0.1298495031345794,-0.2302768786656936,0.8459640156218436,-0.8337078345517986,-0.2557510098481704,0.7552224184715647
TCGA-BH-A0E1,0.3274447392541898,-1.8193376676330584,-0.8911255101727371,-0.3421082898424851,0.3071024021862152,-1.3218533584259458,0.0195980031656744,0.4082543486691868,-0.3802765291620477,0.8403536482703284,1.0608367670500012,0.0851822243253555,1.1178791222123703,-0.06896257556988122
TCGA-BH-A0HP,0.5910976360456399,0.0978160982549809,-0.2580244158882266,0.604019945668103,0.0198655209453139,0.0495292741157436,0.8087037657904106,0.4626250334264053,-0.7369352415093359,-0.5309384610587115,0.5417934973664006,0.7701671643818181,-0.3735513791441175,2.013219055741642
TCGA-D8-A27W,0.2749134496116882,-0.0713060869569613,-0.3831159047194742,0.8016885034274946,0.7514890261203209,0.850611217800122,-0.2216405921682703,-1.4037261920481154,0.3116479806418417,0.5369334418239483,1.0211488706823182,-0.2405531033924834,1.346051008686498,-0.09020431931287741
TCGA-OL-A97C,-1.5053681489444632,0.6494931227214651,1.1019351229779837,0.2384506182399123,-0.0946061839460106,-1.2245123882890523,1.380394591427041,-0.384768851287158,2.448420226836404,-0.1626479302235234,0.1255046718722504,1.284480476377394,-0.6787453470989437,0.2396172681308292
TCGA-B6-A0RN,1.2285953177622682,-0.9377952413222423,1.219335857450681,-0.993605055509162,-0.211441978394879,0.659108756450403,-0.9622908041348308,0.7611003728060666,-1.2594922919181155,-1.2309179850314131,0.3465786571078571,-1.5271381605254657,-1.7103588459456187,-0.5252749305992134
TCGA-OL-A66P,0.699618211340837,1.8011656613898477,-1.1662427372642816,-1.038691939225306,1.2261111112376784,-0.5471855473415286,-1.0648980305484084,1.5824357687111208,-0.6389325638344717,0.7566279862796896,0.4960904042054893,0.760866549510979,-1.3141533996649584,0.7287916700335374
TCGA-AO-A12E,1.678645430407068,-1.0482360558924737,-1.16600699268479,-1.0883049193762773,0.9040972283477264,-0.3907062692169424,1.187611546751271,-0.5809822291804423,0.2805910848932177,0.8358317799766762,-0.7920298822781171,-0.4057726468739156,0.8899966715350347,-0.4980116837583861
TCGA-E2-A1LE,-1.1669555913380671,1.1894632082229804,-0.5294288672286375,-0.0547882065471391,0.448076795275207,0.9955465416773176,-1.3518595759871253,-0.579291948825297,-0.2173517236722353,0.0939325461621915,0.054004446072348,1.867479363712227,0.3261435798435712,-1.4004706980626263
TCGA-E2-A1LG,-1.401059699179381,0.3977443812658161,-0.0790331187225287,-0.6432677833904716,0.4228805776224988,-0.0090709682078738,2.260099532963088,0.6391184738429786,1.6084798734645769,2.654419137875281,-1.4855758713033764,-1.786593244336159,1.2278968845278022,1.3017476014974847
TCGA-AO-A0JG,-0.0879137054588666,1.197222617186133,-0.8050389849405098,0.0093605063849087,-0.7857913151104946,-0.520967074983048,0.5822827931756074,-1.9601101422839184,-0.3774268937808593,-1.1522545403758049,0.7095988841960109,1.3926134872033198,-1.2470686138742555,-0.7921375654324438
TCGA-AN-A0XN,-0.8334047276000719,-0.3373653967783044,2.129629531037568,-0.4926009963004242,0.586251608625012,-0.0120058718300927,0.5096571981859523,0.1775310801916545,2.18947509871951,-0.0233800746636867,0.402203724360688,1.900298774808184,-0.3884734024455964,1.320771753330304
TCGA-E9-A1RH,-0.6891895662909794,-0.7342827730028102,-0.306458976675354,0.638574951141679,-0.9224108063829698,-1.8471032766822115,2.463543568530292,-0.9756626921072062,2.207853181975015,-0.3742656784817997,-2.124799052175369,0.9115472007805208,1.4249705026128578,0.6188385072107376
TCGA-EW-A6SB,1.167268244177398,1.9767116118749848,-1.1655727039372727,-2.4655438403039733,0.0951431094879827,0.5635776435472102,-0.1844233423775989,2.453352721700474,-0.0243199008941862,1.5083103816854664,0.8459020032837714,-0.7998193872637926,0.7317074502206354,0.3257634179181138
TCGA-E2-A107,0.6084304689066343,-0.5201589345177929,-1.5858091594516517,-0.8955976596319865,0.4839736288199345,-0.8001253245163419,-0.6930719186273439,0.4920640829452099,-0.1780350152245036,0.8024723365272824,0.3238821413725928,-1.7353864107369326,0.9693663989230762,-0.5252749305992134
TCGA-E2-A1LI,0.9710586606479168,0.645110778404533,-1.3598006597381362,0.4567477309041759,0.003005829627081,1.6066423908834562,0.7624419930413024,1.035348360428623,-0.0557484882142763,0.8894400927661985,-0.8611116268931172,-0.2780762737334627,1.5483987901798366,-0.4980116837583861
TCGA-A2-A0CS,-1.558757929709666,-1.044996271420511,-0.1058780821688428,-0.4597867971479432,0.459337327115063,-1.659905340645079,-1.3398130411531255,1.330724852490518,-0.4900907389966316,-0.7676397806063008,0.5794969989156996,-0.346013523738282,-0.7937799965588405,-0.3677863716473534
TCGA-E2-A15L,1.0625645787483182,-1.6867948795613208,1.9057945859213388,0.0565363576863551,0.1966123218128494,-0.5295761256082204,0.2805805996812253,0.7623680830724261,-0.3453375214448425,2.5570655030851785e-05,0.13542664596417,0.3046553545533571,1.0398600952093735,-0.22343776492668083
TCGA-B6-A408,1.5087540165895854,0.5979915633254227,0.1087013026212428,0.6142036626464609,1.5712681866382674,-0.6637990512643205,-1.6162290576956222,0.0889322182427144,-1.146002465432432,0.558263009246836,2.1700514581886625,-1.1731268255278848,-1.0594177389515562,-1.4004706980626263
TCGA-B6-A0IB,0.9766741337146426,-1.2793633081111742,-1.358834886106034,0.925459832856754,0.5156399863143291,-0.8141639468426171,-0.9548242617776552,0.2510582756405389,-1.9212271863067836,0.2455715508273059,0.5365844609681412,-0.8805850715732213,-0.1642249789947004,0.30887371911995387
TCGA-E9-A1RF,-0.4114847724279462,1.2689231460291517,0.4956854082960446,-0.6597184031247423,-0.5266746570276788,-0.5612241696678038,1.8254620956455667,-2.0284256399710974,-1.2154261911683972,-2.8461634668318267,-0.9234340266579922,2.1718874193986566,-2.4342056141992803,1.1519844961639927
TCGA-OL-A5RX,-0.181336700622192,-0.2639134240372305,-0.3147131528665017,-0.2179887991490121,-0.4982433694541273,-0.1423155926565667,0.090607130222332,1.2355057258172508,0.1739156038842947,-1.436364378448667,1.2816006905952382,-0.4200977318473944,-1.0811575832442295,-0.6097395062909394
TCGA-A7-A3IZ,0.802397541078538,-1.0836646707075708,0.5734417609013234,0.7807988275744511,0.0889840340617623,-0.6259387945377091,-1.1767422165791088,-0.0788281070055985,-1.0863666177449065,0.6762012973837912,0.999010465989721,-0.4141645809815156,0.3428665369917807,-1.4004706980626263
TCGA-A8-A09T,1.072937329556167,-0.8619137559078853,0.6710101414879035,0.6847063186504695,1.0305138067929271,-1.3847581260621509,-0.9569795523549854,-0.3820925740581744,-0.992493846419593,-0.5193636158038935,1.0169320316932573,-1.188200235835798,0.4383481904014628,-0.6097395062909394
TCGA-C8-A26W,1.1790286330008404,0.8250347034597815,-0.4720178030881027,0.5568440943666597,-1.0936206606552168,-0.0063806398875076,0.0521582858160419,-0.7195852183024745,0.0626146277638757,1.455640569862552,0.265962617611004,-0.3611938376654012,0.944957313393284,-0.027245366702401373
TCGA-D8-A1XM,-0.452133465055647,0.3169046445639837,0.3476043245702405,0.215820136065786,-0.1688261534760978,-0.7598193147712151,0.1938301539437157,-0.6632425397975844,-0.3917576688138011,-0.2213184603480821,0.4867265411562367,-0.5276427727676898,0.5586570032696402,-0.06896257556988122
TCGA-BH-A1FJ,-0.9688137479299636,-1.593497535052436,-0.5871011991725453,-1.3733619544542128,0.6087726723047204,-0.6284334626165936,-1.15549720945972,-0.2389821706557539,-1.30653192523951,-0.3297579811260401,0.9241615739337944,-1.1164144555395998,1.5183939459119913,-0.5252749305992134
TCGA-D8-A1XT,-0.5739966573448018,0.1252826984486622,1.3031228894688431,-0.1964028007675354,0.5377877726954797,-1.2616878341704798,1.447516497978156,-0.3316658767962991,1.238935853306691,0.0504771074659671,-1.7407566424799648,2.0357991121506034,1.0071860097044103,-0.29410800153563177
TCGA-BH-A0AU,-0.6037433089028236,0.4876338237008445,0.3961948549608617,0.0096216273330711,-0.1103460433685701,0.5681267441616478,1.3014955613640888,0.2423251604722811,-1.5906281830251718,-1.5979856206676877,-0.0569976390810162,-0.7915878085850027,-1.5182699554720482,-0.7603718963001215
TCGA-E2-A1B6,1.3870230138654192,2.4438916523181886,-0.7755630721391331,-0.7466716788630217,-0.7797566654504613,-0.8292297854366695,-0.7486476256570517,1.1056358518634766,-0.364913277541716,1.5015133595333747,0.3450283486559959,-0.3891491340875285,0.2951739495864061,-0.09020431931287741
TCGA-EW-A3E8,0.7243485941071031,1.0766567081439615,-0.6475723392415661,-0.0661904879502548,-0.4037420000356851,-0.1133089618569795,-1.101307046372581,0.1702065319860182,-0.3457505120797996,-0.4943938022075001,1.328730067531862,0.6673793345161466,-0.9904033811822148,-1.4004706980626263
TCGA-OL-A5S0,0.2071335432209558,0.642325724779097,-0.2128975470655428,-1.589396018901066,-1.3725832284447312,1.390242163805256,-0.5137594400598827,1.1539496986814208,0.6705781414813853,1.042216674360535,-1.4034715356927343,0.9284914244245251,-0.2680359514455078,-0.3930595269996123
TCGA-D8-A1JT,-0.2232655573335346,-0.992572161950228,-0.6207856663103118,-1.5664173754627262,0.0275799184488607,-1.5369328788741483,-0.4713464004845797,-1.7147377773951158,1.202799172748114,-0.363117424575434,0.4719676046945082,1.385344041097376,0.500062334184951,-0.47117113998284077
TCGA-AC-A3YJ,1.6339777133440103,-0.482243671825963,-1.2691939841136957,-1.2586428178946043,-0.5639401740004537,-0.4295448271509611,-3.0308694230584865,0.6655995327402757,-0.9739092678466126,-1.2780421093243792,1.4628627547870177,-0.1683931604290634,-1.5959995466782464,-0.7603718963001215
TCGA-D8-A140,-1.6841302237905211,0.4696663251938615,-0.5067409482780114,0.6955863581572636,-0.0121119009645465,-0.866551976499208,-0.1994334017554308,-1.0100317259951874,-0.8386961339622906,-0.0075108765010591,-0.0334949629507787,0.3361919222188504,-0.2475181694059757,0.7552224184715647
TCGA-BH-A18S,1.1119175534359678,-0.9613178423521846,-1.3600826245107416,-0.062447754359918,1.3091030972838873,-0.1061673630429169,0.9248585329757716,-0.2957474192494321,0.1541333524699397,-2.117403246549842,-0.3997398316188037,1.1676348205862597,-2.3223547585041397,-0.5252749305992134
TCGA-E9-A24A,-0.7941843608494301,-0.1869483911702346,0.9882845502856844,-0.3115571389074146,-0.3847670706922891,-1.703977810038718,-0.0445218915098756,-0.3354690075953779,-0.2424615542775128,-0.4806860002103908,0.6108752419813963,0.1925134580072422,0.110771187494417,-0.6097395062909394
TCGA-XX-A89A,1.2531472916056736,0.4235249909998723,1.0311413340407884,-0.4514309268067252,0.073741877703951,0.3901248394741327,0.1941765399293571,0.1175261275839476,-0.4019998365606919,0.4646119885487448,-0.1195680881981887,-0.1550302080284308,-0.5883770594326572,1.3395891168097533
TCGA-S3-A6ZH,0.9590742899763944,0.4086727128467186,-2.136388090906483,2.37259212757608,-0.4835611290441527,-0.9573383285464816,0.1617317192742014,-1.575007934702986,-0.5623641001137825,0.7308618688328397,0.6371064609869145,-1.2977229937113903,1.4993555023894105,-0.342876871457709
TCGA-AN-A041,0.0619269024695702,-0.9961720182924144,0.7941508271508956,0.7891546979156722,0.1701718464982741,-0.420153135559863,0.8829073413813238,-0.0678412846971453,0.3815672951397522,-0.6081514951295655,1.329412203250682,1.5919352852111694,1.0846261651138125,-0.4447403915448138
TCGA-A2-A0T1,0.7098810819899604,1.5717676328861552,0.3603909173252015,1.2721414117011618,-0.6272728889892428,0.1348371394015435,-0.6647837297998944,0.5110797369406114,0.0018224062984753,0.2008363380857037,-0.7532721709815519,1.3806402818523535,0.6827284814961639,-0.5811243028056409
TCGA-A8-A07S,-0.574713603118989,-1.1276840459150448,-0.1763802160859344,-0.6251633976511756,-0.4751001769434903,-1.323907790961499,-0.8034920733837394,0.2950055648743542,0.0947040000998926,0.4976585983426062,1.059906581978888,-0.2650340321904446,0.8671634031211314,-1.4004706980626263
TCGA-AN-A0XO,-0.2159863363032922,-1.992835313193944,0.458543845541024,0.5401323536842235,-0.1217932138577015,-0.7619715774275093,0.4946471388081225,0.1852781984860765,0.1975799672672251,0.3411280128818427,0.4119396614383868,0.1570214564311582,0.1556015764648083,-0.342876871457709
TCGA-A8-A07L,0.0670095499362412,-1.0776655959987098,-0.7786377822297801,-0.5109665029878888,2.4488431155497112,0.2295856113388116,0.0070896203508152,-0.8217063230925895,0.4849388510690356,1.655256881517546,0.1166989198656692,-0.732202848116585,-0.9853543345047736,0.5463936108920333
TCGA-BH-A0E2,-0.1820957057408757,0.2062498756414751,0.337648763291956,-1.1538462773651883,2.8423396011136486,0.5207769657231996,0.0801770633213254,-0.0885472190476921,0.5209516344371248,0.767690921916358,1.50050424399824,0.0970485260571159,0.3131511285207319,-0.1334860835469118
TCGA-BH-A0W3,-1.35907313415007,-1.0862229436657105,-1.3097728385431593,-0.6636352173471873,-1.5310394416828912,-1.5945548199903603,-0.6168670017860526,0.3252897545707327,-1.499563748017556,-0.2560145566893106,-0.0400062584486019,-2.6997105077762376,1.1291349587544337,-0.8574728813470994
TCGA-AO-A03T,0.1708559737139192,0.1763065983489475,-2.0630879538617486,-1.1779564449122375,0.6070929244612037,0.0575513440164729,-0.9438938595640552,-1.0463727536308425,-0.13818141895133,0.2458275056363814,0.178649245602098,-0.1101841397719063,-0.4827973126680953,0.6746878794171651
TCGA-A2-A3KC,0.140996495574529,-0.2936711851015898,0.2434537321756174,-0.5093127369828542,-0.1512821204438411,1.2058813012696012,0.816285770142799,0.1551348654859599,-0.8231263870244803,-0.0049797678335425,0.1949584905156966,0.1547764804278514,0.2300830548402962,-1.4004706980626263
TCGA-AN-A0XU,-1.3924644083410942,1.0593075934114693,-0.0993697843510676,1.0924901993650211,-1.2327908801345082,0.1332718574696941,1.4270027501617886,0.8482906677923852,2.8083828642633315,1.2479190225868615,-1.6031512642926362,0.6530007977330663,0.1563734052562646,0.9765250450896973
TCGA-B6-A409,1.213583847205563,-0.1433228823047012,-1.1015493168415138,-0.842677147470949,-2.846655280452941,2.5639101223301988,-0.3042344060780705,1.062815416199759,-0.3891145287500883,1.4137492994440033,-0.7378310988009987,-1.142445486816032,-0.359176067903253,-0.4447403915448138
TCGA-C8-A1HL,1.5482929780844428,-0.9137956959099992,-0.2287238711035753,-0.1076216783921132,0.1004312045508938,-0.1466201179691534,-0.7052724027882968,-0.5101313109605415,-0.0687576932153647,0.8245982078006237,-0.4884174750653456,1.1612206034339565,0.515691867211934,-0.47117113998284077
TCGA-E9-A1N9,-0.9420836152617812,0.2298355394071642,-0.1421486236679506,0.675305964516605,-1.5981049296572651,1.528573954532461,1.687908372013865,-0.8614279114385378,0.1230764567213127,0.5764358006911345,0.9507028546296822,-0.2755640386821429,1.3970238684555614,-0.006757785635353757
TCGA-BH-A0BL,0.1504053122942822,0.920986455693277,1.2456755894649174,0.6698224246051794,0.1054082351983456,1.0257760489861611,1.3457175055310795,-0.0292465499212947,1.6416017223879806,0.1671356215575445,-0.4462490851746838,1.5650490249810942,0.9160137337136915,0.9058548084807466
TCGA-OL-A6VR,-1.1977631153307575,-1.67033161885428,-1.7641936246939214,0.0327743514035252,0.0112179301953726,-1.0344773787504424,-0.8073023192258042,0.5231934128191623,-0.2192101815295336,-0.8061467596604223,0.5267865115523702,-0.9696357863710386,-0.8559765333369909,-0.6097395062909394
TCGA-C8-A26Y,0.4595949458899154,-0.2769128236184106,-0.8756922139719022,2.543626348622837,1.0782310881253472,-1.4378309665639244,1.3191612466318423,-0.4828051118856679,1.4832611129461672,0.1171959943647563,-1.397456338899506,0.2229275376710822,0.6873594542449019,3.538824790138555
TCGA-AQ-A04L,-0.2968693707927873,-0.9956038114682386,0.4838776226237574,0.5791264152765663,-1.1426444125325892,0.7204971572151289,-0.7315977376971065,0.9737939841620306,2.1441287270014326,0.5162864205585945,-1.4421672346512275,0.9082331885851648,-0.8327573505273606,-1.4004706980626263
TCGA-D8-A27K,-1.4516029066579377,0.2647059418052015,0.4071855371064519,0.1709073329817501,0.1052215965490634,-0.2123619591068352,0.6330475837380622,0.0773819691492136,0.0232979193161441,-0.8735766321399737,0.5197791173499478,-0.7435346317523251,-0.0130430144682886,-0.6388356600211044
TCGA-AR-A24M,-1.5572081375778897,-1.5501470196946543,0.3798894190995929,0.2894562434477496,-0.4888492241070671,-0.8772643747203027,0.6250037314048166,0.4252980089169142,-0.4648983102643661,-0.8452509666023786,0.1637662844642208,-0.1535335573595615,0.630437080875032,-0.8574728813470994
TCGA-A2-A3KD,1.7023830424880764,-0.9340052773608934,-0.6364617487869153,0.309736637088405,-0.6591880980160082,-0.2451839646153046,0.7595169558292139,-0.6542277112368002,0.0872701686706992,0.1461757666366537,-1.1510193073914263,-0.9169323021029429,-0.0045207382292998,-1.1077690701877516
TCGA-BH-A0H7,1.0949579563878518,-0.2819540750080473,0.33891572688126,-0.4380267181343583,-0.6685822433630717,0.7002463222218255,0.3218390193043882,0.7133499527731724,-0.4492459651995649,-0.1760997774115617,-0.6782992542494809,0.6098117355742184,-0.9788581088433528,0.5463936108920333
TCGA-D8-A1XB,0.6113171106088375,-1.1885054626562368,1.672831972746214,0.2342726830693017,0.2565233282315166,-0.0181202543763797,0.3127944963459514,-1.513030988347605,-0.3774681928443532,-0.3847313862306286,0.3455244473605908,-0.3812382662663501,0.3397470622929793,-0.29410800153563177
TCGA-E2-A574,0.7319522878413393,-1.608103844725288,-1.5385756177460983,-0.5114017045681657,-1.1716356160539771,3.3849004955852893,-0.5321948719623967,-0.199401439006065,1.0511077125290766,2.2350798423413143,-2.2599239368397184,-2.822863477100475,0.4861694159387464,0.701951126257992
TCGA-E9-A1RG,0.2917026729828097,0.1773665486760874,-0.9081830611577476,-0.7028033595716384,-1.5530628022978548,-0.7156979303172071,-1.6893165006661337,0.6002420256746016,-0.0388571712446095,0.99193577408898,0.1261868075910705,-1.2425072743919718,-0.2703835973528551,-0.3183207094456893
TCGA-PL-A8LX,-1.6290236755047636,-1.0240083204045969,-1.0544203393411666,0.3857228330038393,1.3959522820818713,-0.1994483831690761,-1.6759613965530382,-0.121789399365578,-1.3529520726084716,-0.4958442127922561,0.3287811160804739,1.1919553939554108,-0.8141369809334874,-0.4187071130649698
TCGA-D8-A27E,1.5097613969491968,-0.1280368187935654,-0.254375927792742,-0.2668184164554869,-0.720032297681073,-0.8660628258955044,-0.8395547032222686,-0.3664574807730684,-0.0769762068509725,-0.4268501720350244,0.6579426065799435,-1.1229355763111089,-1.5382088659179909,-0.9960412476551981
TCGA-D8-A1Y3,-1.2311852991674694,0.7007083709552465,-1.2276905951971928,-2.148978210814372,-2.6253018424076484,0.581969706246443,-2.761996923536641,1.846682930899059,-0.9540444183052668,1.3143535152533437,-1.9611484919967517,-0.6511699047591433,0.9848994533511216,-0.006757785635353757
TCGA-A2-A0SY,0.2349578947443538,0.3218434233225027,0.0222782187078146,-0.2326115722461368,-0.3776125891365823,-0.1443211101317495,0.0738266535845537,0.7539166812966921,-0.7169877938410021,0.0285787515784654,0.2412817070573515,0.3455994407088953,-0.4200219042963543,0.9994549219701305
TCGA-OL-A66N,-0.7180038877406739,-0.2185070224484814,-0.4641756623931604,-2.5327389642979217,-0.523128522691373,1.909328784454864,-1.7994287567686236,0.9998524729705446,-1.3988766312154852,-0.0728646710847851,-0.0605943546893423,-0.0244474371694422,-2.177250945710442,-0.3183207094456893
TCGA-A2-A0ER,0.9070656663248724,-0.6475436316972019,-0.8743700739738322,1.1166874072281217,0.6469713825238899,-1.3571700320133016,0.1009987097915972,-0.2699706438334419,0.3248636809604087,0.4637303664286014,1.1879620601027387,-1.2864981136948588,0.7305497070334499,-0.5252749305992134
TCGA-E2-A1IO,1.150970007843209,0.5488038034204717,0.9983756246015536,0.9342509047782428,-0.767936217662772,-0.3939346632013833,0.8559662091647058,-0.4271667168620899,-0.3661935485100784,-0.6544224367256135,0.3086271062062606,-0.5147074348438803,-0.7646434596813821,-0.8910890908964243
TCGA-LL-A73Z,-0.6827371958971009,0.6575836418027043,-0.2717303980681656,-0.3577755467322655,-0.8544743380452899,0.1242225713011891,-0.4576064230541028,1.5294736509165188,-0.281530468344269,-0.0980335606437911,0.1280471777333057,0.8920372902755979,-0.1818805625992514,-0.15553963522753317
TCGA-A8-A08A,1.628365946813062,-0.287557742383708,0.2649361977504309,1.3355938021047673,-0.3358055316980119,-0.6686416422409792,-0.7052724027882968,0.9961901988677252,-1.4201869479791691,-0.5652364054747162,0.517608685517343,-1.049332434488418,-0.3574716126554553,-0.5529744078556693
TCGA-BH-A0BO,-0.9907345677535982,-1.0864258208916713,-0.5261468738102159,-0.260986715279851,1.5527909603596095,-0.4373223217498378,1.267357298112459,1.0938038893774495,1.092571972278579,-1.996450379550458,-0.0819886113250428,2.351271692424757,-1.1311013379580177,0.09219373982862697
TCGA-AR-A1AH,-0.2990832738618813,-1.4273376004094247,0.0388727229737463,-0.367698142762461,-2.418755070538514,0.8295288267805239,1.777275956309559,0.7409578652405673,0.6123464619527039,1.8431277113783375,-1.1436398391605578,0.8609817888965233,1.1598473127477806,0.5165449336137173
TCGA-A8-A08G,0.7833962973868781,0.1521401730488027,-0.4092639814166369,0.6961086000535883,0.5147067930679312,-0.7891194359330251,-0.5218417797248677,-0.9959460563689648,-0.296769822774113,0.5075839570500541,1.3214746239771464,-0.6178694273767676,0.866005659933948,-0.09020431931287741
TCGA-B6-A0I1,-0.0701654296278479,-0.9034300899965428,-2.48763548573112,-0.2281725161273669,-0.214614835432627,0.2764951542339281,-0.4990957666676953,-0.541260640834494,1.5781663608588674,0.1981061534555744,-2.846250593334156,-0.1431104544870661,0.0405669270049139,0.05328917235199838
TCGA-AR-A1AP,1.593065003267016,0.1325455460303521,0.3398543628688407,0.0571456398987371,-1.0498850038407588,-1.569559224141138,-0.2430395486146111,-0.2774360487353401,0.4788265896716986,0.0906335730674542,-0.3865932159470086,-0.6715884960273139,0.0773574327309763,-0.3677863716473534
TCGA-AR-A5QQ,0.6529178428597442,1.3110785360010615,1.199723080918236,-0.6511884521514222,-0.4499039592907787,1.36461067217122,0.0912229275301383,2.0900833020401888,3.5477599980235723,2.39562038647758,-0.5619641080217084,1.1993851954901618,0.9370782278138404,0.35905637466185736
TCGA-E9-A22E,1.7303293857838409,0.8781784996512256,1.5534442302478602,-1.0292915850914417,0.217204786116667,-1.5471072114311712,-0.0796993127184316,0.7092651085815673,0.031970722650203,-0.1026691866303661,0.0088594639541082,1.447027429378702,-0.8723135760894711,1.0332901435249677
TCGA-BH-A203,-0.8925180607529266,0.7392488893416883,0.2859804867315377,1.666347003111229,0.0128976780388828,0.2106554829755068,-0.2077466654108413,0.1045673115278203,0.2901724676241759,-0.0155592332752957,-1.1267724832042922,0.6936776248405945,1.1112542584190384,0.25719285457475255
TCGA-EW-A1J3,-0.1184539183545331,-0.3464617449475779,1.4906127004282173,-0.0834244705290127,0.0846913451283409,-1.6508071394162038,-0.3160885042533862,-0.6669048139004012,1.3185604477260473,0.1808149841314223,0.1779050975452057,0.8354852757161174,1.1814906784415198,-0.6388356600211044
TCGA-BH-A28Q,1.090650716491302,-0.3821018991895611,0.7713641668704314,0.258208769984246,0.1290491307737274,-0.8730576795284565,0.5387536209798994,-1.052711304962643,-0.6905150941403742,-0.7804943999064966,0.6965142808622835,-0.7165414679030441,-0.211403013872439,-0.6985374519430598
TCGA-A2-A25F,0.2551288615899726,2.1181398807199767,1.7853498532105518,0.111110635852421,-0.0197640855849981,0.6473691419615326,2.021478076187332,-0.6571857018583077,-0.0049093410512973,0.4259912518017036,0.437364720048936,0.5395760577564909,0.9524183250440248,-1.1864726409114927
TCGA-OL-A66L,-1.256784182860175,0.3341652629653773,-1.1084650715975035,-1.8822866824238944,-0.6887392174852396,-0.0513824954281825,-1.867974694594047,2.100788410956117,-1.8749309361283093,-0.7217954303587111,-0.4000498933091777,0.3842985508611295,-2.1288508485795665,0.14895883826389708
TCGA-E9-A1R5,-1.008721302830825,-1.0586361869526804,0.677114608378726,-1.4800733819368197,-0.5392416594124869,-1.1539768712350813,0.1373692382840327,-1.4245729830949267,-1.5337180735283498,-1.3983408695894652,-1.199947042132209,-1.0045398180414922,-0.0572945318450916,-0.1334860835469118
TCGA-B6-A0RV,-0.8663680237037878,0.3396340389822464,-1.194001650522116,0.289804404711963,-0.000664730475415,-0.0581816888196547,0.0739806029115048,0.0069536210180985,-0.2701319268195035,0.0369399420082405,0.3773367767928146,-0.4870728492793703,-0.0396067887075599,-0.24667543457088356
TCGA-C8-A132,0.4485512681986754,0.9013511188156882,0.5662790638790106,0.8780228606071454,0.0547669483605517,0.8949771775559837,0.940253465670982,-0.5935184751477813,-0.3015192150760997,0.1843983514584651,0.2432040895376588,0.0272404627162057,0.179110195071235,0.2745917989701312
TCGA-EW-A1P6,0.6172513400589951,-0.7419583231233757,-0.4209109944039708,0.7300543233147792,0.880829610070899,0.5452834109687195,-0.6538148402545572,0.625173660913018,-0.3881233512261982,0.4796564434376873,-0.5971871160480242,-2.4562375150367006,0.4663269840917355,-0.6684292079208344
TCGA-EW-A1PB,0.4888518795169814,2.4359940692949182,-0.8792535896213933,0.9056146407963664,0.0030058296270777,-0.6833161603520693,0.3644060082066443,0.7587058089696093,0.1863879210599411,1.2474924312384017,-1.3315992358643816,-0.752407632146344,-0.3268235777280605,1.1519844961639927
TCGA-A2-A0CV,1.4812227679387382,0.393467060138352,-0.2652141132514709,-0.6571071936431122,0.8709377616590972,-0.9773935032983042,0.137407725615772,1.5463764544679894,0.2834407202744062,-1.067533498572098,0.9708568645038954,0.503175375417165,-1.8751121333884613,-0.6097395062909394
TCGA-AO-A0J4,0.4657186254840875,1.0766670477926346,0.5093852947004599,1.231232463155625,-0.3768660345394667,1.2064682819940435,1.3390976844721387,1.9103501576095867,1.4318024798307525,1.7457226868138211,-1.4429113827081157,0.0370221438734722,0.7598470415757933,0.881642100570689
TCGA-AO-A125,1.7374293341481588,-1.9695767944356,-1.9935949389511656,-1.6109820172825426,-0.4269474054294206,-1.1943807111009477,-1.7969655675373903,0.1179486976727333,-0.1147648499493692,-1.2519347187987684,-0.2390658636677602,1.8428380794854613,-0.7392374286292964,-0.3677863716473534
TCGA-BH-A0HB,-0.5987403032280274,0.8086441839103636,-1.2603877361587754,-0.7534608235152592,0.1507614269732218,-0.1416307818113832,-0.2366891388778374,-0.2637729491979058,0.2318994890320006,0.7447687467925647,1.575229111378018,-1.1676212891388231,-0.0058714386143467,-0.3677863716473534
TCGA-D8-A1XY,0.977013383012115,-0.9617585493488696,0.506147858692999,-0.823963479519271,0.6566765922864161,-1.0338903980259986,0.3630204642640766,-1.098348874551606,-0.2036817336552172,-1.0200112223539035,-0.0597261819562969,0.3234703915334496,-0.4288014567991633,-0.09020431931287741
TCGA-EW-A1PC,0.0063520293642735,-0.7280047840496905,0.0560663229179949,1.4906996453135817,-0.419170795042782,-0.2158838434534963,-0.6670159950406992,-0.6535234277554883,-0.5017783739658607,-0.1263592261813862,-2.0473456419203147,-1.8653277598806952,1.7931649956702669,-1.4004706980626263
TCGA-BH-A0HW,0.9830274079591989,-1.74659450063807,-1.373879382296305,0.3283632647240351,0.4753260380699932,-0.2460155206416003,-1.431797764007004,-0.9032623502284196,0.9144491114224104,-0.4569959606593722,0.7444498181938806,0.449509758576223,0.1793031522690986,-0.3183207094456893
TCGA-AC-A5XS,1.1608561826831183,0.7187310165840404,-0.9714460101227878,-1.7871516169765087,0.8973160240905708,-0.4504315579290777,-1.7416207844981102,-0.0734755525476338,-0.3260508587924354,-0.198765997726278,0.6731976417462713,0.0598460665737511,-0.2490618269888861,3.929848650980828
TCGA-BH-A8FY,-0.5724284395205373,-1.7814187797670051,-2.0845571214972614,-1.586784809419439,-0.2399976917346141,-1.998446473467916,-1.6841207108814995,0.4012115138560743,-0.8686379549965397,-0.233206139258437,0.9270141414852194,0.3767083938975713,-0.7418745103334357,-0.17787775671158323
TCGA-D8-A147,0.1020807090705027,0.5132309532954078,-0.3414843305803287,-0.2582014251661126,0.1869071120503233,1.4357820850100038,1.4654515945680766,-1.21427393557542,-0.3543820163503616,0.4250243114118688,-1.7526630113902684,-1.9352961786504097,1.319905308375932,1.3395891168097533
TCGA-AR-A2LE,-1.5871243240520896,-0.3246155771762632,-0.02287346748756,-0.0974379614137553,-0.5214487748478596,0.2613314855191361,1.2848690340532616,-1.0004534706493582,-0.6490095353273808,-1.1276828787046411,0.7753319625549867,0.6221591035924062,-0.4076083245671055,2.0937535947960413
TCGA-D8-A13Y,0.0676854514046018,-1.6332706847387064,1.4151742815447648,0.9759432161682698,0.4374383922662864,1.3269460756860894,1.0049506703226032,-3.819841103034115,-0.7577499695110749,0.808444615405689,-0.2254231492913702,-0.7804698321876741,-0.0919303488616702,0.34248992866927885
TCGA-E2-A1L9,1.4319061467917125,-0.39689886156109,1.61451613360064,-0.9555684373934238,0.8148839539922018,-1.1617054507735889,-0.0827782992574733,-0.4113907668807195,0.0809927110193805,-0.3157942243198568,0.4383569174581258,0.5190505628691203,0.0017503707012812,-0.5529744078556693
TCGA-A7-A6VW,0.3600758802436632,-0.8488989408964951,-0.1950350842945847,-0.4034717126607917,-0.3805988075250547,1.1622001523589238,0.1040007216671644,-0.0065686218230763,0.4775050196398422,1.927734995489123,-1.1674525769811694,-0.8720862338464184,-0.1974457765602776,0.14895883826389708
TCGA-AR-A2LN,1.4772890974376574,-0.6492922856388368,1.29247320479962,0.1749982278363004,1.3492304068789442,-0.133951117333246,0.6532919202322629,-0.2865917339923836,-0.7155010275551611,-1.509880287499551,0.8284765362848344,0.8540330536481969,-1.6102140602542248,-0.2005078880462478
TCGA-AR-A0TT,-0.4999489442033115,1.797147201815373,0.6656420300297301,0.8275394772956329,1.2246802149265323,0.7000995770407132,-0.2074002794251999,-0.780717024480284,-0.0593002076748913,-0.372644631357658,0.0824681092485476,0.3277999881112533,0.5736111861040974,0.13024319224945882
TCGA-E2-A155,-0.5083053323988275,-0.4652357155362799,-1.0281854939278734,0.9641057331848774,-1.8658691784900252,-1.7307832631216415,-0.1954692065864118,0.3365582902717097,0.1138667655618119,0.1586891128580811,0.1457206940845402,-2.2954010199426764,0.8988083835708222,0.20392156236118025
TCGA-A1-A0SD,-1.2068936930774936,-0.5418240510465887,0.4223716175217211,0.2944175414628442,0.3199804689864894,1.0803652563594155,0.7243780219523971,-0.1982745854359673,-0.3556622873187211,-0.2932702011212872,0.1436742869280841,0.8321178117111543,-0.6640484405283068,-0.3183207094456893
TCGA-E9-A1NH,-0.0023754683694974,-0.4997120949537761,1.0965492251087243,-0.1470509415647266,0.174091258133141,-1.3762469055577178,-0.2312239377710368,0.3421925581222007,0.47254913202038,-0.902954556337098,0.0878011703229513,1.3579767145808792,-0.8716703854299261,-0.5529744078556693
TCGA-OL-A66O,1.4848335837002629,-0.7189050914179361,-1.3501923726620155,-1.8500817654837929,0.6589784689608613,0.0618558693290587,-2.435624350398185,2.266717599153024,-1.3422969142266266,1.30636203732557,1.5130927486273595,-1.5709686443995423,0.0596053705274924,-0.4447403915448138
TCGA-A8-A099,-0.4196075949971109,-0.2615577497767135,-0.6405976675461605,-2.94148028848906,-0.5515598102649244,-0.2694947496193436,-0.868266252698834,-0.9222780042238186,-1.287740851349048,-2.459757023398798,-0.530709889632156,-1.7377382903594452,-0.0897435006192125,-0.5252749305992134
TCGA-A8-A07Z,1.7814956520927894,0.0774133264334759,-1.2383799653480292,0.0856078232485023,0.6078394790583193,-1.9391614202991132,-1.3669081226966937,0.0647048664856126,-0.6989814021569575,-0.0281010189199515,1.81013184800424,-0.7716502836032538,0.1659569460835084,-0.8244970196487085
TCGA-A2-A0YL,-1.0379956547182043,0.1638012545278298,0.244967888341935,-0.1677665367856557,-0.0693477534102104,0.3110291868553592,1.099667993729882,-0.6191543938675071,-0.678414468536188,-0.031599067977306,0.2197014134074213,0.3122455115169153,-0.2790666712567336,-0.4447403915448138
TCGA-AQ-A1H2,-0.552785380386302,-0.2412241988349722,-0.8216097243969995,-1.620904613312738,0.2839592096755782,-2.844334612451488,-1.9297468620335771,-0.036571098126931,-0.5395670170642602,-1.1755464280015993,0.2466147681317596,-0.6286666929164788,-1.0252643149296352,-0.5811243028056409
TCGA-D8-A1XD,1.5376689625794964,-1.6584124139040757,1.194595671165733,1.7199638378007025,1.793305966397584,1.764784781060633,0.532018337925747,-0.4058973557264905,1.0235612371775678,0.8274990289701356,0.5086789088346131,0.0367014330158549,-0.1708498427880279,-1.4004706980626263
TCGA-BH-A18R,1.4808121026831036,-0.1433670668479801,-0.5027475067586508,0.1022325236148812,-0.4336663968034777,0.7238722963806785,1.5644410117982783,-0.3205381977915815,-1.2919120567620956,-2.142316181299777,-0.5705838230140643,0.6021681268010559,-1.756668573432968,-0.4187071130649698
TCGA-AR-A24K,0.0306733928694655,-1.1425918095865422,-0.2319426443747846,0.1225999575715939,-2.899287379549718,-0.6954960103842739,-0.1289246100113656,0.0199124370742234,0.0185072279506635,-0.0185453727144975,0.758340581922568,-1.0793723514850393,1.189369764020966,-0.47117113998284077
TCGA-BH-A18J,1.645927040124033,-1.0075696289102192,0.5378593704655987,-0.0019547347021558,1.3087298199853294,-1.702559273287979,-0.5795342900001684,-1.1166602450656955,0.8087235088738924,0.5907123911528533,0.1645104325211131,0.6847511726369713,0.3674042606534818,0.4552578115486826
TCGA-BH-A18U,1.5463087191228166,0.2427519843349787,0.3753841118575027,0.2629959873672293,0.620344268560039,0.0296208445450315,1.298108676171143,-0.2720834942773754,-0.7562219041617428,-0.6708035445063937,-0.1204362609312341,0.088549688330313,-1.2286412014782482,1.0773990364872361
TCGA-E2-A1IE,-0.6143940668404718,-1.257525059091403,-0.8033253622247017,0.7290098395221234,-0.2103843593822974,1.293194684030584,-0.4965940901047237,-1.3756957094919324,-0.3996457899414485,-0.084240440376992,0.9826392087380504,-0.0798769637272664,0.2907680935685123,-0.7291786128219677
TCGA-E2-A14W,0.7947253101535692,-1.032824537986601,-0.8575687521785496,-1.6972389704923827,2.370206031320012,-1.5036217227619757,-2.491123082764417,-1.6534651145210444,0.5368104748194017,0.881960524456576,1.2946852939289568,-0.7902515133449377,-1.154127563569782,0.7682879929065491
TCGA-BH-A0HU,1.7058212054377249,0.1039254572060913,-0.5761718556203215,0.1263426911619339,0.6726653032413463,0.1929482311214583,-0.933656229321741,-0.7243743459753915,-0.1283522418393935,0.8190809596939022,-0.6928721536969886,-1.121064762975018,0.7610691038289311,-0.3677863716473534
TCGA-E2-A1LH,1.380710901221533,1.7427360975234316,-0.5752388007648783,-0.4993901409526649,-0.1998081692564653,0.8093758219079609,-0.1144533732778676,-0.9398850912565986,-0.2875188325511182,0.865181264750569,-1.2547659489900709,0.6394774899036265,-0.2064504457939309,1.5997547204855227
TCGA-E2-A109,0.1853298293421608,0.0002800969873182,-0.158809014781526,0.751118079799928,0.1161088510903614,2.010925364843975,-0.9571335016819366,0.0780862526305206,0.2943023739737268,0.8916868072014097,-0.2507861955638429,-0.243172242063009,0.994515153711346,0.25719285457475255
TCGA-A7-A5ZV,1.7878147763463397,-0.4364961064519057,1.8263707337990087,-0.7900177562580832,-2.543491901140205,1.777845102179502,1.3733898970507197,0.7236324916003136,1.7573629973659168,0.8726892724834245,-3.743135038905715,-0.1124291157752132,-0.0464567692317316,1.457155664591131
TCGA-A2-A0T3,0.95895582216287,-0.640673283271717,0.7385738497101816,0.3734501484401824,-2.1300872929864703,-0.0663994189618639,0.7906532072052763,-0.984254950579202,-0.1899291455112113,0.9841149327005888,1.613800785660358,-0.1546560453612149,1.4346505220390344,-0.4187071130649698
TCGA-A2-A1G0,0.53651367781064,-0.0271279487684048,-0.6323773225349946,0.3971251144069519,0.3614764620095972,-0.703420250164262,1.2090105031976115,-1.1884971601594323,-0.4440422831991272,-0.6686421483408724,0.4178308335554619,-0.0030667133284255,-0.6585813199221603,-0.6684292079208344
TCGA-A8-A07P,0.3813404923441694,-0.2977913630719456,-0.8436634322985743,-0.6179390514186612,1.0455693245014663,0.3402314778964271,-0.2800643617465922,0.3023301130799905,0.4772985243223637,0.0100931264786329,0.6956461081292469,-0.9895198595431832,-0.4496408341684725,-0.027245366702401373
TCGA-D8-A1JA,-0.1772071524611577,-0.4922415487366332,0.6039598602318638,-1.365180164745106,1.2099979745165577,-0.0041794621708441,2.3336488239144555,-1.1787780481173389,3.908424719529927,-0.7323464563772314,-3.995339217854726,1.4476153992843297,0.0360645923880873,3.9235496250067214
TCGA-AO-A1KP,0.8021382450275782,-0.997352211695374,-0.5180571326783819,-1.5578874244893968,0.6489621947828693,-1.0715060794507585,-1.0528514957144064,-1.2148373623604676,-1.2784072629990593,0.3874842727475852,0.1016299217135667,-1.3557182071301388,0.4487678790861174,-0.7921375654324438
TCGA-D8-A27L,1.1956571611941542,-0.0730186625530084,0.7120449786854004,0.6785264562106109,1.8012070025504094,-0.5773172245296326,0.674306003361225,-0.2317984791463795,-0.5411363814770892,-0.2612189711404936,1.073301247002976,-0.0784872166776,-0.1699815353976433,-0.17787775671158323
TCGA-AN-A0XT,-0.7868568512570253,-0.6710155844749456,-0.5017638611110093,0.0478323260809205,-0.9230329352139016,0.0965366471316004,0.0172117885979155,-1.2639963493559856,0.0874353649246809,-0.6441842443626287,0.9426412506799976,1.9543385543163443,-1.1850328747609926,-0.9603455418855493
TCGA-E2-A15K,-1.4699868324138592,0.8647704761988042,-0.7737925600031208,-1.0102297558755409,0.4902571300123353,0.9355766776633306,-0.5516309744900997,0.4910780860713741,-1.6456798346646957,-1.1415613172411316,-0.2933886718210318,1.9228554384604557,-2.931391994028745,1.2630603961148403
TCGA-EW-A1IZ,-1.6123712774481882,2.507678939417765,-0.7267938075765367,-0.9973477890994988,0.6882185240146236,1.1627382180229977,-1.3300757462234027,-0.8374822730739597,-1.238388470471904,-0.2386665085186956,3.1791162233370014,-0.4563380587579101,-0.0152620222437247,2.6831517530873534
TCGA-A8-A0A2,-0.7487537961534656,0.5195862229282923,0.060091427252788,0.8968235688748807,-0.7073408695300811,-0.4868243628445801,-0.0725791563468964,-0.4040662186750833,-0.920385681556424,-0.8281019943943794,0.4410854603334064,-0.4113316350725784,-0.362392021200985,-0.4447403915448138
TCGA-EW-A1PD,-0.4324253565792796,-1.0899403250264488,0.2435116733958031,0.9689799908839178,1.1400084810368067,0.8052180417764866,-0.0523348198526957,-1.1299007745143468,0.5129396161189926,0.3620025495330422,1.4907062945824647,0.8425943663932539,0.6242624505433861,0.3917211247779103
TCGA-BH-A18V,0.0382544263328008,0.8994824108164922,0.4192443203312989,1.4692877275642224,-1.775038369174076,0.888960625130437,2.925622473377024,0.84420582360078,0.1335251197856792,2.038079957623528,-2.0561513939268914,-0.2921340996589285,2.6225593511555134,2.7256890379508705
TCGA-A2-A0EW,-0.9159026804569018,-0.2133528166173041,0.0376651571948189,-0.0797687772547268,0.2062553186922771,-0.266657676117866,1.0241173615281405,0.1576702860186816,-0.5318027931271005,-0.8164702702930985,-0.3906860302599251,0.7371339460474553,-0.6607360086316418,-0.8244970196487085
TCGA-E2-A1IG,-1.6878199722549263,-0.8560410211571672,1.0404230042353164,0.0302501822379462,0.2936644194381044,-0.6285802077977042,-0.2356114935891738,-0.033049680720376,-0.5017370749023666,0.4357744133930032,1.1069119342393583,0.2188117483316872,-0.0311809910675018,-0.1334860835469118
TCGA-BH-A0DV,-1.324044433342349,-1.0079397743205254,0.8065529522591588,-0.1603681099210424,0.5170708826254684,-0.0293707182615482,0.4593542556043526,0.6722197974646,-0.1984367525912885,-1.311174037387932,0.1156447101184029,1.9946946705662585,-1.0640487117002917,-0.7603718963001215
TCGA-AC-A6IV,-1.187473672560584,0.2877694984920901,0.8874809346837589,-0.3684815056069451,0.1974210892930602,0.1949048335362709,-0.1475524785725689,0.3058515304865455,-0.661151459995064,-0.1346066589182354,0.5073146373969728,1.099216504295016,-0.009730582571626,-0.7291786128219677
TCGA-Z7-A8R6,-1.440206947917967,-0.2247265452763845,-0.0221836599985277,2.331247977450276,-1.1942811054998728,-0.048887827349297,-0.7619642424384095,0.2441562975236883,0.8182222934778539,1.6409802910558289,0.2546143597433675,-0.5483820748934718,1.2558756782180749,0.29181761666950456
TCGA-AN-A0AL,0.7756979450304966,0.1687802804385412,0.3509440603203009,0.4704130605247082,0.270396801161277,1.2106260621255196,1.039242882901182,0.4598078995011598,2.093950364854383,1.114794082444814,-1.4254859157091828,1.7566203105965728,0.4308871787507245,0.5463936108920333
TCGA-BH-A0EE,-0.1122824854127771,0.6047970950118439,-2.2537440717443418,0.0956174595947551,-2.180230876759519,-0.386548489085468,0.0844491571442466,-1.336819261323558,1.731385886427237,-0.0229250438919969,-1.9333669645393765,0.4767167296639127,0.969848791917736,1.0444231747888453
TCGA-S3-AA12,1.18329212517552,-0.606691836106622,-0.959681022861655,-0.0883857685441073,0.647655724237917,-0.0913950148110864,-1.5828990284104922,0.0011784964713481,-0.5846242953378685,-0.6276040606192373,-0.1180177797463275,-1.2833979087379144,-0.2503160487750046,-0.29410800153563177
TCGA-AN-A0FK,1.5472769718942376,-0.6868217618515406,-0.6534516556385259,-1.0259840530813753,0.7378644047229278,-0.7421609779775385,-1.1529955328967485,-0.2074302706930132,0.6989918971662995,0.5338904235382851,0.6398970162002673,0.3110695717056632,0.1129258762038986,-0.29410800153563177
TCGA-E2-A1LB,-1.0732796756072818,-1.0615502737187443,-0.3923466179384453,-0.1136274601998636,-0.6476165017606896,0.7168774427477265,1.0102234347707113,1.104368141597117,-1.5202132797653134,-0.2392352969833021,0.0121461178720559,-1.2871395354100876,-0.8605110274867936,-0.11170994239412738
TCGA-A2-A0CU,0.3114927009273326,-0.9767092076623256,-1.4124167512859696,0.3320189579983178,0.8390847655154204,-0.8760414982110456,0.0589320562019357,-0.5250621207643379,-0.1712619688112399,0.3401610724920034,0.1105596983962921,-0.7783852116131744,1.146083032633485,-0.1334860835469118
TCGA-BH-A0BZ,1.2669972861156669,1.7205890771549313,0.0867105901157948,-0.5670204665268811,1.035366411674192,-0.7306170237301473,-0.2388059421234273,-0.1561584332535641,0.342457082009502,1.2058286762056958,-0.5719480944517001,-0.2017470896210434,0.0436542421707369,2.050854894399842
TCGA-E9-A22A,-1.6363894294326369,1.062233429492528,0.9514449612566918,-1.1736044291095251,1.7517477604913845,0.1900133274992402,-0.4021076906878695,0.9432280810731258,0.4357103673823765,0.8618822916558287,0.0906537378743763,0.7079492580044717,0.2592517512507306,-0.47117113998284077
TCGA-AO-A12F,-0.1260701872691554,-1.9617006479840176,0.677850542676276,0.1377449725650464,-0.7248226896792426,-0.5377938557504315,0.7627883790269459,1.4111540260562478,0.4965438879112768,0.9232830064105152,-0.3873373640039009,0.5338032623194164,1.1427062816708633,-0.27022927267460123
TCGA-AR-A0U4,-0.781467252122257,0.8297339270390022,0.9472309750782408,0.9708948778371148,-0.5061444056069531,0.3915922912852417,2.468200535670592,1.333260273023237,2.2240011158017645,0.7197136149264785,-0.5184314466934019,-0.1766781909174548,0.6755247461092436,1.3017476014974847
TCGA-OL-A66I,-0.5392607667663546,2.3823340756033136,0.2867251216379591,-0.9461680832595531,-1.156517885462353,1.4927681303414029,-0.3062357473284507,1.595535441463505,-0.3935335285441116,1.0318931637278588,1.95096186777144,-0.0931330125086961,0.349427081719156,-0.17787775671158323
TCGA-E2-A1IH,0.1436095477714077,1.1632339299651453,1.8249033751306247,-1.1615928654940213,1.138702010491851,0.975393536804753,-0.2125575818780962,-0.3108190857494879,-0.0751177489936742,-0.0530708325163448,0.0462529038130332,0.8943357180885034,0.0356143589264058,0.3257634179181138
TCGA-BH-A0BM,0.223421545437572,-0.8916552780609415,-0.5477305626798511,-0.5312468966285505,0.290678201049632,0.6868925107407339,0.8552349498616837,0.9254801373440888,-0.975230837878469,-1.0299081416381246,-0.3629045028025501,-0.9643440572203916,-1.871735382425842,0.05328917235199838
TCGA-A2-A04U,0.3939732330010456,-0.7379504611275279,0.8627092439481978,-2.2710087339225424,-2.0684343258411944,2.2603921727324967,-1.4127080474649434,3.3662449701759742,0.0075216770608551,2.941486675964114,0.7312411901840088,-0.2738001289652605,0.8660378194669264,0.03350403819873197
TCGA-D8-A27M,0.3967124473137497,1.193362608870414,1.2515529735921336,1.0632446531707658,-1.0080779464021852,0.6166504840489855,1.75387565861284,0.639118473842976,1.0791497766425333,0.8888144254551246,-1.4340436183634666,0.5134381228608531,-0.0365837926076915,0.42378093721146887
TCGA-E9-A245,-0.6497104726906717,-1.37783483058535,-0.972237629208868,0.9405178075341526,0.6385726433063194,-0.5061947267512175,-0.9222254917955476,0.181052497598212,-1.1889947905312663,-0.5298862023991823,1.3798902464433258,-0.9200859588694889,-0.4960148807217764,-0.7291786128219677
TCGA-AO-A12A,-0.1595122591419613,0.0098395728759199,0.04981901949803,-0.6645926608237859,1.1357780049864772,-0.631466196359552,0.7314212036604557,-0.0022020642389449,0.1404220633894306,-0.4494879529265122,1.2385641279715311,0.3094125656079809,-0.1233823721134952,-0.8574728813470994
TCGA-C8-A138,-1.5904405464355755,1.4108417441860148,-0.3563100064370032,0.0164978123013597,-0.3026460650093828,0.0243869330854096,-0.7637346596983571,-0.7150778040220837,-0.7975209676572577,0.1632678599981931,-0.5579953183849361,0.8690530121465061,-0.1361497067054925,-0.11170994239412738
TCGA-A2-A0CR,0.1867574860403336,1.814229762505538,-1.0601522068873326,-1.7877608991888876,-0.0154713966515767,0.1247606369652629,-1.5259762647699529,1.828794130473754,-1.854900890332982,-0.1439063503146138,0.7572863721753017,0.1549368358566586,-1.584968826867023,1.1519844961639927
TCGA-D8-A1XV,-1.058301917986583,-1.573295870125747,0.5873156180301174,-0.1586273035999536,1.0945308634957434,-1.1178286416214307,-1.0954569719483995,-1.0197508380372835,0.202205462378724,-0.5745929757175545,0.14503855836572,-0.0260509914575173,0.3237316148702716,-0.5252749305992134
TCGA-EW-A3U0,1.01090600623665,1.692141513668951,1.8138545089334293,1.1374900427651082,-0.8336952350921901,1.9635266713451531,0.3685626400343516,1.7513229475295315,-0.6843202346160493,0.1937264822780765,-0.3412001844764712,-0.183092408069761,0.2599271014432563,-1.4004706980626263
TCGA-E2-A1AZ,0.7971912811510702,1.0314492094952654,1.4784795858323343,-0.9741950650290476,-0.1308762947892991,0.738057663888065,1.783664853378072,-0.8467788150272677,0.313052148800689,0.868082085920081,-0.1297381116424102,1.0332035194358835,1.605063887285886,0.013490169104885524
TCGA-A2-A0YC,-0.4244926151983892,-0.3244031871961759,0.0654378002405151,-0.8862843458141729,-0.1785313632386206,-0.988643967183472,-0.2361888035652428,0.0442806455275896,-0.0148211162902217,-0.4988303522314594,0.9749496788168164,0.6456244480079169,0.2931157394758574,-0.6097395062909394
TCGA-LL-A5YL,-1.5213470874576749,0.2872424193191324,-0.4530046582340645,-2.474247871909408,0.1732824906529302,1.1757007090211262,-1.6535617694815072,-0.0896740726177898,-1.2704778428079209,-0.1199603559545197,-0.2731106372706653,-1.2117724838705146,0.1501344558586641,0.14895883826389708
TCGA-A1-A0SO,-1.1691936049301122,0.0077654345490651,-0.1790277986183776,2.687155829796436,-1.5729087120045568,2.326916654836102,1.2673188107807238,3.965026785986703,-0.9368640078911364,0.2115011217971483,-3.712252894544613,-3.2512797310647827,2.3900137681964657,2.2107697752558986
TCGA-A2-A0YD,-0.0194165840251102,-0.0814045561093119,1.0310505990617769,-0.0542659646508082,0.5534032063518455,-0.2235635079316326,0.6069916601514196,0.0362518138406413,0.1878333882822853,-0.5648098141262579,0.8013151322081986,0.9805534869773892,0.0116555068582975,0.1113229996056972
TCGA-OL-A66H,0.6226225209690166,0.3605487675030652,-0.7338545489509307,-0.2859672859874448,0.3137591806771772,-0.1375708318006484,-1.465435691946039,-0.1198174056179064,0.1611954923276757,-0.9186246785371144,1.6405901157085432,-0.0697745717123884,-0.31662900577425,-0.7291786128219677
TCGA-C8-A12N,-1.3872746074608493,-0.5181253185542438,0.9324818966235872,-0.7467587191790758,0.4777523405106222,-1.2432468564108767,-0.344299718417356,-0.1284096640899023,-0.0414590122448284,-0.643501698205098,0.9069841562871548,0.2834884379507548,-1.0625372136503577,-0.6985374519430598
TCGA-BH-A0B4,-0.9164815687015376,0.3807786445941688,0.210480268440713,-0.3674370218143017,0.860672635948731,-0.3993153198421158,-0.5276533668173097,-0.0592490262251494,0.0366375168251988,0.6920136166999528,-0.7124680525285304,0.7056508301915606,-0.305662605028981,0.3257634179181138
TCGA-B6-A1KN,-0.955306272900414,-0.017690413803703,0.1530254810255316,0.6744355613560638,-0.1759184221487094,1.4317221349992697,0.5831295144738433,-0.9239682845789664,0.0882200471310983,0.3225855089355473,-1.5250157183187618,0.5696694265627164,1.1132159899306564,0.20392156236118025
TCGA-A2-A0EV,-0.3669055843009788,0.2990576873239526,0.0784596750888719,0.4617090289192705,0.5847584994307775,-1.875376181576244,-0.0143478234272628,-0.0685455681784573,-1.087481692459284,0.0938756673157331,0.5120895874287139,-1.0290741986490577,0.5514854274156983,0.2396172681308292
TCGA-AC-A23G,1.7691863868533677,-0.5355369297106745,1.8085106267353723,-0.640830654540956,0.87896322357811,0.3145021561416501,0.2303931190948395,0.529250250758439,-0.227676489546111,-0.3331991513369317,-0.3195578784884689,1.015243711409437,-1.1296219994410592,-1.4004706980626263
TCGA-AO-A0JL,-1.3185690969702957,-0.3048739737215985,-0.4660193844693741,-1.7619969656368095,-1.7773402458485217,0.7931360218650214,0.4518877132471781,-0.0537556150709228,0.3224270362141744,-0.1037783241363582,-0.939619246895442,2.881192932824273,-1.3484354618187873,-1.4004706980626263
TCGA-C8-A12Z,1.011614638735693,-1.152355254674495,0.6852001868345594,0.0493990517699041,0.1408073656783249,-0.5413646551574627,0.8579675504150819,-1.1451132977106644,1.733822531173474,-0.4061178324999762,-2.9821196260553937,0.5010907548426682,1.1387828186476294,-0.06896257556988122
TCGA-C8-A27B,-1.193620268400193,1.7204075403376755,-0.47100534734492,-0.2081532434348676,0.2958418703463594,2.117609111511596,1.2379144893328726,1.2995955226165654,2.0959740189656606,1.57332290319043,-2.2611641836012057,0.0600064220025612,1.683147233354833,1.0990390732022555
TCGA-GM-A3XG,1.3705158041454566,-1.2126124268347689,-1.422345880013104,-0.6827840868791423,-0.0623176976206874,-0.2172045500834947,-0.6695561589354091,1.9016170424413263,-1.197750191992316,-1.2813410824191194,0.85663013777066,-0.9225447421112072,-2.460962345636415,-1.4004706980626263
TCGA-A2-A0EY,1.6071513059097722,0.0743730190124881,0.2535564260413833,0.8801118281924507,-0.2859730123404255,-1.107703224124779,-0.1622161519647594,0.7629315098574763,-0.6210500693409149,0.0488560603418239,-1.2668583549145995,-0.8481398231444832,0.6327847267823772,1.5835753466902553
TCGA-A2-A0D3,-0.8906912038375382,0.5976937941811746,-0.653394160285953,0.0052696115303523,-0.2848531804447488,-1.23072460095608,-0.6276049673409624,0.1597831364626151,0.9233697091374448,-1.955981080293431,0.4966485152481608,-1.3373842364364708,-0.9405882646003346,-0.5252749305992134
TCGA-BH-A1ET,0.5042778106956031,-0.1578058004273442,-0.3299394806656247,-0.1983176877207325,0.1887734985431156,0.8616171063834397,1.5284553566232235,-1.110744263822681,-1.1074291401276175,-2.284655494568508,-0.3719583041614243,1.7244423212158506,-1.938337775221884,-0.5252749305992134
TCGA-A8-A09C,1.6580862275857269,-1.0667504782012007,-0.5639211882902848,0.7988161729977021,0.76050989416882,0.1772464967425934,-0.3475326542833508,0.2934561412154683,-1.0207011067870344,0.055425567108076,-0.1541709728437653,-1.178632361916946,0.1773414207574828,-0.5529744078556693
TCGA-C8-A1HF,0.2494840206415346,1.609296813553574,2.0420180214989867,-0.200667776254194,0.9576625206908974,-0.0766226665792559,-1.141333871380127,-0.7621239405736683,0.4321173488582676,0.9632972748958508,0.1312718193131813,0.4565119456341538,0.6098228202365671,-0.5252749305992134
TCGA-AO-A03L,0.5643913407176683,0.4134612831602967,-0.3657893466279172,0.4452584091850061,-0.5700370365435788,0.4315558956077745,0.160115251341206,-1.3356924077534602,-0.1597808291594836,0.8671720243767046,0.5718694813325379,-0.3679287656753218,0.7524825085239856,-0.4447403915448138
TCGA-E9-A22G,-0.2973262785423943,0.0694521883981174,0.0063693653742435,0.2570772458755392,-1.2383900396128884,1.8259775215838747,-0.0124619441721026,2.0128938324884875,0.8133903030488823,1.4929815325642184,0.3898632690838617,0.4255633478742879,1.1546053088724737,0.5757363539531847
TCGA-AN-A04A,-0.149081598533132,-0.6537423132030535,1.185430290698028,0.2206943937648265,1.6635921051484412,1.2043160193377518,0.6725355861012745,-0.1298182310525263,0.4452504510498408,-0.1006784270042306,1.521278377253197,-0.1159034833993793,0.1234742030204599,-0.15553963522753317
TCGA-E9-A1RI,-1.534447338960797,-0.4995174969736085,0.975417893498252,-1.0148428926264188,-1.27397580874215,-1.5507758409589427,1.7143491689178885,-1.8820755325546432,-0.8835056178549264,-2.682039555368517,-1.0813174393956784,1.4756775993256568,-2.2963698558584587,-0.8910890908964243
TCGA-B6-A402,-1.4639876236353584,-0.5316791816345847,-0.8858092382777611,0.0857819038806106,-2.865630209796344,2.70331804438555,0.0354162965100029,0.8975905114841651,0.6565777589564039,1.170677549092776,-3.1045939937525437,-0.2411410732981108,1.3684018841057413,-1.4004706980626263
TCGA-C8-A1HG,0.2097494501349284,1.602984503854716,0.2189659039174446,-1.609067130329349,-0.7513875907600017,0.1357665255485796,-1.4222144184042351,-1.3535812081787642,-0.9493363250667828,0.8537486166119023,1.6810221601331228,-0.7495212344278082,0.8499258934452858,-0.15553963522753317
TCGA-AN-A0AJ,-0.9397529039135564,1.5126208906147507,1.6202738532478933,-0.3078144053170777,-0.572401126101116,0.2866205717305806,-0.6115942373379445,-1.0304559469532104,1.5715998097630823,1.1516515749515623,-1.2346119391158576,0.4519150900083343,1.5199054439619233,0.5165449336137173
TCGA-C8-A137,-1.0079285035815664,-0.82509320723378,0.3859654074158505,-0.2059772355335113,-0.9165005824891236,1.2848302087072632,-0.6089386114480188,-1.188919730248218,2.431611507993731,0.4737410434057406,-2.07481710768732,0.3122455115169153,0.4013968870105153,-0.17787775671158323
TCGA-A2-A3XW,0.1933574719765294,-0.3549171319219214,-1.0593918504745066,-2.073166095531049,0.4269866279066446,1.272552528554317,-0.9195313785738845,-0.0109351794072052,0.0412217128731978,0.3527597369831237,0.731923325902829,-1.3242350912742469,-1.674726083406742,-1.1466736376643802
TCGA-A8-A079,-0.9463289688479404,-0.3522301879621292,-1.0541467754510092,0.6660796910148457,-0.988916378409507,-0.4714161188279364,-0.8908583164290573,0.4191003142813782,-1.5959557622160914,1.84966877872136,0.1614718279554629,-1.968275945175174,1.0536886943896258,0.30887371911995387
TCGA-A2-A0EU,0.0868993931942607,-0.7038966141094044,-0.4166478921350952,-0.4177463244936998,1.7806145382465852,-0.523657403303415,-0.3283274757460764,-1.209766521295029,0.8457687688293686,0.0084436399312612,1.0478761883924312,0.2347403875932411,0.2454874711364373,-0.09020431931287741
TCGA-A2-A1G6,-0.3718847173774229,-0.8433225012853665,-0.99825303221911,-1.1638559137114348,0.8043077638663697,0.23261834508177,0.7192207194995007,0.8011036745445387,-1.0023643225950236,-1.929276461879976,0.1078931678590925,-0.2655685502864677,-1.9833289618571648,-1.0697196177669197
TCGA-A1-A0SI,-0.8888039910261041,1.0239475860089815,1.0506477735025874,0.6620758364763464,-0.0098722371731963,-1.3522296109159015,0.115431459193356,0.2530302693882105,0.0897068134169334,0.2224218603176654,-0.7658606756106799,-0.502199711396888,0.3919098247822045,1.5754286003840483
TCGA-BH-A1FB,-0.9063835405228536,0.6372604535154532,0.6104723915003711,0.3240982892373796,1.05396806371903,0.2932241048805712,1.1079812573852963,-0.1977111586509196,-0.4107139389582448,-1.228216239824515,0.1718899007519774,-0.0758680780070801,-0.4942139468750458,-1.4004706980626263
TCGA-AR-A2LM,-1.6898409463167108,-0.1987748297634906,1.112184088795097,0.0387801332112694,-0.435968273477923,-0.6102859752192135,1.937999053647554,-0.3816700039693886,-0.8782606367909948,-1.1484152182396865,0.3739260981987181,-0.1625134613727861,-0.3358282469617137,-0.9603455418855493
TCGA-A8-A07I,0.2595857815942195,0.3462832707746816,1.3172035934546278,0.8549571768527455,0.9125581804483854,-0.2516896676445548,-0.2040518815639913,-1.987295484662525,0.7328158301691269,0.5568410380853115,0.2311736959512065,0.3907662198230371,0.7627735590767312,-0.15553963522753317
TCGA-BH-A0C0,1.4024641521783845,2.011848304575325,-0.5154025596963941,-0.0307650793161376,-0.6614277618073616,0.6893871788196185,1.462103196706868,0.2172526685376054,-1.1716078847996545,-1.6945374625352938,-0.5654988112919536,-0.4432958172148949,-1.7867055772337903,1.647404895444431
TCGA-BH-A0H0,0.4207198527938334,-0.0584092433765406,-2.6327405400886144,0.96776142645916,-1.842974837511756,-0.9745564297968274,-0.4004142480913976,0.2452831510937885,-2.378366520138661,-0.64808044534521,0.8953878490672209,-0.9887715342087484,1.6309201517996557,-0.7291786128219677
TCGA-C8-A1HM,-0.0202251210308952,2.609508330657271,-0.7380857526178856,1.246725639413291,0.1604666367357479,-0.8732533397699381,-1.122590540823707,-0.5188644261288018,0.5121962329760751,1.2413495158206125,-0.1034448802988198,-0.1116273386311742,2.0705409675997037,2.3880686248336054
TCGA-GM-A2DM,1.4739814836933505,-0.5255855488548887,0.5265811744799216,0.1530640681906103,0.5204925911955938,-0.8403335041407274,-1.0331074945327972,-0.4604088971799733,0.8845072903881585,-0.6952898879078689,1.041302880556536,0.2809227510898306,-1.1982182832816963,-0.5529744078556693
TCGA-JL-A3YX,0.3328087680375971,-1.4942440696004384,-0.8161915855035624,-0.5271560017739971,2.10362382726603,0.4081744967507724,-0.8185021327615681,0.0840022338735379,1.2723467956745642,0.5058775916562255,0.6455401389650495,0.4543738732500498,0.689996535949041,-0.47117113998284077
TCGA-E2-A15I,0.6468424425014686,0.4642174897190733,-0.375593382980581,-0.7760042653733343,0.4329590646835828,-0.0154788411163828,1.6827895568927058,-1.238783000725048,-0.9143560182860748,-3.290273499999573,-1.2967483018665118,1.3602751423937902,-2.287879739152445,0.1857938533180109
TCGA-AO-A12H,-0.7011271633994077,-1.1855207731896529,-0.2156695552872726,-1.1092816355453687,0.7769340953054031,-0.7532646966815957,-1.7151799875940867,-0.04854391730922,-0.4892234586632262,-1.4164567821873024,1.7714981613838234,-0.1726693051972656,-1.0520210463667712,-0.6388356600211044
TCGA-E9-A226,0.9838105786927488,-1.2608071266937413,1.2792384122010694,-0.379274504797688,-1.5958652658659116,-1.1379816464939945,0.0085521389568595,-0.557318304208388,0.4965438879112738,-0.0096438332433459,-1.0588689730127117,-0.5315447548686789,0.2778721208446037,0.25719285457475255
TCGA-A8-A09R,-0.3930000425489688,0.774712791456697,0.6779901033529034,0.1163330548156811,0.9229477319249352,-0.3388563052244269,0.0860271377455047,-0.9997491871680462,0.3849538183463884,-0.1532629205574522,-0.5484454183214627,0.1108925447441731,0.86057069886078,0.3257634179181138
TCGA-AC-A6IW,-1.3392264041045074,2.0694630978345603,-1.4502544672098123,-0.0896043329688651,0.1545564128419016,0.5633819833057294,-0.1868480442770929,-0.0802366739682225,-0.9378551854150236,1.6435682785698051,0.1085132912398361,-1.4282523127607747,0.510610661001517,1.131000234446497
TCGA-E2-A14U,0.1488855352337182,-1.0699970671542876,-2.526111323812407,0.0271167308599913,0.0965117929160302,-0.0961886907273758,-0.2356114935891717,0.9085773337926184,-0.8368789751684891,-1.7714661023738425,0.6919873801828487,-0.933021296793304,-2.025072035661733,-1.4004706980626263
TCGA-AO-A0J9,-0.9870557646676882,0.2780033770942002,0.0135064121468057,-1.545179538345466,0.4898838527137775,-0.8492849601884921,0.1455285526124942,-0.8835424127517085,-1.9364252416731365,-0.5456700822921215,0.170587641652418,0.4983647125529368,-0.7671519032536146,0.8694075592240346
TCGA-BH-A1EY,-0.3439945357306517,0.6058775806584442,0.4326550751568286,0.3209648378594186,0.0746750709503455,-1.2210883340631309,0.4017387199925295,-0.8193117592561322,-0.0917612715823655,-0.0354099506901959,0.7273344128853175,-1.2367879307645018,-0.4287371377332089,-0.27022927267460123
TCGA-E9-A1R4,1.3013934460452523,0.9251444050908846,-0.0693407684299473,0.5104516059097005,-0.543347709696636,-0.8258057312107487,-0.7696232214542765,-1.6741710488715935,0.3260200547382834,-0.1527225715160771,0.8121672913712403,-0.9733774130432176,0.4582549413144283,0.9649451999388997
TCGA-V7-A7HQ,1.594504000763657,-1.2728929718054196,-1.2927051464554975,-2.4227200048052424,0.8755415150079846,-2.084977215262974,-1.950914894489492,1.7214613279219373,-2.0924531035592,0.9032616524562322,1.155839668980141,-1.7563929719107303,-1.8318575615339563,-0.6097395062909394
TCGA-D8-A27R,0.1112810942774113,0.4636183028268969,-1.342299592209486,0.0859559845127189,1.1372711141807117,0.6982897198070129,-0.6805635358124847,-0.4709731493996433,0.5524628198842058,0.3871429996688182,-0.557933306046864,-0.5462974543189779,0.6199530731244253,-0.29410800153563177
TCGA-D8-A73X,-1.2817368584425537,-0.7897587295998226,-0.0465984869746315,-0.1722926332204798,-0.2692999596714748,-0.2265473266142208,-0.8056858512928058,0.1716150989486447,-0.784140071084712,-0.3971025353359002,0.2330340660934373,-1.2451798648721015,-0.7438684013780298,-0.4187071130649698
TCGA-A2-A0T5,0.3384625903234097,-1.2029881044172015,0.8372007887297009,-0.391547189361345,0.0528383489846608,0.265440350590242,0.4704770944766421,0.8178656213997447,0.7017589344205,0.2472494767979075,0.762991507278156,0.036594529396652,0.6520482870357953,-0.8244970196487085
TCGA-C8-A8HR,-0.0903325472324544,0.6937403992584316,0.4638051733739812,-0.5675427084232059,-0.600210284843739,1.5258347111517236,0.0128627201115178,0.599819455585816,-0.0923394584713043,0.0817604730195325,0.702653502331665,1.4112681687546051,-0.0118531117481292,-0.15553963522753317
TCGA-E9-A243,1.4919964440446294,1.85565706552358,0.8046487810943735,-0.171770391324155,-1.1601884455648457,0.1889371961710944,0.7243010472889205,-0.9272079885929976,-0.7262800831274908,0.0769542104935763,-0.2289578525616197,-1.3211348863172994,0.5752834818189192,0.35905637466185736
TCGA-LD-A74U,0.7813285811372349,-0.4893590346235204,0.3705919571959318,0.0183256589385026,-0.1122746427444543,0.4891289216636172,-0.0060730471035895,0.5551678828706886,-0.3458744092702844,-0.1425412579995492,0.2836981463003151,0.7368132351898381,-0.5620062423912493,1.6861353787140385
TCGA-AC-A3QP,-1.3352955320777318,-0.2045082394651016,-0.0068096910751641,-1.131999158035549,-0.4229657809114585,0.0630298307779458,-1.1266317106561994,1.2807207253174284,-0.985390407498366,-0.6132705913110587,0.8510490273439499,-0.1310303455168913,-1.834333845573212,-0.6097395062909394
TCGA-BH-A0BA,0.8729471991143731,-0.0153997042067564,-0.7097854861992272,0.2651719952685918,-0.9823218128016368,0.0797098663642178,1.1071345360870606,-0.8476239552048416,-0.3621462402875183,-0.9519272431400468,-0.5312059883367554,0.4099554194703456,0.6900286954820194,0.4395909137162569
TCGA-A7-A0CH,-0.3673183447486995,-1.2070740163324392,0.459006802853661,-0.5428232586637775,0.2137208646634531,0.2410317354654617,0.1319810118407107,0.2344371854815972,-0.8325425735014568,-1.2134561791678784,-0.1973315601436212,1.070512882538454,-2.066975907131191,0.1113229996056972
TCGA-E9-A295,-0.7899689707824479,-0.1181084426790155,-0.841265226025872,-0.2867506488319321,-0.3811587234728881,0.6655166293589129,0.5495685611982847,-0.8648084721488308,0.5960333318719732,0.4925963810075744,-0.4928823634067083,-0.4730150233539045,-0.7567000550359839,0.6329706705496854
TCGA-AC-A62V,-0.388688753376299,-1.1940948438164738,-0.4059879463646142,-2.2030302470841097,-0.9650888441848428,0.5120211699169158,-2.1966180203050456,1.802876498361505,-0.9390115591929012,1.5058645912876456,-0.8575769236228676,-0.5353398333504537,-0.1296534810440763,0.35905637466185736
TCGA-A7-A13H,-0.1352507644485807,0.5247754205923627,0.0918996115276252,1.20686117466041,-0.1982528471791389,-0.2100140362090602,-0.0789680534154094,0.3447279786549199,-0.603663163609303,-0.7087132956726712,0.2636061487641695,-0.3531760662250228,-0.7950663778779328,-1.4004706980626263
TCGA-A8-A0AB,0.4234380928307129,-2.041587391110114,0.5249743880484633,1.0728190879367354,-0.8124184290743488,1.9069808615570896,0.1703913689152575,0.3066966706641194,-0.8664078055677841,-0.1404936195269507,1.0388843993716292,-1.3963950342376668,1.0334281886139094,-0.4187071130649698
TCGA-C8-A8HQ,0.8105969752494561,0.756885430562134,0.2469073621693281,-0.5037421567553837,0.6299872654394699,1.1267856486508283,-0.149399870495996,-0.7729699061858596,0.9708223330937906,0.970776843205478,0.734589856440033,0.4927522725446724,0.5746081316263935,1.860856350350768
TCGA-A8-A0A6,1.4171474413301304,1.3399337236387474,-0.009239327365717,-0.5420398958192872,-0.7457884312816213,-0.6251072385114141,0.51981785376479,0.1086521557194254,-0.3323696155072509,-0.4792640290488663,0.1992993541809106,-0.0179797682075346,-0.4019482467630956,-0.4980116837583861
TCGA-A2-A3XX,1.3678128631106632,0.4246753175314759,-0.4771255377918014,-0.10239925942885,-0.594300060949896,3.294750039322829,-0.3351782207954447,0.6241876640391797,1.016457798256338,-0.3968181411035977,0.2427700031711405,0.4530375780099877,1.0100803676723702,-0.342876871457709
TCGA-AO-A0J8,1.1435572682255122,0.1933452634280941,0.9204508208816076,-1.0458292451417632,0.5056859250194321,-0.3136650491337228,-0.8183481834346161,0.8595592034933647,-0.6197697983725524,-0.7706827988919671,0.3809334924011363,-1.2482800698290462,-0.3153747839881338,-0.6097395062909394
TCGA-D8-A27N,-1.068714869989834,0.1060761860269451,0.2780647268614776,1.005623963942796,-0.910776997244556,-0.54087550455376,-0.6071681941880692,-0.5804188023953947,0.0852465145594192,0.43787893071206,0.8767221353068011,-0.55864482233716,-0.1559921385525035,-0.15553963522753317
TCGA-C8-A12V,-1.1704057646862076,2.262793128613041,0.3102328103000539,0.5012253324079381,0.0775990764557194,0.1802303154251807,0.5182783604952691,-0.0822086677158916,0.4032906025383992,0.3655859168600865,0.3681589507577872,0.2765397027024255,0.1783705258127571,-0.11170994239412738
TCGA-A8-A07U,-0.8058819688255054,1.607094222112498,0.1135373211835577,0.6110702112685091,-0.3002819754518424,0.1820401726588828,1.862217497455381,-0.0450224999026625,0.3716142208373366,0.410719281526917,-1.4846456862322588,0.8358059865737318,0.9368209515500224,0.2745917989701312
TCGA-E2-A15P,-1.5427497828902923,-0.6865466691466536,-0.4819223105659462,1.900137292033171,-0.3843937933937313,-0.6998983658176001,0.5716602896159104,-0.0861526552112348,-1.1024732525081555,-0.7254641159554452,0.4882148372700258,-0.5110192599813026,0.0823100008094844,-0.1334860835469118
TCGA-E2-A570,-1.066015417140549,-1.029541048165179,0.5455464702201778,-1.0819509763043105,0.6474068727055429,-0.7210785869579386,-1.41393964208056,0.1185121244577809,-0.0574830488810898,-0.2839420703016773,0.740667065571338,-0.5968094143933682,-0.5694029349760331,-0.6985374519430598
TCGA-BH-A0HO,-1.258584081559853,-0.2758850741012666,-0.5179663799679691,-0.525154074504749,0.2234882873090678,-0.0820522382803595,-0.4253925263893767,-0.0995340413561478,-0.3419096991747122,-0.8564276599319743,0.7755179995692076,-0.2415152359653325,-0.0221441623008725,-0.8574728813470994
TCGA-BH-A42U,-1.3634871985691537,0.1387427649518935,-0.5722335447477456,-1.8237085497193293,0.6811884682251038,1.4272219494452023,-0.9538620784842043,1.3931243689346846,-1.1303914194311246,-0.8261112347682422,0.0612598896270636,0.3117109934208921,-2.326857093120964,-0.6985374519430598
TCGA-BH-A42V,-0.2905765913126662,-0.0209623467696296,-0.649030488479855,-0.2272150726507653,0.3044894610963073,1.1061434931745622,-0.2711737881151085,0.6750369313898456,-1.042259217931694,-1.0167122492591634,0.7915791951305043,0.9238411169891014,-1.494053827140122,-0.17787775671158323
TCGA-D8-A27P,-0.2827361784039806,-1.56705443337581,0.5566440780501152,0.2096402736259243,0.4795565141203227,-1.313488883102625,0.6599887159546801,0.4092403455430227,-0.4168262003555847,-0.7324602140701526,0.5225076602252284,-0.7713295727456423,-0.3976388693441348,-0.6388356600211044
TCGA-LL-A5YN,1.0467910704906207,1.5753120101009508,-1.123326121712234,-1.6077615255885274,-0.539490510944861,0.1308750195115499,-2.0070294241635334,1.509331143351022,-1.591619360549065,0.2328306892200359,0.8924112568396472,-1.6652041847288093,-1.038803478313091,-0.47117113998284077
TCGA-LL-A7T0,-1.6349047474061615,0.7400295522124452,-1.3656711548807974,-0.1241593384424349,1.5992639840301623,1.3038581671913083,-1.2084942652629806,-0.1381287761319959,-0.0143255275282738,1.5061774249431796,1.6991297628508757,-1.4525728861299314,0.6144859525182789,-0.15553963522753317
TCGA-EW-A1OY,1.334019362900281,-0.2997044198840984,-0.4960997896426045,0.1521066247140118,-2.2438124432806825,-0.1039172702658832,-1.1128532458939873,0.2938787113042565,0.5582859878370733,0.0121692043744583,0.2149884757137567,-0.8256900631114173,0.5790139876442871,0.1857938533180109
TCGA-C8-A12T,-0.3392192501829644,0.0353999829765437,1.9277416111203165,-0.2653387310825698,-1.6791061034444978,0.3618030195197289,-0.4911673763296614,0.2100689770282285,1.22200323727353,1.0307271473754054,0.3432299908518328,0.5793976559103785,0.4113985017664622,1.3582041391271502
TCGA-BH-A1FR,1.4945991167538335,0.0965880584600511,-0.1852045563227801,-0.3778818597408189,0.6706744909823669,-0.3652215227640181,-0.899325529411422,0.3047246769164478,0.2435458249377357,-0.5348062226180628,0.366298580615552,0.393011195826344,-0.2083800177725705,-0.8574728813470994
TCGA-B6-A0IA,-0.6004942628573329,-1.8041314830590287,-1.5899077965793056,-1.5619783193439505,0.8037478479185364,-2.596775491917407,-0.6647837297998944,0.4093812022392821,-1.3957792014533212,-0.5202452379240384,0.973275345688802,-2.73493525030431,-0.0261319443900608,-0.4980116837583861
TCGA-WT-AB41,-1.669875544541099,1.5393785445735404,-1.9482194645913893,-2.989091341370786,-0.6861884892784202,-0.7956251389622745,-2.7191220359804804,2.1469894073301274,-2.890516206546571,0.1655145744334043,0.6576325448895739,-0.8869992887255247,-1.5239943523420127,-0.17787775671158323
TCGA-E9-A5UO,0.7796078641828593,-1.9445022158511585,-1.6755546601490194,0.1645533899097801,0.5402762880192006,-2.480504393417207,-2.2815595614508686,-0.4830868252781917,-1.044778460804922,-0.4570528395058306,2.0732501984543643,1.2869392596191125,1.0996768265472003,-0.5529744078556693
TCGA-E2-A9RU,-0.190675858127983,0.0345340201856609,0.1709801616775059,-1.896561294256809,-0.9194245879945008,0.407734261207439,-1.6387826340941052,0.9764702613910142,1.1095045883117396,2.0507070615378784,-1.5900666609589176,0.8019709910953273,0.4556500191432652,0.30887371911995387
TCGA-OL-A66J,-0.4198954796249982,-0.6686333585074137,-0.1462943875049411,-0.8564295174075324,0.4873953373900566,-0.2783972906067381,-1.040073701577381,0.8646300445588031,-0.1252961111407235,-0.6909670955768279,0.9587644585793668,1.3651392570676228,-1.2605112986587774,-0.027245366702401373
TCGA-A2-A25E,1.359152385371602,-0.1429355612730555,-0.3832242155199276,-1.169687614887077,1.976025204042054,-0.3079909021307684,-0.3727418565717575,-0.6207038175263906,-0.1665951746362442,0.0787743335803307,1.3651933223196693,-0.1778006789191111,0.6289899018910546,0.0728507408827852
TCGA-AR-A5QN,0.2999021615263678,-0.2235481318827197,-0.3443529825333115,-0.2096329288077909,0.3142568837419253,1.964602802673301,0.1457594766029218,0.0854108008361594,0.1784172018053058,-1.18387917900814,0.5284608446803801,0.2395510504574693,0.5165280150693449,-0.3930595269996123
TCGA-A2-A0YH,-1.2998684298384984,0.6263556860365015,-0.0095385598703837,0.0195442233632666,0.4931189226346206,0.0363711228761326,0.7424670678692686,0.0670994303220699,0.5988003691261707,0.251885102784484,-0.3452309864513157,0.0706967839230667,0.7645744929234618,0.3257634179181138
TCGA-5L-AAT0,-0.59812959418223,0.660492467229967,-0.0093068271602843,-0.4468177900558501,-0.6381601435305408,-0.3167466979370523,-1.1530340202284866,0.845755247259666,-1.3952423136278764,-0.7271704813492768,0.8676683339479225,-0.001035544563533,-0.8187357941492447,1.203358604192885
TCGA-AR-A0U3,0.6984792991250585,-0.1232704960779794,-1.4960600779307804,0.1776964776339877,-1.3473870107920198,-0.8794655524369663,0.3654836534953078,-0.8615687681347997,0.9663207351727824,0.4701861155019262,0.1622779883504317,-0.7208710644808506,1.370717370480108,-0.3677863716473534
TCGA-BH-A0GY,-1.4682847867071076,-0.1725346294961418,-0.4139822987233501,1.3504776961500606,0.2611892944634991,0.5477291639872339,0.1607695359807516,-0.7116972433117905,1.7908978369242776,0.985536903862118,-0.9244882364052586,0.0152138055556353,0.059315934730696,-0.29410800153563177
TCGA-A7-A0CJ,0.4883520383632807,0.0710607994035536,-0.4828025932354206,0.9579258707450218,-0.4441181611631228,-1.0113894702556616,-0.9652543286786608,-1.043555619705597,1.4465462454986544,0.2138900333485122,1.377285728244198,1.041328194495473,0.1511635609139385,0.09219373982862697
TCGA-BH-A0HK,1.0418055549272789,-0.7670442770855843,-1.2239276043420382,-0.7569424361574305,-0.4331064808556377,0.4959770301154587,0.483947660584951,-0.615210406372164,0.5784399308228827,-0.3403374465677903,0.1939042807684303,0.9401973707274784,-0.1845176443033929,1.5173019758107558
TCGA-AO-A0JE,-0.7745354617949941,1.1235190671324298,1.096354380125268,-0.4558699829254982,-0.2008035753859583,0.0737422289990414,-0.2583190193146079,-0.8510045159151347,1.3149674292019382,0.2634883874625319,-0.9744701808933116,1.3349924364517902,0.9940970797826384,-0.06896257556988122
TCGA-E2-A150,-1.5626677123044994,0.7116351666280186,-0.2395912903084362,1.720311999064913,-2.512074395178181,0.8113813393831437,3.386508270939882,0.4781192700152493,2.36536781014692,0.8496533396667069,-0.531268000674823,2.045954955975086,0.3622908949100862,0.3917211247779103
TCGA-PL-A8LY,-0.9499426389732828,-0.8547222290623243,-1.75113884245376,-0.8883733133994751,-0.3424623101889739,0.9226631017255724,-0.5636390219923644,2.708303341935108,-1.339529876972426,0.3842421784993062,0.7275204498995428,-1.46353050709845,-0.6525996467883779,-1.2272081767187797
TCGA-AC-A62X,-1.6242673853768577,-1.106823002848563,-1.369734925178109,-1.527858515450654,0.3830643324429045,-0.90304261153545,-0.249543907678338,2.498145151111863,1.282093374659504,0.1331505107970767,-1.9737369966258795,1.121933523376092,0.0244871605162516,0.1113229996056972
TCGA-B6-A0RE,0.3470296743782218,-0.9089262209691792,0.4689190035811919,-0.7753079428448982,-1.4512825255575188,1.2666827213098817,1.026772987418062,1.9520437397032064,1.276022412325664,2.287977169550079,-1.5375422106098136,-1.16104671655771,0.3270118872339581,1.2334668482151103
TCGA-A2-A25D,-1.3037208167257346,1.5875786161116834,0.4404973872091016,0.5545810461492462,-0.1298808886598094,0.6282922684171155,-0.8613770203177294,0.3698004705895981,0.7034108969603198,-0.1713219543088325,0.06063976624632,1.214298250369268,0.2092115179380132,0.03350403819873197
TCGA-D8-A3Z6,-1.2124222656222778,-1.0192583142869305,0.2899963794301273,1.0459236302759476,0.7993929461020165,-0.728562591194596,-0.2662089223209025,1.3650938863785014,0.4062228360465785,-1.226794268662991,0.2016558230277407,1.5346883971268557,-0.6297020593085223,-0.5252749305992134
TCGA-E2-A10A,-1.377446304750146,-1.1511321408942168,0.5642177744948722,-0.3840617221806744,1.5889988583197996,-1.252198312458641,-0.6805635358124847,-0.7393051557791879,-0.2785982348360868,0.2094250439013214,0.2705515306285155,-0.3346282882929433,0.7136016331543984,-0.6097395062909394
TCGA-E2-A1B0,0.6748342884643652,0.5997244346450162,1.0285579380430745,0.8539126930600898,-0.2052829029686586,-0.2180361061097896,1.5485842311222109,-0.2430670148473565,2.08040427202785,0.3463324273330287,-1.6936892778814177,1.512933510618623,1.3118654251316009,-0.1334860835469118
TCGA-E9-A1N6,1.0280286798577536,-0.6977425895173467,1.6233739078305705,-0.2806578267081275,0.7814134228881068,0.3107356964931381,1.2205951900507583,0.54192735342204,-0.3406707272698467,-1.354828552046773,-0.6755707113742003,0.8312091309479124,-1.272153049596571,-1.4004706980626263
TCGA-A8-A082,1.441327976515066,-1.542830585684267,0.0170866167220863,1.4721600579940115,0.6770202050578662,-0.4224521433972669,-0.1966623138702912,-1.2087805244211909,1.0169120879547917,1.6607741296242675,-0.771379773699309,0.2990429145450928,1.402072915133,-0.7603718963001215
TCGA-E9-A1NE,0.2710008924702534,1.9121531463786048,-0.5939626548402608,0.3788466480355477,0.8089115172152604,-0.0190496405234149,0.8392242198586648,-0.924390854667752,-0.4161654153396521,0.0520981545901043,0.9778022463682414,-0.511339970838917,0.4057062644294761,0.03350403819873197
TCGA-AC-A3QQ,-1.5611920050159225,0.0423924694308739,-1.1219835603738513,-2.298339393163604,-1.056044079266976,0.0426811656639021,-2.2388771105533976,0.8518120851989414,-0.9562745677340312,1.0365856685608923,0.4201873024022964,-0.7389377761265056,-0.4546255617799568,-0.5252749305992134
TCGA-BH-A0DZ,-0.5651402802807375,0.7558582706136947,1.964021058169256,-0.4677945062249417,0.1849162997913406,1.1246823010549054,-0.3536521400296969,1.7640000501931326,-0.3296438773165473,-0.537223573592658,-0.068221872272504,-0.7663051026430026,-1.0614116299961502,2.9537016745014837
TCGA-AN-A04C,-0.9266569854826122,0.1151694088557676,-1.471706895321446,-0.8114296740074485,-1.0230712512276257,1.6395133114522968,-0.1782268819677762,-0.2984236964784132,-0.7388349984301311,0.0271852198401708,-2.038973976280256,-0.0334273411826697,1.342481300526015,0.34248992866927885
TCGA-BH-A0RX,1.182612175048095,1.5285656005021184,-0.1756478427213426,-1.4446479733027118,-1.155771330865234,0.8986458070837562,-0.5786490813701932,0.888012256138336,0.1415371381038084,0.6113309729949787,-0.3189997674457975,1.2366411067831309,0.1640916931708232,-0.2005078880462478
TCGA-AO-A0J5,-1.2885228494974597,-0.7532647636162589,0.4437398973812513,0.4263706606012136,-0.3534739904964523,0.7780212682105997,0.7221842440433286,-1.0979263044628205,-0.9839036412125278,-0.4976074570325475,-0.4817821548913736,-0.2089630839173857,-0.3479202313611899,0.09219373982862697
TCGA-EW-A1OV,1.2096475835856966,2.1156355568298904,0.3205744731992371,0.7860212465377173,-0.1428211683431754,1.371556610743802,-0.4696529578881058,0.3543062340007516,-0.7649773056227926,-0.1189649761414504,0.6531056442101346,-0.4947164580525299,0.1320929578583838,0.7941269859481933
TCGA-AR-A0TY,-1.5408012338788073,-1.2164186219001831,-1.6968097682699703,-0.3518568052405693,1.2424108866080712,-1.0853979565959229,-0.993388568179156,0.2244363600469772,0.0943323085284323,0.5595996621386706,-0.0576177624617598,-0.4562846069483116,1.141033985956044,0.561127149995274
TCGA-BH-A0DI,0.3234212692068673,-0.0489964021830429,1.576408627975669,1.8924777442203828,0.1236366099446227,-0.0627797044944616,0.3972357021791807,-0.8112829275691864,-0.4692347119313926,-0.7509173997467568,0.0700036292955682,1.248347053086084,-0.597349569133332,-0.17787775671158323
TCGA-AR-A5QP,1.7702971416075848,-0.4106529511066347,-0.4321555927053724,-0.5510920886889414,-0.3709558106456204,0.6842021824203668,-0.1106046401040644,0.4329042705150769,-1.179991594689244,0.1253865482551426,-0.548941517026062,-0.8391064673216514,-0.4288014567991633,-0.5252749305992134
TCGA-MS-A51U,-0.7531988492924832,0.225086243975275,0.3997895254268954,-0.0513936342210157,-0.4379590857369024,-0.1834042433676181,0.344931418347203,0.3547288040895373,-0.0998145889639945,-0.5222359975501755,0.7068083289826581,-0.1157965797801706,-1.24713293294021,-1.4004706980626263
TCGA-A1-A0SF,-0.7129391815421405,0.8581464141382801,-1.1711984516466147,-0.0736759551309254,-0.5025982712706439,0.1512236846255935,-0.1709912636010272,0.0755508320978039,-0.5288292605554243,-0.1153247299679447,0.4934238736682853,-0.789342832581693,-0.3956449782995406,0.013490169104885524
TCGA-D8-A141,0.9369874933592448,1.4861340567816017,1.4744679255782402,0.3605681816641372,0.2961529347618253,0.4953411343306446,-0.0476008780489173,0.0248424214433999,0.0454342173497395,-0.91342026408593,-0.0984218809147857,0.2380009479789956,-0.0995199986443198,-0.6985374519430598
TCGA-AO-A0J6,1.4804597166973,1.1441797607653004,-0.9312048663124624,0.8097832528205472,-2.220980315185508,2.163002287535232,0.3565930798638242,2.6978799464117023,2.124759466222038,1.3511256894904036,-1.701626857154953,-0.8117925926147588,0.8161905433520702,0.8195859799990648
TCGA-B6-A0IJ,1.676931698338424,1.9135560732740784,0.3898728620539609,-0.0692368990121555,1.0806573905659795,0.9445770487714656,0.9255128176153192,0.8356135651287842,-0.1230246626484739,1.4202334879405596,0.2787371592543486,-0.121836634265258,0.8517268272920164,1.1932050243810246
TCGA-A1-A0SK,-0.5320314904878327,-0.8972110928377826,1.7994509013064732,0.8111758978774195,2.2799351379519126,2.559018616293168,1.4360857604519646,-0.9503084867800042,1.8320317041658107,1.2452172773799637,0.7373804116533859,-0.8293247861643906,1.8517275052219777,0.22186141611739182
TCGA-GM-A2DB,-1.504079693915347,0.7632685044250682,-1.6712643799710571,2.0133767432198497,-1.6393520711479987,0.933082009584446,0.7135630817340098,-0.8786124283825296,2.020520629959352,0.7354121765497232,-0.3617882807172072,1.869617436096331,-0.9542882256486758,1.1097584907035007
TCGA-JL-A3YW,-0.1704753709198439,0.4574631134153525,0.3046798666987264,-0.9684504041694628,-0.7059099732189384,0.601291155092711,0.5131210580423747,1.275509027555723,1.917190373093571,0.5702075670036538,-0.5897456354790833,1.161541314291571,-0.0031378783112723,-1.4004706980626263
TCGA-A2-A0ST,-0.6988794231918634,2.1203140402837826,-0.5871601143636802,-0.7019329564110971,0.4765080828487618,1.085696997939778,0.6268126359965023,0.259368820720011,-0.0149037144172126,0.7449962621784088,0.823577561576949,0.1720414149294731,0.7054331117781583,-0.8244970196487085
TCGA-B6-A0X5,0.3581052916980901,-1.181587334689453,1.4972624763642868,-1.745720426534647,0.6814373197574747,-2.2587235096982736,-2.161363624433013,-3.39600330398107,-1.8763351042871568,1.4799278373014144,0.0912118489170522,-2.829865664158409,1.121931223367511,-0.29410800153563177
TCGA-A2-A25A,-0.074769063276815,0.2124668006247439,0.2816447718038794,-0.2169443153563564,0.4901949171292467,0.6169928894715768,0.9410616996374808,-0.0772786833467151,-0.553897792097205,-0.1481153849527321,0.0966689346676046,1.54030083713512,-0.5335450557063167,2.3778249239672844
TCGA-A2-A0ET,0.0593934506914099,0.5820071983369369,-1.0531650864474114,-0.7530256219349886,0.201278288044832,-0.6234441264588244,-1.346856222861182,-1.5479634490206362,-1.71097365405111,-1.5988672427878372,0.689878960688316,-0.8933066022586221,0.3144375098398242,-0.09020431931287741
TCGA-BH-A18H,-0.1375991832881758,1.91884607579236,-0.0446410842114394,0.2792725264693917,-0.8542876993960111,-0.6337162891365857,-0.3621963276755371,-0.0412193691035862,1.0454497408301937,-0.253739402830868,0.2365687693636869,1.2430553239354345,-0.4448169042218734,-0.1334860835469118
TCGA-C8-A1HN,-0.7947591063949984,-0.3587249957790135,-0.3168094269898792,-0.6630259351348053,1.8176934165700849,0.3329431339012531,-1.5685047663404696,-0.388149411997451,-0.5116488501412882,0.1355394223484391,1.0697045313946545,-0.5483820748934747,0.9477873522952892,-0.027245366702401373
TCGA-C8-A26V,1.4579566023771375,0.1861779247997512,-0.0180299976788686,0.754425611809991,-0.921726464668946,-1.861631049612191,-0.5332725172510613,-0.9690424273828794,1.3987219299708455,0.4149851950114951,1.2486101267396037,0.2359697792141003,0.1758299227075463,0.3257634179181138
TCGA-BH-A1EN,1.7572902812487774,-0.9138705264258948,-0.2188009143458581,0.0549696319973746,1.3752976048949583,1.1370088962682214,-0.3939483763594101,-0.7648002178026493,0.1491774648504774,0.0423149929988062,-3.020381238647364,-0.9555245086359714,-0.3155677411859973,0.30887371911995387
TCGA-AC-A23C,-0.8556933523579815,0.3370268001986302,0.0089506792267979,1.262044735038858,-1.6364280656426249,-1.1789724670843038,0.2905103312696353,-0.6509880072227691,-0.9678383055127724,-0.4597261452895015,0.8011911075320499,-1.161474331034533,0.681602897841959,0.9415505142503956
TCGA-C8-A12Y,0.1585317395544018,-0.1897346876343827,-0.687569657204549,-0.4332395007513719,-2.375143839490243,-1.30933110297115,-1.1053482162050734,-0.7345160281062708,-0.697701131188595,0.8371968722917393,1.1617308410972205,-0.065338071515379,-0.9733266691712542,-0.3677863716473534
TCGA-E9-A1RB,-0.1019138538209808,-0.8251048063956198,1.3351650565116382,-0.2745650045843261,-0.0593936921153135,-0.5225323569148974,-0.7780904344366413,2.919024959543401,0.9808167064597088,1.636970332380323,-0.8422598761184678,-0.3045883712963192,1.682021649700628,-0.4980116837583861
TCGA-AR-A1AQ,-1.2575301226973372,1.6332972626815168,0.6234786394493331,-0.3180851626114897,-1.453646615115056,0.0929658477245682,0.2432863752270773,1.6353978865057153,0.631633124605111,1.2437384273719716,0.0185333886937304,0.7833163095440449,1.0513410484822807,-0.24667543457088356
TCGA-GM-A5PX,-1.1660946624599102,-0.3347699331408708,0.8766661887864196,-2.227401535579318,-0.5651844316623141,0.0585785602842486,-1.7416207844981102,1.2338154454621055,-1.3482852784334758,-1.9876057189257663,0.9970880835094136,0.5743197339981344,-2.0872364129069063,-0.5529744078556693
TCGA-A2-A0EO,-1.0331335892539404,0.025179568814459,0.7699701583365061,-0.2995455752919138,0.2420899393539127,0.6470756515993098,0.5037301490982965,0.3820550031644109,0.1151883355936683,-0.1003087145022352,0.4059244646451584,0.4138574015713319,-1.1064349761644072,-0.4447403915448138
TCGA-A8-A086,1.7364184316785538,-1.0146092764649202,0.5290514246536047,-0.4009475434952126,0.8498475942905281,-0.2537930152404779,0.0291428614367057,-0.4959047846380546,0.336881708437604,0.736748829441558,0.572737654065579,0.4456612282848382,0.6367725088715654,-0.7291786128219677
TCGA-AR-A1AS,-0.1752955784551393,-2.520382317820588,0.2034998196953314,0.0553177932615973,-0.2668736572308425,-1.2116477274116637,-0.2087088487042931,1.613001671800023,0.6503828994320761,-0.3779628035017653,-0.5649407002492864,0.225707031770415,0.8938558154923116,-0.47117113998284077
TCGA-BH-A0DK,-0.2961981189288991,1.223585818603182,-0.1038482511077239,-0.1922248655969279,0.9159798890185076,0.1410982671289419,0.6883538794456051,-0.5957721822879742,0.1875442948378159,0.0315364515944388,0.849684755906314,1.2994469830661046,0.1366274520081866,1.5257262279344923
TCGA-D8-A1JH,0.0762970117242835,-0.4157209908446956,0.5392253909492635,0.4436916834960225,0.9834808671745376,-0.4023969686454444,0.449193600025513,-0.4215324490116013,-0.2714947959148568,-0.8144795106669629,0.91777430311212,0.6723503528091849,-0.583167215090331,-0.6684292079208344
TCGA-OL-A6VO,-1.066955621461845,0.6490032951527026,-0.9184259887769708,1.974121560679348,0.274440638562331,3.040440640457647,0.5389075703068505,0.5186859985387741,0.4167127981744389,-0.1482575820688849,-0.1091500154016742,-1.354702622747691,1.5008670004393472,-0.3677863716473534
TCGA-A7-A0CG,0.7187500407842577,0.4454086188202432,0.3959893646933879,0.0774260335393956,0.0454350158965833,1.362458409514925,0.8593146070259123,0.2244363600469772,-0.619934994626537,-0.2948912482454274,-0.1903861782792752,-0.4181200148921005,-0.0702548236349525,-0.027245366702401373
TCGA-E2-A1IF,1.2993121722584475,-0.6251238205406318,0.2897669841327536,-1.5142802261461792,0.9552984311333536,-0.0914439298714566,-0.7108530658903113,0.8751942967784706,-0.6370741059771763,-0.071499578769719,1.081362850952665,0.551014745011431,-0.4424049392485738,-0.7291786128219677
TCGA-A2-A0T7,0.8183199097896924,-0.4236746959792818,0.4517114862074165,0.0070104178514411,0.7546618831580688,-0.6001605577225609,0.8754407990241451,-0.2548989773333836,-0.4421012272148381,0.031707088133823,-0.9458204807028912,-1.220752387883745,-0.1114190258459302,-0.5811243028056409
TCGA-BH-A0E0,1.1522765839743483,-0.7896087352487007,-1.6945357069484612,0.1756075100486762,-0.6217359423939544,0.3758905569063742,0.1366764663127478,1.316075756079245,-0.7066630279671204,-1.272610179487352,-0.2582276761327881,-0.5491838520375136,-2.384261859485491,0.22186141611739182
TCGA-A7-A0CE,1.0803061854476552,-0.5524449353051288,-0.5061734037359921,1.2538629453297512,0.2175780634152248,-0.137179511317686,1.252039340080725,-0.6166189733347854,1.5964205469238877,0.9186758198471732,-1.6419089755892016,0.6891342210243793,-0.1626491618788116,1.607788054600313
TCGA-BH-A0B5,1.187217215670079,0.1641850437943817,0.1968778705159514,-0.1848264387323053,0.1620219588130776,-0.3878691957154657,0.4692070125292881,0.0785088227193113,-0.944215241193333,0.2142881852737374,0.4702312592284217,-0.485843457658511,1.382552078615764,0.2396172681308292
TCGA-BH-A0E6,-0.7123730227747488,0.2773698756989052,-1.120930322634073,-1.1455774473400242,-2.3740862204776585,-0.1133578769173506,-0.2764080652314815,2.067546230638231,-0.5876391269730387,1.0559529157808742,-0.3363012097685858,0.3638265077833604,0.0898996505921318,0.3754657903676697
TCGA-AO-A03V,-0.0892856397923385,-0.192788746958102,-0.6078693616029553,0.9301600099236896,-1.259977910046199,-0.2037039934212925,-0.1271926800831544,-0.1284096640899048,-0.0697075716757608,-0.4548345644938494,0.0294475601948398,0.150767594707665,-0.8495124672085462,0.05328917235199838
TCGA-S3-AA0Z,-0.1888545666093454,0.696016209937105,0.0735645478838849,0.5819987457063619,0.1032929971731791,-0.0328926026082093,0.92451214699013,-0.1127745708047964,-0.470101992264798,0.2634883874625319,1.3138471063939805,-1.102891147710157,1.9464051703072276,-0.04797831385238559
TCGA-A2-A3XU,-0.3244897973226964,-1.6200014046915967,-2.375298337004125,-3.667396524382197,2.1523365147279367,1.3674966607330663,-1.1970250404050486,0.0803399597707185,0.3041315510856605,3.4618712422361044,-2.6136423132166877,-2.1509207785870266,-0.1459262047306021,-0.6985374519430598
TCGA-E2-A10F,-1.691181717170394,0.4045999064606313,1.7311240405932,-0.6145444790925471,0.0369740637959209,-0.2111879976579481,0.0428443515354423,-0.1303816578375739,-1.0309019754704254,-0.166430373513185,0.3777088508212607,-0.6391432475985757,0.2836608367805227,-0.6388356600211044
TCGA-AC-A2FE,1.6501122640169077,1.3338561888465073,0.0258929542900063,-0.7800951602278846,0.6269388341679056,1.0390320303465126,-0.1873483795896875,0.0063901942330484,-0.5282097746029916,-1.0516074215630105,0.6870884054749632,-0.110932465106341,-0.4265181299577751,-1.4004706980626263
TCGA-EW-A1P5,-1.064136396095481,0.0605959084928048,0.2760485254102544,-0.1829115517791114,0.5323752518663749,-2.3742608822929188,-0.6493503097729466,-0.9969320532428008,-0.8512923483284218,0.1008148865839776,1.4879157393691165,-1.5768483434558196,0.4983578789371533,-0.7921375654324438
TCGA-AC-A2FK,1.5192210653879044,-0.544677335342374,-1.4602440082045791,0.138093133829266,0.1933150390089144,0.2070357685081044,1.3073071484565308,0.152176874864455,-0.3492196334134208,-1.9823444256281204,-0.324766914886724,0.1247365634312273,-1.7497864333758213,-1.3555024452439115
TCGA-E9-A248,1.1128875175217805,1.5154061133615515,-0.2429001629146719,1.2187856979598506,-1.7716788734870492,0.8032614393616739,0.5602295520897189,-0.662397399620008,0.5620855016786609,-0.2814678404806236,-0.5535304300435778,-0.5843551427559774,1.7559564160154992,-0.4187071130649698
TCGA-AN-A0FJ,1.7601010513662756,-0.2991067564063733,1.133943070381649,-0.5946122467161081,-1.9017037991516577,-0.4399148199494637,1.3850130712356037,-0.3234961884130889,3.5309925782443936,1.5682322464321654,0.7998888484324862,1.952628096409064,1.052241515405646,0.5165449336137173
TCGA-B6-A0WX,0.0064330408749345,0.4068831233249266,0.8255187977666674,-1.729530927748542,1.172048115829759,1.4269773741433498,0.4698228098370944,1.0998607273167262,-1.2036146590086805,1.0322628762298558,-1.1417174566802506,-0.8768968967106466,0.2172192416493682,-0.47117113998284077
TCGA-BH-A1F0,0.3184987542636835,1.3144461273933492,0.5623266972035547,-1.0685467676319436,0.6332845482434083,0.6212484997237933,0.8581599870737743,-0.4222367324929109,-0.4978962619972822,-2.4937421341592665,-0.2367093948209301,2.099406765577622,-2.2770741360720645,0.22186141611739182
TCGA-EW-A1IY,-0.2129074067868677,1.3603448005790992,1.6964318303544157,-1.3751027607752984,0.8865531953154631,-1.331929860862228,0.8548885638760402,-0.655354564806898,-0.4961617013304716,-0.0305468093177783,-0.1557212812956265,0.4054120156541304,0.8755892007611917,-0.47117113998284077
TCGA-BH-A0HQ,-0.2031992136680206,-1.3453706801164689,0.1585747565768424,0.5175018715101004,-0.3531007131978945,-0.2963002027022673,0.0712864896898418,0.2923292876453706,-0.396341864861809,-0.5363135120492817,-0.4333505188551861,-0.9678718766541564,-0.2213724690954098,-0.47117113998284077
TCGA-A8-A0A1,0.9570631944232612,0.5903353686925098,0.8543056206010525,0.1275612555866917,-0.0271052057899837,-1.16351530800729,-0.2641306064070499,-0.548303475647604,-0.4507327314854001,0.0072491841555778,0.3363466213255635,-1.8012924919768565,0.635968520547133,-0.04797831385238559
TCGA-B6-A1KF,-0.7398323636354384,-2.691327558265665,-0.0281531489555032,-1.5004408158935416,-2.0187262322498016,1.163667604170033,0.0458078760792702,1.1859241687329471,1.448322105228959,-0.1003371539254621,-1.207450535039222,1.4671253097892525,0.9238285002271808,-0.027245366702401373
TCGA-A8-A0A4,0.6634805818003312,-1.0026797566221255,-0.9938028098437828,0.4160999033068016,-0.9038091543381284,-0.3921248059676813,0.6571021660743268,-1.6131800993900485,-1.0309432745339222,0.336634584011422,-0.2500420475069506,-1.4730449292077006,0.6833395126227352,-0.5811243028056409
TCGA-E9-A229,-0.919214864388415,0.0466171653848519,0.7058808705017902,-0.002738097546643,-0.2148636869649977,-0.7862334473711774,0.590326645508853,-0.8243826003215731,-0.8114800511187451,0.0959801846347899,0.672763555379753,-0.5761770158867918,0.5949329564680665,-0.6684292079208344
TCGA-AC-A3W5,1.2624380005641511,0.946161104495861,0.7853842456675262,0.3985177594638304,-1.0663092049773388,0.2503255969358186,-0.1242676428710658,-0.4037845052825595,0.0160705832044263,0.1802461956668113,-0.1486518747551362,0.6343995679913825,-0.2363909709958193,1.0444231747888453
TCGA-E2-A1LA,-0.0352976892371563,1.7156401961548653,-0.438127650503217,-1.0492238174678803,0.6023647453461293,-0.1127219811325373,-0.9206475111942872,-0.0565727489961658,-0.9163796723973576,0.3977793439570328,1.0610228040642264,0.1771193368417115,-1.1917220576202767,0.4707841971944106
TCGA-E2-A15H,-1.3769091522926211,-0.6622210461406186,0.3487154321884038,0.5788652943284008,-0.3756839897606948,-0.1811052355302143,0.3325769848592989,-0.1350299288142266,-1.255238488378077,0.2722477298175323,-0.2093619537300735,-1.3842614734578933,0.3064297861284715,-0.4447403915448138
TCGA-AR-A2LK,-1.4111334008464085,-0.4134630384123672,0.3779590779399367,1.094405086318212,1.0910469420425295,-0.1680449144113446,-0.0248933523234832,-1.479507094637195,-0.7295840082071304,1.1947657405690228,0.463968013082896,-1.7901210637699294,1.508263693024133,-0.342876871457709
TCGA-A2-A0CW,-0.924835460271464,0.5495954962630009,-1.6429006056136342,0.2709166561281736,-2.4862560486945444,0.2327161752025121,-0.7883665520106937,-0.8965012288078333,0.2544487777005532,0.7516226477911178,1.0115369582807725,-1.141269547004777,1.5456973894097406,0.25719285457475255
TCGA-AO-A0JA,1.1405766682064995,0.0045775867450946,0.4285908629033405,0.5799097781210535,0.8994934749988324,0.4013753033593011,1.2041610993986216,-0.671553084877054,-0.6958426733312967,0.0420305987665007,0.4615495318979937,-0.6876240389080734,0.3837734629389404,-0.6388356600211044
TCGA-E9-A2JT,-0.3961780282732949,2.34598687036552,0.2889695244395902,0.3918156551276439,-0.8068192695959652,0.5306578079179995,0.5832064891373199,-1.4545754593987814,-0.8260999195961564,-0.6257554981092576,0.9742055307599196,-0.5581637560507383,0.3052720429412858,-0.6388356600211044
TCGA-A8-A09X,0.0342371526766874,1.3907227842835586,0.7016968641755805,0.9386029205809616,-0.221520465455963,-0.0642960713659416,0.1534184556187888,-1.5323283557355305,0.5626636885675967,0.8649821887879579,-1.6577221217982008,0.3831760628594761,0.4409209530396475,-0.027245366702401373
TCGA-A8-A09Z,1.2658022192093046,1.808923293369308,-1.5491489893683283,1.4930497338470554,0.7149078508615664,-0.8269307775992647,-0.4335903280495776,-2.2170327562662213,-0.4540366565650425,-2.550677859466759,0.2828299735672696,0.032478740057257,-0.1905957960361082,4.452331056762192
TCGA-D8-A1JE,0.4921835546799223,-0.2604247413121016,1.0662516401595517,-1.5041835494838722,-0.5468938440329418,-1.4926647492390288,0.4058183771567582,-0.4116724802732434,-0.3044927476477758,-0.6634946127361478,0.0050767113315612,0.4658125605049957,0.4078931126719361,-0.4447403915448138
TCGA-C8-A275,0.4074298126196372,1.250198427666153,0.1020759069237169,0.6543292483475135,-0.271228559047359,0.6916372715966522,-0.1626010252821401,-0.1095348667907652,0.6807790101647763,0.5603959659891243,-0.9425338267849392,0.1294403226762526,1.4370946465453078,0.8694075592240346
TCGA-BH-A18K,1.3391886725810118,-0.8448689205258743,0.2175898007217827,0.4989622841905245,0.9969810628057404,0.2356510788247302,-0.1209192450098572,-0.3836419977170602,0.5476308294552283,0.3855788313911424,-0.5680413171530045,0.7566973083619797,-0.2868171187042683,0.05328917235199838
TCGA-EW-A2FS,0.5663476067091024,0.3163393120862711,-1.6235607921479158,-0.2974566077066116,0.9423581514499908,-0.695496010384273,-0.329674532356909,-1.3785128434171778,-0.3137850369342646,0.1207793616918021,1.4043851199827575,0.4037015577468495,-0.5929437131154383,-0.4980116837583861
TCGA-AO-A1KR,0.6915465658486541,0.8948540088122303,-1.223262477883548,-0.5084423338223191,-0.4550054157044143,0.5790837176845952,-0.5766862274515544,0.6506687229364794,-0.0639670018498841,1.3495330817894948,-1.109781102571878,1.1027443237287806,-0.1323870413471484,0.30887371911995387
TCGA-BH-A0DX,-1.149630699165496,-0.3394964384959433,0.464071431470476,0.6239521780445481,-0.1530240811704464,-0.8595082078058841,-0.4058409618664589,0.2765533376640028,-0.0884986455662199,0.0304273140884528,0.3150763893660117,0.2648337563994695,-0.2775551732067993,0.20392156236118025
TCGA-A8-A07E,0.0399232365569325,0.1764764539723064,0.5762497391243089,1.2995591112582712,0.8825715707975043,-0.1426090830187887,1.0114935167180672,-0.0099491825333694,-0.2812413748997966,1.058142751369624,-0.2064473738405719,1.1569979104753556,0.7995962243357697,0.1857938533180109
TCGA-AN-A0FT,0.8468784542254209,-0.2007588382813998,-1.1918897525956382,-0.8049886906194275,0.3415061265367081,-0.1512181336439611,-2.009107740077386,0.3443054085661317,-0.2913183463927057,-1.1710245597079456,-0.5668010703915173,0.836073245621742,-0.7907248409259936,0.6045900284623825
TCGA-AO-A0J2,0.3082259235892411,1.065728390639741,-0.2015651462932467,3.030529876630781,-0.0944817581798268,0.294300236208717,0.8421492570707554,0.6881366041422323,1.12102702702699,1.9271093281780551,-1.962078677067873,0.2026158500221174,-0.2564585195736722,0.1113229996056972
TCGA-AN-A03Y,0.1100658008798207,0.6784905019648977,0.5743144141790754,-0.7518070575102276,0.8714354647238387,1.2099412512803351,-1.5079257061848186,-0.3875859852124034,-0.5815681646391986,0.996258566420018,0.4471006571266304,-0.9480947071012203,1.0830181884649477,-0.47117113998284077
TCGA-C8-A8HP,0.1571369800775117,0.96879790245269,-0.5807379491773209,1.5875755170820594,-1.8267994879075464,0.3021266458679656,-0.105716748973337,-0.34377955267485,0.1103976442281877,-0.0621714479501121,-1.5988724129654943,0.3766014902783684,0.5255005247700175,1.2825120658742677
TCGA-EW-A1J2,-0.1454423496167564,0.0234817906654921,1.0257371437695584,-0.1742075201736768,-0.2511960106913781,-0.6695710283880153,0.8857169165981985,-0.0345991043792594,-0.0351815545935068,-1.4437586284886013,0.4407133863049559,-0.0648570052289573,-0.7436111251142118,-0.342876871457709
TCGA-AC-A2FB,-0.2589595180008894,1.3647495270575862,-0.5054731082470892,0.2333152395927031,-0.0070726574340062,0.1383590237482055,0.8340669174057704,-0.0013569240613735,0.1222917745148983,-0.5610558102598309,0.7569142981468555,0.9003757725735908,0.1571130745147448,-0.9960412476551981
TCGA-AC-A8OQ,-1.2472409465034318,0.6831073156313976,0.1415047907827381,0.2503751415393558,-1.433676279642167,1.1525149704056048,-0.2000107117314998,0.4431868093422181,0.7359132599312938,1.428395602407716,-1.5554637763133454,0.7697930017146022,1.2566796665425073,0.5014253580733183
TCGA-B6-A40B,0.400248430837618,-1.4532991208615351,0.5600000681686763,-1.3171339102831183,0.4611415007247601,2.443530158758895,-0.7329832816396763,0.8716728793719156,0.8895044770711206,0.24784670468575,-0.0573697131094668,-0.4677767460128532,-0.194519259059342,-0.15553963522753317
TCGA-A8-A083,-0.1911141781218348,-0.8835803986255496,-1.4902030404605209,-0.2675147389839261,0.4231294291548663,-2.2306462650457224,-2.445746518645285,-0.3129319361934239,-1.1746640154983214,-1.3400400519669065,0.9203788213112476,0.8816141874031026,-0.8349441987698182,-0.4187071130649698
TCGA-A1-A0SG,1.5414526987952877,-0.5351844337599442,-0.2360056838140741,0.9312044937163392,2.075752455640316,-1.1923262785653956,-0.3771294123898904,0.4237485852580309,0.1410002502783665,0.0620803921440135,0.7981525029663997,-1.6862107459026017,-0.5067561647362036,-0.47117113998284077
TCGA-GM-A2DI,0.2460413771481394,1.7810683991087697,-0.0711653685625586,0.5571922556308732,-1.2054794244566334,-0.3764230715888164,0.8394551438490924,-0.7981832548167996,-0.1969912853689473,-0.5888695661792733,0.7725414073416296,0.0109376607874359,-0.0618933450608489,0.30887371911995387
TCGA-D8-A1JL,0.5819572917137866,1.1905918683396437,0.923701464335538,2.254739539638517,0.0458705060782363,0.0458117295276008,1.7034187667042873,1.1457800102982103,1.5090730276308684,0.4073065507392553,-1.8627969238105877,0.874344741297156,0.1230239695587784,0.6608935403343899
TCGA-D8-A1X5,-0.4932762206164049,0.0134991717026035,0.4741970520526644,1.2887661120675376,-0.9711234938448762,-1.3447945217396162,-0.3600795244299473,-0.944392505536992,0.0643078893671924,-0.6557590896174512,-0.5061530037546522,-1.1134746060114598,0.4967820618212645,-0.006757785635353757
TCGA-D8-A4Z1,-0.4681971306612444,-0.4503328159960755,-0.6748560968114076,0.3747557531809943,0.1283025761766118,0.4346375444111031,0.3568240038542538,0.0742831218314418,-0.8980428882053468,-1.2968405680797532,0.1619679266600578,-0.1028077900467568,-1.5965462587388608,-0.4187071130649698
TCGA-BH-A1FM,1.1730604272607872,-1.3420133389744326,1.0429092422704365,-0.0687146571158308,0.4395536302914495,0.4021579443252258,1.5197957069821697,-0.365753197291759,-1.0739768986962506,-2.2608516973245685,-0.319061779783874,0.908500447633175,-1.5857084961255008,0.013490169104885524
TCGA-EW-A1OX,0.0496519348797547,-2.2012677614669074,-1.4267757662487182,0.7399769193449747,0.907830001333311,-1.7205600155042495,-0.1880411515609744,-1.771643882685056,-1.402965238501542,-1.933883648443321,0.642377509723246,-0.2613993091374713,-0.6538860281074725,-0.9253710110462472
TCGA-A8-A06U,-1.0748060174640015,0.6787956007783227,-0.6388126375641361,1.461367058803275,-1.8590879742328763,-0.2187209169549739,-0.5736072409125117,-1.1168011017619577,-0.089944112788564,0.488216709830075,-0.641153863742849,-0.6793390084196821,0.1560839694594705,0.25719285457475255
TCGA-PL-A8LV,0.4221756567042916,0.6143812902672496,0.1170686142593295,1.2374123255954774,0.3203537462850472,1.902089355520059,0.6006412504146458,0.4268474325758001,-0.0299365735295781,0.6181279951470735,-0.258103651456635,-1.240796816484694,0.6720836760806698,0.7552224184715647
TCGA-A8-A093,1.6118353140917867,-1.5734611177259856,0.0258598945228338,-0.1060549527031389,-1.4349827501871226,-0.7022462887153741,0.1694676729535449,-0.6208446742226524,-0.7792667815922405,0.2384048161732158,0.8775903080398421,-1.4889201166596528,-0.2109206208777791,0.6746878794171651
TCGA-BH-A0AV,1.774006211407618,-1.1266411833113552,1.494316706557978,-0.5988772222027667,1.5198803452033545,1.5512216274839086,1.5339205577300243,1.7886499720390223,1.855737366612238,0.9581212998678964,-1.9387000256137803,1.578572332810534,0.0644936195400438,0.13024319224945882
TCGA-BH-A0E7,-0.6168921204455704,-1.8880371542040808,-0.197298813078628,-0.0463452958898669,-0.814222602684046,-2.255103795230872,-0.7757811945323599,-0.2333479028052629,-0.4221124804830074,-0.8229544587896578,0.9929332568584204,0.7764744779149184,-0.2491904651207973,-0.15553963522753317
TCGA-A8-A09B,-0.2694972767179192,-0.7583702746509324,-0.3229237438874163,0.2038956127663394,0.4911281103756412,-0.3021700099467034,-0.2131733791859026,-0.6153512630684259,-0.952309857638456,-0.5099786061378222,0.5502891876826078,-0.4743513185939637,-0.0610250376704596,-0.2005078880462478
TCGA-BH-A1FU,1.7642493617052148,0.0240117277351184,1.3381474578192458,0.6840970364380875,-0.1026938587481185,0.2868651470324315,1.4406657529287878,-0.6190135371712453,-0.9515251754320416,-1.9564929899115808,-0.3224104460398983,0.2491723761859257,-1.5343497219607127,0.561127149995274
TCGA-EW-A424,1.7396539502159465,-1.5572129730629587,-0.2677767641230863,-2.4164531020493327,0.2340644774349033,1.213707710928848,-1.2788106203483534,0.9036473494234418,-0.7466818204942787,-0.2986452521118559,0.5561183474616108,-0.3756792780676901,-0.6893901525144402,-1.4004706980626263
TCGA-AC-A23H,-0.5496763094707969,-0.7938647943513808,0.0242194520179022,-0.8052498115675868,-0.187863295702589,1.0111993609958132,1.4272336741522182,-0.0977029043047356,-1.035692666835906,-1.2565419053621103,-0.9194032246831478,0.6937310766501987,-1.6937323673963407,6.73773687739035
TCGA-BH-A0DE,1.499730102469378,0.040335052958274,0.134626999897712,-1.4411663606605405,0.1187217921802727,0.1208474321356386,0.3280739670459481,-0.1374244926506864,0.1239024379912211,-1.3448463144928642,0.1410077563908756,1.2690329034022647,-0.652117253793718,0.1857938533180109
TCGA-A2-A0YK,-0.1543656973842884,1.1750842139083315,0.0050550536566012,0.1139829662822165,0.1089543695346514,1.260470508642854,1.155128238764378,-0.0660101476457381,0.1121735039584952,-0.6745291089495907,-0.2510342449161403,0.7741760501020073,-0.575513246241727,2.4134157891376424
TCGA-A2-A04W,0.3804401745529248,-0.8755925876143694,0.4624926395294795,0.1857912270270372,-0.1744253129544781,0.0104950559402459,-0.1400089615519178,0.9992890461854944,2.0411288626436157,0.7614058093824174,-1.8799123291191504,0.0443450417890174,-0.3200700758028239,1.1204119421409409
TCGA-C8-A135,-0.9276907408287192,0.458415205785355,-0.3715494380261511,0.5867859630893452,-1.6127249571841478,1.0089492682187795,0.075289172190596,-0.3819517173619149,0.5794724074102726,0.8954692504910682,-0.9491691469589112,0.358320971394299,0.3207086187704031,0.13024319224945882
TCGA-BH-A0H5,-0.5605322323147818,2.360599095156492,-0.5941504090651062,-0.212766380185752,-0.5518708746803903,-0.1802736795039185,1.3318620661053897,0.0475203495416183,-1.0628674506159574,-1.826382628631969,0.0123941672243533,-0.265354743048059,-1.4954688465911232,1.9617303417483067
TCGA-3C-AALI,1.065522001899139,1.3883703333673585,-0.3306982208873249,0.6275208310027736,-2.077392981006605,0.3994676160048587,-0.5590590295155391,-0.2954657058569058,0.2245069566663041,0.6874633089830706,-0.4267772110192863,0.0841131881333036,0.097714417105621,3.0009351293382003
TCGA-E2-A10C,1.288487491760714,0.936447540856828,-1.7066978275814788,-0.7416233405318728,1.1334761283120351,-0.6984798290668612,-1.503307226376255,-0.1498198819217611,-0.2304848258638084,0.3994288305044015,-0.4054449667216536,-1.1400936071935193,-0.0398962245043563,2.506486084598327
TCGA-BH-A0C7,-0.8094743482947283,-0.1584838323899696,0.0148848122990916,-0.4682297078052123,0.1292979823060982,0.0745737850253363,0.6446322705912069,-1.6613530895117308,-0.5952794537197136,0.6384621827568918,0.8977443179140554,-0.3952426403822173,1.4847229148847303,-0.09020431931287741
TCGA-BH-A1FL,0.2041932435759139,-0.4520936346503202,-0.4180709816866806,0.1615069788478825,-0.924028341343388,0.6218843955086074,-0.2786403304722851,-0.0695315650522931,-0.850672862375989,-0.6536830117216212,0.8415611396185531,-0.9904819921160264,0.4312730931464515,-0.7291786128219677
TCGA-A2-A4RW,-0.3659888952582515,0.1495182740976574,1.0259261047994566,1.6982907991031686,0.1459710349750522,1.2463829712562078,0.3812634595078991,0.4465673700525112,-0.0097413314802718,-0.5998756229694848,0.3643141857971681,0.0334943244397047,-0.8059684595572473,-1.4004706980626263
TCGA-BH-A8G0,-0.6256377952927361,-0.302639343497995,0.4030669842592537,0.2135570878483694,-0.0347573904104386,0.2805551042446638,-0.2044752422131113,0.4360031178328437,-0.3253487747130118,-1.6191445515511955,0.6845458996139122,0.5114604059055592,-1.3611384773448325,-0.9603455418855493
TCGA-AO-A0JI,-0.1688951007783171,-0.1849308691454595,-1.4054040028436796,-0.3468955072254715,0.9024174805042096,-1.3527676765799752,0.4523495612280333,-1.0186239844671858,-0.3925010519567217,-0.4935690589338135,0.4817655541102791,-1.9206503828193136,0.0970069073801215,-0.8574728813470994
TCGA-E2-A2P6,-1.4811218739119767,-0.5919947479287411,-0.5609761017040619,-1.6079356062206418,-0.3764927572409089,-0.207030217526472,-1.1721622241022844,-0.4204055954415012,-0.7501922408913968,-0.0498856171145274,0.3447802993036984,-0.1496315752585752,0.4039374901157239,0.881642100570689
TCGA-BH-A0W7,-0.2736564182745163,1.0257438622011248,0.2246524130858958,-0.4714501994992244,1.58912328408599,-0.4106636138480247,-0.916490879366581,0.0932987758268433,-0.4006782665288355,0.9920495317819042,0.4321556836506766,-0.487821174613805,-0.0790022166047854,1.4395800781472077
TCGA-A2-A0YG,1.4816122333814,-0.3530006517276585,0.7438257261898554,2.5626011375226865,-1.5230139797638784,0.3287364387094077,0.1984871210840155,-0.8542442199291633,-0.6649509738366485,-0.0910943413755451,-1.29178731482055,-0.5962748962973422,1.046452799469727,0.05328917235199838
TCGA-A2-A25B,1.2364458042813768,0.6034062105326362,0.589452023503745,1.045575469011734,1.0399079521399908,0.2727286945854152,1.8902747622924017,-0.713105810274412,-0.3729252958598482,0.5356252283553451,-0.2515923559588118,-0.9369767307038918,1.3775673510042774,0.7941269859481933
TCGA-A7-A426,0.8686592235820403,-0.4304741679337627,-0.5898232253703565,-0.894727256471442,-0.278009763304508,-0.1539084619643282,-0.4664585093538492,1.2305757414480745,-0.9697793614970616,-0.5720903064732709,0.472711752751405,0.4273272575911702,-1.077523556017791,-1.4004706980626263
TCGA-E2-A1L6,-0.0069114730288349,-0.7731621787457874,-0.4204058711174005,-0.2897970598938327,0.452120632676261,-0.8567689644251477,0.3291516123346137,-0.3696971847870997,-0.2833063280745765,-0.8950199572557856,0.7038937490931566,-0.0659260414210092,0.0505042226949063,-0.6684292079208344
TCGA-A2-A0CP,0.9116141082639448,-0.606491397028743,0.367585350607714,-0.9587018887713786,0.9697940328940492,-0.2053181904135121,-0.1267693194340364,0.5444627739547592,-0.2203665553074083,-1.0028338107226744,0.1774710111786874,0.4619640302136109,-2.2284810817433245,-0.22343776492668083
TCGA-3C-AALJ,-0.6380622435515638,1.0087492870360728,-0.0983700880760154,-0.6081905360205802,0.6044177704882006,-0.4339471825842872,-1.4183656852304345,0.0214618607331068,0.0378764887300614,0.6654796348258821,1.195341528333603,0.4879416096804442,-0.3457977021846845,-0.4447403915448138
TCGA-A8-A06Q,1.31644500650779,-0.786858936561063,-1.8239604778027607,1.106590730565815,-0.9550725700068508,-0.8069734329681834,-1.2043376334352742,-1.3996413478565128,0.9276235126774836,0.3250312993333711,-2.8527618888319792,-3.1737746071411084,1.5580144905400564,1.8469512121770875
TCGA-A8-A097,0.6937973309275574,-0.2239759652094618,1.219587899741825,-0.3446324590080579,-0.6442570060736628,-1.0260639883667508,0.3680623047217571,-0.3619500664926751,-0.6825856739492387,0.5685012016098208,0.1655646422683794,0.0111514680258446,1.2588665147849671,0.6746878794171651
TCGA-E9-A3X8,-0.1024755653892979,0.9309461133207908,-0.0222835787717331,-3.2633553772579846,-0.8116718744772299,-0.2758537074674824,-2.0369725682557163,0.861953767329822,-2.2149461258869034,0.6640576636643576,0.7193348212737097,-0.4287569250030045,-2.2011776382455728,-0.4980116837583861
TCGA-A8-A0A9,-0.9614955250354758,0.1536134630125266,0.7291526241222753,0.481206059715445,0.7707750198791828,-0.9316579218520749,-0.3325995695689976,-0.9948192027988672,-0.8706203100443228,0.9397209930377568,0.0381292875252722,-1.259665305274385,0.3716814785394665,0.09219373982862697
TCGA-D8-A1J9,0.5376633420457336,-0.6378323083282673,1.3731968076072545,1.3060000946462984,-0.5048379350620007,-0.10352594978292,-0.4161555667722496,-0.2520818434081381,1.509527317329319,-0.1294591233135139,-1.5584403685409192,0.7629511700854786,0.6739489289933571,1.5341096844885915
TCGA-B6-A0IP,0.5989871917094035,-0.0652025055356858,-0.0925881425094021,-0.4930361978806979,1.718712719568939,-0.7715100141997171,-0.2599739745793425,0.4674141610993224,-1.2568491518543998,-0.1705540898816088,1.076277839230554,-0.7585545902506343,0.2364184828368318,-0.29410800153563177
TCGA-BH-A18F,1.566874963705654,0.3126602972159271,0.4847002006534027,0.2921544932454307,-0.1242817291814291,0.5333970512987368,0.642938827994735,-0.9243908546677546,-0.543738222477308,0.261725143222242,-0.1022046335373326,-0.0230576901197758,1.1790465539352442,-0.027245366702401373
TCGA-AN-A0FL,-1.5084375203844351,-1.1770999173708252,-1.4490319571650894,1.630921594477115,-3.511275510536666,-0.0495726381944813,-0.1306180526078396,0.718279937142349,1.2056075090658085,-0.0373438314698716,-3.796465649649788,1.3888718605311436,-1.7804344683032138,1.3489216482802755
TCGA-AR-A24S,0.5922048917731472,0.023756373437249,1.112967061417785,0.3291466275685253,-0.5008563105440419,0.8166152508427656,0.5609223240610017,-0.5746436778486418,0.2557703477324096,0.2540180595267708,-0.8686771321382023,0.0299130531963328,0.5156918672119318,-0.09020431931287741
TCGA-A8-A08T,-0.1419230235174143,-0.8159873152387491,-0.0979342128481044,0.3292336678845764,0.1049105321335974,0.4707857740247546,0.0443453574732238,-0.0109351794072052,0.5177303074844731,-0.3469353927572695,1.3100023414333613,0.0154276127940468,-0.2050354263429272,-0.17787775671158323
TCGA-A2-A4S1,-0.3159382619171514,0.1709667232323443,6.31439575474311,0.8254505097103276,-1.3152229502328836,-0.9143909055413596,-1.0958803325975175,1.1549356955552563,-0.3061034111241016,-0.414592780622668,-0.6626101327166304,2.088930210895525,-1.1868981276736776,0.42378093721146887
TCGA-BH-A0E9,-1.0175467083449303,-0.3640421647909741,-0.8274123700174426,0.5536236026726477,0.2687170533177636,2.3486838567008865,1.2294087890187675,-0.0782646802205509,-0.6484726475019389,-0.7871207855192057,0.3640041241067985,0.4271669021623601,-0.187379842738374,-0.3183207094456893
TCGA-D8-A1JU,1.3128646442056102,-0.0866648041094436,0.5645762154451309,-0.5080941725580964,-0.472798300269045,-0.7133010923590619,0.1236292608535568,0.1583745694999936,0.2147603776813613,-2.0638518126067797,0.1828660845911678,1.3340303038789438,-1.667715305217684,-0.8910890908964243
TCGA-E2-A14O,0.9354703794405208,-0.4344222210016798,-1.17071058879567,-2.800736097429208,1.6392668678590356,-2.055236858557832,-1.3935798435911444,0.2428885872573312,-0.3763118190664815,0.697957456155131,0.3264246472336482,-2.12013253625597,0.04577677134724,-0.3677863716473534
TCGA-E9-A1N5,0.0192378058442559,0.6564035480857789,0.7019673794863052,-0.0689757780639963,-0.3230518906639248,0.7562540663458172,1.3589571476489608,0.3492353929353107,-1.0959480004758644,0.7548078631929352,-0.3155270765136245,-0.9190169226774424,0.3134084047845499,-0.3930595269996123
TCGA-AR-A24H,1.1640097190743122,0.6550976239145688,-0.6005822732391508,0.6985457289031102,-2.189998299405141,0.1861001226696168,-0.9645230693756366,-0.5592902979560571,-0.6050260327046535,-0.3616101351442181,-0.851995813196162,-1.8685883202664468,0.6454234232424655,1.088252867622251
TCGA-E2-A158,0.5998813940098026,-0.1367137119227454,-0.7862962841162605,0.1696887685569892,-0.0198885113511818,-0.1005910461607028,1.321701410526552,-0.966929576938946,-0.7012528506492101,-1.7256217521262465,-1.331661248202458,1.449913827097235,-2.249577735376449,0.7552224184715647
TCGA-LL-A6FP,-0.7885932105391761,-1.9951570702483,-1.7654631683726785,-0.6547571051096477,-0.5246838447686993,-0.2525212236708496,-2.502630794954088,2.065855950283087,-3.1910081925399547,-1.3769544233201163,0.0807937761205332,-3.264268520798195,-1.8667506548143564,0.05328917235199838
TCGA-D8-A1JI,-0.2723166042293298,-0.6996367886553019,-2.2055904591145388,-0.483461763114719,-0.1779714472907839,-1.1742766212887557,-1.6043749595203105,0.5760146739174998,-0.8752045060923277,-0.8829616418060465,-0.0865155120044777,-0.4986718919631177,-0.6042638687234559,-0.6097395062909394
TCGA-AN-A04D,-1.338027593541922,-0.9775516324480586,-0.8022114967190431,1.684277308218423,0.1409940043276037,-0.640221992165836,-0.5681420398057121,-0.696203006722944,-0.467004562502637,0.5355399100856553,0.2330960784315139,-1.2565116485078365,-1.189792485641637,0.6045900284623825
TCGA-AQ-A7U7,1.51437607719331,1.7260334892399094,0.1848411964633037,0.1252111670532271,0.3747278061084291,0.1028466899193689,-0.0165031140045941,-0.0571361757812159,-0.6229911253252041,-0.703878593723485,0.7806650236293905,0.7137220534415433,-0.3225785193750564,0.1857938533180109
TCGA-AO-A03R,-0.3290826306392777,1.0152679819259267,-1.4735027391611748,-1.0584500909696395,-0.3356811059318249,-0.3814613228069567,-0.5212259824170594,-0.3456106897262597,0.0142121253471309,1.0230769425263986,0.4839359859428839,0.0512937770373467,0.3336045914943095,-0.22343776492668083
TCGA-3C-AAAU,1.4536432848646803,-1.515587243642584,-0.1508952919401777,0.6551996515080516,1.6464213494147424,-0.4485727856350063,-0.7022319035809934,-1.4251364098799744,-0.3846129308290801,0.9459207873020044,0.4932378366540599,0.0375032101598939,0.7392649404703067,-0.6097395062909394
TCGA-BH-A0EA,-0.195419516108446,-1.0042147636931162,0.742958163177086,-0.2454064987061247,0.3704973300580962,-0.0307403399519168,0.5076943442673135,0.2024627154300683,-0.2266027138952271,-2.05617316833454,0.2834500969480132,0.4893848085397121,-1.3863515511990556,-0.5252749305992134
TCGA-S3-AA11,-1.468112004924075,-1.375098106186889,-0.2551834757419265,1.2611743318783135,0.2824038875982486,-0.0541706538692891,-0.7722788473441993,0.2862724497060964,-0.6244365925475482,-0.2452644547081762,0.326548671909797,-1.1348018780428692,-0.3269522158599717,0.20392156236118025
TCGA-C8-A130,0.1093823907365937,0.2840573468413366,-0.0028483624304566,-0.1413933210211927,-1.552689524999297,0.1239779959993382,-0.5493602219175557,-0.0984071877860476,0.5971484065863538,0.3451948504038067,0.8166941920506796,1.4481499173803498,1.1276234607044993,-0.27022927267460123
TCGA-Z7-A8R5,0.7865955078454715,-0.2710193263396183,-0.9757439332528578,-2.48530199204831,0.402225900435586,0.5244455952509722,-1.2001040269440904,2.05402398779706,-0.608329957784293,-1.2259695253893057,0.2502114837400813,0.3089849511311636,-2.15322777457638,-0.5811243028056409
TCGA-AC-A3BB,-0.3494798172069699,0.9366721824823432,0.1891209988495313,-0.558577555869612,-0.3535362033795475,0.5782521616583003,-0.6817181557646258,0.6191168229737413,-0.7199200273491843,-1.0567265177445038,0.1143424510188347,0.4707835787980312,-1.3766072127069269,-1.4004706980626263
TCGA-D8-A1XU,-1.1176313553187074,-0.7378022818992924,0.3881469067294804,1.2986016677816727,0.3695641368117017,-1.6000333067518333,0.271459102059312,-0.9038257770134672,-0.2894598885354074,-0.6295379413989145,-0.028409951228668,-0.2103528309670521,-0.5793402306660278,-0.5529744078556693
TCGA-AR-A0TX,0.1446896841622229,1.168257497329271,-0.2805600440183997,1.446570205074036,0.0695736145367133,0.5226357380172719,0.170891704227852,-1.7413596929886774,-0.1076201119646482,0.671935383899213,-0.1482177883886135,-0.2759382013493616,0.1995314985118365,2.2276594740540587
TCGA-B6-A0IC,-0.7778176382289395,-1.931080431928032,-2.031708363479134,-0.4847673678555371,-0.1437543615895699,-2.2598485560867902,-2.142466344549645,0.1807707842056882,-1.343577185194989,-1.0670215889539485,0.9963439354525168,-1.2117190320609132,-0.0690327613818147,-0.3930595269996123
TCGA-AN-A0FX,1.7373190235658047,-0.3864026190257797,1.6601720904271102,0.9113593016559544,0.5318775488016301,1.7649804413021135,0.6942039538697844,2.19896552825089,0.7066735229764654,0.6631760415442126,-0.4061891147785503,0.8950840434229409,0.096942588314167,1.0108069652395202
TCGA-A8-A0A7,0.2251584203708485,2.257708007785029,-0.1366254618867035,-0.4152221553281239,1.9746565206140068,-1.8183901362448465,0.2844293328550284,-0.3692746146983139,-0.3901057062739843,0.0447607833966315,-0.1420165545811643,-0.7034457745504245,-0.3698208733187472,1.701388168089697
TCGA-A2-A0CM,-1.4213499148042903,2.033241660042148,0.3283840611436921,0.332193038630423,0.5622996486341609,0.9815568344114118,0.3872674832590315,0.315711499224901,0.4296394050485336,2.0399853989799723,-0.8160286571129539,-0.5189835796120795,1.0214326828133662,0.09219373982862697
TCGA-AN-A0AK,1.6843720027706293,0.6410068190317354,-1.2352015177263915,1.3721507348475883,2.354341746131272,-0.3305896600218466,-0.1130678293352978,-1.5110589945999358,0.4854344398309778,0.5464606486061724,-0.8709715886469647,-0.6060565774546058,1.5130233039047778,4.4936792148287985
TCGA-BH-A0C1,1.670776085176903,0.7156121911017457,1.1031433149643834,-0.2963250835979079,-0.0520525719103245,1.0635384755920323,0.7090600639206611,-0.6043644407599726,-0.0775130946764144,0.1453794627861986,-0.8506315417585262,-0.2638046405695882,0.3540902140008677,-0.342876871457709
TCGA-UU-A93S,-0.3765817195396472,-0.2692013687912216,-1.19822429354394,0.1944082183164176,-1.3855857210111924,-0.2000842789538902,-1.1770886025647522,0.7047576943011765,0.633656778716391,0.6657640290581877,-1.3533655665285325,0.5793976559103785,0.7450214968732473,1.243387679922928
TCGA-LL-A740,-1.264136111950797,-1.0172935154540037,0.3469737518606203,0.7870657303303608,0.8882951560420717,-0.5766813287448185,0.90168915926948,-0.2547581206371217,1.521462746679524,-0.2648592173140023,-0.4843866730905012,1.113381233839685,-0.8970764164820141,-0.09020431931287741
TCGA-C8-A12O,0.8704534945846603,0.0233117398299183,1.0563089292291867,-0.2674276986678689,-0.1625426522836904,-0.618356960180313,0.4963020940728571,-0.6346486304563512,1.0842295614524804,0.6967345609562221,-2.024153027480451,0.0566924098072052,0.8079255433768971,-0.27022927267460123
TCGA-D8-A1XF,-0.1023015489361215,-0.107987189944125,-1.0588481534491032,1.027384042956378,0.0473014023893757,-0.5328534346530306,-0.5408545216034517,-0.7066264022463496,-0.6395520497869075,0.5106838541821832,2.285146357654944,0.0042561845871168,2.1811376015087327,-0.4447403915448138
TCGA-A8-A08I,-0.4887264036599846,1.649270280752623,0.3403907044548644,0.994830964752053,-0.3929169583774888,0.1595881599489151,0.260682649172666,-0.4918199404464495,0.9602910719024362,-0.1726586072006687,1.0473180773497597,-0.1576493466989536,0.7972485784284246,-0.29410800153563177
TCGA-AC-A2FF,-0.0858913169251408,0.3859155520378611,0.8352429802641633,0.1671645993914102,0.2766803023536812,0.9489304891444224,0.9952133753928816,0.8361769919138342,-0.7971079770223064,-0.1625626119538306,-0.2022305348515066,-0.1066563203381359,-0.3891809121710982,-0.7921375654324438
TCGA-EW-A1P1,-1.552036122668118,0.2507464696056261,0.4451361037402432,0.0296409000255673,1.338343152337646,0.6080414334238122,0.9139666180939096,0.0110384652097037,0.6583123196232145,-0.8286992222822203,-0.5390195429341379,2.3094189255059745,-0.5748700555821818,-1.3116727524105058
TCGA-A2-A0CO,-0.6128912575271825,0.6479899213585993,0.2689478302561151,0.1290409409596118,0.7254218281043067,0.5563382146124055,0.0198674144878392,-0.1333396484590813,0.1401329699449612,-1.7610003946250103,0.6635237170066535,2.13420389362887,-1.879646627538264,-1.4004706980626263
TCGA-E2-A1B4,1.0932552221980494,-1.069914334079121,-0.748875632270453,-0.8546887110864497,0.19953632731822,-0.6687883874220897,-1.2860462387151013,0.8860402623906644,-1.2274029195820986,-1.286431739177384,1.1302285733553707,-0.4288638286222103,-1.904666744194624,-0.3677863716473534
TCGA-E2-A1L8,-0.6691059876803358,-0.1692137940838934,0.6672980889334794,-2.053494984102766,-0.0105565788872201,0.1682950406948279,-0.4935920782291565,0.2066884163179378,-0.6188612189756532,-1.0753543399604877,1.346093522192718,0.2739740158415041,-0.828383654042443,-0.4980116837583861
TCGA-GM-A2DH,0.0035213919588469,1.5493281614886556,0.6329635675036924,1.6942869445646696,-0.247960940770535,0.6407166937511719,0.0537747537490413,-0.4825233984931441,-0.1339276154112914,0.1267516405702103,-0.053959034515366,-0.5836068174215429,0.7259187342847142,1.5341096844885915
TCGA-E9-A1N8,-0.18357437422409,-0.5084482733512575,1.6092463832034472,1.081610159858221,-1.9019526506840283,1.6914611055655544,1.7782381396030087,0.6850377568244654,1.4932967853755823,2.3446285006252627,0.696514280862288,-0.4109574724053597,0.8157724694233648,-0.3677863716473534
TCGA-A8-A07R,-0.7355237146555709,-0.4388325652624932,-0.3105118921087864,2.1162583967960784,0.5634194805298376,0.360090992406769,1.0188061097482908,1.5935634477158334,0.9683443892840624,1.3472863673542836,-3.1486847661235124,-0.1394757314340957,1.191170697867694,-1.4004706980626263
TCGA-A7-A26F,0.4838013764069432,-0.3261727921778721,1.2219038432105835,-0.1130181779874847,0.4873331245069647,-0.4041089957584052,2.295815776815976,-1.6400837283761365,2.718227008652618,0.8609437906892239,-1.8453714568116504,1.3146807488028285,1.19483688462711,-0.22343776492668083
TCGA-AR-A0U2,1.3947796270946904,0.9309278833701352,-0.2696470804963393,1.5767825178913226,-0.2642607161409312,0.9363593186292554,-0.0078819516952753,-2.5988952598331223,0.2887270004018318,1.2935358574486089,-0.5249427421912252,-0.935159369177408,2.218056745366701,-0.09020431931287741
TCGA-A2-A3XY,-0.4114028048635223,0.708818153830463,1.0098246520195162,3.2603163110142206,-1.2051683600411642,1.7452676719728826,0.2126889464953487,1.5700403794400437,0.7877435846181658,0.5419387803125186,-0.6073571394922457,0.8363939564793593,0.4327845911963858,-1.4004706980626263
TCGA-AC-A2FO,1.557127801361327,0.6111427176768874,-1.0860728327097282,-0.3699611909798745,0.3018765200063927,1.1737930216666854,0.0572386136054617,-0.2099656912257325,0.1929957712192231,-1.0748424303423394,0.6240218576531914,0.4298929444520915,-1.1157934002608092,-0.5529744078556693
TCGA-S3-AA10,-0.0228477335982313,2.2493516693538345,-0.1809233813243504,-0.081770704523978,0.0456216545458655,3.3049243718798498,-0.6126333952948708,2.221502599652846,1.1782262299682784,1.9115529636709612,-0.8903194381262091,-0.2101390237286435,0.7906237146350948,1.1932050243810246
TCGA-BH-A0H6,0.8982927410118916,-1.2120396241308926,0.3983667059501887,-0.1829115517791114,1.212610915606469,-0.9862471292253276,0.2791950557386555,-0.519286996217585,0.1517793058506963,-0.1807922822445951,0.7040177737693053,-0.1758764137734187,-0.6063863978999614,-0.7603718963001215
TCGA-LL-A8F5,-0.2148412604736385,0.8606873010993701,0.6513673203695082,0.3878118005891446,-0.0332642812162041,0.914934522187066,0.4995735172705912,0.4571316222721787,3.075918197587293,1.217204445497904,-1.6107787818758024,3.2139838994096497,0.3403259338865721,1.1829915410969438
TCGA-A7-A0D9,0.2773216254980721,-1.6156251954521998,-0.5107825274453974,1.0432253804782663,-0.3410936267609263,-0.0791173346581414,-0.0410965189851924,-1.205540820407162,0.3683102957576942,-1.0800468447935254,1.319428216820686,0.4381779749404858,-1.2154557929575431,-0.15553963522753317
TCGA-AC-A3W7,-1.6746218519791514,-0.6812911268316545,0.0489249640378159,0.5434398856942867,0.0139552970514676,0.7149697553932841,-0.1642559805468727,0.292470144341635,-0.4136048734029331,-0.2726516192791633,0.3702673702523155,-0.5794910280821507,-0.6630514950060086,-1.4004706980626263
TCGA-D8-A1XA,-1.4680267292177829,-0.7052499403897161,-0.2866921534988601,-0.3346228226618114,-2.1191378255620803,-1.766638002373071,-0.2992310529521293,1.412562593018872,-1.3586513433708485,-0.5685353785694565,0.9163480193364074,-1.9796611806205129,0.1936141444440086,-0.5811243028056409
TCGA-D8-A1XQ,0.4881415826959695,1.1034340450868405,0.0726474035772537,1.8794216968122328,-0.8594513686927384,0.5431800633727963,0.871322654528177,3.2317268252455484,2.040385479500698,0.6064109527760998,-2.1657892076426157,1.299233175827696,0.5705560304712506,3.9235496250067214
TCGA-A2-A04V,0.0671186611902183,-0.5307721246601677,-0.1178484855492223,-0.4080848494116698,-0.9481047271004264,-0.765640206955281,-0.8202340626897794,-0.1824986354545995,-1.0375924237566982,1.0080609270606846,1.0824170606999313,0.1541350587126225,-0.2143938504393291,-0.5252749305992134
TCGA-E9-A1NG,0.6712280809287658,-0.8629727769087937,1.3705487899726747,0.0251148035907433,0.5513501812097776,-0.1650610957287564,1.5603228673023084,-1.4249955531837124,-0.7743108939727812,-2.502586794783958,-0.5810639081486509,1.6625985775057173,-1.9865449151548968,-0.7921375654324438
TCGA-A2-A1FX,-1.5047710941582864,0.0162481639011766,0.1048470426198141,0.2529863510209828,2.4495274572637347,-0.9511750309398244,-0.1260380601310163,-0.7091618227790714,-0.5742995294639899,0.2672139519057305,0.4547281747097921,0.074598766024053,1.254557137366004,-0.5529744078556693
TCGA-E9-A1RD,-1.3970074034366495,-0.931851652935164,0.7487897693528587,-0.114584903676459,-0.9635957349906116,-0.4916669538212397,1.4184970498476857,-1.4852822191839457,-1.0256156953429998,-1.7456999849269907,-0.7151965954038066,1.708032615667872,-1.9817853042742533,-0.6388356600211044
TCGA-A7-A3J0,1.164640310307304,0.4910739940808853,0.2108642096608868,0.1378320128811006,-0.2961137122846047,-0.7498406424556749,0.6561784701126142,-1.0875029089394148,-0.4959965050764899,-0.0212186784981669,0.0002397489617523,-0.9108922476178556,0.3593965369421267,-1.4004706980626263
TCGA-E9-A1R3,-0.952473113749057,-0.6310920769726284,1.03478786865163,-0.8600852106818182,4.118263620470295,-2.2069224607661275,0.3680623047217571,-0.6274649389469767,-0.185964435415642,-2.854723733224213,1.3005764660460364,0.2103129106048842,-1.659997017303125,-0.6388356600211044
TCGA-E9-A244,0.7974436052999945,0.0252819189224768,1.2500806517490328,0.6048903488286504,0.4185878886890741,-0.3460957341592308,1.388900291741142,1.797805657296066,1.0410720400996674,1.99567677758683,-1.821310669638741,-0.9751413227601,-0.024684765406081,0.561127149995274
TCGA-AR-A24P,-0.5246889147343088,-0.7523915147292384,0.9583870585007668,0.2878895177587722,-0.4056705994115759,-0.2688099387741594,0.6671858469896899,-0.4856222458109134,-0.0205203870525986,0.3056356126901576,0.0410438674147782,-0.5396694299282602,1.1459222349685976,-0.6388356600211044
TCGA-A2-A1G1,-0.830773214718388,1.053608539002496,0.7882137433388156,-0.3649998929647737,-1.1916681644099614,-0.0198811965497098,2.0916789692774884,0.1435846163924591,2.174813931178602,1.9066898222985424,-1.792971031138695,0.8522156921217074,1.6113349962164627,-0.47117113998284077
TCGA-GM-A5PV,0.9940165121897288,0.1905902255108284,-1.6332514725502048,-0.8513811790763867,0.3186117855584386,-1.590886190462588,-0.926420610954992,0.1483737440653737,-1.0481649840115554,-1.0446113234483017,1.14535958384555,-1.3989072692889897,-1.4056794305184284,-0.47117113998284077
TCGA-A8-A08Z,0.6166847761778186,-0.4610503109643408,1.414560695541094,0.5016605339882118,0.0493544275314502,-0.5850947191285094,0.0010471092679456,-0.488298523039897,0.6886671312924207,-0.5463241890264223,0.2174069568986634,0.629161290650337,0.1844165180124941,-0.4447403915448138
TCGA-E2-A1IL,-1.606929453548696,-0.9880030125192084,0.0652375673747867,0.6457122570581298,-0.964902205535564,-0.9239782573739376,0.6427079040043053,0.1299215168550223,-1.2255444617247977,-0.8195986068484561,-0.1652711813591,-0.9911234138312582,-0.9592086341942078,-0.5811243028056409
TCGA-D8-A27I,-0.1378538250521067,-0.1080195274890169,0.1411350548784955,-0.1400006759643266,0.7509291101724809,0.4364963167051753,0.8725542491437938,-0.3323701602776086,-0.8593043666465511,-0.2830888876047623,0.0754607150461251,0.5746404448557546,-0.1828131890555951,-0.4187071130649698
TCGA-S3-AA17,1.4952101856962554,1.777235898817174,-0.1637840348212103,1.0521905330318573,-0.0897535790647525,0.8928249148996904,-0.326711007813079,-0.4932285074090735,0.3462565958510866,-0.0845532740325259,1.730756055268874,-0.2418359468229469,0.3764732489530872,0.6746878794171651
TCGA-BH-A1FE,0.9672185976710582,1.114935137043789,0.8389200112326817,-1.5089707668668648,0.2184490437785308,0.9948128157717632,1.935574351748058,-0.138692202917046,-1.0565899929646387,-1.0890052631111384,-0.8422598761184678,-0.1303889238016624,-0.6518599775299,-0.6684292079208344
TCGA-AR-A256,-0.205717602394695,-0.1431655840425915,0.5133840013763988,-0.4343710248600787,-2.651244614657479,0.7677980205932068,1.336980881226549,-0.6561997049844719,0.8138445927473335,1.8529393123928657,-2.875892490933766,-0.9269812423082197,1.3573068452285657,1.5173019758107558
TCGA-EW-A1OZ,0.1533004276612753,-0.0200737264867012,0.2284096643462482,-0.3241779847352973,-1.3422855543783845,0.5929266797693886,-0.8628395389237737,-0.1572852868236593,0.0575348429539257,0.005400621645595,-1.5150317318887658,0.3096798246559911,0.6299546878803721,0.1113229996056972
TCGA-A2-A259,-0.5573739858312797,-0.3181689183773787,0.3103419565616712,0.7159537921139731,1.688974961450435,0.3022733910490762,0.7584393105405502,-0.0338948208979499,0.4256333958894704,-0.8552047647330625,0.6425635467374714,0.5048323815148444,-0.7414564364047302,-0.6684292079208344
TCGA-A8-A0AD,-0.872319504746828,-0.9781651887453092,1.1745021686117911,-0.1171961131580891,-0.2495784757309532,-1.9608797071035255,0.108773150802678,-0.562389145273829,0.6463355912095131,-0.2220010065056159,0.9102708102051068,0.2447893277985205,-0.3073992198097572,-0.5529744078556693
TCGA-BH-A18G,-0.8527164488438652,-0.305161855249377,0.0060016989727358,-0.8354528012384408,1.5394774033776824,2.1797312381818745,-0.8129599569912931,0.4865706717909858,1.097114869263084,0.7694541661566494,-1.0498771839919097,-0.6072859690754651,-0.9726191594457524,4.675925940398349
TCGA-E2-A15J,0.4758914173419774,-1.275312635821978,-0.0559978128259585,0.1022325236148812,-0.7390072270244724,-1.8017590157189451,-0.8416715064678585,0.0855516575324213,0.0276343209831706,-0.5787735709324427,0.8215311544204885,0.002438823060633,0.184898911007154,-0.6684292079208344
TCGA-BH-A1F6,-0.264721119000781,1.0619871167354065,0.3947635122932845,0.3133923303626877,0.8578108433264456,1.5790053817742378,1.162209907804174,1.6027191329728794,0.3742986599645434,0.2287638516980719,-1.320499027349047,-0.4862710721353284,0.6139713999906428,-0.342876871457709
TCGA-EW-A1P8,-1.2357259317516307,0.1118493702279081,-0.3211529784762368,2.288511182267593,-0.4608534267151686,0.4757261951221537,1.3774695542149504,1.1059175652560005,0.933033689995394,2.00073899492186,-1.186304327755819,-0.3149580223592103,1.2503120790129978,-0.4447403915448138
TCGA-AO-A1KT,-0.9126906757884604,-1.1081837739093228,0.391326351710666,-0.3565569823075015,2.065051839748296,0.4671171444969821,-1.1803985130942216,0.8192741883623688,0.6851567108953026,1.4146593609873768,-0.4580314294088387,0.8108974432989504,0.4766180346444811,-0.27022927267460123
TCGA-A2-A0D0,-0.0527684042745143,1.1807570376457086,0.5228039945333042,0.5517957560355078,-2.7689513894696467,0.413310578089654,0.7519349514768234,2.890712763594692,1.2114306770186731,2.3321151544038385,-2.2096319306612915,-1.069109604041354,1.412396125218724,0.4707841971944106
TCGA-3C-AALK,-1.5884358038112345,-0.3046638233774877,1.876657140672492,-0.0310262002643,0.3495315884557176,-0.5799097227292584,-0.1405862715279889,0.0758325454903277,-0.41566982657771,0.3121766800331798,1.101392836150725,0.3145973911394279,-0.5559602501915124,-0.04797831385238559
TCGA-AO-A1KS,-0.6680389879063217,-0.274134376260309,0.4803804679460254,-1.369706261179933,-1.9733108275918303,-0.4279795452191117,1.0033342023896037,-2.202806229943737,0.7457424370432245,0.1787104668123655,0.2130040808953772,-0.3503431203160885,1.4826647047741817,-0.342876871457709
TCGA-EW-A1OW,1.382053915929037,-0.0750570345970785,1.7455564443365417,-0.2081532434348676,-1.7377106393182091,0.8333442014894069,0.8717845025090343,1.8431615134925028,2.508758158603356,1.9949089131596016,-1.7561977146605134,1.463544038545883,1.2343609506562443,-1.4004706980626263
TCGA-OL-A5RU,0.4127953358486331,0.9689437784192584,-1.3814648812871988,-0.1413933210211958,0.194372658021496,-0.3570527076821773,-0.9044828318643172,1.173387922765608,-0.5839635103219389,-1.52193860294929,0.6940957996773857,-0.219225831361071,-1.2139764544405862,-0.29410800153563177
