patient_id,immune_score,emt_score,hrd_score,PI3K_score,p53_score,MYC_score
TCGA-D8-A1XJ,-0.3146483968778693,-0.9897423196407796,-0.3445805499450953,-0.11110329103428768,-0.3364898734120324,-0.9049013838295213
TCGA-EW-A6SA,0.093095511732409,-1.048659342825871,-1.641069007072727,0.9046571973197647,1.8380370293415313,-0.9903070792360625
TCGA-D8-A27H,0.964661627497704,-1.0649199439379085,0.9512833703526536,1.8987446469762956,-1.2153712728684385,0.43948013538776354
TCGA-E9-A247,0.5203927272998774,-0.6715062624027378,-0.068374937212098,-0.43393582327980806,-0.7805032200475769,-0.15620746980173217
TCGA-AC-A2FG,-1.294323252438118,-1.1992364981216823,-1.1579704504551775,-0.20893660627936103,0.04661706067535195,0.040186497585016634
TCGA-B6-A0RP,0.0369787394938028,0.0912920515721268,0.725757529383372,-0.7478032029717315,-0.33729864089224654,-0.8296211059196318
TCGA-BH-A0DH,-0.1152901926230964,-0.0077904079120357,-1.2241980442903817,-0.48859714176192504,-0.6097910688400814,0.3877769165763586
TCGA-AN-A0AM,1.6694336646175485,0.7497741988473475,1.1022466540037046,0.5528402398281604,3.008199147439883,-0.8787318265314118
TCGA-D8-A1XZ,1.0885399052106537,0.4920802615271693,0.3739992131538999,-0.347243668489688,-1.9371029296316369,-0.1564520451035831
TCGA-E2-A154,0.4769152118575588,-1.3401383081055562,0.4286841619030056,-0.08316334958084722,0.2591984822045197,0.9252555999251975
TCGA-A1-A0SQ,-0.6197397953303747,-0.6484373568325841,0.9291946184615372,0.5039235822056254,-0.36075289781834613,-0.6862999790346574
TCGA-A8-A06T,1.2474274978507427,0.7886048564231217,-1.2970999364995444,-0.0849041559019329,0.7145967864461037,-1.3515937151310875
TCGA-BH-A0BD,-0.3556296674054578,0.5453308145871424,-0.2323959474022571,0.1480157298594585,0.37130609753830707,-0.4945040273227173
TCGA-E2-A14P,1.454883938806675,0.6907481775648145,-1.5301849455722083,3.5722688037529435,-0.633369751532368,-0.23437373627346952
TCGA-B6-A0IQ,0.3343501332178473,0.6053993945158045,1.4419002073445362,-0.5756374578162616,-1.5360786852134316,1.003226206155454
TCGA-E9-A1R7,1.2772404090908782,-0.8216758419370882,-0.7417247256219607,-0.2643812876059713,-1.3668596432001672,-0.16677312284171722
TCGA-C8-A1HE,-0.1734877978403219,-0.6072064895910172,-0.3807480786708181,-0.9111778762057096,-0.5520575133296692,0.12383125081822681
TCGA-AR-A24W,-1.045807659512512,-1.585436694698595,-0.4049663234782528,0.22974658663448078,1.2377449203760853,-0.17127330839578375
TCGA-B6-A0RQ,-1.059478545396798,-1.5185030879551622,-1.7497913482576284,-0.4421176129889179,0.05476694836055171,0.48091119152140716
TCGA-AN-A0FY,1.1995227092618863,-0.4371776978170618,0.2483494117477951,0.5675500532413392,-0.6776031114115708,1.9671953008729275
TCGA-AO-A129,-1.6333739091092356,1.3402464424800942,-0.0579101323618783,0.30233821022379165,-0.3013395944644272,1.2185013868451366
TCGA-E9-A1RC,-1.4971103476067242,-2.575768884729245,0.4840812128731791,0.29981404105821574,-1.2158067630500882,-0.8030602281385599
TCGA-EW-A1J1,-0.5243126481131494,1.0484113406999955,-0.9915879893078546,0.5676370935573964,-0.7968029954179764,-0.6783757392546684
TCGA-GM-A2DO,-1.1362041623595838,2.6331244410526446,-0.5414056364677508,-0.496256689574707,-0.3979562019080292,-1.1230136380206825
TCGA-AR-A24N,1.0163726264630977,-0.4256497097847093,0.1033282233606042,0.051662099987314615,0.8596150169361495,-1.3268426945837157
TCGA-AC-A3TN,0.5145113747605529,-0.4790233338695343,-0.4754029400385476,-1.668428625878401,-1.2470998432459282,-0.16496326560801605
TCGA-A8-A094,-0.3727201053423299,1.4740158269726922,0.0503187532338497,1.4468313260222014,-2.049210544965428,0.07305741815385797
TCGA-E2-A1IJ,-0.7476462709423661,0.5118132993096994,1.1438467876797545,-0.13913027280378537,0.12145915903636774,0.33866619596457775
TCGA-A7-A3J1,0.4295815996012569,0.7801959975858751,-0.5515035587098809,0.308953274243921,-0.3206255882232925,-0.3773035426754815
TCGA-D8-A73W,0.4740869571168287,-0.3573827571195918,0.665524685206261,-0.628035728080965,-0.2561730413388233,1.0945017088064322
TCGA-GM-A2DF,-0.4133953281741055,1.151831492288946,-0.342155072339639,-0.06192551246359017,-1.2897156681647062,1.6649980579052237
TCGA-A7-A4SF,-0.8164369492275966,0.4227443520804547,-1.6263148751504564,-0.6289931715575666,0.6849212412106885,0.03412103009909898
TCGA-AC-A3EH,-0.1644379293141921,-0.2491338489143476,0.8121288497136714,1.020333777355978,0.08326044881719499,0.40519067806818426
TCGA-D8-A143,-0.0958415987525193,0.5868084369164147,0.5606914693836613,1.321145109639754,-0.6015789682717864,1.3463164395927276
TCGA-BH-A0H9,1.0049901060107067,-0.7580280905222235,-0.9924163882636686,-1.2280046266434796,0.18404531942804128,0.9964759278243529
TCGA-EW-A1PA,0.0176500607213107,0.2857741271418231,-0.1104081452430063,1.7463370535651657,-1.045032398959494,0.9082820739767035
TCGA-EW-A1PF,0.8620232529197436,-0.2331659950202524,0.2485996251616287,0.05906052685193107,0.9490771428240448,0.45977988544143705
TCGA-LL-A7SZ,-0.1052834806038466,1.3193190285663874,-0.5724716792458424,-2.055322830739906,-0.8257319860562726,-0.7233775947953442
TCGA-AR-A24O,0.774120828636761,-0.0017082849951996,0.6402232710812402,-0.4120887039501721,-0.3565846346511118,-0.10425967568847541
TCGA-B6-A2IU,0.2790048450901305,-1.0111902771880754,-0.784014367458988,-0.12006844358788465,-0.07525797730405678,-0.330980980504809
TCGA-AC-A2QI,-0.1837959710894191,0.4606381169427709,0.1912987377963845,-0.014662620846089682,-0.23931335002059373,0.670554880577054
TCGA-BH-A0DS,0.1825864437647678,0.1542169508935123,0.1014888397102361,-0.8031608439822815,-0.08259909750903911,-1.1401339091502871
TCGA-LD-A9QF,1.4091396195661912,1.557477027861777,0.6693655759196112,-0.7622518954367479,0.907518936917845,1.3248427280901662
TCGA-D8-A1X8,-1.144500719080499,-0.1268648162499659,-0.1691820399634312,-1.0928310158111043,-0.39988480128391674,-0.8637149029977303
TCGA-A7-A4SD,-1.0204716030598238,1.211541810529243,0.4870597148883008,2.6409374219715915,-0.13815520211118962,0.0515837066512957
TCGA-D8-A1JD,1.4311655085515076,-0.1128627572136908,0.9125869296186038,0.6549385305598893,0.15860025024295563,-0.3714337354310463
TCGA-LL-A441,0.2332231118030446,1.232223213145665,-0.0790235160702779,-0.17499088301816706,-0.3605040462859787,1.9276719320937263
TCGA-AN-A0FF,-1.6831645478293964,0.0399018663203705,0.5078337872712261,0.5845229148719348,0.9261205889626832,-0.5369133846637664
TCGA-D8-A27V,1.3786235691975672,-0.3646077067066837,-1.043474669295728,0.36404979430631473,-0.18313511658751133,0.6251127894930466
TCGA-A2-A1FV,-1.0113271765516731,-1.5558739949561913,0.246397091106847,-0.5702409582208932,-0.4264497023646758,2.392022600188969
TCGA-AC-A3TM,1.7759097751857116,0.1625886663299408,-0.8170253245068456,-2.5641605183935336,0.12195686210110927,-0.31356721901298246
TCGA-E2-A15E,-1.3416252242391795,-1.0891590232555073,-0.0761482607684178,0.6216891298271314,-0.35845102114390415,-0.477139180891261
TCGA-A2-A4S0,0.6410347058669648,-1.5497186356189674,0.0596525166996856,0.37997817214425444,-0.7042924382585168,-0.4656441417042407
TCGA-E2-A1LL,1.1634178781462563,-1.3665730258570277,0.730280845966707,0.3733631081241282,0.1313510074481728,-0.168142744532085
TCGA-BH-A0BJ,1.102244672666644,-0.0089609785859487,-0.1079607922452411,-0.11223481514299445,0.676273650460744,1.0082644573735935
TCGA-BH-A202,0.5901384323665059,0.8142212638919043,1.4129785896897848,-0.08716720411934335,-1.8664290944378588,0.17729541180296277
TCGA-EW-A6SC,-0.6216584005829169,-0.5902017630609738,1.0798443907634814,-0.20406234858031433,0.03772061839303658,-0.815044417929283
TCGA-AR-A24T,-0.970791156152759,-0.364720823191608,1.2459333474867544,-1.743631458949348,-0.3312017783491213,0.8148543086694338
TCGA-AN-A0FS,-1.648124845122341,-1.5967721392212768,-0.3183033602025549,-0.238617354053881,-0.34694163777167747,-0.08699265937775943
TCGA-A2-A0CL,1.6297553482553206,2.0561760269844864,0.4408189436673303,0.6095905258955858,0.45143629096223725,1.2030931428284937
TCGA-B6-A401,1.241401008243887,-0.2155087526974798,-0.1812468307718698,-0.5634518135686526,-0.6672135599350209,0.5038523548350758
TCGA-A8-A085,-0.3456593126155348,-2.7638888803166664,-0.0823163235203067,0.5658962872363077,0.3583658178549411,0.26363049335654004
TCGA-D8-A1JG,-1.519217060434798,0.8710678134346822,0.1084442225970717,1.3535241072119613,-1.3126722220260643,-1.477452165463866
TCGA-A8-A09A,-0.7371654013873044,0.6021162525398056,0.2033624645341695,0.17647791320922993,0.1150512320777766,-0.030642509831175654
TCGA-GM-A3XL,-0.8661797413420715,1.7494047991176722,-1.4807526688747144,1.0336509457122875,-0.29928656932235265,-0.4315014295657728
TCGA-PL-A8LZ,1.403897369646561,1.61374245776168,1.462428631110117,1.9642860049652064,0.22187075234864959,0.6891426035177658
TCGA-AR-A0TR,-1.518707912312266,-0.0535543871489068,-2.74642367458992,0.41792774994394144,-0.700248600857463,-2.8842493017136515
TCGA-GM-A3XN,0.7309875521906396,0.3332663151162597,0.2381835006355494,-0.4104349379451344,0.8025658031397644,0.6721690775692736
TCGA-LL-A5YM,-0.6629216297593774,-0.229068093188564,-1.6916884966111028,-2.5595473816426524,-0.003028820032952264,-1.2326812033708916
TCGA-XX-A899,-0.2569376635324314,0.6321620961323976,0.3661021976608344,-0.36961302971565185,1.24359293138684,0.016560523426162765
TCGA-A2-A0CK,1.6509038065126806,0.0817544721199415,-0.1245539183568514,-1.3731008335060504,-0.3036414711388726,0.20013874499589282
TCGA-E9-A22D,-1.4189587743616234,2.627228496213072,-0.3561762711847379,0.8486902740968358,-0.46558160583024305,0.502433818084337
TCGA-B6-A0RM,-0.0330080530885587,-0.8374519829903158,-0.2669919497523122,0.7611277161461745,1.0348064957263519,-0.440012650070204
TCGA-AR-A0TS,1.191456921694622,1.0456469885674398,0.0280843652989421,2.2181826068956987,-0.9413857357263691,1.2205558193806896
TCGA-A2-A0YT,-0.0532214489909599,-0.0932770698228912,-1.2826611013329166,1.8379905063703772,0.8858688536014393,-0.8186641323966853
TCGA-AR-A1AY,-0.9846381788049348,-0.9351068245370636,1.4868814558356789,2.1672640220039154,-1.7515218993648813,-0.6693753681465336
TCGA-AC-A2B8,-1.1953640196552546,0.0356569540466029,0.8119517069009886,0.13069470696464652,-0.19308917788241156,-0.6360642120343607
TCGA-AQ-A54O,-0.913230005216474,0.1377706851107997,-0.6767849571576227,-1.7637377719578922,-0.44492692864332695,-3.1813593784028447
TCGA-E9-A1RA,-0.1165445077620437,-0.2296700933622016,0.3339441421131995,-0.03607453859545499,0.8340455219848801,-0.5973723992814544
TCGA-A8-A096,-0.6101870235936969,1.1076777929758597,0.9262711910179714,-0.2293040402360706,0.5934683030638106,-0.4421159976661263
TCGA-E2-A156,-0.7729688147358356,-2.408156356045677,-0.60045837242312,-0.019536878545130205,-0.44523799305879624,-1.6521278460462023
TCGA-C8-A12M,-1.1921158652636274,0.6325570454798121,-0.425022963038923,-0.05783461760903681,2.9505900176956645,0.7014202836707116
TCGA-E2-A15M,0.5693258198576736,1.0231128052378748,0.2858452999093206,-0.2087625256472466,2.0587061256728005,0.6751039811914916
TCGA-E2-A15R,1.323926676693065,-1.7712756503480425,-0.3923333642719304,-0.11606458904938233,0.1417405589247227,0.8689054503786128
TCGA-B6-A0IG,-1.0038573953854688,-0.1364902611735673,-0.2077688058740552,-0.2308707659250511,-0.3270335151818836,1.306939815994637
TCGA-BH-A0HX,-0.8360572989670472,-0.5051490791098107,0.1326388509867296,-0.39755297116909233,0.1792549274298684,0.20811189983625114
TCGA-D8-A1X6,1.684655234637766,-0.2641171565431567,-1.341507215787621,-0.4779782232032996,1.5794802872065556,-1.8210315495048424
TCGA-A8-A07F,0.3901603336811523,0.2290818160257902,0.6950555317428164,-0.6514495730995784,0.72654165999998,-0.5326577744115499
TCGA-AO-A1KO,0.9310529648719756,-0.9176394421126514,-0.6876608994469487,-0.4966918911549776,0.13296854240859107,-0.5359350834563592
TCGA-AN-A0FN,-1.4249231002619795,0.9461178884923176,2.271420151692876,-1.1648133571880364,0.3112084524703611,0.10216187907418381
TCGA-A2-A04T,-0.1502979123762025,1.461969748203454,0.4902953692303679,1.644499883781596,1.6039921631452434,0.8750687479852717
TCGA-A7-A26I,1.0181691381176587,-1.4195064451507495,1.090456366609057,-0.16976846405490695,-0.14692721862732128,-0.33890522028479714
TCGA-A8-A07J,0.5661281096400052,-0.4282149397283135,0.7494810374108464,0.0024843214166201904,-0.6285171466511066,-1.6769766967143125
TCGA-A1-A0SN,-1.076147807332841,0.758428820753276,1.176096828563095,0.5712057465156251,1.1273170528858114,0.2494940409095237
TCGA-A8-A07G,-0.2653068656071009,-0.32906451947679,1.6560356345725809,1.7452055294564557,-1.2115140741166635,-1.3128040722574408
TCGA-BH-A0DP,-0.197742820664946,0.1528720674545441,0.7045195316893759,-0.9644465496309604,-0.20434970972226413,-0.253206034516034
TCGA-D8-A1JN,1.2205948743912434,0.6875596076791728,-0.6235157296063443,0.04452479407085745,-0.5381218275168135,1.0415756134857674
TCGA-A7-A26H,1.009345849983696,0.0735255062122039,0.3604588883864253,-0.197969526456516,-0.14891803088629735,-1.26349769140418
TCGA-A2-A0T0,1.5380584280753669,0.2790309069794694,0.3613953662171829,1.768445293842964,1.5964644042909724,2.1654969556141177
TCGA-C8-A12Q,0.0045383208144073,-0.1724416711614627,0.4238118069290756,1.8187545965223653,-0.22351127771494236,-1.2171262141731374
TCGA-E2-A1BC,-1.1899233924570842,-1.152409861327181,0.5295090983794071,-0.9016034414397337,-0.19084951409105477,-0.8442467089703517
TCGA-BH-A0BF,-0.0311720631330331,1.5322203726551178,1.0165549125305704,-0.1693332624746394,-0.10387590352688378,0.294300236208717
TCGA-E9-A5UP,1.4010007693502269,-1.3703790522428498,-2.090190805083661,0.15306406819060728,-0.2755212479807871,-2.238912910248303
TCGA-B6-A0RL,0.8760026710823888,-1.383297653197623,-3.667991500022748,1.2115613517273423,1.0176357399926597,-0.9862960442856987
TCGA-A8-A095,-1.0004818746601103,-0.4461194627044743,0.1054814140858126,0.6209057669826473,1.0443250668395958,0.14731047979597015
TCGA-A2-A04Q,-0.1058870784208992,2.3978547059126183,0.4128398922598669,-0.3206963720931229,-0.9780291238682122,-0.0725138015081518
TCGA-D8-A1XL,1.290224057958207,1.670259436877193,-1.2949471969348636,-1.0031794902751408,-0.024430051816980655,1.9429823459896305
TCGA-BH-A0BR,-0.9824598414184644,-0.0328281621828609,1.1708446406717283,2.081268189742232,0.8128931417332225,-1.2060224954690795
TCGA-B6-A0X0,-0.4243998759934691,-0.5559312926936136,-0.4267971573078897,-0.11580346810122304,-0.238753434072757,0.3169968242205356
TCGA-EW-A423,-1.5736678971095308,0.5365512033780032,-1.8784203622651987,-1.164552236239874,-0.9858679471379427,-0.5591208220718805
TCGA-GM-A2D9,1.0969585993482345,-0.3858356079841173,-0.7248123416017147,-1.1149392560889027,1.0789776427224629,-1.6468939345865796
TCGA-B6-A1KI,0.2523037447113144,-1.2473847975712846,-0.7492219895218548,-0.747542082023566,-0.08191475579501868,-0.829670020980002
TCGA-A8-A092,-0.8444358099059488,-0.3503027317538507,-0.43989274422498,0.17212589740651107,-0.7406869748679892,-0.44368127959797654
TCGA-AR-A24Q,1.3663586905479708,0.6915442425017859,1.749542732341325,0.1158108129193564,0.7830309578485284,-0.37886882460733173
TCGA-AR-A1AI,-0.8710000367798818,1.6305811980138307,-0.5751044786148578,3.2501325940358594,-0.9194245879945007,0.533445966359107
TCGA-LL-A6FR,1.7580011909201196,-1.8663679657699763,0.0614860703994747,-1.6788734638049212,-0.12272640710409939,0.5704257519990517
TCGA-AR-A250,-0.6062726111105374,0.4810451931864236,0.822319630096764,-0.2486269904001337,0.8292551299867106,0.3745698502763775
TCGA-BH-A0B3,0.5659021207693735,0.8540191270892756,1.1245850624974418,-0.08107438199554193,-0.5223197552111621,0.5988943171345669
TCGA-E2-A1LK,-0.1314158588051667,-0.8531681466566332,0.5995079080088543,2.592281885297216,-2.3694824671287678,1.7458546526973264
TCGA-BH-A0AW,0.6156773010774462,1.5311654658250655,0.2653753274806598,-0.02606490224920537,-0.8771198274911854,0.6075522828201086
TCGA-AN-A0FZ,-1.435354214867281,-1.6192531692223124,0.0768230886111363,1.4511833418249265,1.2749482244657684,-0.857747265632554
TCGA-LL-A5YO,0.0108216345490515,2.335097586719668,-0.1800126594960348,0.9507015245125136,-0.744046470555016,0.033044898770953186
TCGA-W8-A86G,-0.2676363185856712,-1.6503738272497344,-0.2954367783527322,-0.565018539257633,0.11791302470006196,1.039765756252067
TCGA-A8-A06O,-0.376496578710306,-0.032210055881754,-0.978550286217752,0.5043587837858929,-0.44735323108396263,-0.25305928933492344
TCGA-D8-A1XC,-1.397839805906271,-1.8452947575506269,-0.7351611323221466,0.43446540999426314,0.6786999529013763,-1.5642763976211451
TCGA-B6-A0I9,0.2807542405545427,0.4943250269582692,-0.7851848554335185,0.2300947478986973,-0.3025216392431958,-0.636797937939916
TCGA-B6-A0IO,1.2499313567678776,0.3716525739073809,-1.3624653346170854,-0.21285342050180303,1.1299922068588146,0.3043767386449993
TCGA-UL-AAZ6,0.9183974972566872,-1.0981796287687218,-2.128603776872797,-0.510444261091564,0.5074900986291293,-0.8249741751844538
TCGA-BH-A201,-1.1582820713111617,-1.2570369697622972,0.7378027410072571,0.3093014355081406,0.6854189442754334,-0.1356142293858358
TCGA-AO-A0JC,-0.5051013601556159,2.8934416692207283,0.0250886667118199,-0.10266038037701548,-0.10692433479845136,0.3354378019801386
TCGA-A8-A09I,-0.3458651941679094,0.9394326260875452,0.1995414231047359,-0.19205078496481665,0.08064750772728371,0.24191220655212772
TCGA-A2-A1G4,-0.3834772366235743,-0.3907265486603646,-1.0943306921945202,0.11894426429731433,0.7575858886634428,-1.059717549901516
TCGA-AC-A4ZE,1.6410695664267625,-0.0050375124019812,-1.9920549601738995,-0.3528142487171709,-1.5256269208537898,-0.0751062997077768
TCGA-E9-A54X,-0.5902925904246511,-2.3028265960863488,-0.6196926185591934,-2.46406415493105,0.8726175095026073,-2.304752581506725
TCGA-A8-A06Z,1.664248894842144,-1.518807401363055,-1.911795436745588,0.6261281859459075,-2.8350214713145307,-1.4767184395583113
TCGA-E9-A1N4,-0.8279049290871258,0.3937154022919836,0.9387550827113874,-0.33044488749120704,-0.6285171466511066,0.5156408843843181
TCGA-B6-A0WW,-1.6400209312117464,0.0003892361455708,-0.1872475629567571,-0.8404140992535385,1.8089214000539562,-0.7684772804567587
TCGA-AO-A0JJ,-0.1034455191802596,0.7221828258308185,-0.3347102239601585,-1.6341347413529936,-0.38395830321208163,-0.6937350682109429
TCGA-D8-A27G,1.466142989912166,0.766151399745852,0.7655014190038463,1.060894564637298,-0.646745521397387,-0.982578499697556
TCGA-EW-A1J6,-1.0056883163445602,1.103984526110092,-1.752875061033545,-0.4065181237226893,1.4108211611411248,-0.3962825860991574
TCGA-AC-A8OS,-0.9435467587129988,0.1375344210920063,-0.2878814160132433,0.6293486776399195,-0.5047135092958104,0.8693946009823181
TCGA-B6-A0WY,-1.1258379451237033,0.0634880339007191,-0.4726942840116007,-0.15001031231057319,0.7750054959295156,0.7567921320098892
TCGA-LL-A6FQ,-0.1544853395143599,-0.3149629234951286,-1.5792745867267783,-2.400437683895333,-0.22655970898650662,-1.7729480451608397
TCGA-E2-A14Z,-0.2897354646398952,1.271671165689649,0.155217400852486,0.3872895586928168,-0.4849298124722002,-0.21676431454016137
TCGA-A7-A13G,-1.2125084488267783,-2.023715243410746,0.3709832196783391,-0.8281414146898785,-0.6720039519331904,0.26206521142469064
TCGA-AN-A0FD,-0.3781252955614617,0.7217677918708529,0.3892695658940905,-1.1951033871749384,-1.1950276600969882,-0.3459489889781194
TCGA-C8-A3M7,-0.6658573214834522,-0.1532593154424123,-0.6901035581503757,-0.3645646913845,-0.5697259721281129,1.4880233694854825
TCGA-D8-A73U,0.8548482779074352,1.7712698472147388,0.6199911030349899,-0.3926787134700549,-0.12229091692244641,-0.3921248059676813
TCGA-LD-A66U,-1.3125662533036508,0.8865727297442226,-1.4324552833666346,-1.8976057780494586,-0.05130601731320898,-0.27184267251711774
TCGA-GM-A2DK,-0.3085749659277226,-0.3519911064465003,-0.9234057121298616,-0.6135870356159486,0.6007472103857078,-0.9975954232312365
TCGA-A2-A04N,-0.3927482558604738,-0.8156265477769734,0.2032152981649003,-0.1087532025008231,0.8334233931539449,-0.25658117368158456
TCGA-EW-A1P4,0.8611751867351644,1.4980481185028185,0.5970730649655664,1.082045361438501,0.9409894680219402,1.3748828348489814
TCGA-AR-A0TP,-0.1557330991946917,-2.075115234717348,0.2973834588155842,1.1207783020826751,0.45908847558269217,0.11840167911712329
TCGA-A8-A075,1.5514419815822476,0.8132772549260036,0.269448791915136,0.5369118619902115,-2.0060348040988063,-0.15586506437914
TCGA-EW-A1J5,-1.4869209574761182,1.133568990778175,0.4109473530221783,0.5103645655936402,0.13184871051291766,-1.0263574787289729
TCGA-BH-A18M,0.9653524964594116,-0.5448551088870172,0.6074599711041898,0.09483409675026483,1.3186216683971346,0.4947541536062007
TCGA-AQ-A54N,1.0967939193777696,0.0073403667429488,-2.828229809194144,-3.2656184254753984,-3.8603519975721223,0.9539687403625635
TCGA-AN-A0XP,-1.3365872976713151,-0.9660605862521786,-0.0778542837214723,-0.01805719317220691,-0.034010835813323086,-1.608153206773304
TCGA-E2-A15A,-0.854265364195612,0.9328297733808012,-0.3469786676986928,0.9080517696458912,0.39270732932233876,0.8968848649104244
TCGA-A2-A4S3,-1.339154472857594,0.8978920261717976,-0.6925921126010091,-0.7621648551206969,-0.9273256241473264,0.1086186670430638
TCGA-BH-AB28,-0.5786474369918959,0.0280796168278677,-0.672606036427085,-1.2638652368578676,-0.16328920688080933,0.4026960099892979
TCGA-E2-A10B,-0.8484260675207693,-0.2804220496737118,-0.0816576671224882,1.0487089203896889,0.3076623181340553,-0.4255337922005955
TCGA-E2-A10E,-0.8486254363072634,0.2026218924688798,0.0719376170338711,-1.2808380984884598,0.4087582531603576,0.6648318185137285
TCGA-LL-A5YP,-1.2626863058765632,-0.1242068562551757,1.159762231374716,0.5000938082992313,0.17514887714572258,1.5163941045002556
TCGA-B6-A0RS,1.4190533957473563,1.0425177647013837,-0.4160335733582008,0.1465360444865352,-0.10717318633082212,0.22826490470881408
TCGA-BH-A1F8,-0.0963380977721763,-0.0272004857140114,-0.0535303557687961,-0.691052916904303,1.9933825984250353,0.2682285090313487
TCGA-A2-A0T4,0.1705818642045519,0.304257822510291,0.1311408219094056,-0.5916528759702523,0.07013353048454676,0.9372887047762907
TCGA-AO-A03O,0.1990999118345301,1.113029834304062,-1.2194860228308495,1.5040168136698973,-1.0275505788103294,0.6233029322593445
TCGA-BH-A18P,-1.0840060913781917,0.6078572114524108,0.4215060274414963,0.3982566385156649,-0.014662629171359316,-0.02222911944748393
TCGA-C8-A26Z,1.0387998701477332,-1.1445236346875711,-0.5027349468853093,0.3111292821452804,0.9298533619482713,0.26314134275283735
TCGA-BH-A1EX,-0.0644142410907638,-0.2660237386896785,1.5874721144244193,0.5019216549363773,0.8956362762470607,-0.5205268394397154
TCGA-LL-A73Y,0.8685114237898809,0.1204446335507555,1.8439611996225107,-0.03346332911382492,-1.4284503974623444,-0.6797942760054073
TCGA-A7-A425,1.7687995075139242,-0.9733787265414824,-0.3183250181805954,-0.632474784199741,-0.8436492963870871,-0.25707032428528725
TCGA-D8-A1JK,0.7940314696846542,1.306305609740386,1.5016452401735785,0.8725393206957229,-0.8308334424699114,-1.0375590275537712
TCGA-D8-A27F,0.4503864920574232,-1.3457304751902204,1.481647926701387,1.3820733308777806,-1.4410173998471594,1.2660468255250672
TCGA-AR-A1AK,0.5987739434362792,0.8580483957392452,-0.8143683685923391,0.2361005297064446,0.843004177150284,0.11801035863416096
TCGA-EW-A1PE,-0.2807697121331836,0.4721280260212744,0.1780904584976751,0.0003083135152576789,0.7063224729947203,-1.4179714520535824
TCGA-C8-A274,1.022654906159229,-0.681252849866121,0.139531650583761,-1.116941183358154,-0.9333602738073564,0.649863810040419
TCGA-E2-A14T,-0.9362514618172828,-1.051964361738858,-0.8996254142879622,0.6054125907249752,0.9183439785760447,0.32541021460422737
TCGA-AR-A24X,1.422044252495541,0.0637599863806686,0.9949712964455314,0.03138170634665299,0.08350930034956906,0.012158167992835733
TCGA-A2-A0SW,0.6554361395102737,1.589933279651154,0.1428656675700969,-0.050871392324691,-0.2964247767000706,-1.001215137698639
TCGA-AO-A0JF,-1.649204507567862,-0.1191911599793071,0.276774416515546,-0.4276689205238984,-0.28833710189796274,-0.5778063751333344
TCGA-AQ-A0Y5,0.5291666311967367,-1.53449304076354,0.2169092077437983,0.06680711498076713,1.2725841349082279,-0.518374576783423
TCGA-C8-A1HJ,-1.5344722523398953,0.4102972118760071,0.8413870024989851,-0.22799843549525867,-1.180283206803922,1.7900249522117055
TCGA-C8-A273,1.7118289052085338,-0.6447097718422322,-0.2305642204035267,0.7095128087259551,1.6801407320512116,-1.2980317240256103
TCGA-AO-A12G,0.9846160797914656,-0.1373681088998687,0.5689275700891959,0.4624053514477098,-0.22351127771494236,0.1176190381511986
TCGA-B6-A0WS,1.7193308175609223,1.063197149313924,-0.2587323272139475,0.5007901308276643,0.361414249126502,-0.20458446450795761
TCGA-OL-A6VQ,0.6094507856260026,-0.1475094229158213,-0.3866721379237971,0.505055106314329,0.4396780560576399,0.5667082074109089
TCGA-A2-A0EX,-0.9433678475390176,-0.5983106477287092,0.6653868410499403,-0.34524174122043993,0.06036610783893206,0.38670078524821105
TCGA-BH-A0BW,-1.5389458233837148,1.2538562135673958,0.2551873077873144,2.236548113583157,0.08238946845388902,0.3253612995438572
TCGA-A7-A13F,-0.3693437539166362,-1.5318484906390883,-0.6295203792553457,-1.8095209782024755,0.7875724983143205,-1.084272910207406
TCGA-A2-A25C,0.9381833331509968,-0.1179343003141403,-0.6369840300716005,-0.08908209107254347,1.305245898532119,0.3372476592138398
TCGA-A7-A26G,-1.3520037258482795,0.3956429237376392,1.7508024435128455,-0.15375304590091313,0.27475170297779694,0.8763894546152701
TCGA-A8-A06R,-1.0851493452482852,0.365232190399532,0.49016497882386,0.09431185485393696,-1.3297185519935792,-1.785861621098598
TCGA-E2-A1II,-0.7581828273061387,2.841314042273484,1.6760698537702945,-0.4899027465027431,0.1534987938293168,0.7043062722325595
TCGA-AR-A2LQ,-1.0294106622235906,-1.2005963868444336,1.1070185831231123,0.017368215461904146,0.4302216978274845,1.247899338127687
TCGA-A7-A2KD,-0.8129509755843646,0.5142954543727006,0.4608892915684175,-0.3366247499310595,-1.9261534622072503,0.5862253164986595
TCGA-AN-A0XW,-1.466071427880986,1.4026475460920769,1.6774300883053894,-0.4241002675656698,-0.19371130671334014,-0.4462737777976024
TCGA-C8-A12U,0.8239776168985459,1.7065406531822176,-1.344690105504358,1.2262711651405274,2.3877500643522755,-0.7398619701401347
TCGA-BH-A0GZ,0.8286418848672902,-0.7982508218445918,-0.6119990598857246,-1.8591339583534436,1.1884723169663423,-1.1248724103147538
TCGA-D8-A1Y0,-0.8355117059634998,0.7344583152163126,-0.1779191942342971,-0.9619223804653876,-0.2982289503097711,-0.5672896371537205
TCGA-AC-A2QH,-0.1279760556776092,-1.810171111749449,6.7815225517012285,1.2003331509563349,-0.028473889218031286,-1.0910721035988773
TCGA-GM-A2DL,0.4706078899771128,-0.7191389154713151,1.1110094582354846,-0.5664982246305532,0.7490627236796885,-0.26768489238564164
TCGA-AR-A1AJ,1.4605661489115755,1.6932692613691875,0.4890401174486479,0.3699685357980079,0.6021158938137519,0.3768199430534112
TCGA-D8-A1XK,1.617286130034672,0.7574655012067406,0.0267082827535896,0.8819396748295906,0.8207941778860481,-0.6559237265447017
TCGA-E2-A15O,0.9330585143838016,-0.3607903703953801,-0.647124470913769,-0.9765451535625091,1.9023029375767184,0.8105008682964786
TCGA-AC-A2BM,1.5127967166186542,0.6712323984406992,-0.2651027379890323,-0.3557736194630113,0.924191989586799,-1.7252558612997986
TCGA-E9-A2JS,-0.1957516787252212,-0.4330219081583729,-0.0409943303802306,-0.1983176877207294,-0.7298619332097863,0.5176464018594992
TCGA-GM-A3NY,0.6306898144114935,-0.1945868082096819,-0.9246886672196082,-0.9400752611357455,-0.24453923220041626,-1.3415172126948058
TCGA-BH-A1FG,1.6070383839388116,-0.3284654837133636,-1.6134137176336083,-0.6292542925057228,-0.06262876203615009,-0.9987204696197542
TCGA-D8-A1X9,0.8287435652684687,0.4088644638749249,0.3765493669949246,0.4353358131548106,0.5732491160585508,-0.5790292516425926
TCGA-C8-A1HK,-0.4785390354177343,0.3323756189090812,0.75206557743452,0.611679493480888,-1.5867821849343207,0.684006522178886
TCGA-HN-A2NL,-1.4595171732168686,1.1868250629049792,2.047090628080547,-0.4284522833683825,-1.9728753374101773,3.2408945578551305
TCGA-A2-A4RY,-0.7626568022961846,-0.449003646203395,-0.4921852399656684,-0.09595827604083515,0.16401277107205375,0.35593321227529373
TCGA-A8-A091,1.4199347586275146,-0.4789962973996047,-0.1601035406961206,1.536569891874222,-0.6620498906382934,1.7963349949994734
TCGA-AN-A0AT,1.5859897556949478,0.5815224397621651,0.6926387596448209,3.2443008928602204,-1.4132082411045364,1.2038757837944185
TCGA-AN-A0XR,0.4431171873343713,-1.1123681839365664,-0.0554562669733703,-0.21476830745499698,0.32072702358360833,-0.8222838468640867
TCGA-B6-A0IH,0.9462718132820328,0.5091237755790451,0.3902418792504467,-0.6114980680306464,-0.49668804737680095,0.0003207233832232715
TCGA-BH-A204,1.063551128195995,-1.384306773841872,0.4276884085684396,-0.27717621406595305,1.0092992136581778,0.726660454821786
TCGA-BH-A0C3,0.0167139210579162,0.3440664814558875,-0.2312825496426689,-0.2796133429154718,-0.5608295298457976,0.968985663896245
TCGA-BH-A0BQ,-0.2901038520179341,0.5141417393501948,0.7669577985815426,-0.4656184983235823,-0.10319156181286335,-0.2236124229920037
TCGA-D8-A13Z,-1.6595071775358283,0.1863592714381809,0.2025601991579469,1.7327587642606905,1.9750920107956595,1.0431408954176167
TCGA-C8-A12X,-1.2773178662096556,-0.4004713989314246,-1.0287802711171925,0.20424377403055594,1.8056863301331132,-1.4877243281416281
TCGA-D8-A1XW,-0.306090318004069,0.359862912471682,0.1353541022472778,-0.4083459703598291,-0.6720661648162823,1.1124535359623298
TCGA-AR-A1AN,1.2286538916402228,-0.6666909057121929,0.9378219801365018,0.8483421128326193,-1.595243137034983,-0.5860730203359157
TCGA-AR-A24R,-1.2786065374275553,0.608596483648235,-0.4741726972234984,0.839899202175344,0.18354761636329311,-0.9810132177657066
TCGA-A8-A076,0.7939399038644698,-0.4096368013001549,0.284473126938821,0.1722129377225621,0.41970772058474753,0.22748226374288938
TCGA-A2-A0SX,0.0832593570933144,1.2246753702199475,0.7447711197387382,0.18892467840499824,0.45386259340286966,0.7707818392757949
TCGA-AC-A2QJ,-1.6655113527967629,-0.3003469090462342,1.3251227656571056,-2.0371314046845526,-2.114347433563917,-0.13023357274510336
TCGA-B6-A0RT,-1.2412015542915802,2.757556301543957,0.6483718698243722,0.6571145384612518,-0.05777615715489198,1.0379558990183668
TCGA-A2-A0SU,-0.7711964196406899,-0.1478479900125663,-0.1593092126051699,0.8500829191537019,-0.3374852795415221,1.1430743637541383
TCGA-AC-A3W6,1.641752890987014,0.8592447110099116,0.4743315723516123,-0.0671479314268503,-0.13068965614001693,0.7820812182213354
TCGA-BH-A0DL,-1.5361260146684808,0.9499124581517256,0.3822992114241129,1.1672578308556885,0.1885246470107449,2.0368014317798617
TCGA-BH-A0BS,-0.9187565412303856,-1.3706970874036897,-0.9210246432693574,0.45239571510146326,-0.02940708246443243,-2.663202143900272
TCGA-D8-A1X7,-1.0185353086800053,-1.227436439098902,0.3609366544173908,-0.29432315632865985,-0.4423762004365109,-2.0006476511845785
TCGA-AR-A0TV,0.7109805393006535,1.5234008579927207,-1.14319472786216,0.21486269258918755,-0.01827097639076691,-0.08092719189184265
TCGA-BH-A0B7,0.8579687826446151,0.7138106909364836,1.326923214143446,-0.26499056981835023,0.00536991918461826,0.058431815103138045
TCGA-B6-A3ZX,1.6232466924842848,1.719303930817346,-0.1805794832082821,-0.16646093204484386,-0.9090350365179508,1.8649139096386318
TCGA-C8-A1HI,-0.6119100030510893,-0.8072086014317172,-0.6774123741354976,0.5855673986645904,1.6437461954417394,-0.5942907504781266
TCGA-AN-A0AS,-0.9278489800062713,-0.6669390044472574,0.818858915949128,1.1261748016780404,0.4537381676366826,-0.8663074011973554
TCGA-AO-A0J7,0.4386914639714814,-0.959682782623216,-0.6692901149111506,0.14583972195810216,0.4650609123596303,-0.6025573956807061
TCGA-E2-A3DX,1.3336854426999056,0.8656438166328437,0.4222507825157492,0.38032633340847094,-0.33512118998398494,0.10358041582492263
TCGA-E9-A1NA,0.8286129247553684,-0.4298015760327405,0.3620629887292812,-0.72900249470399,1.4116299286213354,-0.6166938481277224
TCGA-BH-A18T,1.3774751079805432,0.2701961882801995,-0.4941314053807871,0.3306263129414487,0.10708798304186237,-0.11629278053956775
TCGA-GI-A2C9,-1.208859708269163,-0.5864939863838967,1.0602154145799394,-0.3605608368460069,1.752307676439221,0.7987123387472364
TCGA-LD-A7W6,0.4969585291871193,0.0458323557656656,-1.2921001943680042,-0.16437196445954164,-0.5851547671352064,-0.17880622769281043
TCGA-E9-A6HE,0.8360933780563685,-0.1442139458109946,-0.0130157779079824,-0.6074942134921409,-0.458862614456186,-1.519274542080471
TCGA-GI-A2C8,-0.6214026599601493,-0.3046016203944717,0.9723514274946454,0.3454231666706878,-1.3396726132884762,-1.172026528511722
TCGA-D8-A1JC,0.2684808242105838,0.4970400931391429,0.1668980733932258,1.8640155608706175,0.5730002645261767,0.39570115635634584
TCGA-AR-A24L,1.6646212334743575,-0.8420589712571258,0.82651398077719,-0.6053182055907846,1.2529248638508048,-0.2721850779397099
TCGA-AC-A7VB,-0.7339885449609291,-0.9073814798107188,-2.043912018590888,1.3658838320916755,2.358821073713976,0.9618929801425525
TCGA-A2-A04P,0.4846233775402135,0.6427018439699007,0.4153595091043077,5.34258179198201,-1.9353609689050284,0.21877538299697655
TCGA-AO-A126,-0.0097954621110634,0.1033949636925937,-0.1777248387588763,-2.095883618021226,-0.2716640492290087,-0.8035004636818924
TCGA-A2-A0D2,-0.6032278540151729,1.033717853449804,0.1925860072942306,1.6912405335027687,-1.8271105523230093,0.34057388331902017
TCGA-D8-A145,-0.7851847992406393,-0.5482193313577377,0.5277432782973521,0.6131591788538113,0.02590017060534731,0.49177033492361244
TCGA-E2-A105,-0.3831451212294569,-0.69529977325557,-0.212076511811911,0.5324728058714416,0.6294895623747251,-0.9275979718413409
TCGA-A8-A07W,-1.283494173451334,-0.1969921457576519,0.3040831239476814,0.7572109019237294,0.3344138578640933,-1.5303782607845289
TCGA-EW-A2FR,1.6779971310318422,-0.0255816274635395,1.469905186235546,-0.05687717413244139,0.3689420079807666,0.46692148425550134
TCGA-A2-A3XZ,0.6077362631857596,0.9175355667853098,-1.0077384465776855,-0.26412016665780585,-0.09721912503592188,2.7184817131003434
TCGA-BH-A0AZ,-1.2016973374223487,-0.2314924747886513,1.2465749772128107,0.148973173336057,0.40172819737083787,0.08910155795531499
TCGA-A7-A3RF,0.2693758648792403,-1.5135167611420162,-0.476903437848835,-0.1434822886065011,1.4300449420168981,0.16198499790705936
TCGA-S3-AA14,-1.4581251417434289,-0.6494891493475702,0.7806249493391967,1.3375957293740186,0.569018640008218,-0.9690290279749827
TCGA-BH-A0B0,0.1632749789598461,0.5139429283590315,0.5445792637789646,-0.0240629749799573,-0.46265760032486586,0.4751392143977115
TCGA-A1-A0SP,-0.2696636209983565,0.0098422004356441,1.0684346203224244,3.138546908854203,-1.4396487164191085,1.7768668009720965
TCGA-A7-A6VY,-0.3633367944197487,1.0412740731087489,0.4142471117907224,-0.2682110615123592,-0.5868967278618118,0.886612702232663
TCGA-BH-A18L,-0.7040859399248097,-0.3978592636647984,-2.034346627499409,0.06402182486702881,0.40962923352366354,-0.29913727620374503
TCGA-AO-A128,-1.235198875302726,2.853757484753473,0.3941950060037402,1.7632228748797039,-0.9362842793127336,-0.7841790148356252
TCGA-S3-A6ZF,0.3184879873626078,0.3207402678177677,-0.2776286892592063,0.4616219886032195,0.6909558908707185,0.5490009555568621
TCGA-E2-A14N,-0.9129580548898654,1.0007455021608815,-0.418523059776382,1.5209026349844417,-2.4520389629933304,0.31161616757980315
TCGA-AR-A1AL,0.6999933062573171,-0.8474251438170388,-0.1390982221511798,-0.5073108097136061,-0.0991477244118094,0.3415521845264256
TCGA-AN-A046,-0.9547258016347984,1.476770869308384,-0.110875989065721,-0.05818277887325333,0.334538283630277,-0.45796447722610345
TCGA-BH-A1F2,0.6446792704755955,-1.3815039816016703,0.7886018681720233,-2.4793832505566167,0.945095518306086,0.4531274372310763
TCGA-E2-A14Q,-0.0901188092068182,0.0514565488077274,-1.0548987796270892,1.474074944947212,0.30523601569342296,-1.4761314588338674
TCGA-A1-A0SM,-0.568437876634356,-1.3343604590006315,1.6321490429056176,-0.7454531144382607,0.5153289218988631,-1.6306052194832699
TCGA-B6-A40C,-1.0973858991114982,-0.3345046855790899,0.4472664813874455,-0.3299226455948761,-0.00421086481172086,-0.38297768967843593
TCGA-E2-A14Y,-0.0112296141980859,-0.5194029608687096,0.1977459298747024,-0.6276875668167546,1.315635450008662,1.3526264823804972
TCGA-A2-A0CQ,-1.6321545230759915,-0.5174770599724815,-1.1153966140749767,-1.2624725918009954,-0.030651340126296205,-1.731223498664975
TCGA-A2-A0D1,-0.7514733452062896,-0.2084086951295511,-0.1322586427673526,-0.0599235851943421,-3.0108350789356653,0.9750511313821617
TCGA-AN-A03X,-1.613431686185308,-0.5758586776779431,0.7567025768771514,-2.2206994312431383,0.8293795557528976,0.25330941561840675
TCGA-C8-A1HO,-1.091543206563214,-0.2812366229662224,-0.7327238256482317,-0.05121955358890442,2.8030832718818943,0.9313210674111142
TCGA-BH-A18I,-0.637487971494765,0.6690539172861278,1.192117165652924,-0.3828431577559166,-0.325602618870741,-0.788777030510433
TCGA-AR-A254,0.6882803973615433,0.7190613402333221,0.9346696559268292,-0.5107924223557837,-2.0423049149420884,0.20185077210885274
TCGA-B6-A0WV,0.6046538628643688,-1.301152038784009,-0.3726267756883968,-0.5113146642521085,1.4012403771447857,0.44975229806552663
TCGA-B6-A0RU,1.572477383387452,-0.5965578184707271,0.8705174170456442,1.0380900018310575,-0.8720805839606418,0.9179183408696524
TCGA-BH-A0BT,-1.2293920587607856,0.7318425018993003,-0.5843773632072897,-0.3296615246467168,-0.3939745773900704,0.4021090292648557
TCGA-EW-A1P0,0.1890870304098897,0.156223246191056,-0.422229213282525,0.7210891707611791,0.9223878159770986,-0.3879181107758367
TCGA-EW-A1P3,0.8248984443640768,-0.3492080363357275,-0.9753117177201084,-0.8115167143235026,0.3590501595689648,-1.1956035876102058
TCGA-AR-A24Z,1.5019986153459608,-0.7287126329768008,-0.2403539709073696,0.6345710966031735,-0.10997276607001229,1.6289476584123126
TCGA-LL-A442,-0.8416741860964951,-1.1617016821671564,-1.7564568896011798,0.631698766173381,-0.07476027423930862,-0.3858636782402838
TCGA-AQ-A1H3,-1.3026628048522375,0.0925666684651856,0.7499124481937479,-0.09935284836695238,0.018496837517263165,-1.1239430241677186
TCGA-B6-A0IM,-1.2518939951026509,-0.8597672516788282,0.5730069822898123,1.252470300272882,-0.10095189802150657,-0.7644173304460238
TCGA-A2-A3XS,-0.5103648848089941,0.4176746197534979,-0.7968175782855624,0.027813053388424408,-1.877316348979157,2.4832981028399472
TCGA-AR-A1AU,0.8115235821077705,-1.0254028389270582,-0.0595322107140366,0.04147838300895674,0.3399508044593785,0.3764775376308199
TCGA-EW-A6SD,1.1710299635984005,1.003833402115238,0.5483993785800633,0.44804369929874444,-0.4963147700782398,1.4599461248329306
TCGA-A8-A08H,-1.1352901997816276,-0.1254835602207137,1.918395625124873,-0.044169287988507576,-0.08577195454679373,0.3525091580493721
TCGA-BH-A0HA,-0.2589002427984461,0.7908570807860341,0.0764324113587063,-1.1900550488437895,0.0685159955241285,-0.5522237985596689
TCGA-A1-A0SH,-0.8517719108428067,-0.9685862705029404,1.447477725923544,0.06071429285695953,-0.0802972208345971,-1.0646090559385457
TCGA-S3-A6ZG,0.0070533934724722,0.2161902581432409,0.2484944914481169,0.23984326329678143,0.503881751409735,-0.4863841273012476
TCGA-E9-A1R6,-0.7089227731055032,-0.779322272274507,-0.2498228258312157,0.025811126119173248,1.4593472099537554,-0.5781976956162977
TCGA-EW-A2FW,0.1179757000732905,-0.3841891969622126,-0.5039599918864228,-0.5552700238595458,0.9703539488418894,-0.8813732397914087
TCGA-D8-A142,-1.556829995630716,-0.0055957487118038,1.1156118748078123,0.3729279065438545,0.3127015616645956,1.0098297393054445
TCGA-BH-A28O,-0.7737016669671376,-0.3500171902784336,-0.2299156736398577,-0.7520681784583931,-0.5378729759844394,1.2831181815943016
TCGA-C8-A131,0.0328726977902643,-0.1415113524750213,0.4340985897343491,-0.42018345334321544,0.6454782733296553,0.5497346814624167
TCGA-BH-A0DG,-0.1641999692884795,0.0038121139364535,0.659105711654384,-0.1500973526266304,-0.6637918513649022,0.31934474711831057
TCGA-A7-A13D,-1.3539687926284187,-1.970514704832257,0.8375340433300975,0.8582647088628086,-1.8499426804181838,2.1268540579215816
TCGA-AR-A24V,-0.5636022055067231,-0.3600868799784958,1.147037381654786,-0.5655407811539517,0.08997944019125538,-1.8138410356304087
TCGA-B6-A0WT,1.5134047382435525,-0.7699282842494689,1.0397483532139906,0.522463169525192,0.21160562663828672,0.5877905984305088
TCGA-D8-A1Y1,1.3833450149248168,-0.6740520696049824,1.3672137923013508,-1.0950940640285147,0.22635007993135653,-0.295615391857083
TCGA-AO-A12D,1.4140301734783118,1.377465238674331,0.4651062769682909,0.5952288737466205,-1.3986504264607489,-0.3901192884924994
TCGA-EW-A1PH,1.4175010489991848,0.240551012644164,-0.9666418390624348,-0.1876987691620978,-1.477723000872094,2.482711122115503
TCGA-BH-A1FN,1.5111026665100455,-0.4522708200440922,0.7385999173267099,-1.4948702356660588,0.18311212618164013,1.6006258384579097
TCGA-4H-AAAK,-0.5188293037161015,-0.4567165553615325,1.3008107876975712,-0.255242054420263,-0.5648733672468514,0.7084151373036655
TCGA-A2-A0CT,-1.15044715601979,-0.8549979560747445,-1.2979921754917536,-0.18517459999652494,-0.07121413990300283,-0.6107751258229162
TCGA-A7-A0DB,-0.0800049315920536,-1.4954816149066303,-0.198437841924729,-0.23426533825116835,-0.6794694979043632,-0.5997692372395986
TCGA-A8-A07B,-0.0705779492653765,-0.2886906858718485,1.0907008724562473,-0.2371376686809639,-2.5921423757190194,1.216349124188845
TCGA-A8-A090,0.0005174744864856,0.2526458648135601,0.2581487620821565,-0.3144294693372101,0.884873447471953,-0.9672680858016517
TCGA-AR-A1AM,0.8567827708984566,-0.1348240104789062,-0.6155215397483078,0.31365345131085326,-0.19327581653168716,-0.00227177481640346
TCGA-B6-A0IN,1.482913922264472,0.2654643687762659,-0.5738327180082814,-0.5966141739853531,0.4344521738778173,-0.23696623447309537
TCGA-E9-A1N3,1.328027664668485,-1.5361482496681833,-0.8280538317309787,1.3051296914857509,1.065353021325073,-0.5703223708966789
TCGA-AQ-A04J,1.7364018936921857,0.5681636198616732,0.6916376745354667,0.6712150696620486,0.6859166473401782,0.45831243363032803
TCGA-AC-A62Y,1.0273953006567318,-0.068100145239607,-1.0743759231171277,-0.07602604366439004,0.2483734405463168,0.279136567493925
TCGA-BH-A0B9,-0.1799001876794481,1.8584430100407392,-0.802836055521173,-1.1725599453168694,-0.7298619332097863,1.145569031833023
TCGA-GM-A3NW,-0.911716679115109,-0.108780952656599,-0.9459321613168186,-0.7302210591287541,-0.7398782073877783,0.5265489428468936
TCGA-BH-A1EO,1.4783814262911008,0.0194170958706508,1.3927225590916192,0.1657719543345411,0.5410228426163163,0.2536029059806296
TCGA-E2-A14R,-1.00324170371692,1.4733031222985642,0.2036818938022608,0.37971705119608895,0.08668215738731705,2.228010402767358
TCGA-A8-A09G,0.807599196454368,0.903360848646921,-0.5769391720598567,0.5772115283233693,0.061361513968418435,-0.6272105861073373
TCGA-AC-A8OP,-1.001779112305098,-0.5157204024695548,-0.2002162851255105,-0.996912587519225,-0.5893852431855393,0.2922458036731649
TCGA-AQ-A04H,-1.146205266097313,-0.2805206867408678,-0.1731360608983385,2.955675204824053,-0.7981094659629286,0.1538161828252203
TCGA-E9-A1R0,1.357027397202633,-0.3329232980168931,-0.0237886266258798,-0.6572812742752204,-0.1990616146593464,-0.9790077002905238
TCGA-D8-A1Y2,0.8848291817019591,0.7560175200847461,0.7783615793843376,-0.3007641397166778,-0.31483979009563323,0.4698563878777194
TCGA-A8-A09Q,0.0293006138003999,0.6123283524324115,0.3108992093184511,0.7799284244139097,-1.2851119148158154,-0.3212468834911188
TCGA-AR-A0TQ,1.4004487535099404,0.9542463671953878,-1.2867213072054198,0.6941066727843402,0.7518623034188786,-0.14300040350175192
TCGA-E2-A14S,0.3569456675636696,0.2072893646117435,-1.3025394693401735,-0.3203482108289033,-0.7222097485893314,-0.44069746091538836
TCGA-A8-A08O,-0.5869436038674599,-1.0896686637384945,0.5234478005180917,-0.2498455548248946,-0.5164717442004078,-0.10005298049662999
TCGA-B6-A400,-1.3966419671144232,-0.0062511146923818,0.7905922881830058,-0.6624166529224265,-1.006149347026301,1.8702456512189942
TCGA-A1-A0SJ,-1.1462349503258502,-0.5338689852158942,-0.3490760010272999,0.9688059102518096,1.769167367757457,-0.8373496854581393
TCGA-A2-A3XV,-1.5260509256206172,-0.3883563890961098,-1.488881002821277,-1.5988834133509877,-2.4739378978421036,-1.4964312088875418
TCGA-AO-A0JB,-1.328457339422172,-0.2073072971515688,-1.6717006583157628,-1.3031204193983694,-0.8390455430381998,-0.4761608796838547
TCGA-B6-A0IK,-0.0472679967977091,-0.0343208704676875,-0.2729847083915336,1.101455351918612,0.727288214597099,-0.12994008238288224
TCGA-D8-A1XR,-0.7888600482558339,-1.1946482030594536,0.6391746882965874,-0.543171419927994,0.37311027114800754,-1.576554077774091
TCGA-A2-A1FZ,-0.2137960493271156,-0.340003642373879,0.2834320927858891,0.19466933926457697,1.4640753890688298,-0.1748930228631861
TCGA-AC-A23E,-1.3300312752156949,-1.4218365762346454,1.3762016681430211,-0.022931450871250526,-0.2311012494523021,-1.4200258845891345
TCGA-B6-A0WZ,-1.69649624254873,-1.1105830346193917,-1.0106636737228571,-1.6840958827681813,-0.1594320081290376,-0.4162399307302396
TCGA-E2-A15T,0.2202259307376134,-0.7906767811525237,-1.0482481182659311,1.2381956884399707,-0.1830106908213243,-1.165618655603213
TCGA-AR-A0TZ,-0.1004570447188894,-0.7837530456384166,0.4178530881478374,0.5954029543787225,0.6149317477309408,-0.5536912503707779
TCGA-E2-A1BD,-0.1820872997701803,-0.537551559268459,-0.3761292926408628,-0.6484902023537318,-0.018084337741484692,-0.7147685441701709
TCGA-AN-A0AR,-1.2733574227891555,-1.181136047875578,-0.8898992365134601,1.4771213560091125,-4.160466945613297,0.7567921320098892
TCGA-E9-A22B,0.4051528287636266,-0.2054881107325332,0.0630939106225581,-0.18735060789788127,1.6441816856233922,0.7393294554576934
TCGA-BH-A18N,1.1641862592842034,-1.490027470255196,-0.3965669906458956,0.04208766522133564,0.7964067277135474,-1.3433270699285071
TCGA-C8-A26X,-1.3855834310151036,1.459660435442082,0.1950223243495824,2.1525542085907277,-0.3392894531512259,-0.4126691313232075
TCGA-AR-A1AR,-0.1189386495600947,1.015859983185918,1.2710348669444202,1.0707301203514332,-1.4199894453616855,0.23936862341287204
TCGA-A7-A6VV,0.9270292419607266,-0.0295369619620257,1.4396213204417398,2.165000973786496,-0.13952388553924044,0.5445986001235351
TCGA-C8-A134,1.5328631774182,1.2185677863469409,0.0106991347836527,1.3596169293357658,0.017252579855406024,0.36958051411860826
TCGA-D8-A1XS,-1.061869129628395,0.0956545797853681,0.3833880874322022,0.11102359553637,0.10341742293936623,-0.4650571609797976
TCGA-AC-A8OR,-0.0589875781772635,-1.3410919964162744,-1.8932116577038984,-0.25358828841523146,0.6179179661194065,-0.06791578583334315
TCGA-AN-A0FW,-1.081074550707982,-0.228567010656109,-0.3387686608011939,1.3240174400695435,0.9057769761912364,0.7175622535929108
TCGA-BH-A1ES,0.8348913870989461,-2.06666044179611,1.8432904119717808,-0.20797916280276252,1.0206219583811222,1.0179496393269143
TCGA-C8-A133,-1.2126124862438166,-1.2253147822591042,-2.312393774072436,0.34568428761884706,1.1803224292811458,-0.5094720357960285
TCGA-A2-A0D4,-1.4345926049968585,-1.5248667603807262,-1.8453983342384743,0.3457713279349043,0.5509769039112198,0.4728402065603076
TCGA-GM-A2DA,-1.1540620946465263,1.1612252329680186,0.1012714625231344,-0.1989269699331114,-0.09491724836147987,-0.34232927451071876
TCGA-E2-A108,-0.6529869083001713,1.7441360902887677,0.7653454198398981,-0.18935253516713244,0.27170327170623604,0.332307238116439
TCGA-A8-A09D,-0.2583807601085733,-0.4545689672582365,0.4716318140478698,0.8054312370178315,2.4636497817258727,0.1298967183041436
TCGA-BH-A0AY,-1.0939840576674948,0.3362136999497484,0.4060786768052017,-0.7946308930089644,0.7952246829347788,-0.4002936210495221
TCGA-GM-A2DD,-1.590853255708124,1.3838248122792178,-0.9865267845220964,0.05244546283180178,0.3354092639935797,-0.8519752885088583
TCGA-B6-A0X7,0.414987606062073,-0.9517630010015136,0.3175324988424566,-0.547001193834385,-0.4350972931146171,0.8068811538290763
TCGA-C8-A278,1.245048929330051,0.9461230921112136,0.3786311212626801,0.32009443469887117,-0.4737937063985347,-0.5136298159275038
TCGA-BH-A0EI,-0.2301002701797533,-2.207318700570244,1.1348855166006688,-0.2908415436864823,0.12189464921802072,-1.73386491192497
TCGA-A1-A0SB,1.428803603693334,-2.1296452789522413,-0.4788794973157376,-0.17133518974388745,1.038663694478127,0.48658533852436076
TCGA-AR-A252,0.2051467943980706,1.613420949259897,0.2539238342692484,0.20903099141354853,0.5506036266126554,0.7267093698821562
TCGA-A2-A0YI,-0.7250991029455282,0.6743222070347876,-0.2776677667465008,-0.06375335910072998,0.5033840483449868,0.9514740722836789
TCGA-A8-A08J,1.2755648128454589,-0.394057248081738,-0.1145802642435539,-0.48424512595920927,0.21365865178036128,0.3703631550845312
TCGA-B6-A0RH,-0.597294495119514,-0.2535906780374465,-0.1559139934218294,-0.2329597335103502,0.1888979243093027,-1.7214404865909145
TCGA-D8-A1JJ,0.2483557253929504,-0.3784635973948569,2.678167109363613,0.2165164585942191,0.8530826642113712,-1.0844685704488874
TCGA-E9-A249,-1.6447851704859189,-0.0988049455337319,-0.2459199380741538,-0.6914010781685196,0.8900993296517754,-0.4705845628016406
TCGA-A8-A06N,1.3595628987881558,-0.7730655457347081,-2.608325691575564,1.2970349420927014,-0.4505883010048025,-1.7517678240205004
TCGA-BH-A0WA,-0.1858568768138825,0.2932652170971841,0.520893051218154,2.121393775443278,0.2885629630244656,0.08978636880049931
TCGA-D8-A1XO,1.047871739023776,-0.2320528561225687,0.7285651736707387,-0.14957511073030255,0.40925595622510574,-0.603095461344779
TCGA-A7-A5ZX,-1.26470236962308,-1.532163831711327,-0.1287458639515796,-1.0378215360647616,-0.5696637592450211,-0.5740399154848225
TCGA-E9-A227,0.1101152145365091,0.6575916442841488,0.049001636526953,-0.3459380637488792,0.9156688246030449,-1.5167798740015863
TCGA-AR-A24U,1.7585924601368204,0.7768238658887314,0.8949924792848236,0.2969417106284202,-1.4158211821944444,-0.257608389949361
TCGA-D8-A1JP,-0.6508201590824437,0.1565013032072147,0.9224030706253744,-0.5696316760085081,1.8615534991507297,1.153737846914863
TCGA-BH-A1FC,0.5396348813519695,2.1138694627951806,0.0809107407362922,-0.13573570047766814,-2.2631606499226398,2.5121090733980536
TCGA-A7-A6VX,1.560918137149389,-0.522602732850105,0.9947587353038688,0.14671012511864653,-0.7169216535264202,-1.5575750343504149
TCGA-B6-A0IE,0.1858444480119241,-0.5948229415880184,-2.441258764293164,-1.3520370770209016,-1.9688937128922186,-0.33288866785925053
TCGA-BH-A8FZ,1.1244761430247905,0.2001861928475706,0.1399277977316183,0.17090733298174707,0.6649509057377995,0.7197634313095743
TCGA-A8-A09N,1.0912929144680448,0.3409319520274579,-0.8184953999800696,0.1657719543345411,0.37155494907068115,-1.5564989030222682
TCGA-AC-A3YI,1.73533523168313,-0.5907016519407196,0.5071549984097434,-0.18325971304333102,0.9833564414083472,1.074201958752757
TCGA-A2-A04R,1.036709512061214,-1.245013198735653,0.0349425608017625,-1.1072797082761208,-0.4934529774559578,-0.9608112978327726
TCGA-A2-A0T6,0.2691181809049985,0.3060537497423305,1.3203018166236138,0.12399260262846311,-0.26774463759414513,0.5268424332091164
TCGA-B6-A0I5,0.8463167807226698,-0.3840795667108347,-0.4143617387637709,-0.48198207774179574,0.9958612309100636,-0.8369583649751768
TCGA-BH-A6R8,-0.8789260149173505,0.4736106230191127,-1.69720121862104,-0.2136367833462902,0.9364479275561447,-2.4610361993898286
TCGA-E2-A152,1.3472948431260938,-0.7093701259784873,0.7011130808170123,0.4657128834577729,0.11536229649324255,0.07550317117237242
TCGA-BH-A0B2,1.4978568146504014,0.6373776896291343,1.086843935819147,-0.588171263328084,-0.6203050460828117,0.46878025654957184
TCGA-E2-A15C,0.6772871960652234,-0.214160748308069,0.2896154145439819,0.7225688561341055,0.9077055755671273,0.7521941163350814
TCGA-OL-A5RV,-0.5763313636067882,-1.1941394171105812,-0.527712870680251,0.5181981940385335,0.5996895913731262,0.6162102485056521
TCGA-AO-A0J3,-0.0651323087483322,-0.232616115831381,-0.8103061535220538,-0.3241779847352912,0.4458993443669521,-0.03519161044561411
TCGA-AO-A124,-0.7233589217143404,0.1842889676658118,-1.106427764140688,3.190074775958368,-2.5986125155607023,0.5687626399464619
TCGA-A7-A3IY,0.8565612699805525,-0.4601325691796821,0.7492729835262906,-1.5067077186494513,0.9293556588835264,-0.360232186606248
TCGA-E2-A153,-1.0201174496052845,-1.6677062160597418,1.125600427459401,0.4114867665559173,0.08313602305101127,-0.12123320163696942
TCGA-AO-A03M,-1.374159434909181,1.4016310872611888,-0.6518773936013649,1.7848959135772315,-1.384341463349332,-0.022375864628596222
TCGA-E9-A54Y,0.5649265154545946,-0.5574688210089652,-3.201654172731692,-0.9810712499973425,-0.8729515643239445,-3.017689586403826
TCGA-A1-A0SE,0.907443874696781,-0.31192997746631,-0.057406256235481,0.1411395448911668,-0.06331310375018047,-0.4272458193135572
TCGA-A2-A4RX,0.8963230586078115,-0.0368269416411458,2.854254235447779,0.6645129653258682,1.0953396309759542,0.35563972191307264
TCGA-AC-A6NO,1.4117315491051563,-0.7923204426356708,-0.2016404218219409,0.673391077563408,0.32072702358360505,-0.46549739652312927
TCGA-BH-A0H3,-1.4069665037813432,-0.0785726070371352,0.7101014984667711,0.06558855055600314,-0.137844137695727,-0.06884517198037927
TCGA-A2-A0YF,-1.496123464032298,-0.7311197633271217,-0.9731320631940508,-1.1226858442177388,0.8881085173927961,0.8839712889726661
TCGA-EW-A1IW,1.1361434146724958,-0.2680402582056582,0.1051964026871212,-0.7584221215303538,0.7259195311690515,1.212827239842183
TCGA-AC-A2FM,1.143090666054328,-0.75490202020216,-1.5684656386556788,-1.2978980004351095,0.7235554416115143,0.9355277626029606
TCGA-B6-A0X4,-1.3678159852906202,-2.2573018085683225,-0.0140382840345376,-0.42793004147206076,0.6970527534138438,-0.7162849110416502
TCGA-BH-A208,1.5573546708659196,-0.4094591054427888,1.6922429820653764,0.002049119836346451,0.7732013223198152,0.6703103052752031
TCGA-A2-A0EP,-0.0328456129970221,1.0213423990512716,1.0568743607789353,-0.3989456162259646,0.294722038450686,0.5702300917575709
TCGA-A7-A0CD,-1.061205600784891,-0.8893155218758901,-0.656442589803702,0.7791450615694225,0.198105431007084,0.23061282760658902
TCGA-AN-A0XV,0.4049553515072409,0.2659776107279571,-0.1838520568095176,-0.21476830745500006,0.2723254005371646,0.10641748932640029
TCGA-BH-A0BP,0.0260512356368724,-0.8956672509375728,0.3400936514342506,0.4891267284763863,-0.315524131809657,-0.6211451186214196
TCGA-BH-A0BV,-0.0001742162368104,0.5449421639189335,0.3600938356598352,0.8929937949684928,0.45641332160968573,-0.4600678248220266
TCGA-E2-A56Z,0.6295895590595076,0.1444278269559204,-1.125557026159483,-1.650411280455153,-0.1745497387206619,-0.18154547107354682
TCGA-A2-A0T2,1.0618402607811668,0.3745980714028473,-0.7221857146083379,1.6292678284720834,-0.395467686584305,0.6835662866355526
TCGA-BH-A0BG,1.5946494316533428,1.6440290230673271,-0.2722213125208135,-0.17855953597639565,-1.7223440571942144,1.1697330716559498
TCGA-E9-A3QA,-0.141540884619426,1.521713763846417,-0.225212768061427,-0.2871858504122027,1.1634627379629097,1.2331269898958566
TCGA-LD-A7W5,0.6425141196134502,1.275478123110307,-0.8344061355573398,0.16150697884788257,-0.13243161686662555,2.332248396416466
TCGA-AC-A5XU,0.4228769808353773,-0.1184657801639857,0.2539424279058157,-0.2585495864303261,0.8528960255620924,0.19055139316331404
TCGA-BH-A0W5,-1.495791660802582,0.8429719503679806,0.6468211197268532,0.16899244602855004,0.344616770691361,0.34047605319827895
TCGA-A2-A0SV,0.9232476190680792,-0.2088188504550301,0.3522796979742379,-0.01692566906350323,0.023971571229463105,-0.26523913936712806
TCGA-OL-A5RY,-1.1522502188242574,1.128322900762125,0.98897689557078,-0.9146594888478841,0.1533743680631364,0.5338372868420702
TCGA-D8-A1JB,-1.4534007738153305,1.5506030411555611,-0.6752798229739425,0.49669923597311094,0.33858212103133095,0.5476802489268637
TCGA-AO-A1KQ,0.0551085216772229,1.0857182372765817,-1.1844076240326804,-1.3293195545307275,2.0587061256728005,-0.5129939201426905
TCGA-C8-A12W,-1.3208169388302902,-0.2311843525682826,-0.0981982917693845,0.3885081231175746,-0.053359042455280226,-0.9454030538161289
TCGA-BH-A0DT,-1.1507824125775568,0.1672824418305428,0.5619840808818085,-0.1835208339914903,0.5980098435296094,0.1623274033296524
TCGA-E9-A228,0.3630642726139143,-1.345390584289426,-0.3035817921937359,0.42732810407781213,1.6407599770532735,0.00364694748840364
TCGA-D8-A1JS,-1.4128447915847786,-1.1748947888486243,-2.339766662639804,-1.6216009358411712,-1.0450946118425892,-2.4338394258239426
TCGA-B6-A0RO,1.2414931166956784,-0.2959005991131277,-1.8685364542097915,0.5830432294990083,0.8109645423573383,-0.5059990665097368
TCGA-E2-A1IU,1.0788962056666616,-0.1889154807412475,-1.1182568769504444,-0.12737983013645007,-0.6655338120915074,-0.6993113850931569
TCGA-E2-A2P5,1.325156651016569,0.3736430912335405,1.1213044576809232,-0.3828431577559166,0.14472677731318848,0.23736310593769014
TCGA-A2-A3XT,0.792104463644797,0.9789814501355456,-0.0554454969352658,-0.2383562331057248,-0.26600267686753654,0.5970844599008648
TCGA-LL-A50Y,-1.1013254566297828,-0.036415737677,-0.8990535562161385,-1.8919481575059247,-1.4025076252125206,-1.1912990622976192
TCGA-AO-A03N,-1.0806831011281264,-0.6841766816633411,-0.2100330118493839,-0.36822038465878576,0.5066191182658234,-1.2729872131160185
TCGA-BH-A0DQ,-1.488849685761735,-0.5371301467089886,0.4241626022343995,-0.3206963720931198,1.4388791714161215,-0.6009921137488567
TCGA-E9-A1QZ,-1.3217584731976948,0.9380099778864802,-0.6410047621571267,-0.5812950783597892,0.5324374647494701,-0.7900977371404306
TCGA-C8-A3M8,1.411446335623811,-0.8746495296392817,-0.2914320616812212,1.6857569935913492,0.1816190169874056,-0.7483731906445659
TCGA-E2-A15F,-0.6847445683403464,-0.6766524229645127,-0.4099141350683314,-0.5348155495867759,2.676791119202877,0.1816977672362898
TCGA-A8-A08L,-1.0082851481241717,0.9225258590512226,-0.1512458180904864,2.2219253404860324,-0.0051440580581153745,0.5405875651731713
TCGA-E9-A1R2,-0.0459676559059619,0.6225036097945397,-0.5669014524681699,0.11789978050466168,0.7131036772518692,-0.1523431800324789
TCGA-C8-A12L,-1.5020471590369542,-0.0321227423295685,0.8057299523089811,1.1586408395663141,0.5162621151452577,0.39912521058226746
TCGA-E9-A1NI,-0.8938412497539304,-1.0294217566455068,0.0290857364025678,0.12451484452479099,1.0582607526524581,-1.107458648822928
TCGA-A8-A08R,-1.3497744794286706,1.1641148666249628,-0.1799779360734997,1.3817251696135704,-1.4825756057533557,2.19063929664445
TCGA-EW-A1PG,-1.3523146545130358,-1.2170179624847055,0.974959635159442,0.05087873714282126,1.2528004380846212,0.6309336816771107
TCGA-A8-A08X,-0.6800591170716684,0.7617932736183234,0.8984184310604835,0.8924715530721619,-0.3947211319871894,0.16575145755557227
TCGA-A2-A0ES,0.689991767813333,-0.3509690879870124,-0.6712622690772575,-0.03302812753355118,1.4625822798745987,0.560936230287215
TCGA-BH-A6R9,-1.6170336120700135,0.6625035766614121,4.373124748284417,-0.8657428312253458,1.1568059594719478,-0.2361835935071707
TCGA-B6-A0I2,-0.7408585719303211,2.265662951205772,-1.307670543674066,-1.9369480009060147,-2.8214590628002365,-1.109708741599961
TCGA-AN-A0XL,-1.532437507120206,-0.790820994519215,-0.7980973912186766,-0.10588087207103064,-0.30003312391947157,0.07310633321422816
TCGA-AN-A049,-1.253363071380572,-0.0374239971993901,0.5207960285981766,0.030163141921892088,0.6056620281500643,-1.0959146945755376
TCGA-D8-A1JF,-1.6082151231097854,-0.0003024866339399,0.2263498476009707,0.8938641981290341,-1.2942572086305015,-1.4492281756302035
TCGA-E2-A15D,-0.5717365685867102,-0.2319039267975594,0.214160492882112,-0.0659293670020863,0.6647020542054287,0.20478567573107076
TCGA-E2-A1B5,-0.5343603858734102,1.9864430521467475,-0.312005888577379,-1.1850067105126407,0.5603710492582766,0.11351017308009442
TCGA-AC-A2BK,-0.0191547304386752,-0.1855541454701018,-0.2434119747216459,0.6910602617224334,0.46773606633263015,2.7309061384343982
TCGA-E9-A22H,0.9564334256509238,0.2810775175257557,-1.1510594081813603,-0.7023681579913646,0.9745844248922189,-1.5297423649997148
TCGA-E2-A159,0.3335179830831447,1.3048702325603263,0.0609149186835807,2.6764498709217537,0.8329256900892034,0.10964588331083941
TCGA-A2-A3Y0,-0.5917040712919378,1.421333385444704,-1.4311718401459452,0.9906530295814486,0.5119694262118363,1.5944625408512525
TCGA-B6-A0RG,-0.8797520491124683,-0.9286770285814888,-1.0232151228112247,-0.02214808802675718,1.8519105022712952,-0.49758567612604504
TCGA-BH-A0BC,-1.3866314945198617,0.553109966599003,0.0105332375969514,-0.24601578091850362,0.2718899103555149,-0.34003026667331315
TCGA-BH-A209,1.1887719226758346,2.0501777660584186,0.1818871841247035,-0.60296811705732,-0.005952825538326163,0.5089395211135872
TCGA-E9-A1NF,0.2684887577823981,-0.3775621834902623,1.5286988217878874,-0.13590978110977023,-0.16988377248867936,-0.8629322620318057
TCGA-E2-A14X,-0.6254886264827345,0.9185171529599268,-0.6663684228226783,0.6918436245669267,-2.0735357822548335,0.9027057570944902
TCGA-D8-A1J8,-0.1026221227514588,1.7081243855747803,0.3903192508143124,-1.0856937098946473,1.0524127416417037,0.43713221248998946
TCGA-E9-A1RE,0.312661435747277,-0.3234056396300125,-0.3649350175578454,1.267267154002115,0.5599355590766237,-0.6980885085838998
TCGA-AR-A1AV,-1.1431234939622936,-1.2294839545275402,0.1981741205898835,0.7237874205588695,0.50661911826583,-1.4715334431590597
TCGA-BH-A2L8,0.0628143637047931,1.3612947131487896,0.387891532969111,-0.0016065734379393521,1.420588583786746,-0.8657204204729123
TCGA-A8-A08B,-1.055089814698572,0.3897130994631684,0.0538982098275558,0.3159164995282668,-1.953713769417499,0.01088637642320746
TCGA-A8-A09M,-0.1966785763686799,1.1324704252018103,-0.7254908429515639,0.6298709195362443,0.8219140097817216,-0.8276645035048201
TCGA-C8-A12P,0.3594367440000021,0.0588859562401938,0.3020883229743075,1.9635896824367705,-0.5837238708240671,-0.4941127068397541
TCGA-A2-A0YM,-1.639318557809086,0.1314148240788341,0.0984527528461134,1.7373719010115656,-0.06816570863144189,2.418632393030412
TCGA-A7-A4SB,-1.6271681424822202,-0.7129681042904498,-1.4753075077511335,-0.4325431782229389,0.07511056113199854,1.6628947103093006
TCGA-E2-A14V,-0.2393601733817137,-0.7069666752068556,0.6863610805295259,-0.8194373830844439,0.663146732128099,0.38337456114303153
TCGA-B6-A0RI,-0.8613037849373862,-1.219134460957085,1.011618987449073,-0.1454842158757461,0.5638549707114873,-0.656363962088035
TCGA-A8-A081,1.5649455269677195,1.307537808027222,-1.2473427960156005,1.0839602483916917,-0.13292931993137372,0.8305560430482994
TCGA-A2-A0EM,-1.6700883090588734,-0.9375997780966924,0.6273667388234268,-0.7025422386234729,-0.27197511364447796,-0.7363890008538428
TCGA-AO-A03U,0.3972851136574464,-0.6154754332912389,0.3356320005208846,0.21434045069285967,0.37671861836740855,0.26739695300505295
TCGA-GM-A4E0,-1.5688326842514373,0.5448882153723287,0.0727625444046173,-1.9001299472150315,0.5674633179308916,1.5839947179320086
TCGA-A7-A5ZW,1.0591485041416653,-0.0174970229964307,0.4270549759916144,-1.1630725508669506,0.03000622088949312,0.5301686573142976
TCGA-EW-A2FV,1.7056792160317076,0.541442201793408,-0.8968535532664036,0.7555571359186979,1.7706604769516883,-0.563669922686319
TCGA-WT-AB44,0.6868291408536026,-0.686843330910081,0.3431355895802047,-2.03425907425476,0.8963206179610844,-0.5532999298878164
TCGA-AR-A2LJ,-1.0521155329044851,0.5030513223547322,-0.6295092868707858,-1.5253343462850784,0.44011354623929283,0.4520513059029305
TCGA-A7-A0DA,-0.6568830709509277,-1.013228493817481,0.9936542787860424,-0.45769782956264105,0.42101419112970645,1.9568253080744225
TCGA-E2-A1L7,-0.8949437256400741,1.2080880340175306,1.0160419909580325,0.1839633803898974,0.6816239584067502,1.0573751779853735
TCGA-E2-A576,1.4919247506892146,-0.0162858282783871,-1.2244931087755753,-1.5028779447430602,-0.924339405758854,1.2108217223670004
TCGA-AR-A1AO,-0.3562675050904242,0.8167412269338595,0.6773819102113146,0.5739910366293633,0.4042789255776606,0.5674908483768336
TCGA-A7-A4SA,1.672545286513688,1.111303409430063,-0.8446716448781225,-0.014401499897924202,-0.45892482733927786,-0.8362735541299926
TCGA-BH-A42T,-0.6123973118523517,0.1180987995520232,-0.6135042611537408,-1.2831011467058704,-0.27359264860489624,0.02394669754207714
TCGA-AC-A3OD,-0.5825100533653635,0.8899549110117339,-0.7631906543107477,0.47824668896959843,-1.2550630922818458,0.26783718854838634
TCGA-AO-A12B,-1.6601416354687768,-0.2923063611349222,-1.567516170816372,-1.1804806140778137,0.4368162634353545,-2.2348529602375677
TCGA-A8-A06Y,1.047656075774392,-1.619702782468564,-0.8725925268460835,-0.5267208001937234,1.9525709471159511,-0.34232927451071876
TCGA-S3-AA15,0.7086814398865456,0.8273361286446798,0.5454089905703978,0.5738169559972551,-0.47715320208556156,0.40763643108669867
TCGA-BH-A0DO,0.0495038856977288,-1.2021673242150552,-1.1476494731405686,-0.12328893528189672,0.10920322106702217,0.9803339579021538
TCGA-C8-A12K,0.3526239904818585,1.9919038489627807,0.6811177579285393,-0.4758022153019433,0.05681997350261964,-0.19979078859166824
TCGA-A2-A04Y,0.4604795194353246,0.7793682508851125,-1.7646613403028784,0.03973757668786797,1.7470817942593984,-1.466054956397586
TCGA-GM-A2DC,-0.0274342054362374,-0.0560642637761319,-1.753044873754006,-0.8296211000627987,-1.1751195375071946,-0.5942907504781249
TCGA-D8-A27T,-1.5758136672848075,0.4264477029504904,0.922303933898064,-0.317649961031216,-0.2738415001372703,-0.4404039705531664
TCGA-A2-A04X,-1.4111341915230482,1.481656510021971,0.3325506744180428,-0.7138574797105406,1.0709521808034534,-0.7736133617956402
TCGA-BH-A18Q,0.0187269672167078,0.8385723656258853,-0.4087054108116456,-0.12990399930202293,0.3206648107005165,0.662043660072621
TCGA-AR-A2LO,-1.2437927108212372,0.7042043953409715,-0.194007744154637,0.4848617529897246,0.023349442398527903,0.8367682557153285
TCGA-A2-A1FW,1.214438990739629,-0.2903066629542711,0.6123972759440982,1.316706053520978,1.6474789684273305,0.5653385857205421
TCGA-BH-A1EV,-1.5674258786601358,-1.4039553334416868,0.5843890353069178,0.6472789827471073,0.6697412977359691,0.42901231246851973
TCGA-BH-A1EW,-0.220997945009653,0.4165250225992696,-0.6051397605566949,0.8830711989382973,2.4298059733232167,-0.09604194554626443
TCGA-E2-A573,-0.1711884355012702,1.2512878950359734,-0.6393043473880293,-0.181954108302516,1.0858210598627103,0.6358251877141413
TCGA-EW-A6S9,0.9872931308169972,-0.654278815115552,2.245055995183121,1.0675966689734753,-0.8684722367412409,-0.5376471105693209
TCGA-AC-A3HN,0.7027060455514926,0.2587710587585015,1.6513524922521263,0.023809198849928274,-0.13709758309860806,-0.43888760368168717
TCGA-E9-A3Q9,1.4264502012140996,-0.0834765008835059,-1.4343863443876002,-1.433942014428026,-0.4645239868176582,-0.6030465462844097
TCGA-BH-A0HY,0.1132069561137261,-0.7381908369637235,0.2501486466935961,1.177963789730374,-0.4699987205298548,-0.1125752359514259
TCGA-A2-A0EQ,1.0292471748134384,2.317500320095361,0.2961721034528929,-0.6019236332646705,-0.07749764109540692,1.1523682252244942
TCGA-A8-A07O,0.7172227030672699,0.6659147872105354,0.1555502709572375,0.16063657568734127,-2.1488133707974986,0.6623860654952141
TCGA-A2-A0EN,0.1958161675034261,0.9964415783096624,0.977374898195876,-0.44847155606087863,0.025651319072969917,0.2901913711376128
TCGA-BH-A1FH,0.1888400508052802,-0.9794741853901552,1.29777104516813,-0.8299692613270213,1.2113666579446052,0.6573967293374431
TCGA-AC-A6IX,1.0960252776703638,-0.2653151042534434,0.0934551868378585,-0.02789274888634518,0.45566676701257014,0.7884890911298434
TCGA-AC-A7VC,-0.7405356971864351,-1.2900169539390214,4.751913318498991,0.04130430237684848,0.11785081181697009,0.3441446827260515
TCGA-E2-A15S,0.575984646521511,-1.504379265432676,-1.5728708056799334,-0.729524736600321,0.17427789678241662,2.4492043057618487
TCGA-5T-A9QA,0.6534583059022498,-0.7334241983339195,-2.5220134386405624,-1.7366682336649961,-0.07532019018715196,-1.0853001264751825
TCGA-AN-A0XS,0.4916987310610632,0.6209237752320048,0.3812533074002762,-0.12798911234882898,0.38511735758497906,-1.734402977589044
TCGA-OL-A5RW,0.0962578317006154,-0.4242932933231815,-0.1875468795196321,0.949134798823533,-0.5895718818348182,1.8546906620212407
TCGA-BH-A0DD,-0.5668668152585347,0.1935711552127673,-0.0032439842954187,-0.5017402294861326,-1.1354899309768791,-1.3614745573258882
TCGA-LQ-A4E4,-0.3265839194385189,-1.3673964351340395,-0.8865172131897481,-0.656933113011004,-0.9602362393035847,1.0642232864372168
TCGA-A2-A4S2,0.7957681743834877,0.6121563481327444,-0.0433097839286032,0.6565052562488636,-0.5388683821139292,1.1108882540304805
TCGA-AO-A0JM,0.5937307157080273,0.0686709524754038,2.58539091541714,0.8084776480797353,-0.46178661996156317,-0.6061771101481084
TCGA-E2-A1IN,-1.2750906281891503,-1.2228475341703615,0.9195707975703415,-0.22704099201865705,0.6163626440420802,0.5517401989375977
TCGA-AC-A5EH,0.0658646078176591,-0.0975851158007888,0.917916180316828,0.4678888913591292,-0.1515931848593038,-0.3097518443040994
TCGA-B6-A1KC,-0.780721353179677,-0.9740871268507132,-0.6578229151170201,-1.023111722651583,1.0308248712083932,0.3192958320579404
TCGA-LL-A9Q3,1.478130314190849,0.4386999417084437,-0.4275953650678886,-0.036857901439945245,-0.9589297687586291,-0.00046191758270141875
TCGA-D8-A1XG,1.1674135581327183,-2.055772277301484,0.9654346275790684,0.09779346749611141,-0.033886410047132734,-0.6403687373469464
TCGA-A8-A06P,-0.1228106424770987,-1.0363086802867616,0.1715790593745625,0.7452863786242858,1.3429469056865402,-0.6781311639528176
TCGA-EW-A1P7,-0.8075553450764537,1.363674478992826,1.7816953839176457,-0.007525314929632519,0.34486562222373174,-0.1849206102390974
TCGA-GM-A2DN,-0.7694215413124419,1.474026542702708,0.1784626639055998,-0.8004625941846004,0.702838551541503,0.6311293419185932
TCGA-D8-A3Z5,0.672419791171071,-0.7120255551196073,-1.908480943489564,0.44839186056296093,0.11455352901303176,1.1390144137434026
TCGA-C8-A27A,-0.7042695288741647,-0.3606861329977463,1.2143636786428635,1.2848492978450925,-0.7380118208949827,0.08690038023865147
TCGA-E2-A1IK,-1.1857227127383612,0.5938858692998786,-1.364795147364331,-0.5872138198514856,0.6095814397849312,-0.43521897415391464
TCGA-OL-A66K,-1.6325344991907569,-0.8430692233406897,0.2199482012792251,-1.6114172188628102,0.22635007993135653,1.008460117615076
TCGA-BH-A0HI,-1.1199848105005956,-0.5947920136756393,0.0490337973145922,-0.2535012480991773,0.11262492963714754,-0.7282691008323732
TCGA-AR-A251,-1.2203254982066911,0.0986209113748303,0.4599511367331442,1.1326157850660645,0.6844857510290355,1.163716519230403
TCGA-AO-A0JD,1.1269940868573258,0.5016185105974009,-1.4740656315765504,3.4835747216935786,-0.6483630563578086,-0.4606058904860995
TCGA-BH-A1EU,0.3448557415072428,0.501886366654163,0.2452651353640036,-0.09726388078164709,-0.25312461006726567,0.7564008115269277
TCGA-E9-A1ND,1.2460215059021704,1.6810275273514612,0.4868778180046452,-1.131215795191065,-0.3922326166634618,0.15132151474633482
TCGA-EW-A1IX,-0.7936545139110447,-1.0193144330707675,0.6505354004601617,0.8130907848306134,-0.23427410649005007,-0.6602282518572883
TCGA-E2-A1B1,1.4895067508072388,0.6051734973948009,2.4323776750374777,-0.23478758014749312,0.03249473621321404,1.0097808242450743
TCGA-LL-A440,0.0456573330142901,-0.7468255605125556,0.6498929735215871,-0.059053182033800805,0.816688127601899,0.7905924387257649
TCGA-AN-A0FV,-0.8682167893241614,-1.896725139112144,0.4042325851764352,1.3325473910428667,0.16419940972133598,-0.05568702074076835
TCGA-AR-A255,1.4915825077367957,0.3272998950758807,0.4661664077834928,0.021285029684349244,0.5502925621971927,-0.477139180891261
TCGA-A7-A4SE,0.7916818757303409,-0.487365570715718,1.3248257219210586,-0.660762886917398,0.3708706073566541,2.37725025195714
TCGA-E2-A15G,1.6854320985955678,-0.9966883314060756,-1.119769565696817,0.04025981858419274,-0.7120068357620637,-0.962718985187215
TCGA-AR-A1AW,-0.4724590131073685,2.344001471620495,0.4131841904497463,0.16255146264052903,-0.02038621441593002,1.5699071805453626
TCGA-A7-A13E,-1.2362964071273164,-0.2486270654345095,0.975174812850578,0.1263426911619277,-1.3547903438801039,2.314296569260565
TCGA-AR-A2LH,0.4639104014421572,0.7732688194197904,-0.6550573885291161,0.8351990251084148,0.0919080395671396,0.18531748170369214
TCGA-BH-A0W4,-0.8762338452333008,-1.198515051751647,0.4565279036852784,0.47076122178892477,1.0939709475479034,-0.8231154028903817
TCGA-AR-A1AX,-1.401257885143837,1.3852866002446946,0.6014064339196032,0.2291373044220988,-0.5305940686625457,0.1321468110811773
TCGA-OL-A5RZ,0.4436340785335954,-1.2813845721237225,-1.7474062906775725,-0.14983623167846494,-0.8320154872486767,1.6196537969419567
TCGA-BH-A0E1,0.3274447392541898,-1.8193376676330584,-0.8911255101727371,-0.3421082898424851,0.30710240218621526,-1.3218533584259458
TCGA-BH-A0HP,0.5910976360456399,0.0978160982549809,-0.2580244158882266,0.604019945668103,0.019865520945313977,0.0495292741157436
TCGA-D8-A27W,0.2749134496116882,-0.0713060869569613,-0.3831159047194742,0.8016885034274946,0.7514890261203209,0.850611217800122
TCGA-OL-A97C,-1.5053681489444632,0.6494931227214651,1.1019351229779837,0.2384506182399123,-0.0946061839460106,-1.2245123882890525
TCGA-B6-A0RN,1.2285953177622682,-0.9377952413222423,1.219335857450681,-0.9936050555091619,-0.21144197839487902,0.659108756450403
TCGA-OL-A66P,0.699618211340837,1.8011656613898477,-1.1662427372642816,-1.038691939225306,1.2261111112376784,-0.5471855473415286
TCGA-AO-A12E,1.678645430407068,-1.0482360558924737,-1.16600699268479,-1.0883049193762773,0.9040972283477263,-0.39070626921694246
TCGA-E2-A1LE,-1.1669555913380671,1.1894632082229804,-0.5294288672286375,-0.05478820654713919,0.44807679527520705,0.9955465416773177
TCGA-E2-A1LG,-1.401059699179381,0.3977443812658161,-0.0790331187225287,-0.6432677833904716,0.4228805776224988,-0.00907096820787388
TCGA-AO-A0JG,-0.0879137054588666,1.197222617186133,-0.8050389849405098,0.009360506384908781,-0.7857913151104946,-0.520967074983048
TCGA-AN-A0XN,-0.8334047276000719,-0.3373653967783044,2.129629531037568,-0.49260099630042425,0.586251608625012,-0.012005871830092772
TCGA-E9-A1RH,-0.6891895662909794,-0.7342827730028102,-0.306458976675354,0.638574951141679,-0.9224108063829698,-1.8471032766822115
TCGA-EW-A6SB,1.167268244177398,1.9767116118749848,-1.1655727039372727,-2.4655438403039733,0.09514310948798275,0.5635776435472102
TCGA-E2-A107,0.6084304689066343,-0.5201589345177929,-1.5858091594516517,-0.8955976596319865,0.4839736288199345,-0.8001253245163419
TCGA-E2-A1LI,0.9710586606479168,0.645110778404533,-1.3598006597381362,0.4567477309041759,0.0030058296270810687,1.6066423908834562
TCGA-A2-A0CS,-1.558757929709666,-1.044996271420511,-0.1058780821688428,-0.45978679714794324,0.459337327115063,-1.659905340645079
TCGA-E2-A15L,1.0625645787483182,-1.6867948795613208,1.9057945859213388,0.056536357686355135,0.19661232181284946,-0.5295761256082204
TCGA-B6-A408,1.5087540165895854,0.5979915633254227,0.1087013026212428,0.6142036626464609,1.5712681866382674,-0.6637990512643205
TCGA-B6-A0IB,0.9766741337146426,-1.2793633081111742,-1.358834886106034,0.9254598328567541,0.5156399863143291,-0.8141639468426171
TCGA-E9-A1RF,-0.4114847724279462,1.2689231460291517,0.4956854082960446,-0.6597184031247423,-0.5266746570276788,-0.5612241696678038
TCGA-OL-A5RX,-0.181336700622192,-0.2639134240372305,-0.3147131528665017,-0.21798879914901212,-0.49824336945412734,-0.14231559265656674
TCGA-A7-A3IZ,0.802397541078538,-1.0836646707075708,0.5734417609013234,0.7807988275744511,0.08898403406176238,-0.6259387945377091
TCGA-A8-A09T,1.072937329556167,-0.8619137559078853,0.6710101414879035,0.6847063186504695,1.0305138067929271,-1.3847581260621507
TCGA-C8-A26W,1.1790286330008404,0.8250347034597815,-0.4720178030881027,0.5568440943666597,-1.0936206606552168,-0.006380639887507649
TCGA-D8-A1XM,-0.452133465055647,0.3169046445639837,0.3476043245702405,0.21582013606578607,-0.16882615347609783,-0.7598193147712151
TCGA-BH-A1FJ,-0.9688137479299636,-1.593497535052436,-0.5871011991725453,-1.3733619544542128,0.6087726723047204,-0.6284334626165936
TCGA-D8-A1XT,-0.5739966573448018,0.1252826984486622,1.3031228894688431,-0.19640280076753547,0.5377877726954797,-1.2616878341704798
TCGA-BH-A0AU,-0.6037433089028236,0.4876338237008445,0.3961948549608617,0.009621627333071169,-0.1103460433685701,0.5681267441616478
TCGA-E2-A1B6,1.3870230138654192,2.4438916523181886,-0.7755630721391331,-0.7466716788630217,-0.7797566654504613,-0.8292297854366695
TCGA-EW-A3E8,0.7243485941071031,1.0766567081439615,-0.6475723392415661,-0.06619048795025488,-0.40374200003568517,-0.11330896185697954
TCGA-OL-A5S0,0.2071335432209558,0.642325724779097,-0.2128975470655428,-1.5893960189010659,-1.3725832284447312,1.390242163805256
TCGA-D8-A1JT,-0.2232655573335346,-0.992572161950228,-0.6207856663103118,-1.5664173754627262,0.027579918448860753,-1.5369328788741485
TCGA-AC-A3YJ,1.6339777133440103,-0.482243671825963,-1.2691939841136957,-1.2586428178946043,-0.5639401740004537,-0.4295448271509611
TCGA-D8-A140,-1.6841302237905211,0.4696663251938615,-0.5067409482780114,0.6955863581572636,-0.012111900964546536,-0.866551976499208
TCGA-BH-A18S,1.1119175534359678,-0.9613178423521846,-1.3600826245107416,-0.062447754359918034,1.3091030972838873,-0.10616736304291696
TCGA-E9-A24A,-0.7941843608494301,-0.1869483911702346,0.9882845502856844,-0.3115571389074146,-0.3847670706922891,-1.703977810038718
TCGA-XX-A89A,1.2531472916056736,0.4235249909998723,1.0311413340407884,-0.4514309268067252,0.07374187770395105,0.3901248394741327
TCGA-S3-A6ZH,0.9590742899763944,0.4086727128467186,-2.136388090906483,2.37259212757608,-0.4835611290441527,-0.9573383285464817
TCGA-AN-A041,0.0619269024695702,-0.9961720182924144,0.7941508271508956,0.7891546979156722,0.17017184649827413,-0.42015313555986306
TCGA-A2-A0T1,0.7098810819899604,1.5717676328861552,0.3603909173252015,1.2721414117011618,-0.6272728889892428,0.13483713940154354
TCGA-A8-A07S,-0.574713603118989,-1.1276840459150448,-0.1763802160859344,-0.6251633976511756,-0.4751001769434903,-1.3239077909614987
TCGA-AN-A0XO,-0.2159863363032922,-1.992835313193944,0.458543845541024,0.5401323536842235,-0.12179321385770156,-0.7619715774275093
TCGA-A8-A07L,0.0670095499362412,-1.0776655959987098,-0.7786377822297801,-0.5109665029878888,2.4488431155497112,0.22958561133881167
TCGA-BH-A0E2,-0.1820957057408757,0.2062498756414751,0.337648763291956,-1.1538462773651883,2.8423396011136486,0.5207769657231996
TCGA-BH-A0W3,-1.35907313415007,-1.0862229436657105,-1.3097728385431593,-0.6636352173471873,-1.5310394416828912,-1.5945548199903605
TCGA-AO-A03T,0.1708559737139192,0.1763065983489475,-2.0630879538617486,-1.1779564449122377,0.6070929244612037,0.05755134401647298
TCGA-A2-A3KC,0.140996495574529,-0.2936711851015898,0.2434537321756174,-0.5093127369828542,-0.15128212044384115,1.2058813012696012
TCGA-AN-A0XU,-1.3924644083410942,1.0593075934114693,-0.0993697843510676,1.0924901993650211,-1.2327908801345082,0.13327185746969417
TCGA-B6-A409,1.213583847205563,-0.1433228823047012,-1.1015493168415138,-0.842677147470949,-2.8466552804529415,2.5639101223301988
TCGA-C8-A1HL,1.5482929780844428,-0.9137956959099992,-0.2287238711035753,-0.10762167839211323,0.10043120455089384,-0.1466201179691534
TCGA-E9-A1N9,-0.9420836152617812,0.2298355394071642,-0.1421486236679506,0.675305964516605,-1.5981049296572651,1.528573954532461
TCGA-BH-A0BL,0.1504053122942822,0.920986455693277,1.2456755894649174,0.6698224246051794,0.10540823519834562,1.0257760489861611
TCGA-OL-A6VR,-1.1977631153307575,-1.67033161885428,-1.7641936246939214,0.03277435140352525,0.01121793019537269,-1.0344773787504424
TCGA-C8-A26Y,0.4595949458899154,-0.2769128236184106,-0.8756922139719022,2.543626348622837,1.0782310881253472,-1.4378309665639244
TCGA-AQ-A04L,-0.2968693707927873,-0.9956038114682386,0.4838776226237574,0.5791264152765663,-1.1426444125325892,0.7204971572151289
TCGA-D8-A27K,-1.4516029066579377,0.2647059418052015,0.4071855371064519,0.17090733298175018,0.1052215965490634,-0.2123619591068352
TCGA-AR-A24M,-1.5572081375778897,-1.5501470196946543,0.3798894190995929,0.2894562434477496,-0.4888492241070671,-0.8772643747203027
TCGA-A2-A3KD,1.7023830424880764,-0.9340052773608934,-0.6364617487869153,0.30973663708840504,-0.6591880980160082,-0.24518396461530462
TCGA-BH-A0H7,1.0949579563878518,-0.2819540750080473,0.33891572688126,-0.43802671813435834,-0.6685822433630717,0.7002463222218255
TCGA-D8-A1XB,0.6113171106088375,-1.1885054626562368,1.672831972746214,0.2342726830693017,0.2565233282315166,-0.018120254376379742
TCGA-E2-A574,0.7319522878413393,-1.608103844725288,-1.5385756177460983,-0.5114017045681657,-1.1716356160539771,3.3849004955852893
TCGA-E9-A1RG,0.2917026729828097,0.1773665486760874,-0.9081830611577476,-0.7028033595716384,-1.5530628022978548,-0.7156979303172071
TCGA-PL-A8LX,-1.6290236755047636,-1.0240083204045969,-1.0544203393411666,0.38572283300383936,1.3959522820818713,-0.1994483831690761
TCGA-D8-A27E,1.5097613969491968,-0.1280368187935654,-0.254375927792742,-0.26681841645548693,-0.720032297681073,-0.8660628258955044
TCGA-D8-A1Y3,-1.2311852991674694,0.7007083709552465,-1.2276905951971928,-2.148978210814372,-2.6253018424076484,0.581969706246443
TCGA-A2-A0SY,0.2349578947443538,0.3218434233225027,0.0222782187078146,-0.2326115722461368,-0.37761258913658236,-0.14432111013174953
TCGA-OL-A66N,-0.7180038877406739,-0.2185070224484814,-0.4641756623931604,-2.5327389642979217,-0.523128522691373,1.9093287844548636
TCGA-A2-A0ER,0.9070656663248724,-0.6475436316972019,-0.8743700739738322,1.1166874072281217,0.6469713825238899,-1.3571700320133016
TCGA-E2-A1IO,1.150970007843209,0.5488038034204717,0.9983756246015536,0.9342509047782429,-0.767936217662772,-0.3939346632013833
TCGA-LL-A73Z,-0.6827371958971009,0.6575836418027043,-0.2717303980681656,-0.3577755467322655,-0.8544743380452899,0.12422257130118916
TCGA-A8-A08A,1.628365946813062,-0.287557742383708,0.2649361977504309,1.3355938021047673,-0.33580553169801197,-0.6686416422409792
TCGA-BH-A0BO,-0.9907345677535982,-1.0864258208916713,-0.5261468738102159,-0.260986715279851,1.5527909603596095,-0.4373223217498378
TCGA-AR-A1AH,-0.2990832738618813,-1.4273376004094247,0.0388727229737463,-0.367698142762461,-2.418755070538514,0.8295288267805239
TCGA-A8-A08G,0.7833962973868781,0.1521401730488027,-0.4092639814166369,0.6961086000535883,0.5147067930679312,-0.7891194359330251
TCGA-B6-A0I1,-0.0701654296278479,-0.9034300899965428,-2.48763548573112,-0.22817251612736691,-0.214614835432627,0.2764951542339281
TCGA-AR-A1AP,1.593065003267016,0.1325455460303521,0.3398543628688407,0.05714563989873713,-1.0498850038407588,-1.569559224141138
TCGA-AR-A5QQ,0.6529178428597442,1.3110785360010615,1.199723080918236,-0.6511884521514222,-0.44990395929077875,1.3646106721712201
TCGA-E9-A22E,1.7303293857838409,0.8781784996512256,1.5534442302478602,-1.0292915850914415,0.21720478611666708,-1.5471072114311712
TCGA-BH-A203,-0.8925180607529266,0.7392488893416883,0.2859804867315377,1.666347003111229,0.012897678038882816,0.21065548297550682
TCGA-EW-A1J3,-0.1184539183545331,-0.3464617449475779,1.4906127004282173,-0.0834244705290127,0.08469134512834098,-1.6508071394162038
TCGA-BH-A28Q,1.090650716491302,-0.3821018991895611,0.7713641668704314,0.258208769984246,0.12904913077372748,-0.8730576795284565
TCGA-A2-A25F,0.2551288615899726,2.1181398807199767,1.7853498532105518,0.11111063585242104,-0.019764085584998134,0.6473691419615326
TCGA-OL-A66L,-1.256784182860175,0.3341652629653773,-1.1084650715975035,-1.8822866824238946,-0.6887392174852396,-0.05138249542818255
TCGA-E9-A1R5,-1.008721302830825,-1.0586361869526804,0.677114608378726,-1.4800733819368197,-0.5392416594124869,-1.1539768712350813
TCGA-B6-A0RV,-0.8663680237037878,0.3396340389822464,-1.194001650522116,0.289804404711963,-0.0006647304754150732,-0.058181688819654714
TCGA-C8-A132,0.4485512681986754,0.9013511188156882,0.5662790638790106,0.8780228606071454,0.05476694836055171,0.8949771775559837
TCGA-EW-A1P6,0.6172513400589951,-0.7419583231233757,-0.4209109944039708,0.7300543233147792,0.880829610070899,0.5452834109687195
TCGA-EW-A1PB,0.4888518795169814,2.4359940692949182,-0.8792535896213933,0.9056146407963663,0.0030058296270777537,-0.6833161603520693
TCGA-A2-A0CV,1.4812227679387382,0.393467060138352,-0.2652141132514709,-0.6571071936431122,0.8709377616590972,-0.9773935032983042
TCGA-AO-A0J4,0.4657186254840875,1.0766670477926346,0.5093852947004599,1.231232463155625,-0.37686603453946677,1.2064682819940435
TCGA-AO-A125,1.7374293341481588,-1.9695767944356,-1.9935949389511656,-1.6109820172825426,-0.42694740542942067,-1.1943807111009477
TCGA-BH-A0HB,-0.5987403032280274,0.8086441839103636,-1.2603877361587754,-0.7534608235152592,0.1507614269732218,-0.14163078181138328
TCGA-D8-A1XY,0.977013383012115,-0.9617585493488696,0.506147858692999,-0.823963479519271,0.6566765922864161,-1.0338903980259986
TCGA-EW-A1PC,0.0063520293642735,-0.7280047840496905,0.0560663229179949,1.4906996453135815,-0.419170795042782,-0.21588384345349632
TCGA-BH-A0HW,0.9830274079591989,-1.74659450063807,-1.373879382296305,0.3283632647240351,0.4753260380699932,-0.24601552064160037
TCGA-AC-A5XS,1.1608561826831183,0.7187310165840404,-0.9714460101227878,-1.7871516169765087,0.8973160240905708,-0.4504315579290777
TCGA-BH-A8FY,-0.5724284395205373,-1.7814187797670051,-2.0845571214972614,-1.586784809419439,-0.23999769173461416,-1.9984464734679162
TCGA-D8-A147,0.1020807090705027,0.5132309532954078,-0.3414843305803287,-0.25820142516611266,0.18690711205032332,1.4357820850100038
TCGA-AR-A2LE,-1.5871243240520896,-0.3246155771762632,-0.02287346748756,-0.09743796141375535,-0.5214487748478596,0.26133148551913615
TCGA-D8-A13Y,0.0676854514046018,-1.6332706847387064,1.4151742815447648,0.9759432161682698,0.4374383922662864,1.3269460756860894
TCGA-E2-A1L9,1.4319061467917125,-0.39689886156109,1.61451613360064,-0.9555684373934238,0.8148839539922018,-1.1617054507735889
TCGA-A7-A6VW,0.3600758802436632,-0.8488989408964951,-0.1950350842945847,-0.4034717126607917,-0.38059880752505476,1.1622001523589238
TCGA-AR-A2LN,1.4772890974376574,-0.6492922856388368,1.29247320479962,0.17499822783630042,1.3492304068789442,-0.13395111733324608
TCGA-AR-A0TT,-0.4999489442033115,1.797147201815373,0.6656420300297301,0.8275394772956329,1.2246802149265323,0.7000995770407132
TCGA-E2-A155,-0.5083053323988275,-0.4652357155362799,-1.0281854939278734,0.9641057331848774,-1.8658691784900254,-1.7307832631216415
TCGA-A1-A0SD,-1.2068936930774936,-0.5418240510465887,0.4223716175217211,0.29441754146284427,0.3199804689864894,1.0803652563594157
TCGA-E9-A1NH,-0.0023754683694974,-0.4997120949537761,1.0965492251087243,-0.14705094156472662,0.17409125813314102,-1.3762469055577178
TCGA-OL-A66O,1.4848335837002629,-0.7189050914179361,-1.3501923726620155,-1.8500817654837927,0.6589784689608613,0.06185586932905878
TCGA-A8-A099,-0.4196075949971109,-0.2615577497767135,-0.6405976675461605,-2.9414802884890596,-0.5515598102649244,-0.26949474961934367
TCGA-A8-A07Z,1.7814956520927894,0.0774133264334759,-1.2383799653480292,0.08560782324850238,0.6078394790583193,-1.9391614202991134
TCGA-A2-A0YL,-1.0379956547182043,0.1638012545278298,0.244967888341935,-0.16776653678565578,-0.06934775341021049,0.3110291868553592
TCGA-AQ-A1H2,-0.552785380386302,-0.2412241988349722,-0.8216097243969995,-1.620904613312738,0.28395920967557825,-2.8443346124514877
TCGA-D8-A1XD,1.5376689625794964,-1.6584124139040757,1.194595671165733,1.7199638378007025,1.7933059663975839,1.764784781060633
TCGA-BH-A18R,1.4808121026831036,-0.1433670668479801,-0.5027475067586508,0.10223252361488129,-0.43366639680347774,0.7238722963806785
TCGA-AR-A24K,0.0306733928694655,-1.1425918095865422,-0.2319426443747846,0.12259995757159395,-2.899287379549718,-0.6954960103842739
TCGA-BH-A18J,1.645927040124033,-1.0075696289102192,0.5378593704655987,-0.0019547347021558695,1.3087298199853294,-1.702559273287979
TCGA-BH-A18U,1.5463087191228166,0.2427519843349787,0.3753841118575027,0.26299598736722934,0.620344268560039,0.02962084454503158
TCGA-E2-A1IE,-0.6143940668404718,-1.257525059091403,-0.8033253622247017,0.7290098395221234,-0.21038435938229746,1.293194684030584
TCGA-E2-A14W,0.7947253101535692,-1.032824537986601,-0.8575687521785496,-1.6972389704923827,2.370206031320012,-1.5036217227619755
TCGA-BH-A0HU,1.7058212054377249,0.1039254572060913,-0.5761718556203215,0.1263426911619339,0.6726653032413463,0.1929482311214583
TCGA-E2-A1LH,1.380710901221533,1.7427360975234316,-0.5752388007648783,-0.4993901409526649,-0.19980816925646533,0.8093758219079609
TCGA-E2-A109,0.1853298293421608,0.0002800969873182,-0.158809014781526,0.751118079799928,0.11610885109036147,2.010925364843975
TCGA-A7-A5ZV,1.7878147763463397,-0.4364961064519057,1.8263707337990087,-0.7900177562580832,-2.543491901140205,1.7778451021795019
TCGA-A2-A0T3,0.95895582216287,-0.640673283271717,0.7385738497101816,0.3734501484401824,-2.1300872929864703,-0.06639941896186397
TCGA-A2-A1G0,0.53651367781064,-0.0271279487684048,-0.6323773225349946,0.3971251144069519,0.3614764620095972,-0.703420250164262
TCGA-A8-A07P,0.3813404923441694,-0.2977913630719456,-0.8436634322985743,-0.6179390514186612,1.0455693245014663,0.34023147789642716
TCGA-D8-A1JA,-0.1772071524611577,-0.4922415487366332,0.6039598602318638,-1.365180164745106,1.2099979745165577,-0.004179462170844132
TCGA-AO-A1KP,0.8021382450275782,-0.997352211695374,-0.5180571326783819,-1.5578874244893968,0.6489621947828693,-1.0715060794507583
TCGA-D8-A27L,1.1956571611941542,-0.0730186625530084,0.7120449786854004,0.6785264562106109,1.8012070025504094,-0.5773172245296326
TCGA-AN-A0XT,-0.7868568512570253,-0.6710155844749456,-0.5017638611110093,0.04783232608092055,-0.9230329352139017,0.09653664713160041
TCGA-E2-A15K,-1.4699868324138592,0.8647704761988042,-0.7737925600031208,-1.0102297558755409,0.4902571300123353,0.9355766776633306
TCGA-EW-A1IZ,-1.6123712774481882,2.507678939417765,-0.7267938075765367,-0.9973477890994987,0.6882185240146236,1.1627382180229977
TCGA-A8-A0A2,-0.7487537961534656,0.5195862229282923,0.060091427252788,0.8968235688748807,-0.7073408695300811,-0.48682436284458014
TCGA-EW-A1PD,-0.4324253565792796,-1.0899403250264488,0.2435116733958031,0.9689799908839178,1.1400084810368067,0.8052180417764866
TCGA-BH-A18V,0.0382544263328008,0.8994824108164922,0.4192443203312989,1.4692877275642224,-1.775038369174076,0.888960625130437
TCGA-A2-A0EW,-0.9159026804569018,-0.2133528166173041,0.0376651571948189,-0.07976877725472689,0.20625531869227715,-0.266657676117866
TCGA-E2-A1IG,-1.6878199722549263,-0.8560410211571672,1.0404230042353164,0.030250182237946215,0.29366441943810445,-0.6285802077977042
TCGA-BH-A0DV,-1.324044433342349,-1.0079397743205254,0.8065529522591588,-0.16036810992104242,0.5170708826254684,-0.02937071826154825
TCGA-AC-A6IV,-1.187473672560584,0.2877694984920901,0.8874809346837589,-0.3684815056069451,0.19742108929306026,0.1949048335362709
TCGA-Z7-A8R6,-1.440206947917967,-0.2247265452763845,-0.0221836599985277,2.3312479774502757,-1.1942811054998728,-0.04888782734929706
TCGA-AN-A0AL,0.7756979450304966,0.1687802804385412,0.3509440603203009,0.4704130605247082,0.27039680116127707,1.2106260621255196
TCGA-BH-A0EE,-0.1122824854127771,0.6047970950118439,-2.2537440717443418,0.0956174595947551,-2.180230876759519,-0.38654848908546807
TCGA-S3-AA12,1.18329212517552,-0.606691836106622,-0.959681022861655,-0.08838576854410735,0.647655724237917,-0.09139501481108647
TCGA-AN-A0FK,1.5472769718942376,-0.6868217618515406,-0.6534516556385259,-1.0259840530813753,0.7378644047229278,-0.7421609779775385
TCGA-E2-A1LB,-1.0732796756072818,-1.0615502737187443,-0.3923466179384453,-0.11362746019986363,-0.6476165017606896,0.7168774427477265
TCGA-A2-A0CU,0.3114927009273326,-0.9767092076623256,-1.4124167512859696,0.3320189579983178,0.8390847655154204,-0.8760414982110456
TCGA-BH-A0BZ,1.2669972861156669,1.7205890771549313,0.0867105901157948,-0.5670204665268811,1.0353664116741919,-0.7306170237301473
TCGA-E9-A22A,-1.6363894294326369,1.062233429492528,0.9514449612566918,-1.1736044291095251,1.7517477604913843,0.19001332749924027
TCGA-AO-A12F,-0.1260701872691554,-1.9617006479840176,0.677850542676276,0.13774497256504648,-0.7248226896792426,-0.5377938557504315
TCGA-AR-A0U4,-0.781467252122257,0.8297339270390022,0.9472309750782408,0.9708948778371149,-0.5061444056069531,0.3915922912852417
TCGA-OL-A66I,-0.5392607667663546,2.3823340756033136,0.2867251216379591,-0.9461680832595531,-1.156517885462353,1.4927681303414027
TCGA-E2-A1IH,0.1436095477714077,1.1632339299651453,1.8249033751306247,-1.1615928654940213,1.138702010491851,0.975393536804753
TCGA-BH-A0BM,0.223421545437572,-0.8916552780609415,-0.5477305626798511,-0.5312468966285505,0.29067820104963205,0.6868925107407339
TCGA-A2-A04U,0.3939732330010456,-0.7379504611275279,0.8627092439481978,-2.2710087339225424,-2.0684343258411944,2.2603921727324967
TCGA-D8-A27M,0.3967124473137497,1.193362608870414,1.2515529735921336,1.0632446531707658,-1.0080779464021852,0.6166504840489855
TCGA-E9-A245,-0.6497104726906717,-1.37783483058535,-0.972237629208868,0.9405178075341526,0.6385726433063194,-0.5061947267512175
TCGA-AO-A12A,-0.1595122591419613,0.0098395728759199,0.04981901949803,-0.6645926608237859,1.1357780049864772,-0.631466196359552
TCGA-C8-A138,-1.5904405464355755,1.4108417441860148,-0.3563100064370032,0.01649781230135976,-0.30264606500938285,0.02438693308540967
TCGA-A2-A0CR,0.1867574860403336,1.814229762505538,-1.0601522068873326,-1.7877608991888876,-0.015471396651576735,0.12476063696526293
TCGA-D8-A1XV,-1.058301917986583,-1.573295870125747,0.5873156180301174,-0.15862730359995364,1.0945308634957434,-1.1178286416214307
TCGA-EW-A3U0,1.01090600623665,1.692141513668951,1.8138545089334293,1.1374900427651082,-0.8336952350921901,1.9635266713451534
TCGA-E2-A1AZ,0.7971912811510702,1.0314492094952654,1.4784795858323343,-0.9741950650290477,-0.13087629478929916,0.738057663888065
TCGA-A2-A0YC,-0.4244926151983892,-0.3244031871961759,0.0654378002405151,-0.8862843458141729,-0.17853136323862068,-0.9886439671834719
TCGA-LL-A5YL,-1.5213470874576749,0.2872424193191324,-0.4530046582340645,-2.474247871909408,0.17328249065293025,1.1757007090211262
TCGA-A1-A0SO,-1.1691936049301122,0.0077654345490651,-0.1790277986183776,2.687155829796436,-1.5729087120045568,2.326916654836102
TCGA-A2-A0YD,-0.0194165840251102,-0.0814045561093119,1.0310505990617769,-0.05426596465080823,0.5534032063518455,-0.22356350793163265
TCGA-OL-A66H,0.6226225209690166,0.3605487675030652,-0.7338545489509307,-0.28596728598744486,0.3137591806771772,-0.1375708318006484
TCGA-C8-A12N,-1.3872746074608493,-0.5181253185542438,0.9324818966235872,-0.7467587191790758,0.47775234051062226,-1.2432468564108767
TCGA-BH-A0B4,-0.9164815687015376,0.3807786445941688,0.210480268440713,-0.3674370218143017,0.860672635948731,-0.3993153198421158
TCGA-B6-A1KN,-0.955306272900414,-0.017690413803703,0.1530254810255316,0.6744355613560638,-0.1759184221487094,1.4317221349992697
TCGA-A2-A0EV,-0.3669055843009788,0.2990576873239526,0.0784596750888719,0.46170902891927057,0.5847584994307775,-1.8753761815762442
TCGA-AC-A23G,1.7691863868533677,-0.5355369297106745,1.8085106267353723,-0.640830654540956,0.87896322357811,0.3145021561416501
TCGA-AO-A0JL,-1.3185690969702957,-0.3048739737215985,-0.4660193844693741,-1.7619969656368095,-1.7773402458485215,0.7931360218650214
TCGA-C8-A12Z,1.011614638735693,-1.152355254674495,0.6852001868345594,0.049399051769904154,0.1408073656783249,-0.5413646551574627
TCGA-C8-A27B,-1.193620268400193,1.7204075403376755,-0.47100534734492,-0.20815324343486769,0.2958418703463594,2.117609111511596
TCGA-GM-A3XG,1.3705158041454566,-1.2126124268347689,-1.422345880013104,-0.6827840868791423,-0.06231769762068746,-0.21720455008349476
TCGA-A2-A0EY,1.6071513059097722,0.0743730190124881,0.2535564260413833,0.8801118281924507,-0.28597301234042555,-1.107703224124779
TCGA-A2-A0D3,-0.8906912038375382,0.5976937941811746,-0.653394160285953,0.00526961153035233,-0.28485318044474883,-1.23072460095608
TCGA-BH-A1ET,0.5042778106956031,-0.1578058004273442,-0.3299394806656247,-0.1983176877207325,0.18877349854311565,0.8616171063834397
TCGA-A8-A09C,1.6580862275857269,-1.0667504782012007,-0.5639211882902848,0.7988161729977021,0.76050989416882,0.17724649674259343
TCGA-C8-A1HF,0.2494840206415346,1.609296813553574,2.0420180214989867,-0.200667776254194,0.9576625206908974,-0.07662266657925598
TCGA-AO-A03L,0.5643913407176683,0.4134612831602967,-0.3657893466279172,0.4452584091850061,-0.5700370365435788,0.4315558956077745
TCGA-E9-A22G,-0.2973262785423943,0.0694521883981174,0.0063693653742435,0.25707724587553926,-1.2383900396128884,1.8259775215838747
TCGA-AN-A04A,-0.149081598533132,-0.6537423132030535,1.185430290698028,0.22069439376482658,1.6635921051484412,1.2043160193377518
TCGA-E9-A1RI,-1.534447338960797,-0.4995174969736085,0.975417893498252,-1.0148428926264188,-1.27397580874215,-1.5507758409589427
TCGA-B6-A402,-1.4639876236353584,-0.5316791816345847,-0.8858092382777611,0.08578190388061063,-2.8656302097963438,2.70331804438555
TCGA-C8-A1HG,0.2097494501349284,1.602984503854716,0.2189659039174446,-1.6090671303293487,-0.7513875907600017,0.13576652554857965
TCGA-AN-A0AJ,-0.9397529039135564,1.5126208906147507,1.6202738532478933,-0.30781440531707777,-0.572401126101116,0.28662057173058064
TCGA-C8-A137,-1.0079285035815664,-0.82509320723378,0.3859654074158505,-0.20597723553351135,-0.9165005824891235,1.2848302087072632
TCGA-A2-A3XW,0.1933574719765294,-0.3549171319219214,-1.0593918504745066,-2.073166095531049,0.42698662790664466,1.2725525285543173
TCGA-A8-A079,-0.9463289688479404,-0.3522301879621292,-1.0541467754510092,0.6660796910148457,-0.988916378409507,-0.4714161188279364
TCGA-A2-A0EU,0.0868993931942607,-0.7038966141094044,-0.4166478921350952,-0.4177463244936998,1.7806145382465852,-0.523657403303415
TCGA-A2-A1G6,-0.3718847173774229,-0.8433225012853665,-0.99825303221911,-1.1638559137114348,0.8043077638663697,0.23261834508177007
TCGA-A1-A0SI,-0.8888039910261041,1.0239475860089815,1.0506477735025874,0.6620758364763464,-0.009872237173196387,-1.3522296109159015
TCGA-BH-A1FB,-0.9063835405228536,0.6372604535154532,0.6104723915003711,0.32409828923737966,1.05396806371903,0.2932241048805712
TCGA-AR-A2LM,-1.6898409463167108,-0.1987748297634906,1.112184088795097,0.03878013321126945,-0.43596827347792305,-0.6102859752192135
TCGA-A8-A07I,0.2595857815942195,0.3462832707746816,1.3172035934546278,0.8549571768527455,0.9125581804483854,-0.2516896676445548
TCGA-BH-A0C0,1.4024641521783845,2.011848304575325,-0.5154025596963941,-0.030765079316137634,-0.6614277618073616,0.6893871788196185
TCGA-BH-A0H0,0.4207198527938334,-0.0584092433765406,-2.6327405400886144,0.9677614264591601,-1.8429748375117558,-0.9745564297968274
TCGA-C8-A1HM,-0.0202251210308952,2.609508330657271,-0.7380857526178856,1.246725639413291,0.16046663673574796,-0.8732533397699381
TCGA-GM-A2DM,1.4739814836933505,-0.5255855488548887,0.5265811744799216,0.15306406819061036,0.5204925911955938,-0.8403335041407274
TCGA-JL-A3YX,0.3328087680375971,-1.4942440696004384,-0.8161915855035624,-0.5271560017739971,2.10362382726603,0.40817449675077244
TCGA-E2-A15I,0.6468424425014686,0.4642174897190733,-0.375593382980581,-0.7760042653733343,0.4329590646835828,-0.015478841116382825
TCGA-AO-A12H,-0.7011271633994077,-1.1855207731896529,-0.2156695552872726,-1.1092816355453687,0.7769340953054031,-0.7532646966815957
TCGA-E9-A226,0.9838105786927488,-1.2608071266937413,1.2792384122010694,-0.37927450479768804,-1.5958652658659116,-1.1379816464939945
TCGA-A8-A09R,-0.3930000425489688,0.774712791456697,0.6779901033529034,0.11633305481568118,0.9229477319249353,-0.33885630522442695
TCGA-AC-A6IW,-1.3392264041045074,2.0694630978345603,-1.4502544672098123,-0.08960433296886515,0.15455641284190166,0.5633819833057294
TCGA-E2-A14U,0.1488855352337182,-1.0699970671542876,-2.526111323812407,0.027116730859991375,0.09651179291603025,-0.09618869072737585
TCGA-AO-A0J9,-0.9870557646676882,0.2780033770942002,0.0135064121468057,-1.545179538345466,0.4898838527137775,-0.8492849601884921
TCGA-BH-A1EY,-0.3439945357306517,0.6058775806584442,0.4326550751568286,0.32096483785941865,0.07467507095034556,-1.2210883340631309
TCGA-E9-A1R4,1.3013934460452523,0.9251444050908846,-0.0693407684299473,0.5104516059097005,-0.543347709696636,-0.8258057312107487
TCGA-V7-A7HQ,1.594504000763657,-1.2728929718054196,-1.2927051464554975,-2.4227200048052424,0.8755415150079846,-2.084977215262974
TCGA-D8-A27R,0.1112810942774113,0.4636183028268969,-1.342299592209486,0.0859559845127189,1.1372711141807117,0.6982897198070129
TCGA-D8-A73X,-1.2817368584425537,-0.7897587295998226,-0.0465984869746315,-0.1722926332204798,-0.26929995967147485,-0.22654732661422086
TCGA-A2-A0T5,0.3384625903234097,-1.2029881044172015,0.8372007887297009,-0.391547189361345,0.052838348984660874,0.26544035059024207
TCGA-C8-A8HR,-0.0903325472324544,0.6937403992584316,0.4638051733739812,-0.5675427084232059,-0.600210284843739,1.5258347111517236
TCGA-E9-A243,1.4919964440446294,1.85565706552358,0.8046487810943735,-0.171770391324155,-1.1601884455648457,0.18893719617109447
TCGA-LD-A74U,0.7813285811372349,-0.4893590346235204,0.3705919571959318,0.01832565893850266,-0.11227464274445431,0.48912892166361727
TCGA-AC-A3QP,-1.3352955320777318,-0.2045082394651016,-0.0068096910751641,-1.131999158035549,-0.42296578091145853,0.06302983077794581
TCGA-BH-A0BA,0.8729471991143731,-0.0153997042067564,-0.7097854861992272,0.26517199526859186,-0.9823218128016369,0.07970986636421784
TCGA-A7-A0CH,-0.3673183447486995,-1.2070740163324392,0.459006802853661,-0.5428232586637775,0.21372086466345314,0.24103173546546178
TCGA-E9-A295,-0.7899689707824479,-0.1181084426790155,-0.841265226025872,-0.2867506488319321,-0.38115872347288815,0.6655166293589129
TCGA-AC-A62V,-0.388688753376299,-1.1940948438164738,-0.4059879463646142,-2.2030302470841097,-0.9650888441848429,0.5120211699169158
TCGA-A7-A13H,-0.1352507644485807,0.5247754205923627,0.0918996115276252,1.20686117466041,-0.19825284717913894,-0.21001403620906026
TCGA-A8-A0AB,0.4234380928307129,-2.041587391110114,0.5249743880484633,1.0728190879367354,-0.8124184290743488,1.9069808615570896
TCGA-C8-A8HQ,0.8105969752494561,0.756885430562134,0.2469073621693281,-0.5037421567553837,0.6299872654394699,1.1267856486508285
TCGA-A8-A0A6,1.4171474413301304,1.3399337236387474,-0.009239327365717,-0.5420398958192872,-0.7457884312816213,-0.6251072385114141
TCGA-A2-A3XX,1.3678128631106632,0.4246753175314759,-0.4771255377918014,-0.10239925942885,-0.594300060949896,3.294750039322829
TCGA-AO-A0J8,1.1435572682255122,0.1933452634280941,0.9204508208816076,-1.0458292451417632,0.5056859250194321,-0.31366504913372284
TCGA-D8-A27N,-1.068714869989834,0.1060761860269451,0.2780647268614776,1.005623963942796,-0.9107769972445561,-0.54087550455376
TCGA-C8-A12V,-1.1704057646862076,2.262793128613041,0.3102328103000539,0.5012253324079381,0.07759907645571947,0.18023031542518078
TCGA-A8-A07U,-0.8058819688255054,1.607094222112498,0.1135373211835577,0.6110702112685091,-0.3002819754518424,0.18204017265888284
TCGA-E2-A15P,-1.5427497828902923,-0.6865466691466536,-0.4819223105659462,1.900137292033171,-0.3843937933937313,-0.6998983658176001
TCGA-E2-A570,-1.066015417140549,-1.029541048165179,0.5455464702201778,-1.0819509763043103,0.6474068727055429,-0.7210785869579386
TCGA-BH-A0HO,-1.258584081559853,-0.2758850741012666,-0.5179663799679691,-0.525154074504749,0.22348828730906786,-0.0820522382803595
TCGA-BH-A42U,-1.3634871985691537,0.1387427649518935,-0.5722335447477456,-1.8237085497193295,0.6811884682251038,1.4272219494452023
TCGA-BH-A42V,-0.2905765913126662,-0.0209623467696296,-0.649030488479855,-0.2272150726507653,0.3044894610963073,1.1061434931745622
TCGA-D8-A27P,-0.2827361784039806,-1.56705443337581,0.5566440780501152,0.20964027362592433,0.47955651412032274,-1.313488883102625
TCGA-LL-A5YN,1.0467910704906207,1.5753120101009508,-1.123326121712234,-1.6077615255885274,-0.539490510944861,0.1308750195115499
TCGA-LL-A7T0,-1.6349047474061615,0.7400295522124452,-1.3656711548807974,-0.12415933844243492,1.5992639840301623,1.3038581671913085
TCGA-EW-A1OY,1.334019362900281,-0.2997044198840984,-0.4960997896426045,0.15210662471401185,-2.2438124432806825,-0.10391727026588325
TCGA-C8-A12T,-0.3392192501829644,0.0353999829765437,1.9277416111203165,-0.26533873108256983,-1.6791061034444978,0.36180301951972893
TCGA-BH-A1FR,1.4945991167538335,0.0965880584600511,-0.1852045563227801,-0.3778818597408189,0.6706744909823669,-0.3652215227640181
TCGA-B6-A0IA,-0.6004942628573329,-1.8041314830590287,-1.5899077965793056,-1.5619783193439503,0.8037478479185364,-2.596775491917407
TCGA-WT-AB41,-1.669875544541099,1.5393785445735404,-1.9482194645913893,-2.989091341370786,-0.6861884892784202,-0.7956251389622745
TCGA-E9-A5UO,0.7796078641828593,-1.9445022158511585,-1.6755546601490194,0.16455338990978016,0.5402762880192006,-2.480504393417207
TCGA-E2-A9RU,-0.190675858127983,0.0345340201856609,0.1709801616775059,-1.896561294256809,-0.9194245879945007,0.40773426120743905
TCGA-OL-A66J,-0.4198954796249982,-0.6686333585074137,-0.1462943875049411,-0.8564295174075324,0.4873953373900566,-0.2783972906067381
TCGA-A2-A25E,1.359152385371602,-0.1429355612730555,-0.3832242155199276,-1.169687614887077,1.976025204042054,-0.3079909021307684
TCGA-AR-A5QN,0.2999021615263678,-0.2235481318827197,-0.3443529825333115,-0.20963292880779097,0.31425688374192534,1.964602802673301
TCGA-A2-A0YH,-1.2998684298384984,0.6263556860365015,-0.0095385598703837,0.019544223363266656,0.49311892263462065,0.036371122876132686
TCGA-5L-AAT0,-0.59812959418223,0.660492467229967,-0.0093068271602843,-0.44681779005585015,-0.6381601435305408,-0.3167466979370523
TCGA-AR-A0U3,0.6984792991250585,-0.1232704960779794,-1.4960600779307804,0.17769647763398772,-1.3473870107920198,-0.8794655524369663
TCGA-BH-A0GY,-1.4682847867071076,-0.1725346294961418,-0.4139822987233501,1.3504776961500606,0.2611892944634991,0.5477291639872339
TCGA-A7-A0CJ,0.4883520383632807,0.0710607994035536,-0.4828025932354206,0.9579258707450218,-0.4441181611631228,-1.0113894702556616
TCGA-BH-A0HK,1.0418055549272789,-0.7670442770855843,-1.2239276043420382,-0.7569424361574305,-0.4331064808556377,0.49597703011545874
TCGA-AO-A0JE,-0.7745354617949941,1.1235190671324298,1.096354380125268,-0.4558699829254982,-0.20080357538595833,0.07374222899904143
TCGA-E2-A150,-1.5626677123044994,0.7116351666280186,-0.2395912903084362,1.720311999064913,-2.512074395178181,0.8113813393831437
TCGA-PL-A8LY,-0.9499426389732828,-0.8547222290623243,-1.75113884245376,-0.8883733133994751,-0.3424623101889739,0.9226631017255724
TCGA-AC-A62X,-1.6242673853768577,-1.106823002848563,-1.369734925178109,-1.527858515450654,0.3830643324429045,-0.90304261153545
TCGA-B6-A0RE,0.3470296743782218,-0.9089262209691792,0.4689190035811919,-0.7753079428448982,-1.4512825255575188,1.2666827213098815
TCGA-A2-A25D,-1.3037208167257346,1.5875786161116834,0.4404973872091016,0.5545810461492462,-0.12988088865980946,0.6282922684171155
TCGA-D8-A3Z6,-1.2124222656222778,-1.0192583142869305,0.2899963794301273,1.0459236302759476,0.7993929461020165,-0.728562591194596
TCGA-E2-A10A,-1.377446304750146,-1.1511321408942168,0.5642177744948722,-0.3840617221806744,1.5889988583197996,-1.2521983124586413
TCGA-E2-A1B0,0.6748342884643652,0.5997244346450162,1.0285579380430745,0.8539126930600898,-0.20528290296865864,-0.21803610610978966
TCGA-E9-A1N6,1.0280286798577536,-0.6977425895173467,1.6233739078305705,-0.28065782670812756,0.7814134228881068,0.3107356964931381
TCGA-A8-A082,1.441327976515066,-1.542830585684267,0.0170866167220863,1.4721600579940117,0.6770202050578662,-0.42245214339726694
TCGA-E9-A1NE,0.2710008924702534,1.9121531463786048,-0.5939626548402608,0.3788466480355477,0.8089115172152604,-0.019049640523414985
TCGA-AC-A3QQ,-1.5611920050159225,0.0423924694308739,-1.1219835603738513,-2.2983393931636042,-1.0560440792669759,0.04268116566390213
TCGA-BH-A0DZ,-0.5651402802807375,0.7558582706136947,1.964021058169256,-0.46779450622494173,0.1849162997913406,1.1246823010549054
TCGA-AN-A04C,-0.9266569854826122,0.1151694088557676,-1.471706895321446,-0.8114296740074485,-1.0230712512276257,1.6395133114522968
TCGA-BH-A0RX,1.182612175048095,1.5285656005021184,-0.1756478427213426,-1.4446479733027118,-1.155771330865234,0.8986458070837562
TCGA-AO-A0J5,-1.2885228494974597,-0.7532647636162589,0.4437398973812513,0.42637066060121365,-0.35347399049645234,0.7780212682105997
TCGA-EW-A1OV,1.2096475835856966,2.1156355568298904,0.3205744731992371,0.7860212465377173,-0.14282116834317546,1.371556610743802
TCGA-AR-A0TY,-1.5408012338788073,-1.2164186219001831,-1.6968097682699703,-0.3518568052405693,1.2424108866080712,-1.0853979565959229
TCGA-BH-A0DI,0.3234212692068673,-0.0489964021830429,1.576408627975669,1.8924777442203828,0.12363660994462271,-0.06277970449446162
TCGA-AR-A5QP,1.7702971416075848,-0.4106529511066347,-0.4321555927053724,-0.5510920886889414,-0.37095581064562044,0.6842021824203668
TCGA-MS-A51U,-0.7531988492924832,0.225086243975275,0.3997895254268954,-0.051393634221015776,-0.43795908573690245,-0.18340424336761818
TCGA-A1-A0SF,-0.7129391815421405,0.8581464141382801,-1.1711984516466147,-0.07367595513092547,-0.5025982712706439,0.15122368462559357
TCGA-D8-A141,0.9369874933592448,1.4861340567816017,1.4744679255782402,0.3605681816641372,0.29615293476182536,0.49534113433064464
TCGA-AO-A0J6,1.4804597166973,1.1441797607653004,-0.9312048663124624,0.8097832528205472,-2.220980315185508,2.1630022875352317
TCGA-B6-A0IJ,1.676931698338424,1.9135560732740784,0.3898728620539609,-0.06923689901215559,1.0806573905659795,0.9445770487714655
TCGA-A1-A0SK,-0.5320314904878327,-0.8972110928377826,1.7994509013064732,0.8111758978774195,2.2799351379519126,2.559018616293168
TCGA-GM-A2DB,-1.504079693915347,0.7632685044250682,-1.6712643799710571,2.0133767432198497,-1.6393520711479987,0.9330820095844461
TCGA-JL-A3YW,-0.1704753709198439,0.4574631134153525,0.3046798666987264,-0.9684504041694628,-0.7059099732189384,0.601291155092711
TCGA-A2-A0ST,-0.6988794231918634,2.1203140402837826,-0.5871601143636802,-0.7019329564110971,0.4765080828487618,1.0856969979397781
TCGA-B6-A0X5,0.3581052916980901,-1.181587334689453,1.4972624763642868,-1.745720426534647,0.6814373197574747,-2.2587235096982736
TCGA-A2-A25A,-0.074769063276815,0.2124668006247439,0.2816447718038794,-0.2169443153563564,0.49019491712924673,0.6169928894715768
TCGA-A2-A0ET,0.0593934506914099,0.5820071983369369,-1.0531650864474114,-0.7530256219349886,0.201278288044832,-0.6234441264588244
TCGA-BH-A18H,-0.1375991832881758,1.91884607579236,-0.0446410842114394,0.2792725264693917,-0.8542876993960111,-0.6337162891365857
TCGA-C8-A1HN,-0.7947591063949984,-0.3587249957790135,-0.3168094269898792,-0.6630259351348053,1.8176934165700847,0.33294313390125313
TCGA-C8-A26V,1.4579566023771375,0.1861779247997512,-0.0180299976788686,0.754425611809991,-0.921726464668946,-1.861631049612191
TCGA-BH-A1EN,1.7572902812487774,-0.9138705264258948,-0.2188009143458581,0.054969631997374625,1.3752976048949583,1.1370088962682214
TCGA-AC-A23C,-0.8556933523579815,0.3370268001986302,0.0089506792267979,1.262044735038858,-1.6364280656426249,-1.1789724670843038
TCGA-C8-A12Y,0.1585317395544018,-0.1897346876343827,-0.687569657204549,-0.43323950075137196,-2.375143839490243,-1.3093311029711499
TCGA-E9-A1RB,-0.1019138538209808,-0.8251048063956198,1.3351650565116382,-0.2745650045843261,-0.05939369211531356,-0.5225323569148974
TCGA-AR-A1AQ,-1.2575301226973372,1.6332972626815168,0.6234786394493331,-0.3180851626114897,-1.453646615115056,0.09296584772456826
TCGA-GM-A5PX,-1.1660946624599102,-0.3347699331408708,0.8766661887864196,-2.2274015355793186,-0.5651844316623141,0.0585785602842486
TCGA-A2-A0EO,-1.0331335892539404,0.025179568814459,0.7699701583365061,-0.2995455752919138,0.2420899393539127,0.6470756515993098
TCGA-A8-A086,1.7364184316785538,-1.0146092764649202,0.5290514246536047,-0.40094754349521267,0.8498475942905281,-0.2537930152404779
TCGA-AR-A1AS,-0.1752955784551393,-2.520382317820588,0.2034998196953314,0.055317793261597324,-0.2668736572308425,-1.2116477274116637
TCGA-BH-A0DK,-0.2961981189288991,1.223585818603182,-0.1038482511077239,-0.19222486559692797,0.9159798890185075,0.1410982671289419
TCGA-D8-A1JH,0.0762970117242835,-0.4157209908446956,0.5392253909492635,0.4436916834960225,0.9834808671745376,-0.4023969686454444
TCGA-OL-A6VO,-1.066955621461845,0.6490032951527026,-0.9184259887769708,1.9741215606793479,0.27444063856233103,3.040440640457647
TCGA-A7-A0CG,0.7187500407842577,0.4454086188202432,0.3959893646933879,0.07742603353939566,0.04543501589658336,1.362458409514925
TCGA-E2-A1IF,1.2993121722584475,-0.6251238205406318,0.2897669841327536,-1.5142802261461792,0.9552984311333537,-0.09144392987145665
TCGA-A2-A0T7,0.8183199097896924,-0.4236746959792818,0.4517114862074165,0.007010417851441103,0.7546618831580688,-0.6001605577225609
TCGA-BH-A0E0,1.1522765839743483,-0.7896087352487007,-1.6945357069484612,0.17560751004867625,-0.6217359423939544,0.3758905569063742
TCGA-A7-A0CE,1.0803061854476552,-0.5524449353051288,-0.5061734037359921,1.2538629453297512,0.21757806341522487,-0.13717951131768608
TCGA-BH-A0B5,1.187217215670079,0.1641850437943817,0.1968778705159514,-0.18482643873230534,0.16202195881307768,-0.3878691957154657
TCGA-BH-A0E6,-0.7123730227747488,0.2773698756989052,-1.120930322634073,-1.1455774473400242,-2.3740862204776585,-0.1133578769173506
TCGA-AO-A03V,-0.0892856397923385,-0.192788746958102,-0.6078693616029553,0.9301600099236895,-1.259977910046199,-0.20370399342129256
TCGA-S3-AA0Z,-0.1888545666093454,0.696016209937105,0.0735645478838849,0.5819987457063619,0.10329299717317919,-0.03289260260820936
TCGA-A2-A3XU,-0.3244897973226964,-1.6200014046915967,-2.375298337004125,-3.6673965243821964,2.1523365147279367,1.3674966607330663
TCGA-E2-A10F,-1.691181717170394,0.4045999064606313,1.7311240405932,-0.6145444790925471,0.03697406379592097,-0.21118799765794818
TCGA-AC-A2FE,1.6501122640169077,1.3338561888465073,0.0258929542900063,-0.7800951602278846,0.6269388341679056,1.0390320303465126
TCGA-EW-A1P5,-1.064136396095481,0.0605959084928048,0.2760485254102544,-0.1829115517791114,0.5323752518663749,-2.3742608822929188
TCGA-AC-A2FK,1.5192210653879044,-0.544677335342374,-1.4602440082045791,0.13809313382926608,0.19331503900891445,0.20703576850810446
TCGA-E9-A248,1.1128875175217805,1.5154061133615515,-0.2429001629146719,1.2187856979598506,-1.7716788734870492,0.8032614393616739
TCGA-AN-A0FJ,1.7601010513662756,-0.2991067564063733,1.133943070381649,-0.5946122467161081,-1.9017037991516577,-0.4399148199494637
TCGA-B6-A0WX,0.0064330408749345,0.4068831233249266,0.8255187977666674,-1.729530927748542,1.172048115829759,1.4269773741433498
TCGA-BH-A1F0,0.3184987542636835,1.3144461273933492,0.5623266972035547,-1.0685467676319436,0.6332845482434083,0.6212484997237933
TCGA-EW-A1IY,-0.2129074067868677,1.3603448005790992,1.6964318303544157,-1.3751027607752984,0.8865531953154631,-1.331929860862228
TCGA-BH-A0HQ,-0.2031992136680206,-1.3453706801164689,0.1585747565768424,0.5175018715101004,-0.35310071319789454,-0.29630020270226737
TCGA-A8-A0A1,0.9570631944232612,0.5903353686925098,0.8543056206010525,0.1275612555866917,-0.027105205789983787,-1.16351530800729
TCGA-B6-A1KF,-0.7398323636354384,-2.691327558265665,-0.0281531489555032,-1.5004408158935416,-2.0187262322498016,1.163667604170033
TCGA-A8-A0A4,0.6634805818003312,-1.0026797566221255,-0.9938028098437828,0.41609990330680163,-0.9038091543381283,-0.3921248059676813
TCGA-E9-A229,-0.919214864388415,0.0466171653848519,0.7058808705017902,-0.002738097546643034,-0.21486368696499775,-0.7862334473711774
TCGA-AC-A3W5,1.2624380005641511,0.946161104495861,0.7853842456675262,0.3985177594638304,-1.0663092049773388,0.2503255969358186
TCGA-E2-A1LA,-0.0352976892371563,1.7156401961548653,-0.438127650503217,-1.0492238174678805,0.6023647453461293,-0.11272198113253733
TCGA-E2-A15H,-1.3769091522926211,-0.6622210461406186,0.3487154321884038,0.5788652943284008,-0.37568398976069484,-0.1811052355302143
TCGA-AR-A2LK,-1.4111334008464085,-0.4134630384123672,0.3779590779399367,1.094405086318212,1.0910469420425295,-0.16804491441134461
TCGA-A2-A0CW,-0.924835460271464,0.5495954962630009,-1.6429006056136342,0.27091665612817367,-2.4862560486945444,0.23271617520251217
TCGA-AO-A0JA,1.1405766682064995,0.0045775867450946,0.4285908629033405,0.5799097781210535,0.8994934749988324,0.40137530335930116
TCGA-E9-A2JT,-0.3961780282732949,2.34598687036552,0.2889695244395902,0.3918156551276439,-0.8068192695959652,0.5306578079179995
TCGA-A8-A09X,0.0342371526766874,1.3907227842835586,0.7016968641755805,0.9386029205809617,-0.221520465455963,-0.06429607136594168
TCGA-A8-A09Z,1.2658022192093046,1.808923293369308,-1.5491489893683283,1.4930497338470554,0.7149078508615664,-0.8269307775992647
TCGA-D8-A1JE,0.4921835546799223,-0.2604247413121016,1.0662516401595517,-1.5041835494838722,-0.5468938440329418,-1.4926647492390288
TCGA-C8-A275,0.4074298126196372,1.250198427666153,0.1020759069237169,0.6543292483475135,-0.27122855904735904,0.6916372715966522
TCGA-BH-A18K,1.3391886725810118,-0.8448689205258743,0.2175898007217827,0.4989622841905245,0.9969810628057403,0.2356510788247302
TCGA-EW-A2FS,0.5663476067091024,0.3163393120862711,-1.6235607921479158,-0.2974566077066116,0.9423581514499909,-0.695496010384273
TCGA-AO-A1KR,0.6915465658486541,0.8948540088122303,-1.223262477883548,-0.5084423338223191,-0.4550054157044143,0.5790837176845952
TCGA-BH-A0DX,-1.149630699165496,-0.3394964384959433,0.464071431470476,0.6239521780445481,-0.15302408117044647,-0.8595082078058841
TCGA-A8-A07E,0.0399232365569325,0.1764764539723064,0.5762497391243089,1.2995591112582712,0.8825715707975043,-0.14260908301878872
TCGA-AN-A0FT,0.8468784542254209,-0.2007588382813998,-1.1918897525956382,-0.8049886906194275,0.34150612653670814,-0.15121813364396117
TCGA-AO-A0J2,0.3082259235892411,1.065728390639741,-0.2015651462932467,3.030529876630781,-0.09448175817982687,0.294300236208717
TCGA-AN-A03Y,0.1100658008798207,0.6784905019648977,0.5743144141790754,-0.7518070575102276,0.8714354647238387,1.2099412512803351
TCGA-C8-A8HP,0.1571369800775117,0.96879790245269,-0.5807379491773209,1.5875755170820594,-1.8267994879075466,0.3021266458679656
TCGA-EW-A1J2,-0.1454423496167564,0.0234817906654921,1.0257371437695584,-0.17420752017367683,-0.25119601069137815,-0.6695710283880153
TCGA-AC-A2FB,-0.2589595180008894,1.3647495270575862,-0.5054731082470892,0.23331523959270317,-0.007072657434006212,0.1383590237482055
TCGA-AC-A8OQ,-1.2472409465034318,0.6831073156313976,0.1415047907827381,0.25037514153935586,-1.433676279642167,1.1525149704056048
TCGA-B6-A40B,0.400248430837618,-1.4532991208615351,0.5600000681686763,-1.3171339102831183,0.4611415007247601,2.443530158758895
TCGA-A8-A083,-0.1911141781218348,-0.8835803986255496,-1.4902030404605209,-0.26751473898392614,0.4231294291548663,-2.2306462650457224
TCGA-A1-A0SG,1.5414526987952877,-0.5351844337599442,-0.2360056838140741,0.9312044937163391,2.0757524556403157,-1.1923262785653956
TCGA-GM-A2DI,0.2460413771481394,1.7810683991087697,-0.0711653685625586,0.5571922556308732,-1.2054794244566334,-0.37642307158881644
TCGA-D8-A1JL,0.5819572917137866,1.1905918683396437,0.923701464335538,2.254739539638517,0.04587050607823634,0.04581172952760089
TCGA-D8-A1X5,-0.4932762206164049,0.0134991717026035,0.4741970520526644,1.2887661120675376,-0.9711234938448762,-1.3447945217396162
TCGA-D8-A4Z1,-0.4681971306612444,-0.4503328159960755,-0.6748560968114076,0.3747557531809943,0.12830257617661187,0.43463754441110314
TCGA-BH-A1FM,1.1730604272607872,-1.3420133389744326,1.0429092422704365,-0.06871465711583082,0.4395536302914495,0.40215794432522584
TCGA-EW-A1OX,0.0496519348797547,-2.2012677614669074,-1.4267757662487182,0.7399769193449747,0.907830001333311,-1.7205600155042495
TCGA-A8-A06U,-1.0748060174640015,0.6787956007783227,-0.6388126375641361,1.461367058803275,-1.8590879742328765,-0.21872091695497398
TCGA-PL-A8LV,0.4221756567042916,0.6143812902672496,0.1170686142593295,1.2374123255954774,0.3203537462850472,1.902089355520059
TCGA-A8-A093,1.6118353140917867,-1.5734611177259856,0.0258598945228338,-0.1060549527031389,-1.4349827501871226,-0.7022462887153741
TCGA-BH-A0AV,1.774006211407618,-1.1266411833113552,1.494316706557978,-0.5988772222027667,1.5198803452033545,1.5512216274839086
TCGA-BH-A0E7,-0.6168921204455704,-1.8880371542040808,-0.197298813078628,-0.046345295889866994,-0.814222602684046,-2.255103795230872
TCGA-A8-A09B,-0.2694972767179192,-0.7583702746509324,-0.3229237438874163,0.2038956127663394,0.49112811037564125,-0.3021700099467034
TCGA-BH-A1FU,1.7642493617052148,0.0240117277351184,1.3381474578192458,0.6840970364380875,-0.1026938587481185,0.28686514703243154
TCGA-EW-A424,1.7396539502159465,-1.5572129730629587,-0.2677767641230863,-2.4164531020493327,0.2340644774349033,1.213707710928848
TCGA-AC-A23H,-0.5496763094707969,-0.7938647943513808,0.0242194520179022,-0.8052498115675868,-0.18786329570258903,1.0111993609958132
TCGA-BH-A0DE,1.499730102469378,0.040335052958274,0.134626999897712,-1.4411663606605403,0.11872179218027275,0.1208474321356386
TCGA-A2-A0YK,-0.1543656973842884,1.1750842139083315,0.0050550536566012,0.11398296628221659,0.1089543695346514,1.260470508642854
TCGA-A2-A04W,0.3804401745529248,-0.8755925876143694,0.4624926395294795,0.1857912270270372,-0.17442531295447816,0.010495055940245983
TCGA-C8-A135,-0.9276907408287192,0.458415205785355,-0.3715494380261511,0.5867859630893452,-1.6127249571841478,1.0089492682187795
TCGA-BH-A0H5,-0.5605322323147818,2.360599095156492,-0.5941504090651062,-0.212766380185752,-0.5518708746803903,-0.18027367950391857
TCGA-3C-AALI,1.065522001899139,1.3883703333673585,-0.3306982208873249,0.6275208310027736,-2.077392981006605,0.39946761600485875
TCGA-E2-A10C,1.288487491760714,0.936447540856828,-1.7066978275814788,-0.7416233405318728,1.1334761283120351,-0.6984798290668612
TCGA-BH-A0C7,-0.8094743482947283,-0.1584838323899696,0.0148848122990916,-0.46822970780521234,0.12929798230609824,0.0745737850253363
TCGA-BH-A1FL,0.2041932435759139,-0.4520936346503202,-0.4180709816866806,0.16150697884788257,-0.9240283413433881,0.6218843955086074
TCGA-A2-A4RW,-0.3659888952582515,0.1495182740976574,1.0259261047994566,1.6982907991031686,0.14597103497505223,1.2463829712562078
TCGA-BH-A8G0,-0.6256377952927361,-0.302639343497995,0.4030669842592537,0.21355708784836944,-0.034757390410438696,0.28055510424466384
TCGA-AO-A0JI,-0.1688951007783171,-0.1849308691454595,-1.4054040028436796,-0.3468955072254715,0.9024174805042096,-1.3527676765799752
TCGA-E2-A2P6,-1.4811218739119767,-0.5919947479287411,-0.5609761017040619,-1.6079356062206418,-0.37649275724090897,-0.20703021752647205
TCGA-BH-A0W7,-0.2736564182745163,1.0257438622011248,0.2246524130858958,-0.4714501994992244,1.58912328408599,-0.4106636138480247
TCGA-A2-A0YG,1.4816122333814,-0.3530006517276585,0.7438257261898554,2.5626011375226865,-1.5230139797638784,0.3287364387094077
TCGA-A2-A25B,1.2364458042813768,0.6034062105326362,0.589452023503745,1.045575469011734,1.0399079521399908,0.2727286945854152
TCGA-A7-A426,0.8686592235820403,-0.4304741679337627,-0.5898232253703565,-0.894727256471442,-0.278009763304508,-0.15390846196432828
TCGA-E2-A1L6,-0.0069114730288349,-0.7731621787457874,-0.4204058711174005,-0.28979705989383275,0.452120632676261,-0.8567689644251477
TCGA-A2-A0CP,0.9116141082639448,-0.606491397028743,0.367585350607714,-0.9587018887713786,0.9697940328940493,-0.20531819041351212
TCGA-3C-AALJ,-0.6380622435515638,1.0087492870360728,-0.0983700880760154,-0.6081905360205802,0.6044177704882006,-0.43394718258428727
TCGA-A8-A06Q,1.31644500650779,-0.786858936561063,-1.8239604778027607,1.106590730565815,-0.9550725700068508,-0.8069734329681834
TCGA-A8-A097,0.6937973309275574,-0.2239759652094618,1.219587899741825,-0.34463245900805795,-0.6442570060736628,-1.0260639883667508
TCGA-E9-A3X8,-0.1024755653892979,0.9309461133207908,-0.0222835787717331,-3.2633553772579846,-0.8116718744772299,-0.27585370746748245
TCGA-A8-A0A9,-0.9614955250354758,0.1536134630125266,0.7291526241222753,0.481206059715445,0.7707750198791828,-0.9316579218520749
TCGA-D8-A1J9,0.5376633420457336,-0.6378323083282673,1.3731968076072545,1.3060000946462984,-0.5048379350620007,-0.10352594978292004
TCGA-B6-A0IP,0.5989871917094035,-0.0652025055356858,-0.0925881425094021,-0.49303619788069797,1.718712719568939,-0.7715100141997171
TCGA-BH-A18F,1.566874963705654,0.3126602972159271,0.4847002006534027,0.2921544932454307,-0.1242817291814291,0.5333970512987368
TCGA-AN-A0FL,-1.5084375203844351,-1.1770999173708252,-1.4490319571650894,1.630921594477115,-3.511275510536666,-0.049572638194481385
TCGA-AR-A24S,0.5922048917731472,0.023756373437249,1.112967061417785,0.32914662756852536,-0.5008563105440419,0.8166152508427656
TCGA-A8-A08T,-0.1419230235174143,-0.8159873152387491,-0.0979342128481044,0.3292336678845764,0.10491053213359745,0.47078577402475463
TCGA-A2-A4S1,-0.3159382619171514,0.1709667232323443,6.31439575474311,0.8254505097103276,-1.3152229502328836,-0.9143909055413597
TCGA-BH-A0E9,-1.0175467083449303,-0.3640421647909741,-0.8274123700174426,0.5536236026726477,0.26871705331776363,2.3486838567008865
TCGA-D8-A1JU,1.3128646442056102,-0.0866648041094436,0.5645762154451309,-0.5080941725580964,-0.472798300269045,-0.7133010923590619
TCGA-E2-A14O,0.9354703794405208,-0.4344222210016798,-1.17071058879567,-2.800736097429208,1.6392668678590356,-2.0552368585578322
TCGA-E9-A1N5,0.0192378058442559,0.6564035480857789,0.7019673794863052,-0.0689757780639963,-0.32305189066392487,0.7562540663458172
TCGA-AR-A24H,1.1640097190743122,0.6550976239145688,-0.6005822732391508,0.6985457289031102,-2.189998299405141,0.18610012266961684
TCGA-E2-A158,0.5998813940098026,-0.1367137119227454,-0.7862962841162605,0.16968876855698928,-0.01988851135118186,-0.10059104616070288
TCGA-LL-A6FP,-0.7885932105391761,-1.9951570702483,-1.7654631683726785,-0.6547571051096477,-0.5246838447686993,-0.25252122367084967
TCGA-D8-A1JI,-0.2723166042293298,-0.6996367886553019,-2.2055904591145388,-0.483461763114719,-0.17797144729078396,-1.1742766212887557
TCGA-AN-A04D,-1.338027593541922,-0.9775516324480586,-0.8022114967190431,1.684277308218423,0.14099400432760378,-0.640221992165836
TCGA-AQ-A7U7,1.51437607719331,1.7260334892399094,0.1848411964633037,0.1252111670532271,0.37472780610842915,0.10284668991936899
TCGA-AO-A03R,-0.3290826306392777,1.0152679819259267,-1.4735027391611748,-1.0584500909696397,-0.33568110593182493,-0.3814613228069567
TCGA-3C-AAAU,1.4536432848646803,-1.515587243642584,-0.1508952919401777,0.6551996515080516,1.6464213494147424,-0.4485727856350063
TCGA-BH-A0EA,-0.195419516108446,-1.0042147636931162,0.742958163177086,-0.24540649870612474,0.37049733005809626,-0.03074033995191689
TCGA-S3-AA11,-1.468112004924075,-1.375098106186889,-0.2551834757419265,1.2611743318783135,0.2824038875982486,-0.054170653869289154
TCGA-C8-A130,0.1093823907365937,0.2840573468413366,-0.0028483624304566,-0.14139332102119273,-1.552689524999297,0.12397799599933824
TCGA-Z7-A8R5,0.7865955078454715,-0.2710193263396183,-0.9757439332528578,-2.48530199204831,0.40222590043558604,0.5244455952509722
TCGA-AC-A3BB,-0.3494798172069699,0.9366721824823432,0.1891209988495313,-0.558577555869612,-0.35353620337954755,0.5782521616583003
TCGA-D8-A1XU,-1.1176313553187074,-0.7378022818992924,0.3881469067294804,1.2986016677816727,0.36956413681170175,-1.6000333067518333
TCGA-AR-A0TX,0.1446896841622229,1.168257497329271,-0.2805600440183997,1.4465702050740359,0.06957361453671337,0.5226357380172719
TCGA-B6-A0IC,-0.7778176382289395,-1.931080431928032,-2.031708363479134,-0.48476736785553715,-0.14375436158956997,-2.2598485560867902
TCGA-AN-A0FX,1.7373190235658047,-0.3864026190257797,1.6601720904271102,0.9113593016559544,0.5318775488016301,1.7649804413021137
TCGA-A8-A0A7,0.2251584203708485,2.257708007785029,-0.1366254618867035,-0.4152221553281239,1.9746565206140068,-1.8183901362448462
TCGA-A2-A0CM,-1.4213499148042903,2.033241660042148,0.3283840611436921,0.332193038630423,0.5622996486341609,0.9815568344114118
TCGA-AN-A0AK,1.6843720027706293,0.6410068190317354,-1.2352015177263915,1.3721507348475883,2.354341746131272,-0.33058966002184664
TCGA-BH-A0C1,1.670776085176903,0.7156121911017457,1.1031433149643834,-0.29632508359790793,-0.05205257191032459,1.0635384755920323
TCGA-UU-A93S,-0.3765817195396472,-0.2692013687912216,-1.19822429354394,0.19440821831641766,-1.3855857210111924,-0.20008427895389022
TCGA-LL-A740,-1.264136111950797,-1.0172935154540037,0.3469737518606203,0.7870657303303608,0.8882951560420717,-0.5766813287448185
TCGA-C8-A12O,0.8704534945846603,0.0233117398299183,1.0563089292291867,-0.2674276986678689,-0.16254265228369041,-0.618356960180313
TCGA-D8-A1XF,-0.1023015489361215,-0.107987189944125,-1.0588481534491032,1.0273840429563779,0.0473014023893757,-0.5328534346530306
TCGA-A8-A08I,-0.4887264036599846,1.649270280752623,0.3403907044548644,0.994830964752053,-0.39291695837748886,0.15958815994891512
TCGA-AC-A2FF,-0.0858913169251408,0.3859155520378611,0.8352429802641633,0.16716459939141023,0.2766803023536812,0.9489304891444224
TCGA-EW-A1P1,-1.552036122668118,0.2507464696056261,0.4451361037402432,0.02964090002556731,1.3383431523376461,0.6080414334238122
TCGA-A2-A0CO,-0.6128912575271825,0.6479899213585993,0.2689478302561151,0.12904094095961188,0.7254218281043067,0.5563382146124055
TCGA-E2-A1B4,1.0932552221980494,-1.069914334079121,-0.748875632270453,-0.8546887110864497,0.19953632731822005,-0.6687883874220897
TCGA-E2-A1L8,-0.6691059876803358,-0.1692137940838934,0.6672980889334794,-2.053494984102766,-0.010556578887220136,0.16829504069482795
TCGA-GM-A2DH,0.0035213919588469,1.5493281614886556,0.6329635675036924,1.6942869445646696,-0.24796094077053502,0.6407166937511719
TCGA-E9-A1N8,-0.18357437422409,-0.5084482733512575,1.6092463832034472,1.081610159858221,-1.9019526506840285,1.6914611055655544
TCGA-A8-A07R,-0.7355237146555709,-0.4388325652624932,-0.3105118921087864,2.1162583967960784,0.5634194805298376,0.360090992406769
TCGA-A7-A26F,0.4838013764069432,-0.3261727921778721,1.2219038432105835,-0.11301817798748472,0.4873331245069647,-0.4041089957584052
TCGA-AR-A0U2,1.3947796270946904,0.9309278833701352,-0.2696470804963393,1.5767825178913226,-0.2642607161409312,0.9363593186292554
TCGA-A2-A3XY,-0.4114028048635223,0.708818153830463,1.0098246520195162,3.2603163110142206,-1.2051683600411642,1.7452676719728826
TCGA-AC-A2FO,1.557127801361327,0.6111427176768874,-1.0860728327097282,-0.36996119097987457,0.30187652000639276,1.1737930216666854
TCGA-S3-AA10,-0.0228477335982313,2.2493516693538345,-0.1809233813243504,-0.08177070452397806,0.04562165454586557,3.3049243718798498
TCGA-BH-A0H6,0.8982927410118916,-1.2120396241308926,0.3983667059501887,-0.1829115517791114,1.212610915606469,-0.9862471292253276
TCGA-LL-A8F5,-0.2148412604736385,0.8606873010993701,0.6513673203695082,0.38781180058914466,-0.03326428121620416,0.914934522187066
TCGA-A7-A0D9,0.2773216254980721,-1.6156251954521998,-0.5107825274453974,1.0432253804782665,-0.34109362676092636,-0.07911733465814148
TCGA-AC-A3W7,-1.6746218519791514,-0.6812911268316545,0.0489249640378159,0.5434398856942867,0.013955297051467686,0.7149697553932841
TCGA-D8-A1XA,-1.4680267292177829,-0.7052499403897161,-0.2866921534988601,-0.3346228226618114,-2.1191378255620803,-1.766638002373071
TCGA-D8-A1XQ,0.4881415826959695,1.1034340450868405,0.0726474035772537,1.8794216968122326,-0.8594513686927384,0.5431800633727963
TCGA-A2-A04V,0.0671186611902183,-0.5307721246601677,-0.1178484855492223,-0.4080848494116698,-0.9481047271004263,-0.765640206955281
TCGA-E9-A1NG,0.6712280809287658,-0.8629727769087937,1.3705487899726747,0.025114803590743306,0.5513501812097776,-0.1650610957287564
TCGA-A2-A1FX,-1.5047710941582864,0.0162481639011766,0.1048470426198141,0.2529863510209828,2.4495274572637347,-0.9511750309398245
TCGA-E9-A1RD,-1.3970074034366495,-0.931851652935164,0.7487897693528587,-0.11458490367645904,-0.9635957349906116,-0.4916669538212397
TCGA-A7-A3J0,1.164640310307304,0.4910739940808853,0.2108642096608868,0.1378320128811006,-0.2961137122846047,-0.7498406424556749
TCGA-E9-A1R3,-0.952473113749057,-0.6310920769726284,1.03478786865163,-0.8600852106818182,4.1182636204702945,-2.2069224607661275
TCGA-E9-A244,0.7974436052999945,0.0252819189224768,1.2500806517490328,0.6048903488286504,0.4185878886890741,-0.3460957341592308
TCGA-AR-A24P,-0.5246889147343088,-0.7523915147292384,0.9583870585007668,0.2878895177587722,-0.40567059941157596,-0.2688099387741594
TCGA-A2-A1G1,-0.830773214718388,1.053608539002496,0.7882137433388156,-0.3649998929647737,-1.1916681644099614,-0.01988119654970986
TCGA-GM-A5PV,0.9940165121897288,0.1905902255108284,-1.6332514725502048,-0.8513811790763867,0.3186117855584386,-1.590886190462588
TCGA-A8-A08Z,0.6166847761778186,-0.4610503109643408,1.414560695541094,0.5016605339882118,0.049354427531450265,-0.5850947191285094
TCGA-E2-A1IL,-1.606929453548696,-0.9880030125192084,0.0652375673747867,0.6457122570581298,-0.9649022055355639,-0.9239782573739376
TCGA-D8-A27I,-0.1378538250521067,-0.1080195274890169,0.1411350548784955,-0.14000067596432667,0.7509291101724809,0.43649631670517536
TCGA-S3-AA17,1.4952101856962554,1.777235898817174,-0.1637840348212103,1.0521905330318573,-0.0897535790647525,0.8928249148996904
TCGA-BH-A1FE,0.9672185976710582,1.114935137043789,0.8389200112326817,-1.5089707668668648,0.21844904377853083,0.9948128157717632
TCGA-AR-A256,-0.205717602394695,-0.1431655840425915,0.5133840013763988,-0.4343710248600787,-2.651244614657479,0.7677980205932068
TCGA-EW-A1OZ,0.1533004276612753,-0.0200737264867012,0.2284096643462482,-0.32417798473529735,-1.3422855543783843,0.5929266797693886
TCGA-A2-A259,-0.5573739858312797,-0.3181689183773787,0.3103419565616712,0.7159537921139731,1.688974961450435,0.3022733910490762
TCGA-A8-A0AD,-0.872319504746828,-0.9781651887453092,1.1745021686117911,-0.1171961131580891,-0.24957847573095326,-1.9608797071035258
TCGA-BH-A18G,-0.8527164488438652,-0.305161855249377,0.0060016989727358,-0.8354528012384408,1.5394774033776824,2.1797312381818745
TCGA-E2-A15J,0.4758914173419774,-1.275312635821978,-0.0559978128259585,0.10223252361488129,-0.7390072270244724,-1.8017590157189454
TCGA-BH-A1F6,-0.264721119000781,1.0619871167354065,0.3947635122932845,0.31339233036268777,0.8578108433264456,1.5790053817742378
TCGA-EW-A1P8,-1.2357259317516307,0.1118493702279081,-0.3211529784762368,2.288511182267593,-0.46085342671516866,0.4757261951221537
TCGA-AO-A1KT,-0.9126906757884604,-1.1081837739093228,0.391326351710666,-0.35655698230750155,2.065051839748296,0.4671171444969821
TCGA-A2-A0D0,-0.0527684042745143,1.1807570376457086,0.5228039945333042,0.5517957560355078,-2.7689513894696467,0.413310578089654
TCGA-3C-AALK,-1.5884358038112345,-0.3046638233774877,1.876657140672492,-0.03102620026430002,0.3495315884557176,-0.5799097227292584
TCGA-AO-A1KS,-0.6680389879063217,-0.274134376260309,0.4803804679460254,-1.369706261179933,-1.9733108275918303,-0.4279795452191117
TCGA-EW-A1OW,1.382053915929037,-0.0750570345970785,1.7455564443365417,-0.20815324343486769,-1.7377106393182093,0.8333442014894069
TCGA-OL-A5RU,0.4127953358486331,0.9689437784192584,-1.3814648812871988,-0.14139332102119584,0.194372658021496,-0.35705270768217734
