patient_id,HALLMARK_ANGIOGENESIS,HALLMARK_APOPTOSIS,HALLMARK_DNA_REPAIR,HALLMARK_E2F_TARGETS,HALLMARK_EPITHELIAL_MESENCHYMAL_TRANSITION,HALLMARK_INFLAMMATORY_RESPONSE,HALLMARK_MYC_TARGETS_V1,HALLMARK_PI3K_AKT_MTOR_SIGNALING
TCGA-AR-A5QQ,1.312758487573398,2.7906566375397923,0.5233302571852861,1.4926035939661995,1.3910559757894472,3.1601691178741964,1.8546621335805025,-1.1091769800888698
TCGA-D8-A1JA,-0.3287361733372339,-0.3927132043669524,0.35114981032401227,0.1756177717955661,0.44273251756540744,0.9446815531280203,-1.9501164643198994,0.03149519442994819
TCGA-BH-A0BQ,0.8556255585805529,1.2181828190660158,-0.9638245988657475,-0.8115259270001194,1.3537054028719737,1.2276851387377739,0.3551051720656113,0.8753443676602898
TCGA-BH-A0BT,-0.8224184404739231,-0.480338297293926,-0.06599580485204248,-0.5638874762165592,0.10649527706618146,-0.3231705278603016,0.3421410721120126,-1.221604172151857
TCGA-A8-A06X,-0.620786297907473,0.12664663031231765,0.8772635662980169,0.8632077142847695,-0.5181140389297109,-0.11210824559055524,0.7464731979989886,0.43330956522184744
TCGA-A8-A096,0.8121586292997907,1.1319967405625666,0.10819290457771727,-0.014291584654152178,0.9275762438110765,1.1880737234319407,-0.5050463313319831,0.6256899626257068
TCGA-BH-A0C7,-0.4498346145957915,-0.6892852448175637,1.4960263262909794,1.302109245607775,0.15244698915701035,-0.16658357970039117,-0.2567119110041195,0.45877383308518926
TCGA-AC-A5XU,0.20460800691516548,-0.3278583131703107,-0.4414697790985553,0.18352190758129133,0.600248362491927,-1.0165591831293495,0.8190935393906589,-0.9242739364241503
TCGA-PE-A5DE,0.6609612312632628,2.621107239783625,-0.22772065488173943,-0.21614644380667278,0.08457930521081562,1.5698044064578758,-0.020466839359078635,0.5674376395626198
TCGA-PE-A5DC,0.29832449035278363,-0.1584307915874152,0.5617264144444452,0.636199979051663,-0.39565092961264264,-0.632938823582226,0.5173225564660278,-0.98744469119099
TCGA-AR-A0TV,-1.5098106692647613,-0.7349713477063998,1.0044128656576181,0.9453263397734079,-1.8225471158176003,-0.5533938092118909,0.2380698752990057,-0.5101175088626093
TCGA-GM-A3XG,-0.40428989497725615,-0.02103701973746069,-1.4534437650445224,-1.5641439732197644,-0.16852100187242686,-0.4738190178287936,0.9836726354173267,0.07654182977556646
TCGA-BH-A18J,0.6282087381154214,-0.12252352876694017,0.08660633523340835,0.07260895575344174,0.7957213598133819,0.06483812250870342,-0.06173283436057909,0.08264389311398841
TCGA-BH-A0W7,0.25463921405210144,1.367047692947917,-0.2524476388655739,0.11232804185976247,0.9216663112701698,0.9849609717853035,0.9726331744995395,0.12330268398321118
TCGA-E9-A3QA,0.547553949470118,2.7200970350905456,-0.0006549957487981687,0.9387602306620564,-0.012000912586628934,2.332500347468901,0.6843267930019059,1.1652110372257967
TCGA-A7-A4SD,-0.38828765936202575,1.549011731825116,1.1155854723887697,0.9076841425410649,0.8608606311604146,1.2792463553814406,-0.17560135765778873,0.6567233867648908
TCGA-BH-A0HA,0.6844111687335684,0.8445915310126745,-1.2500552698486607,-0.6483191559313152,0.9562420514755106,0.3710465809701463,0.3380447157802981,-0.18195425011924887
TCGA-AR-A5QN,0.26495727479545655,0.6815969334528896,-0.4331431912237251,-0.41012125302970404,0.27882829118976454,0.7088232817776179,-0.4436805827301227,0.1318436990325419
TCGA-A7-A0CE,0.13977715943771174,-0.2139974683646591,1.1093958191300248,1.4876591711399663,-0.22164182091621054,0.24898716426419978,1.334733195121936,-1.2390737933395506
TCGA-AR-A0U1,-0.08559493108713419,0.5640773498706159,-0.3163909625598332,0.4437369942695246,-0.29226026944628675,0.4836780015310701,1.3904330216554455,-0.6798068482891423
TCGA-EW-A1OZ,0.20795125222360922,-0.44166486276172584,0.7518226942364067,0.7722691427960235,0.37475220625436984,-0.30571476558820604,0.937436157253169,-0.8437258244171032
TCGA-A2-A0EY,-0.1809451218725178,-0.6329699493330488,0.06953686659663125,0.05157742063297758,-0.27443956427703287,-0.5990765624949658,0.07917838660387534,0.5140641041176435
TCGA-A8-A09R,-0.08898968244950023,-0.5998235850302301,0.006452726587942993,0.03513640057927655,0.818381009635765,0.10802659596978491,-1.7364469724146714,0.06809957683974839
TCGA-LL-A440,1.9414252987110996,1.2328389472956744,-1.5829260732126538,-1.1916065100712885,1.4744849261821682,1.66148356724002,-1.314235862396977,1.2317476417520659
TCGA-BH-A8FY,-0.5744650628320662,-0.3394927129931187,-0.0021065760175032282,-0.1612491324406325,-2.4756685619228156,-0.981255891102878,0.6926033892545087,-1.9749855343790226
TCGA-E2-A1II,-0.879013750178045,1.2635499625799222,1.9589825480969671,1.3651905658493113,-1.3276769492714926,0.9385365804322531,1.6759074688817903,0.44003300885636926
TCGA-A7-A6VX,-0.2948168902015533,-0.27675076017803396,0.031114634110253708,0.23699902797479125,0.4874863163897325,-0.43457701887219913,-0.3604981189683504,-0.803436102153538
TCGA-C8-A273,-0.164997688416792,0.626425084790064,0.604670024262661,0.5221253397819924,0.4443498501775532,-0.14284524638155596,0.25581561029313865,0.702326572374468
TCGA-BH-A1EO,0.686064393246613,-0.26933946271342873,-0.16687415130250324,-0.37636013167396726,1.506026528490738,0.5913957707417394,-1.8909260271859092,1.1595981015962185
TCGA-OL-A5RX,0.30809605558032505,1.1663299274564232,-0.9981351531421557,-1.3537651091088079,0.4723966104248519,0.527334011390753,-0.09997005117395262,0.32725363797417384
TCGA-BH-A0B9,-1.9061148088982445,0.997703162797644,1.3065586319426572,1.4324632792462348,-1.7383136871500762,-0.05770771275544445,2.5905973686219843,0.10461767911210966
TCGA-EW-A1P5,-0.773947021343125,0.9084804194323894,0.1808774455285066,-0.07791625477452477,-0.1838431372580501,0.3170346844139232,-0.646109596776766,-0.28116875843775674
TCGA-AO-A03P,-0.6731647640794389,-1.3398139530787627,0.7909742859331018,0.5624417542041529,-0.8835954583050968,-1.0927368624997567,1.5697254268406624,-0.5295663282405486
TCGA-AN-A0AS,0.40129017351890545,0.03488972117549502,-1.2223161016125337,-0.33731165294210624,0.8917330968329662,0.6525136475820138,0.237811232043451,1.0317779981811432
TCGA-A2-A1G0,0.08167559252683018,-0.46285953882747544,-0.41988078336342094,-1.2178104285756541,0.23224839957236215,0.09168461564828656,-1.478465003065558,1.460040857904995
TCGA-B6-A0I8,-0.29707743834062683,-1.7458579153266875,-0.7526325548382269,-0.8371298451283335,-0.45914237993348783,-1.8960387964044514,-1.4677426093310066,-0.07836709460404885
TCGA-A7-A4SA,0.13104073652597037,0.799600248679011,-0.7623117718129218,-0.18741857866722977,0.4053008197273136,0.3844953436185411,0.008845740852755685,0.33904024871855337
TCGA-AR-A24S,0.5876941963299981,0.18752216183183396,0.3717473797603481,0.4698975620386978,0.9247979115452645,0.9358399222606786,0.1429005658994296,0.773581307852913
TCGA-LD-A74U,1.2020213666550452,0.630028392920547,-0.8051039994064386,-0.6560953332556473,0.9413104427045105,0.3765055793217589,-0.16670370754820774,0.524888621968498
TCGA-D8-A1XA,-1.072312279690888,-0.7040142204890776,0.4424377990045158,-0.13006340466634697,-0.2575131857181358,-0.2974159629682058,-1.3317039310966117,0.3808094763561083
TCGA-D8-A1XR,-0.9373704299809764,-0.8124892418002521,1.1190186001682976,0.22039217285832968,-0.2945965932157385,-1.0287397808015781,-0.7126378506537767,-0.3078469669631245
TCGA-A8-A07Z,-0.6197848573747233,0.06716231702360442,0.14988368275707561,0.4317046822633286,-0.9979381141485124,-0.5767365240034197,0.22364386824443988,-1.3729076138611536
TCGA-E2-A1IJ,1.1444229199705198,0.9754442484640018,-1.1401833545462736,-1.0672667799508448,1.3087916300997298,0.8396076033269703,-1.0444235281159338,0.7183977278418102
TCGA-GM-A2DH,-0.7525855539377495,0.21709438072785117,2.1818036695911833,1.729981505897924,-0.7609241139688219,0.012141332202047054,0.2600430000514024,-0.4121570140702378
TCGA-BH-A0AY,1.227413991911883,0.1990088162291277,-0.7803497969065335,-0.04125216972988135,1.0175175503571134,0.5306860335129305,0.8595652041910907,-0.1410022560022749
TCGA-BH-A42V,0.8621706073700529,0.5981723336083934,-1.2296440291367228,-1.2837171998882388,0.5281300594400987,0.4287176310764149,0.6053738358648314,0.1944560081506419
TCGA-B6-A0IH,1.0296588477524136,0.495514005072557,-1.1353318880145562,-1.6034413645771861,0.6460296411283029,0.12318879492338866,-1.46884719513522,1.2786120394477394
TCGA-A1-A0SH,0.3920066294688982,-0.8301335901175829,-0.9504186129546636,-0.8416258870937573,1.611099087203777,-0.2496534130922034,-1.4133335957103692,1.301586800523769
TCGA-AR-A1AQ,-0.14241183235080843,1.0000307795057068,1.1384862200625963,1.4527182880601142,-0.009029468167790594,0.9077035684175675,1.4920896247285576,-0.5496065034868889
TCGA-A7-A0DC,-2.24089892598506,-2.3956953899982785,0.5964398310091503,-0.5361251142731353,-3.217245855149541,-2.6227406413431464,-0.1787198043053466,-1.4704134861433011
TCGA-A8-A07P,-0.9306540346054331,-0.7108796333690494,-0.08012747155913608,-0.057614938752869896,-0.3128022298538491,-0.7701530636458703,0.1595281385626764,0.8893601531350496
TCGA-A1-A0SN,-0.08366273529608415,0.13614980857284167,0.7007788550818481,0.7533133339915705,0.5773477449559751,0.06104025212907461,-0.12412300250187604,1.030586836953984
TCGA-BH-A18T,-0.5965451745110489,-0.16554732690813298,2.6786471424418274,1.8818227779031103,-0.8393462467914908,-0.4837035144503569,1.5957278706780718,0.07977855250192806
TCGA-E9-A22B,0.573292706898043,-0.2021096812526915,-0.715993651049125,-0.20154553790335392,0.6581357378457069,0.24171570090808786,0.9987838310266128,-0.4078161647382029
TCGA-S3-AA10,0.46599915111686807,2.1870637526695442,1.2113294097279073,1.7298932770289708,-0.20320170441668028,1.8626771276324345,1.791581457641261,0.7314655120545609
TCGA-AO-A0J9,1.5121155467641092,0.7705671801306215,-1.1054147445986218,-0.25551386535149206,0.7868355405915596,0.4489813112373,0.5406468799588344,-0.4977108442021235
TCGA-A1-A0SE,-0.15364159162611365,-0.4271125243890974,0.21802362826003482,0.10388713267479469,0.5303580954594252,-0.6327972420893038,0.14408179220068892,0.8426622183311901
TCGA-OL-A5RV,-0.22182542064426747,0.692508507827161,-0.8007902348283366,-1.0847451231178435,0.22413240911160606,-0.002097358981115564,-0.5179407957693923,0.9001165598672306
TCGA-A2-A04U,-0.4091165252670626,-1.1080883818662954,0.46722771294027576,1.4085937488518079,-0.28384218180969906,-1.273696682109028,2.4543541727239115,-2.3106946827435877
TCGA-A2-A3XV,-0.8835771067535306,-0.4685437640369278,-0.047022946499140524,0.18850549630711377,-1.07032324195255,-1.2749311664879457,2.278951966232621,-3.81931962945186
TCGA-A7-A3IZ,-1.1139214573824627,-1.6497630214208938,0.9091757239084491,0.3818227011411726,-1.6014008687231107,-1.6053561236268497,-0.9401527103219054,-0.5363679906385136
TCGA-D8-A1Y2,0.7025987893773321,1.0092201600999156,-0.4598604332971898,0.0013967977703857471,1.2370928486659993,1.5909720675264294,1.2553313187081538,0.7005954033915732
TCGA-E9-A229,-0.1791930229756186,-0.23139937658536744,0.01732046880586861,-0.04585545469627633,1.1808539523007988,-0.016419613811095125,-0.8341597801493642,1.3491325248422852
TCGA-A7-A4SB,0.19787798068320042,-0.8006004945997643,-0.5145213737088926,0.1735447485783369,-0.5781189126621169,-1.1424764454481315,-1.1875230159193595,-0.23291451856775805
TCGA-BH-A0HK,0.9721613600783394,-0.10363469587643107,-0.6538435287440418,-0.5525001783047417,0.3413184250599406,0.4464792624689836,0.8773676385344863,0.052740411129833166
TCGA-3C-AAAU,-1.3521905118072368,-1.5058434924310273,0.9363671412920963,0.48935932986721326,-1.0955965166687787,-1.855242771193819,-0.7209755448304165,-0.2372995452421007
TCGA-E2-A14Z,0.2524798845397022,1.008199803733909,0.47259519717019144,0.3199392733122553,0.3106145086763137,0.8663187636570877,1.0276069159284493,0.42266608721212223
TCGA-A2-A3XW,0.5054955367800876,1.6449041279946686,-1.3239742662287741,-0.7756586466750928,-0.08942454068588461,0.7203534378395513,0.24592917355547506,-2.0842418006855965
TCGA-D8-A1Y1,0.06335382089674972,-0.04265534479910278,0.39078345890575183,0.6877948761739716,1.0001360167975488,-0.36755825473563647,0.6131384204843345,-0.04744663879915971
TCGA-AC-A7VB,-1.4048701527872511,-1.811830117478694,1.755666463174651,1.0152251017259692,-2.318773782201545,-2.5944490830965665,0.5301774182714155,-1.4645099625679312
TCGA-B6-A0RO,-1.5168127089937729,-0.7574327529825888,-0.616343214026774,-0.7474959263727841,-1.5903550012063925,-1.3240725990996594,-0.6037467002672113,-1.0927894248554944
TCGA-A2-A04P,0.39402323623506275,0.779705225893907,-0.410506309096756,0.7283384991796978,-0.13038415442761941,0.940992803666388,1.24963533777874,-1.121344288575024
TCGA-A7-A13E,-0.2745776116068057,-1.5751085349918894,0.801745085777114,0.7133403922334065,-0.4826286202479508,-0.8837927309105849,0.2884473973484087,-0.5201911884699205
TCGA-A7-A0D9,-0.27580065119138003,-1.7383943229213679,-0.4299950462145052,-0.7672179711436857,-0.09500236909143177,-1.390791164374385,-1.2137109497668443,-0.4972479344291065
TCGA-E2-A14R,-0.4913642826067839,0.14813403797602104,1.6472976042920817,1.5871079336585903,-1.4139542142325636,0.1616473007991759,1.8991041086112106,-1.451393803616287
TCGA-GM-A3XN,1.4237986442882324,1.2593384962977232,-1.0351329698451235,-1.0081131630192206,1.1601212611365794,0.7350694564455204,-0.3004355877624636,0.17421834786507107
TCGA-A8-A06Y,-0.8214069028441731,-0.746500943064626,-0.2818574131803776,-0.8086477324714247,-1.5544957980427114,-1.6348674018724332,-0.27554327082374597,-0.8170060570996301
TCGA-E2-A1IK,-0.7602534571882299,0.6211326268565082,-0.6787826357935304,-0.718347000269224,-1.4029239224504049,0.12703829425123545,0.4710094459735501,-0.2516048052934592
TCGA-E2-A1IU,-0.5862276793787924,-0.2927389347340569,0.3131841463359475,-0.5119196373252768,-0.7913284552505506,-0.5853707058716572,-0.6751450089547513,0.8076982436483379
TCGA-BH-A0E2,0.24906256778856173,0.11035183183050223,-0.02487310487297363,0.6063310552766389,0.9188724256252989,0.09617488543774463,0.8376447441985418,0.43902821577834983
TCGA-A2-A0CZ,1.4805741588533168,0.5753522718782492,-1.7338365143842323,-1.5423415788295791,1.5973386329788384,0.8233801272754481,0.210753664647497,0.909700811546733
TCGA-AR-A2LE,0.35845167142155504,0.06604337273624594,-0.05517341138242532,-0.750301879662969,-0.46425998904406923,-0.4510551210650976,0.3385950455478749,-0.4711202820760091
TCGA-A8-A0A1,0.008308389493485583,0.3980694450194382,0.041153183555154946,-0.18024549202333578,0.5882560280459106,0.6555790806249977,-0.9528935031683736,0.6900079059682802
TCGA-E2-A1L7,-0.7222370833087072,-0.054987959654783446,1.5587507990278444,1.675847557425996,0.14452906073145552,0.1533444306068133,1.2625027687374006,0.4052626838963137
TCGA-E2-A14T,-0.651535787060388,-1.0756909955957197,0.33578006306801883,0.23935858340506713,-0.7174171050449832,-1.3170426066091774,-0.1508204876679911,-0.43630725344967475
TCGA-AC-A5EH,0.4116406002961837,0.8047122889431807,-0.4733080081043279,0.15096379872784257,1.036136788324739,0.62793160260266,0.6707002537816664,0.40686136314462146
TCGA-GM-A2DM,-0.4055806247488641,0.11825976215411987,-0.2687028899940206,-1.0984481968328799,-0.9231656095883594,0.3137646492647506,-0.4157209136783711,0.22600131839238297
TCGA-A2-A0D4,-0.6798274324872304,-0.9928717600192084,0.6993381381826178,1.2484828347041803,-1.2453448224850592,-1.4862860233789856,0.1246855290249716,0.4269530099046765
TCGA-BH-A0B1,0.04765705037871536,-0.5112949906567478,0.618582514430664,0.3620230948269046,0.3269446101419008,-0.23967806772335135,-0.7876182720313967,0.5792576987791933
TCGA-AO-A12F,1.2401891967059449,-0.9980637510935618,0.7516959337966419,1.213151493624638,0.6093047099733347,-0.24269599201947778,1.6939894649965854,-0.5627356424306841
TCGA-AC-A3HN,1.4078654810711442,0.5589674257150317,-0.8058640411077943,-0.6891987969550918,1.2238395393752082,0.6737645756356686,-0.8827237972421351,0.809214848522001
TCGA-C8-A1HN,-0.8579072858293851,-1.2566826956133275,1.4209607534443305,1.0955720833260993,-0.7522800479279722,-1.419011748811985,0.5553349706811584,-0.8525384317851503
TCGA-A2-A25C,-0.38809496823853357,-0.305482680467905,1.4570789791182692,0.769218243532963,0.22433727757476274,-0.3496181296167165,-1.6853385424598502,0.24452765107972124
TCGA-E9-A6HE,0.01653324724827069,0.8602107892876898,-0.30702238468057125,0.45334655520590716,0.4440969499445063,0.6716064169173815,1.710247565991705,-1.6183986817067335
TCGA-EW-A6SB,-1.4674819916726274,1.804909805064063,0.6903625846414326,0.8695262416034695,-1.908350989120276,0.9362509200632004,2.604900423697292,0.07831521709215253
TCGA-E9-A1N4,0.6069072575370245,0.5366890806988437,0.34234195047744403,-0.06625060262452792,0.728821356545345,1.0064572749145388,-0.056087948230610384,1.0491743899751504
TCGA-B6-A0RH,-0.06705570527379727,0.5124455218668519,-0.43023873613421076,0.3074243222787067,0.7679643280879958,0.11634733095210997,1.257497134239515,-1.6460519841811814
TCGA-A8-A09N,-0.9760613495935465,-0.3865406541104883,1.1798174858570347,0.867478148784659,-0.3232627081035741,-0.9013214395122091,-0.279612627760856,-0.9122054863480703
TCGA-AO-A0JE,0.7229399088880718,0.4533147604459355,-0.04725754721973174,0.2710807369174973,1.2181349709375924,1.1373663979536976,0.4364116857952841,-0.17270860597506266
TCGA-E2-A106,-1.0027482561650032,-0.8754127727397449,-0.4440710548709454,-0.5802429096781315,-1.2020881318398928,-1.3828293507892275,-0.9407202671262854,0.14241532981291785
TCGA-E2-A14S,-0.6101111774790527,-0.7658487904325723,0.658469463696868,0.542487747970836,-1.5134006723526734,-0.9626397923028528,0.7185651995759512,-0.2044647983911691
TCGA-AC-A3TM,-0.6032589978256554,0.9248759403602257,-0.20921293289091764,0.24957582282948784,-0.27164142084086523,-0.404739661750158,1.4046176690253622,-2.403340554221096
TCGA-AQ-A1H3,0.28709219855823137,0.268800291083707,0.20776578410863197,-0.08468964094263821,0.685182950276238,0.44206017358560673,-0.8675822395608613,1.3612591004936994
TCGA-E2-A15R,-1.6768684092591504,-2.3217227048251536,1.7008794411851544,0.5820648835494528,-1.0353915195278856,-2.2854573360220676,-1.2691258694083383,-0.620954236562136
TCGA-A8-A06R,1.0461857007963116,-0.6655402935367531,-0.2460526806979875,0.32048130718647927,0.8277291380191022,0.3708815888738799,1.0795164259870274,-0.1567904798834481
TCGA-E9-A295,0.15549381857148484,-0.3476953831755396,-0.5333194839751868,-0.4421137565315436,0.4611416950904221,-0.5813563490075713,0.5679667460309389,-0.7259444210405431
TCGA-AC-A62X,-0.5808211071776787,-0.24782978409000242,0.4320215838004776,1.0758254491578205,-1.4181666022419535,-0.09409204368491365,1.3244224555006507,-0.7745213907215104
TCGA-BH-A18N,-0.00012936076684704875,-1.9505835327546965,0.4218513909834226,-0.48205720303304594,-0.759232325009466,-1.3736414756005306,-0.919449267791567,-0.169654914314591
TCGA-BH-A1FL,-0.6786928884955133,-0.41348247367468755,0.8989241528136646,0.01604872237360102,-0.26445659636911645,-0.9922210426206525,-0.5520350027692164,-0.07049038046729798
TCGA-D8-A1XD,-0.5556004662983545,-1.4102998845456312,0.8147046855592334,0.1400564779177052,0.7209674004482437,-1.5096369538311032,-0.9739235733914557,0.7488627643652177
TCGA-AC-A2FB,0.5376623681153077,1.6658462256747024,-0.9235656970386213,-0.6288443199947393,-0.024116346112319772,1.5915701501348105,-0.5743536622711656,2.1611502060049417
TCGA-BH-A0DQ,1.1792813045124393,-0.1935708085792865,-0.4791468271426349,-0.010603592117514918,1.2061388808596873,0.12452150581001444,-0.21515737684199873,0.6461290227104994
TCGA-AC-A3W5,1.3811904476490515,0.9504369357823956,-1.2866435291882277,-0.046131775020345794,1.330807493966936,0.9660479218267943,-0.2009903841602722,0.6011280544764274
TCGA-D8-A1JP,0.24506842807054408,-0.3712491286159223,0.3596574365645384,0.42980986024074724,0.8268028500888802,-0.29831149621171016,0.31848684503402225,0.18765317180149466
TCGA-BH-A0HW,-1.3080443644731459,-2.389875530068445,0.5886120470494556,0.09349255550203066,-2.2999378388773217,-2.0212972933735585,0.19377960432515143,-1.7091840061496721
TCGA-BH-A0BW,0.3666529163825316,1.5690957276520567,0.796508061709005,0.7826104626164745,-0.09944283692506588,1.7720212907347503,-3.1363714258280075,0.14743041740890003
TCGA-LL-A6FP,-2.3950798668217512,-1.4539920414771104,0.02012049116810056,-0.8401893135535469,-3.0653850188768232,-2.9153429380240503,0.32114640381747356,-2.831108463945064
TCGA-A8-A0A4,-0.34777006006343175,-1.1666867143868096,0.412432821835772,0.038935243129309786,-0.044338182791349816,-1.2012171212503728,-0.7678582697097939,0.2958318191992198
TCGA-AC-A6IW,-1.236970910373901,1.508364513331024,0.4799318938658096,1.2545881214814358,-2.083391210285145,0.9883335111594777,2.486230990914987,-0.18280879331886118
TCGA-XX-A899,1.1480843052043708,1.4425663016965178,-0.8861668177797657,-0.647228536821715,1.0555286979141758,1.4273136943103166,-0.12855951770395332,1.4579984876964198
TCGA-A2-A25A,1.6620578774206531,1.383414420290199,-0.724534205804234,-0.43263688431075004,1.0776248316848467,1.276146308713561,-0.13155644264785302,1.3936455764386892
TCGA-E9-A1R5,-0.7389371799611514,-1.3590800693661178,0.11914779040339143,-0.6087945360537043,0.5279320935088274,-1.3437910356286913,-0.3670825626693684,-1.569063022192524
TCGA-5T-A9QA,-2.4362248781637863,-1.1557139711122943,0.728579020528264,0.6565562236436621,-3.2704488934320985,-1.7731922424614865,1.0783669847607178,-1.9875968150403183
TCGA-GM-A3NW,-0.750088453568927,-0.3968017979394487,-0.495779610109092,-0.5625368879576804,-0.954992989009228,-0.6278898910222162,0.1581009252232192,-1.1035364802991987
TCGA-D8-A1JS,-1.6600027390866847,-0.5638979956654369,-0.15648010412117638,-0.7311230297120266,-2.664833126765199,-1.608500823162258,0.6299029582559453,-2.334552999031402
TCGA-AR-A1AJ,1.1739762126714834,2.2309898604299243,1.0639004976750477,1.2833111695964396,0.40786223639029473,2.1817959036599954,0.1539838000724145,1.226556454408874
TCGA-AN-A0AK,-1.3694738802665967,-0.9024378984038314,1.7975699304518833,1.5392363004864835,-1.5681594740942713,-1.5297554681311734,1.4999083241055493,0.3367155028563763
TCGA-D8-A73W,1.5920820154719857,0.12069593215611123,-0.7617085375065672,-0.8650548066268099,0.646438429153606,0.962992433339371,-1.297600032673745,-0.07313310497954578
TCGA-BH-A0BZ,0.7278683813865219,0.6842376794738013,-0.028838906109991375,0.7723908645917388,0.9532327012177652,0.7698376462949736,0.28702993029981755,0.8296165725379618
TCGA-A2-A0EU,-0.5129964351584875,-0.7275735519844447,0.350239667059736,0.2160260889435866,0.12659337501127013,-0.1620584390140847,0.008055488190590076,0.6747276647310393
TCGA-B6-A401,0.15855436446265694,0.6483561674605336,-0.931545233926849,-0.7232937700852734,0.6288758539618535,0.9031453830679579,0.4622461120637636,-0.616462329246297
TCGA-AC-A7VC,2.1828962434071313,-0.3837531456569525,0.7608672391460322,0.9130087696491608,1.2561221815464707,-0.26911071160371386,2.043134028819361,-2.204140395728635
TCGA-AR-A24P,-0.0546438423513336,-0.024229983463294306,0.6417479612712973,0.275109309054171,0.8162232995338644,0.2553398391534628,-0.0007861330145411535,1.2282051592499854
TCGA-S3-AA0Z,-0.4278845740113196,0.22456340945786998,2.187108480913128,1.878767892128689,-0.7797966368470772,0.15986989188406348,-1.1094962535705588,-1.0449970966082451
TCGA-LL-A50Y,-0.4309947799074139,0.24990650526118266,-0.5617387867193104,-0.5626933834516163,-0.6899331735251506,-0.7222254287135239,0.40217041633135003,-2.521587027673298
TCGA-OL-A5D8,-0.7851775118467924,-0.5915213503663332,-0.034506738451153866,-0.29459126548350917,-0.6249465895559145,-0.7803843012739963,-0.842909106917639,-1.7494965705109142
TCGA-A8-A08S,-0.9387812236687163,-0.9939660628421169,0.819256461547215,0.3335697331391167,-0.31658985471860074,-0.7349449099720363,-0.43564958341133886,-0.4900965276917332
TCGA-A8-A09K,-2.5663194615995697,-1.0519078249497555,1.014038669354552,0.1499031909447744,-2.9503013301383696,-1.8185337550683551,-0.9269609329276469,-0.20511897445883315
TCGA-BH-A0DI,1.5068783426736103,0.4013081855185875,-1.2770808481170517,-0.9052031315402507,1.6939565143452657,0.7370779673701701,-0.6281998257249126,0.3649667926290585
TCGA-A2-A0T6,0.7375479575009375,0.448290862966092,-0.7171158188517328,-1.33004030919854,1.5586346924275543,1.2395419006285366,-1.0865207012803406,1.2498156949863775
TCGA-A2-A25B,-0.2625271812037908,-0.07185446581430932,1.513991585335167,1.3306796023026297,0.29268873362428827,0.17810131230142173,0.5422402261006164,0.25455988224761367
TCGA-A2-A0SV,-0.01003344796932066,0.6188832330651561,0.6952728239037655,1.0576598985794812,0.5995690718994838,1.0233663726284616,1.3044204940093926,-0.5502546192929325
TCGA-BH-A18G,-0.6348297385999868,1.015128999673472,-0.845945004384255,0.42787469344571466,0.1492158885039303,0.31245804617463785,1.4241603254594006,-0.459139727601571
TCGA-AN-A0XR,-1.0259303299927687,0.06937968395403936,0.7368523303341686,0.8585834409927251,-0.3401512313657813,-0.8287303086298087,-0.4313573273581121,-0.6495274355100108
TCGA-A8-A0AB,-1.4053611327448585,-1.511364529690234,1.2742780072011015,0.4310873854143197,-0.516752131513893,-1.8827763664164663,-0.2979421525728046,-0.03237329430513934
TCGA-AO-A1KO,-0.14267880961045765,-0.5602708260358864,-0.3862098388549122,-1.5025770710813502,-0.30577704554319507,-0.07780356237894112,-0.8483400463248163,1.5398852773740532
TCGA-A2-A0CU,-0.3550508967870344,-1.1839879470057624,-0.10453692887605068,0.16969280820988966,-0.07369317941451865,-0.898630898403031,-0.7857125707189693,-0.04595521223441499
TCGA-A2-A1FZ,0.6893512157957385,0.07897327640855283,-0.32193809549455576,-0.6206697043504579,0.7608984800321801,0.32096869256189925,-2.007289970557572,0.12425173062161765
TCGA-BH-A1FC,-0.8767240114352083,0.6769893093454642,2.013302417933105,2.0451870899316957,-1.084395832006134,0.13856584235595878,2.0380814128364046,0.6473638167743171
TCGA-E2-A14W,-2.0458048802124678,-1.7066400717332117,-0.08257557500277275,0.46103292574805965,-0.9526908785673088,-1.6776391076287098,0.6351307231705505,-0.5430303260336766
TCGA-LL-A441,-0.040165649957328915,1.5085388657539391,-0.4054770254834054,0.03951908448449003,0.10092863162291119,0.3432454278079162,0.31097170419759157,0.5342434952787117
TCGA-PL-A8LX,-0.754882075537683,-1.106117802643394,-0.22405707118666152,-0.9804503746072163,-1.7081512004947292,-1.661449148858301,0.28945597582622024,-0.9685452582590041
TCGA-XX-A89A,1.5289052008400166,0.9619601217853979,-1.1073090937003531,-0.6548057232828337,1.4330621230831468,1.0362927261397086,-0.7762989389327127,0.9355565926263825
TCGA-BH-A8FZ,1.2420970680905805,1.877968104459463,-1.4123575403894006,-0.9361973013403337,0.8152346367785832,2.6303919767264605,0.34511019435783424,1.0383689382431731
TCGA-E9-A5UO,-1.4641994701747614,-1.6552583451771887,1.5164258411057254,0.6001967825186951,-2.6981376803102948,-2.1915664881354315,-1.0314376449260434,-0.20218658352039393
TCGA-E2-A573,-0.006918943726065868,1.1001624374343892,0.8926297596163335,1.5916545763338144,-0.21680006144679712,1.3504683218405409,1.0618922999240261,-0.9283752620556576
TCGA-D8-A146,0.6725769548092985,0.1809853192290992,-0.8752086870352359,-0.9492255657424172,1.2100660177975708,0.2870997224758149,-1.3663081911766304,0.7340229140058512
TCGA-AO-A124,-1.447461877109079,-0.5331238468594117,1.868411983097096,1.3982372394649176,-0.8442573736895954,0.1248698728588611,0.7926961286955686,-1.2414507773981087
TCGA-AR-A24Z,-0.7973744288991571,-1.277803772809618,1.1573576246003956,0.9109670466787656,-0.8569672029666783,-0.6922178049073336,-1.228571952759908,-0.21740424965067906
TCGA-A8-A075,0.0023490413796140278,-0.20681555856511907,0.48254602654772705,0.8043720645453502,0.5459339811505215,0.05449350855078038,0.5136747786789024,-0.14043778078355298
TCGA-A8-A08A,-0.3810198033409306,-0.23749705552692646,-0.6018675580294924,-0.6420542464686372,0.2754666610039681,-0.46347906019659635,0.03823254754119708,-0.5880063314442555
TCGA-AQ-A0Y5,0.9808013282510871,-1.0287914778733034,-0.43744223609602956,-0.6667838832276938,0.998114006066919,0.09227476398195507,-0.7243162133637372,-0.2340849678798721
TCGA-B6-A0I9,-0.6594169996471089,-0.17500949063817872,0.7381432837222556,0.746068897326599,-1.009750248970699,-0.5852773373924339,-0.3054498224998307,-0.47029350926823843
TCGA-BH-A28O,1.0897244144921812,0.44482858586558943,-1.5985418916958676,-1.7588539958608613,1.041562139897111,0.4758075951675209,-0.6731516581825804,1.0540960779738695
TCGA-AR-A0TX,0.5595540711899162,0.4693327215030983,-0.753360634591913,0.2264170387532659,0.4529084575464617,0.23073797417042707,-0.7712069086205741,1.1428007005312075
TCGA-D8-A3Z6,0.5535272290696137,-0.0798272300136445,-0.6342264838756242,-0.9907835500305331,0.4830918216790533,-0.42831286513090006,-0.7079070793237418,-1.4499759548973474
TCGA-A8-A093,-0.9416481625361335,-0.9744010599302405,0.011781658167710535,-0.30314755612564814,0.24860369894691053,-1.5076320121071631,-0.18025992650733613,-0.44661349694083957
TCGA-A8-A07C,-0.888517186489216,-1.3331815280847643,2.631801564448126,1.9471712133016295,-0.7468722437471214,-0.8097176297045884,0.8082355754599553,-0.37631250171257097
TCGA-A8-A099,-1.0440678038796758,-1.0971140661307992,0.38597391633350153,-0.6118047777865212,-0.570432194526087,-1.0879238192106149,-1.0397343454707821,-2.436718520722187
TCGA-BH-A201,0.7768445375525467,-0.16396010918524506,-0.13101898399699877,-0.14937619817417183,1.3511483608557617,1.0063752645501378,-0.2514640205930674,1.0804481802547434
TCGA-AO-A0J3,-2.29000729574969,-1.2779356490376732,0.7592473109770532,0.5226605567884649,-2.883461798238064,-2.63694697711841,0.09468900148856935,-0.822661421279807
TCGA-AR-A24H,-1.7733169542181133,-1.7211151888355016,2.4378609737996837,1.5713377969609188,-1.3806743824902272,-0.9080708468943912,0.7939256308794101,-0.459722370903431
TCGA-BH-A0WA,0.43123585989570334,-0.6824470244622846,0.8973440679975587,1.2665227063831934,0.7180814246599486,0.2511378833209943,0.024567437607306335,-0.3232191980551851
TCGA-AC-A3W6,1.4476402143410942,1.4222092764387417,-0.9101628711733947,-0.4534470580962079,1.167341199715718,0.32217441361199944,-0.36839067783138185,0.056149252121645864
TCGA-AO-A0J2,-0.5721778301756317,1.1744345012287383,0.5963284497863073,1.5161057020045516,-0.5034441896701434,0.5445013475460913,1.6036224997806674,-1.9180651807579256
TCGA-A8-A08P,0.25464799345589534,0.15111918077450986,0.6192673940176302,0.7007866856683368,0.41666113567784424,0.9055172730252261,0.6985139858437442,0.1316518470237004
TCGA-C8-A275,-0.3014700739026486,1.2083208205568639,0.9696814257525013,1.5678163403554048,-0.31726648690264764,0.6822066247338983,1.017850334571921,0.5956759751825921
TCGA-BH-A18P,-0.2308719157241519,-0.8893773791244989,0.798208500078468,0.6649097631813536,0.19994272233536967,-0.37960589995327254,-0.9482293551561987,-0.20640200213777163
TCGA-B6-A0RQ,-0.2682443009817291,-0.3592999406831185,-1.1635749731228286,-1.5965291747796675,-0.5150274762977511,-0.7429739185757737,-0.31990270027470546,0.6530250479970345
TCGA-BH-A0BC,1.0971636996069065,0.46890149613155785,-0.00014017670715651083,0.36985837419433115,0.5232298130944267,0.4665860027951015,0.7728667025658371,0.1609774775178485
TCGA-A7-A26E,-0.44215212617064276,-0.852687930065061,0.28752182364373347,-0.3969891187485581,0.38654070737971075,-0.4340675152223404,-1.3825796027751898,0.5051341598749892
TCGA-BH-A2L8,-0.30106743909442146,0.9545260180667768,-0.5789904131201062,-0.5551394348259381,0.7028775748864666,0.731122679085693,0.8618245803745312,-0.1445403546093432
TCGA-BH-A0DK,1.4559485153820488,1.533822387590121,-0.46867367221855344,0.2906680388022569,1.1486814712556443,1.465805669048721,0.7381487927803883,0.7957589562485846
TCGA-A2-A0T2,0.16181155896093735,0.3994518949133199,-0.6896500793854228,0.11665697944477162,-0.27127803662121125,-0.15520504621151598,0.5753221678811712,-1.3703347038373
TCGA-E2-A1IF,1.2139724640663294,0.6687524192067839,-1.0802761634765226,-0.29815601384824664,1.0443146556514127,0.32921114533766715,0.17889282904769396,-0.9368731049435386
TCGA-AR-A2LL,-1.4316898045369002,-0.7757909736361464,0.4408483365537981,0.07024161843119178,-0.5624623793577243,-0.689174265523809,0.1019608622387759,0.1986316493947786
TCGA-E9-A1N8,-1.0810007210049453,-1.9135898933887594,1.7930898723254713,1.0717223407438508,-0.6692172733920696,-1.1041972510937685,1.1428462589856392,0.7974584676199413
TCGA-E9-A247,-1.2409914754433289,-1.5809412226830515,0.5764296161698294,0.7698569879530542,-0.4864207868804849,-1.508106765111459,0.49803020153985456,-0.22998997990292314
TCGA-D8-A27E,-0.9658648424549708,-0.8523201008698493,-0.41485345121177675,-1.3349100293038942,-1.1008482910538655,-0.5997781028487726,-0.32148945029645054,-0.6360306254328546
TCGA-EW-A1P0,-1.7118156153575548,-1.7366147064374202,0.7475251503558149,-0.09101487667334644,-0.6077250223352524,-1.0379960291375812,0.06624163028349479,-0.7106922983106215
TCGA-C8-A1HF,-0.16622590490531755,0.7371537747772501,1.0395088894960656,1.6061271788868097,0.5272941017522281,0.013737391613899745,1.748577527166284,-0.002653841545149376
TCGA-E9-A244,-0.5421035792570269,-0.7394785480347736,0.4696857168057327,1.0848079700511062,0.3089256197341421,-0.26062983012360746,1.679081116883421,-0.3151342721146281
TCGA-AO-A0JD,-1.657433415964342,-0.5254275312898132,1.8091179562349684,1.5148200502992515,-1.8274419146819831,-0.5331245175475303,1.5488591612988192,-0.5555033768597711
TCGA-A1-A0SO,-2.3912962740630905,-2.7705849981371813,3.493683367515896,2.2032928655751594,-2.1832812813879867,-2.2324806551727754,0.7393422459393546,-1.5763620256085327
TCGA-A8-A09T,-0.9266226401262803,-1.0363303758879383,0.566871633706568,0.09214163854409783,0.1857543002259485,-0.4553937699116416,0.5899851722706343,-0.20892610682915014
TCGA-D8-A73X,-0.5588927046624746,-0.5616226046188273,-0.4396829252445884,-0.822329655195186,0.5125942318461947,-0.49494873406630013,-0.20679213081847952,-0.10223040693214452
TCGA-AC-A8OS,1.0537228305030513,0.2949093108715603,-1.0735566028082433,-1.220512508418785,0.6236383063990248,0.18428470430998203,-1.4566286015466408,0.8004994085530671
TCGA-E2-A15C,-0.19038238728535237,-0.11136307729631831,0.016208426851264078,-0.8164158926576441,0.6380117433122642,0.05092585690365941,-1.4150481565933217,0.7914979288075076
TCGA-BH-A18I,0.27407364359894826,0.5840540164254859,0.09515782889569442,-0.11560880364148825,1.3037614464957727,0.922465688881199,-0.8116130111579924,1.2605001763314163
TCGA-EW-A1PF,1.0407861109259908,0.04381389588479104,-0.5778022271487162,-0.5344756975842243,1.0155208909319597,0.1441310657869066,-1.3253943697807453,0.6317958526988844
TCGA-E2-A108,2.0181945406766637,2.0793939521914866,-0.884126257483746,-0.2996861416348076,1.3820066017547394,2.2904855267251705,-0.4230402805930309,1.4899312929873487
TCGA-HN-A2OB,0.7423253999228434,-0.1568904804854053,-1.647824083641398,-1.7070560048611574,1.3276768202558673,-0.023854452767028165,-0.5795653524600868,1.7468270482090584
TCGA-B6-A0RU,0.815476852970321,-1.1322171452958598,1.160716827786891,1.6581207120986992,0.31614647020384,-0.49649123289772584,1.5482854719818464,-0.009942136943248957
TCGA-AO-A0JC,-0.03546494661314206,3.0344874626127982,0.19681997425781977,-0.22504856781267615,-0.6845398275588473,1.5727084713736368,-0.4344229555397366,0.5929189263036122
TCGA-B6-A0RM,-2.1018032950789363,-1.5802003110397318,0.33097845987289326,0.07759307258651986,-1.4609916789099233,-1.860786216411525,0.03638836964401646,-0.5600166906551672
TCGA-A8-A08G,-0.888540184710775,-0.9188044504729607,0.7280582064447904,0.38319351453697914,-0.25931684361910023,-0.7692275593890942,-0.3512907804858369,0.6884588765361506
TCGA-E9-A3Q9,-0.15750677263481894,-0.12979581179479868,-0.8709502307731185,-1.5882396963872238,-1.1084445793685351,-0.21128510999256955,-0.482191758854928,-0.5417519684223576
TCGA-C8-A1HL,0.9046879493780771,-0.4210741359732767,0.26867383490365415,1.2491779117255215,0.2432066775861374,-0.5297001277820255,0.9702469994437117,0.17579007851915968
TCGA-C8-A3M8,0.5340770478535806,-1.1062237588569135,0.01797988507434669,0.20956783365022993,0.016073294470038933,-0.9244594563802148,-0.5115067449511944,0.28006027467121064
TCGA-MS-A51U,0.4057836392560224,0.3143557239983025,-1.1698284369602354,-1.2894995805851601,0.8936566941980454,0.15055165445105462,-1.0538085762593772,0.5181774236970456
TCGA-AR-A24W,0.46644611990479,-0.04738929029563412,-0.7626936630729266,-1.2544580153346019,0.6001008764071585,0.7815220331534892,-0.6158723237534726,1.0075702026335687
TCGA-EW-A1P7,1.3924270688763072,2.377409572733917,-0.8474270034758554,-0.756881952696432,1.2557514193725783,2.039532421821968,-0.7915031883758178,1.1550553474216823
TCGA-A2-A04W,0.3128739805267551,-0.14306695666773694,-1.3457589601233202,0.21682404929938787,0.862349241062082,0.10979366332811087,0.2723225430036139,-0.5559618070019263
TCGA-AC-A8OR,-1.4814172478641263,0.125817447420696,-0.3784521844320826,-0.8359139585952148,-1.9770555787117117,-0.4292451376626399,0.4102925069870849,-0.49938818673520063
TCGA-E2-A105,-1.4370147373179538,-1.4407937962120834,0.8380426255972222,0.39386544445730903,-1.1899640635558024,-1.794160837635885,0.9710008410325719,0.30573256183786934
TCGA-D8-A13Y,-1.651192364758465,-2.951590912118584,2.6416988515879236,2.0017197483121794,-0.9444585542175595,-2.8467089388900972,-0.03072603755174298,-1.6375502866314016
TCGA-V7-A7HQ,-1.0764612184726658,-0.42614278337119593,-1.043189139208345,-0.7455331062451764,-0.39543522427292704,-0.988541221931331,0.7181560323676603,-3.602320206292523
TCGA-AR-A2LO,0.4117719575980914,1.103392020828614,0.2652891905596284,-0.09957397789591958,0.5844540991551836,0.8098759598770474,0.23736870573275015,1.2432489558478
TCGA-3C-AALI,-0.3204944305347434,0.4342126424324561,0.1780808677903848,0.8731118223130035,-0.20149872698007573,-0.3248436632482361,-0.13491190574839146,-0.2640257700167531
TCGA-E2-A1LS,-1.0948925930111448,-0.9121694256664568,-0.517097646816554,-0.2993994506975165,-1.111666644767013,-1.0120034002545684,0.4319740760609058,-1.8868024609506409
TCGA-BH-A1FG,-1.4695738563795198,-0.5003429287346957,0.09763855891159984,-0.4116924333630217,-1.3322926099871741,-0.8722232068528327,0.28897184648459434,-0.9567930017581247
TCGA-A8-A08H,2.2584707807942856,0.9747591868148078,-0.3474581844768095,0.18378937911686588,1.4914621193991031,1.6063130181124776,0.2631684321220887,1.5033515404557736
TCGA-AR-A0TS,0.2918581083192866,0.2826211836215745,0.953485064271136,1.2240327217508962,0.23509633340940558,0.23849859414794355,-1.1333295143795812,1.523379001352982
TCGA-A2-A3XU,-1.3884098890524772,-0.6152230714865236,0.848929416980053,1.0179151723416806,-2.0511402190091785,-0.9894799703339188,3.007407277514683,-1.8151562523433764
TCGA-D8-A1XG,-1.084368449871598,-1.1910737981159614,0.07101392746395989,-0.5485647467234465,-0.10596491265245678,-0.7340475528351659,-1.352515660584454,0.5523296608356313
TCGA-AR-A0TT,0.2716288514917284,1.5215499025940675,0.08662277405179625,0.14328710324422936,0.6898569260785693,0.966624115260937,-0.31531224362554433,1.9111897876648842
TCGA-D8-A1JJ,-0.14171603526622487,-0.786590833749101,0.8322245411543926,0.5647249566334546,0.7587347090321648,-0.13698536229378863,0.370209400241525,0.08251418417202216
TCGA-D8-A145,0.11859603215350861,-0.13350197742144515,-0.5576883587567636,-0.8351844578163792,0.5503280785710434,-0.400518689380478,-1.22928133652591,1.103721418398592
TCGA-BH-A1ES,-0.7724993737453497,-1.2327718579480327,0.7818216903111804,0.5679974856325519,0.8877962136960867,-1.1820749364636574,-0.29293880183530224,0.7963265124801368
TCGA-C8-A12M,-0.5608017990264049,-2.1536490431262685,0.8802307387265768,0.12249932933990648,-1.7353257473768253,-2.0374170537250853,-0.060026827925938095,-0.06859399334379424
TCGA-A2-A0CY,-0.9973858074920241,-1.2853813769360538,-0.6978368746222436,0.1617795004292538,-1.2274397242093065,-1.0104378182619664,1.5395941555040036,-0.5705173544535284
TCGA-A8-A08L,-0.25525877688891146,0.014310092933827175,1.1218018325318266,1.1501504856345555,-0.43846191539519247,-0.7062355961527627,0.4080090135012443,0.7172292434626958
TCGA-OL-A5S0,0.8564452645763432,0.7027040040359859,0.04329283886219487,0.8114277526363791,0.8359090636989772,1.3235823687170254,1.969631818851629,-2.4213970011070605
TCGA-C8-A1HJ,-0.6174595581526879,-1.8075475917834583,2.1269786223899168,2.038033899742164,-0.6547855174082652,-0.4215510657169531,2.254745947395696,-0.8697013800295913
TCGA-BH-A0BR,1.5523547786865948,0.6919723710003998,-0.8790673377442495,0.01879953321538232,1.4172613378813883,1.3352104455504283,-1.0610274878642463,0.19898833124538942
TCGA-AO-A12E,0.20341364153230443,0.0892899157528097,0.3542037188216445,0.29951151215623417,-0.12686190985476714,0.3733287348512106,-0.11380546155154167,1.5862040181793984
TCGA-S3-AA15,1.5088354711867873,1.9930632938855284,0.09910093587761196,0.6763859464491772,1.1595495935336275,1.7817243695162341,0.7228481100802007,0.7117251579934268
TCGA-OL-A5D7,-1.042701634343422,1.521070825497057,1.776141273967277,1.8296843381428065,-1.6569241902335792,0.43605939377851854,2.1467304403801424,-1.094851944924178
TCGA-OL-A5DA,-0.9592268254804605,-0.19324246320970248,-0.7191828848192271,-0.758123590334279,-0.3543453264249845,-0.7803254136119054,-0.05284657679815847,0.15388032464645618
TCGA-B6-A0RL,-3.6996064658128924,-2.135624968601751,1.7550552463132087,1.2115045132348021,-4.628686702245469,-2.2999699346429385,0.4263533967926691,-1.1190037616516282
TCGA-OL-A66N,0.16905463669020943,0.17598463439829823,-1.5708754780483782,-1.4109650899658712,0.12700231936211198,-0.4726203927571578,0.6216815476199838,-1.9128754831891288
TCGA-A2-A0CM,0.18171043803188475,1.8025573543836606,1.1380541484630466,1.5990127347240213,0.20234995313679818,1.405608961098446,1.3133225532405302,1.650301428580543
TCGA-S3-A6ZG,-1.118205520606208,-0.16786832231006887,0.717952603608954,0.4907034043368127,-0.6897289041996293,-0.6131735178347284,-0.33888420540534275,0.7414138127996809
TCGA-E9-A1RB,-0.4344181922196598,-0.7177893797185569,1.7081675177996598,1.7216324182165386,-0.15209149671404842,-0.09844763638482353,1.6508707638137545,0.7090507304745965
TCGA-A2-A4RY,0.886537266418642,0.7644683350046804,-1.0858705119908867,-1.5160606937685983,0.9137960813962679,0.5852782554718781,-1.340496658695468,1.091270424726834
TCGA-E9-A1R6,-0.671538303620838,-0.7357499233300958,0.5232772114111918,0.2444243205349169,-0.27510713534880443,-1.228819235502772,-0.41152153596071217,-0.1785159534147199
TCGA-E9-A1R3,0.3302715851461337,1.22729299060214,-0.9153661916912347,-1.9636500477591554,1.282257996748787,1.1302122643155221,-1.2189992471261248,-0.09321337023727162
TCGA-D8-A1JK,1.1968504600903094,1.229430646894499,-0.32155115855921784,0.6780109047671584,0.9133943265797801,1.7764993769993187,0.23779119114235395,0.39168747893081207
TCGA-A2-A0CR,0.8307692372237876,2.903544688011106,-1.4334816959124062,-0.731896257012296,0.20592316257342694,1.286010451728778,0.3676439409377633,-0.9885018837121368
TCGA-BH-AB28,-0.18339043137691555,-0.04363855992597925,0.16539355680307932,-0.30049444542760634,0.06116335092485518,-0.1516012858659187,0.18626098384019735,0.009413145177074471
TCGA-E2-A10C,-0.3106436326601393,0.2812423607339053,-0.5077901792748828,0.33195709431726916,-0.5855843607092452,-0.7090445459130141,0.5545472777904601,-1.185751782690579
TCGA-B6-A0WW,-0.5801799541570093,-0.6193918087709931,-0.12850805207833282,0.16155304798611356,0.16600571924068763,-0.6148146148322429,-0.7810047480547262,-0.7184788396275615
TCGA-BH-A6R8,-0.9504815437057134,-0.1052990025898713,-0.41753447269638144,-0.7132094805480054,-1.172070517334135,-0.48950902116456363,-0.32294113046835715,-1.3448043679161423
TCGA-D8-A27L,0.4008557754126586,0.39384050074189103,-0.40785743192081947,-0.74080653391064,1.0658669132740148,0.3488345512613763,-0.8927282035700601,1.0888940727573808
TCGA-BH-A0EE,-1.3309246874338598,-0.2178241647932083,0.8104066623967127,1.332963872020222,-2.5937733491985853,0.33615980704883597,1.3313277689209866,-2.677937117608207
TCGA-D8-A1JG,-0.22583742092077297,0.5352619783217343,0.5832087632001004,1.0012226236445807,0.017603859540835053,0.562573751652834,-1.0417311762329924,0.09239210426261629
TCGA-C8-A133,-2.5101573562922272,-1.452088162605653,0.0838318869630133,-0.6443957037163187,-3.6471125505686355,-1.5155145014161098,0.5858082406922611,-1.0930624202197012
TCGA-A2-A0EO,0.5950708603845807,0.5687812312530073,-1.3104018908052306,-0.8139331534785436,1.269826952942221,0.8091622607265976,0.2719437202553044,0.7100211912656333
TCGA-A2-A0YL,0.4478254807945901,0.5224340247774111,-0.05262118606180096,-0.20490561383151137,0.7261449107110758,0.5150580971575838,-0.03477761803563203,1.376676551263413
TCGA-AR-A1AY,-0.45096335206606253,-0.6680875007361666,2.213626911280578,1.8827821552412947,0.39994372753457247,-0.1517142841304428,-0.10233525298298346,0.7936865648309768
TCGA-B6-A0IC,-2.708634762233772,-1.0363454861590913,0.8857127899545718,-0.14922879514797716,-3.3879688196120696,-2.071487753106097,-1.0338605045072589,-0.9758503683575417
TCGA-AR-A24L,0.2845550318016451,-1.30130397326708,0.2420184013667845,0.1732541060648453,0.9947570708651159,-0.6802914285428783,-1.2572056539801821,0.3149097564270096
TCGA-AC-A3YJ,-1.1252715981792307,-0.3230062640483817,-1.077134179636302,-1.0424621556599123,-1.7524475985338015,-1.5284441682422933,0.9029592361617682,-2.1873521017218063
TCGA-A8-A06U,-0.8623185166153509,-0.49761732271285186,0.662323833084248,0.3508722884667481,-0.5957682609032684,-0.5638084893567993,0.06691569355108433,-0.22329689643861922
TCGA-AR-A0U0,0.049973083317664355,1.0181214170192063,1.469981565688533,1.1367733320008095,-0.9239573136517506,1.1237611291790577,1.124636470226271,-1.06009420776931
TCGA-BH-A1EW,0.7716768004416881,0.9684635348308412,0.38327326376992565,0.24643613368547704,0.04459389442203004,0.9091900269904428,-0.5995272635964689,0.650098092597836
TCGA-AN-A0FF,0.08054996098087285,0.05391082493244925,0.3297155882009874,0.30034659723724083,0.13686758819964207,0.1748600443510549,-0.4794092373333899,-0.23313498297555002
TCGA-AN-A0FX,0.443424680161359,-1.0666201612468107,0.7129685791038486,0.7723300006280533,0.7320550078423005,-0.8237915708841831,0.6640832735441965,1.4253498875011232
TCGA-BH-A0DZ,0.6057268870232947,0.9528286421499038,-0.6096045512594511,0.706577657640246,1.2731216289729141,1.2650708314903902,1.2029550385784271,0.19276227211733846
TCGA-A2-A0SU,0.3764958701455557,0.27537541877100724,-0.6485285484796919,-0.050259715446391226,0.3281616608473502,-0.15755951365562687,0.06024377874076196,0.572559158788846
TCGA-E2-A15O,-1.036276488999043,-0.9312355112464772,1.3704318770604584,0.778328786591644,-0.9245239137938951,-1.3095920789724749,-0.1527070637098358,0.7642349809542561
TCGA-E2-A1LI,-0.7511388165563601,-0.05832820880778601,1.5071823921801801,1.7794932583969847,-1.0949939675914795,0.4459021761944446,1.2138384254562145,0.5115687562426838
TCGA-E9-A54Y,-2.234229555489557,-1.1583331651352153,0.9578017944308057,0.8737321600122565,-3.7221955583780932,-1.711314034423926,1.037020719012464,-3.3092338859970445
TCGA-EW-A3E8,0.6263282370475005,1.421602513677987,-0.9300662363246728,-0.786819330414297,0.4491053276442281,0.8238825909310429,0.0574633600828708,-0.26083536936012947
TCGA-D8-A1XV,-1.8256520464167136,-1.9383955649761417,0.9015138530355067,-0.1666242347984541,-1.6382206335523375,-1.6121162104246816,0.2117071535046185,-0.8275260054324741
TCGA-AR-A255,0.20329711042002457,-0.18033512317988606,0.22647669038806736,0.11635449279402561,0.7173184738154679,0.32904670008403436,-0.10480110527874294,0.6202781290007944
TCGA-GM-A4E0,2.0378206844046867,1.0373594198018024,-2.3887414989009206,-1.7417920915721807,0.7929612829211555,1.3437831650438674,-1.0712723700503197,0.7202823457647863
TCGA-B6-A0IE,-1.0183176436218984,-1.0178746367849243,-0.5674268760940077,0.3487181669031824,-0.8940814973303953,-1.80649294785615,1.0721325738757805,-1.7423925574756036
TCGA-A8-A07F,-0.6653360042917492,-0.10806652938622728,0.7504127002708902,-0.01615574341167726,0.06563490615377687,-0.6214778278204273,-1.7498660275186377,0.1956947010630341
TCGA-AN-A046,-0.04679296956387368,1.5032295346448932,-0.31150500879191023,-0.24598038018226223,0.43031084177456014,0.8919397763391301,1.0912670902943193,-0.9666126361743991
TCGA-AR-A1AS,-0.5208822794685375,-0.2521835836487903,0.7153068586725454,0.4427115980656132,-0.030104377533552284,-0.32140232300189714,0.6119693578254977,-0.054130422167334845
TCGA-E2-A15T,-1.327457370724729,-1.364141407802722,1.4618986217584187,0.7051972417857242,-1.5038818722484406,-1.5686389965203693,-1.127702527364722,0.4427691292460881
TCGA-GM-A2DB,-0.5850679569966255,0.6470939874167856,-0.6035885316876091,0.560565814860887,-0.9087336103647629,0.2128410618112572,1.5419213358956951,-1.9416197427654505
TCGA-EW-A1PH,-0.7847113175377236,-0.9115154024555914,0.2809403845945951,1.2061134399280895,-0.376330209073944,-0.10346417498328436,1.0266431841884098,-0.5812347556904438
TCGA-BH-A0HP,0.3330078034160193,0.2081142514098476,-0.5113616376847444,-0.32800269961109263,0.27015369987227117,-0.22623510093859464,-0.3223765572361956,0.8139269796529223
TCGA-AN-A0AM,-0.19665749949786604,0.30596605644266484,0.19965609891076463,0.7536021856418711,0.2562143169290776,0.4009352449726017,1.2268559368704846,-0.2752122732379417
TCGA-C8-A1HG,-1.5122428702079582,-0.422308050897255,1.1098533138501774,1.1467426634298663,-0.45024646426910386,-0.7137460670659308,1.9968762806604246,-0.48834743058451563
TCGA-BH-A18L,-1.7466353378893096,-1.4847571225783542,1.3052716686394694,0.9715160058128233,-2.5501990777205905,-1.4284925072217818,0.3826127052193715,0.007534781055140458
TCGA-A2-A0YI,0.423783292739866,0.7389370304846633,-1.0195586887044061,-1.2445213076432982,0.26312241720537916,0.7881670454931828,-0.8965032337924077,0.5028498195700322
TCGA-D8-A4Z1,0.37695019523577417,0.3484149871855229,-0.9367905437261349,-1.4185525571936217,0.3761200922943978,0.009793230597731234,-1.6368377420991946,0.6978572095195457
TCGA-GM-A2DK,1.3699346504900727,0.6191626945853113,-1.6885541514499032,-0.47981193649000503,0.49330410558358967,0.629099230429948,0.19331015495664094,-0.21476110161342188
TCGA-E2-A1L9,0.8498540875643471,0.3165709392947404,-0.7035159463236739,-0.5058550721190936,1.4793171803943967,0.7378338034999177,-0.1940928017951837,0.2099082232703501
TCGA-BH-A0BA,0.22532600836996414,-0.5800801653736717,0.14609289910169426,-0.03306950315326991,-0.09733720204185446,-0.27767536990211145,-0.9651410292143001,0.26963642152855005
TCGA-C8-A12L,-0.1728347299830243,0.787093542733323,1.2083016797838737,1.292466682587161,-0.07907668408338131,0.662154112925832,0.3300252309632073,0.8738663322376117
TCGA-A8-A083,-1.5180997407411128,-0.7448619277065691,0.23814576651572647,-0.9980512413766999,-2.1862099014665435,-1.3431786299141224,0.06715342067778371,-1.7865055705564579
TCGA-D8-A1XY,0.35730388450598966,-0.8997804313962321,-0.36231724129868137,-1.0792021300412558,0.834542384247646,-0.07307069071474236,-1.325613162645691,-0.17977958668733376
TCGA-A2-A0D2,0.2925170305232693,-0.17609457036790366,1.4998421362882177,1.9607097048621882,0.1287804321340117,0.5611544175374803,1.7237546558250911,-0.5169613667039589
TCGA-AR-A1AL,1.0777788310543224,0.5157807860269141,-0.160834478696092,-0.5994504094975441,0.8993923803901545,0.6664243631064396,-1.1284095336740008,1.1922159053724715
TCGA-AO-A0J6,-1.0410251849981922,1.7767125529277934,0.594126769857918,1.2034332591447383,-1.4526948584973347,1.015999079517079,1.1788032314657124,0.7534157391842753
TCGA-AO-A0J7,-1.8187758868163522,-0.9538082686931924,1.4958188958642051,0.9934331123117561,-0.8228502167078157,-1.2417926438816118,1.3148615776403878,-0.9215410169888163
TCGA-OL-A66H,0.03461948237603256,0.7571782894939841,-0.11568648234656641,-0.2632858664546045,-0.4497912722128995,0.40201823647729,0.5711835174953879,-0.7564795492965557
TCGA-D8-A1J9,0.027858826444332203,-0.7730420996720145,0.22208527719464755,0.359488777129647,0.49251074622386537,-0.3854966454066448,-0.8636708694439409,0.38272152334679543
TCGA-BH-A0B5,-0.18023337430411576,0.35291309757131,1.3806371061644196,0.8486731490591488,0.5535598735925058,0.1476516583850769,-0.929037763852571,0.7201747795977931
TCGA-BH-A0B4,0.9864216242658517,-0.01602246967743669,-0.06385292831477277,0.22669056581412567,0.8603172943991994,0.09853809295374487,0.9552273852334119,-0.170677128738193
TCGA-AQ-A04H,0.2738926593566838,-0.6447892206972544,1.3345466159730588,0.838381541332538,-0.8248857513546964,-0.9703141072060222,-0.9894061790343487,0.7507799292664902
TCGA-AR-A1AX,0.1794523598947454,0.7962205220644811,0.26179870054743365,0.2182989352905152,0.22249164025182286,0.5855758759447404,-0.09778674767095667,1.269421880441739
TCGA-BH-A0GZ,0.17168402876106217,-0.8471903902005951,-0.3690645368282886,-0.08253444572428248,0.4156882410304757,-0.9221645720587198,0.14753891459816518,-0.8383049828707888
TCGA-B6-A0IN,1.135872437610922,0.4699470790368177,-1.6255281264632064,-0.35285020503754366,0.31203655081001236,0.12790878471117442,0.38404003443330953,-0.42829226251234004
TCGA-BH-A1F6,0.09934065956847217,0.9010724941877515,0.44048658396132095,1.017027023745339,-0.05149911290027584,1.2333262981720203,1.0020660883702837,0.6871056204784436
TCGA-A8-A07U,0.3690641046764926,1.7252534188891306,0.23531962372142626,0.9971082427641219,0.05178259725719505,1.5513171145747273,0.12191604965895626,1.0807211463513422
TCGA-BH-A18V,0.3756582580137313,0.4674614916492543,2.077363226097564,1.7827515592945962,0.24008521475207817,1.58662139187315,-0.28687459080734706,0.6479457956723953
TCGA-AQ-A04L,-0.49363148812849156,-0.6880257074002036,-0.6680256000216823,-0.15275493400224194,0.14234545197017132,-0.46217708742183283,0.8211849990870258,-0.693889330687048
TCGA-AR-A1AP,0.33233026905118296,0.08522020598537489,-0.19740026842285818,0.014169683583474492,0.48665063864277464,0.39189629601701736,-0.442378317924852,0.8196584257020116
TCGA-AC-A2QH,1.041089079324147,-1.4230150682571314,0.3923013157315362,0.8332014849785425,1.5141071824308905,-0.8916303322046114,1.6192924363997074,-2.0665910814078865
TCGA-AR-A24M,-0.04235389339234416,-0.546203226656728,0.27972642534332187,-0.3030143694063984,0.7556239971078765,-0.3002785034445631,-1.191598382288479,0.1377574813372994
TCGA-AR-A2LQ,1.8408507982397342,0.23463538955458482,-1.4920755534388184,-1.1684846869500134,1.5461398458568172,1.0629034827664534,-1.2291528092168476,2.3108040915756565
TCGA-AC-A62Y,0.22083837112884683,1.1096156401890513,-0.5522195043259016,-0.4008447516235175,0.2133748288466278,1.4238207839022814,-0.17744484809080247,-0.6307055653216438
TCGA-BH-A0HO,-0.5659471556798155,-0.6575964658702612,-0.21633235464085532,-0.5565177113977401,-0.4325150012179272,-0.2711489406226931,0.6441888555886518,-0.06867432666830059
TCGA-EW-A1OV,0.6363832824894253,1.686225238343286,0.15230405826982207,0.3454624446898128,0.09775462125798315,0.8717906824030746,0.7444360700048359,0.4529631637833928
TCGA-A2-A0CK,0.00489942389241876,0.5782115796526855,-0.8753177459087393,-0.3734011606107273,-0.10298543070596525,-0.4153372607124778,0.809580989911629,0.06648061405863627
TCGA-E2-A1L8,0.09155097730812527,-0.13560292572136262,-0.5026345059285365,-0.6127466134123206,0.48702029281078396,-0.06122862253170712,-0.3206604115871307,-0.5638171557756555
TCGA-EW-A1PG,1.3382680983968742,0.9522826139082914,-1.1660088559000907,-1.4838136760254377,1.607898643954056,1.8742318427256137,0.12728851438933175,1.3948891356823174
TCGA-E2-A14Q,-0.5719510794084971,0.22929754421387255,-0.2969268728290694,-0.28334516994941567,-0.01185306925827058,-0.3395669007924535,-0.1272326844735933,0.680948231829525
TCGA-EW-A1OY,-0.9178867307051121,-0.9584525823647686,0.022666752835267454,0.8030134714202064,-0.7488370115313129,-0.41534722766171717,1.421065480922678,0.07247537095364374
TCGA-BH-A18H,0.8989773380498414,1.6783333533499063,-0.5846136853208391,-0.47309996492271117,0.018182989241887704,1.6779605668266488,0.2906764621751492,0.677192902640762
TCGA-BH-A0HU,-1.2576776176682951,-0.6817751078347272,0.9987639917579991,1.3879267576715604,-0.8133273104681432,-1.1123366807165043,1.326758303902914,-0.8840229958935499
TCGA-AO-A03R,0.08861411660553214,0.1096212485229107,0.4741739004807918,1.2129753325828347,-0.784826640990654,0.2633246777818597,1.9822237362119757,-0.27497786683356973
TCGA-A7-A26J,-0.6481199001638719,-0.7211092276545731,0.9604022769329552,0.349105654806707,0.425875859196489,-0.054196976415276536,-0.8762984119309076,1.3620805693569165
TCGA-AN-A0FS,0.24278550943335722,-0.7361418413333428,-0.563979942170575,-0.7040262671651168,0.6853168377976213,-0.37293006089156466,-0.030271292195146047,-0.13145747513774225
TCGA-A2-A0ST,0.37883573636620066,3.0474534583576385,-0.10006322432899598,0.5713408697376484,-0.6381882402052556,2.013890523640442,0.5148132694748827,2.1658277600803335
TCGA-D8-A27W,-0.5186264726604028,-1.0248871625530582,0.918600485015065,0.7991123683040071,-0.09883813834591725,-0.957674042054958,1.0840164254898104,0.554450438294115
TCGA-A2-A0SW,0.1948254475023749,0.4411968146501526,0.19548526549527753,0.8030247428141685,0.4108375588600127,0.2392562534453461,0.3024746567808616,0.16342666556025778
TCGA-AO-A1KS,-0.9905103906668072,-1.906509130539119,1.1569879357415125,0.8809001061758174,-0.8620611897312648,-1.0061494564669842,-0.9234743674974032,0.6300473039401969
TCGA-GM-A2DL,0.761818959543749,0.5295690005981424,-0.26641800749702277,0.3972246487029364,1.3319380876779334,0.8072201904337001,0.4943731656856526,0.6483858976465081
TCGA-A2-A04X,-0.3285109125886337,0.4823241365434506,0.9557657862491475,0.7961426840463555,-0.6713672395370329,0.33527187792683216,1.077052305888895,-0.3887241938746779
TCGA-EW-A1J6,-0.976814174220083,-0.427934546101884,0.20746233703298855,0.12352495941909655,-1.7662648246105395,-0.2971537043064514,0.6321229488744396,-1.1541748835676748
TCGA-B6-A0RP,0.14441804359719046,0.19545084583525563,-0.28890509554440047,-0.9763485905084645,0.6130820048248824,0.18978917434923354,-1.0529913178700776,-0.5102410124333949
TCGA-E2-A159,-0.16623791756744005,1.3265912875130788,0.6909918542594047,1.2951868964996955,0.004884091624847245,0.9049436279722513,-0.028439622311609125,0.07821018675254342
TCGA-BH-A0W4,0.4343805362631959,-0.24951349411679838,0.02847233355353794,-0.28074667848388035,0.9179996914312973,0.060529577682872114,-0.635939805624771,0.8765487289245756
TCGA-E2-A10E,-0.44984621188128265,-0.1357014942090844,0.36514533748219835,-0.04808560385115319,0.04768729703913137,-0.12578402613257494,-0.5127987055691873,-0.7450321515063622
TCGA-OL-A6VO,-0.910220891069575,0.14346396526592622,1.5308366167069696,1.6521366278450842,-1.4053974409095447,0.18672855535070662,1.4600202177453463,-1.1732290355363924
TCGA-D8-A1Y3,-1.2842174988396642,-0.7523915683034754,1.6306107195552146,1.5823024097511966,-1.3127294493740929,-0.2071713228567854,2.6797066132454668,-2.8554032493318333
TCGA-E2-A14V,-0.8387066359147928,-0.3362227294862037,1.4985415964970763,1.4346812092187737,-0.12254939438310503,-0.8026271990821352,0.9437927166026893,0.7041483337669129
TCGA-A2-A0D0,-0.7991348149336296,0.5353108403306692,1.4581202421880781,1.972109952868137,-0.9388907695792289,0.668305447464195,2.7897160271427874,-0.44234726026302423
TCGA-A2-A0T5,0.08521015464284644,0.18035738690518796,0.055124562205466084,-0.03759087304497067,0.6998830978304925,-0.09617748374611289,1.0272953295135163,1.0483438585978424
TCGA-AN-A0XS,0.5636792423933952,0.22454287336612508,-0.5306568032518378,-0.7987188610674617,0.9787636884546269,0.10918033555720183,-0.8094988624516485,0.814691137662712
TCGA-B6-A402,-0.6559003830301495,-1.3358688355280832,0.4635750828059689,0.8983389575732526,-0.8808561275689807,-0.9194748855796249,1.9082980751372798,-1.6600655907067414
TCGA-D8-A1JB,-0.1836102009520595,0.966571829222155,-0.7050761255912398,-1.131120107390583,-0.25108660556520207,0.8707546139681679,-0.8849396648406365,0.9499791527281624
TCGA-E2-A109,-0.25379533613887284,-1.034551847804481,1.2842410973988587,1.1714119011661699,-0.041278614561810985,-1.2022943960165606,0.4922333550646555,-0.21862414354358858
TCGA-B6-A0RE,-0.43187570751052307,0.6550462386534276,0.41861119069747754,1.2036760001143016,0.09103378180470728,0.29336663233748184,1.4164021767896393,0.6276961436512182
TCGA-E2-A2P5,-0.17018433825108278,0.14617316520655085,0.5517263228587368,0.7092957733056212,-0.040107238444915864,-0.7840890140074882,1.1187142153576057,-1.0770847699920099
TCGA-OL-A66K,0.16627134364222101,0.32886204653750367,-0.6731505616655079,-0.9287240061055583,0.4383424243243694,-0.27232436314397457,-0.468842513548289,-0.8161842214233016
TCGA-S3-AA11,-1.0428091440020515,-0.564580626930672,0.28986156621509684,-0.33216923062798587,-0.6178495861091917,-1.1696544697933957,-0.21540695889267797,-0.6437036258116642
TCGA-C8-A134,0.0515214513764034,0.7019276772451757,1.5467413729164916,1.7258461791774442,-0.5471938087605247,0.4699794193463184,0.4877869231194192,-0.7330453335938498
TCGA-AN-A0AT,-0.45859965464276425,-0.8702651618619973,2.1403518556331558,2.0069477651845093,-0.45651253921468593,-0.09984912550988431,2.4477222279666995,-1.6432983467558933
TCGA-BH-A0HN,-2.3661151108474425,-1.174434742582651,-0.27846733602113216,-0.718777852262629,-2.3657602794066865,-2.307009275074622,-0.1312329676847787,-2.337227907451672
TCGA-GM-A2DN,0.3073771035932583,1.713752955607948,-0.015420989410177492,0.1222933540348295,0.4234240587644295,1.2056804286583653,0.28201451577802905,0.9621092406664707
TCGA-AO-A12D,0.5449534750250052,0.6816834966942662,-0.3983142760863252,0.09036554653679502,0.7386567057877479,0.9632950192078492,-0.6235509149944394,0.5490468578654278
TCGA-A8-A08C,-0.8224414344435249,-0.983625979691058,0.3030486238050872,-0.583314611393788,-0.5213725313858658,-1.5846342903888135,0.2812214180762142,-0.12452466911924376
TCGA-C8-A274,-1.4659864208453501,-0.8525783316254125,0.6055850209333352,0.17882917905599086,-1.0035528690973317,-1.1872872193287316,-0.3507278247744207,-1.1635311088085534
TCGA-BH-A0HX,0.5438695699266044,-0.48333084546071814,-0.07550866045877097,0.13478696978519014,0.6308690678443465,-0.3062219232523111,0.30747767973264317,0.19582050571411888
TCGA-E9-A1NE,0.21120822560237978,1.6525903951846335,0.07512608941750912,0.16638502868069396,0.2781960550609803,1.3371150487188048,-0.9272515209176132,1.4530520131654636
TCGA-BH-A0BP,1.5534109581820486,0.030469451807519095,-1.6755067869672853,-0.9008332412782305,1.1116114747542192,0.4948986999423281,-0.6309167545092409,0.03605636920252523
TCGA-AR-A2LM,0.0355856812017516,-0.10280240280259983,-0.5962898374908461,-1.1387538624051499,1.1059747883916664,0.3226224572798256,-1.7433143253178425,1.5926339395978741
TCGA-BH-A1FR,-0.492951393450775,-0.8250247459430181,0.056232361083627135,-0.14973000138622192,-0.8673817770042574,-0.5852270458375985,-0.2582806561883841,-0.5847649616843263
TCGA-B6-A0I1,-1.8782588101307844,-1.3484219749631128,-0.09861012338089313,0.8710560791881332,-2.0122484080099774,-1.533849648405955,1.7560431694585414,-3.430313430618799
TCGA-W8-A86G,-0.18683386925280238,0.19178358468493345,-1.3551608723794437,-1.5091769087830111,0.16788694250415379,-0.9345789949846648,0.012501103337058391,-0.3473144188919717
TCGA-PL-A8LZ,1.7018736415606364,1.7733933040001288,-0.031533122583928444,0.9489145863239158,0.4588582123360384,1.6634485414732,0.003851316233923115,-0.5478949172868681
TCGA-LD-A7W5,0.5407455861233808,1.7938414519393961,-0.4875250811346198,-0.5213016568563857,0.2354011923234234,0.21831400221113417,0.1870879286485402,-0.10124667586246518
TCGA-D8-A1XU,-0.3915518067911478,-0.8217095517128173,-0.5679807037071711,-0.8773655493306374,0.7164543539284803,-0.42162087631127965,-0.6815431495483585,-0.03068550682612786
TCGA-E2-A15G,-1.0572702710643493,-0.9997786853221311,0.3535817972044442,-0.8304888139163416,-1.085126736881064,-1.3896456843575118,-1.3909221695523208,-1.119612533744018
TCGA-A2-A04R,-0.3013953711868502,-0.6994711930289393,0.952042111787823,0.968084167886478,0.003689247525411516,-1.0065978356595275,0.4115516461503839,-0.06361382697615224
TCGA-AO-A126,0.4078524553434166,0.1921567224190505,-1.0509321017225535,-0.519078714172605,0.7404351500728844,-0.49985267442562864,0.34032965177209124,-1.087935855270834
TCGA-AO-A0JM,0.17358124980007278,0.13032952041612708,0.8504821622034835,1.0881973971278258,1.122206753102399,0.3025057980261903,0.28812303166705866,-0.5699707760551614
TCGA-EW-A2FS,0.003804869380757113,0.8979869611812822,-0.9556617114847966,-0.09377495842668657,-0.24081624539981927,0.21471721666261392,0.7968342983676596,-0.8113004902811659
TCGA-E2-A1LH,0.48824393418065826,1.8691684855899064,-0.9772698679741811,0.40781337843255316,0.13915745194646653,1.4760598533974087,0.7389358997811054,0.13147092254432927
TCGA-A2-A25D,0.4561621646324822,1.0945333441350698,-0.07946677258908368,0.1184209336795081,-0.6911877638130665,1.1384202606394083,1.6145780108231182,-0.10575176765221254
TCGA-E9-A243,-0.5577774157012279,0.8345022983510679,0.6904652317964916,0.777875916856197,0.2130623954307976,1.6977392881558417,0.15509439378198248,0.7154543221880475
TCGA-4H-AAAK,-0.06793661681895738,-0.3365753922556124,-0.19706087406182848,-0.30152953764261525,1.3412520597433693,0.0809664375705174,0.05306525986716848,0.5963899233881856
TCGA-E9-A1N6,0.2952443059494744,0.27883774427302815,0.5130059789493177,0.949238077661339,1.121263842156803,0.20692963694356484,0.26972620836150574,0.22546102016914035
TCGA-BH-A0E9,0.1368442603568655,0.5410817831164894,-0.3654607281245308,-0.7597651222225804,-0.15243837344954198,-0.027919633546954904,-1.1671727523432651,0.8681712545382176
TCGA-B6-A1KI,1.0496665008420691,-0.9993348955079193,-0.8593313069660385,-1.0578167197323733,0.24935954139720942,-1.0202535606550727,-0.7417814776652709,-0.24767793648442615
TCGA-D8-A1X9,-0.06038421903395138,-0.7067415695377198,0.7868329572790105,0.2559650773044601,0.6622597583585978,0.24651907785093238,-0.9651750115205868,0.48023412004645205
TCGA-A1-A0SB,-0.9095127134289263,-0.7377753055922223,0.645409787551978,-0.4306502030144086,-0.07316726194093613,-1.0371531625735662,-0.14238512450506907,-0.1555596825321664
TCGA-E2-A14P,-0.7260689197704981,-0.32215214350122046,0.9059690895453169,1.381044348767322,-1.0703281814111278,-0.3525527322533863,0.6759215690769547,0.16117461732854296
TCGA-BH-A0W5,-0.1333957600557821,1.0417028028874715,-0.4585401613545693,-0.7877474052674157,0.6077337016167166,0.39349966828272204,-0.5446164142501961,1.8702588143513161
TCGA-E2-A15I,-0.6917170661988115,0.2177505472203667,-0.16159832158366869,-1.413034677920755,0.09103114501562741,-0.28911384915179567,-1.8693012128381696,0.3898160697893352
TCGA-A2-A3XY,1.580851240719453,0.8153719664388418,-0.09916538037406403,0.5858476653969404,1.4126154616400393,1.7097929485862784,0.7289829175370549,0.22165799998648242
TCGA-BH-A0H5,-0.2640720512516398,2.651361549197588,-0.5503348232917556,-0.6295778965081649,0.004464105656547029,1.435350930728547,-0.48213626565837553,1.5065584409791293
TCGA-OL-A5RY,1.4027019203665618,2.2215762195328277,-1.0795256761922707,0.0482291810517853,1.2049534682193601,1.8215310733408012,1.1148124573239728,0.06991613885094718
TCGA-E9-A227,0.20864284891757223,-0.06576211843465887,-0.47761672339198746,-0.3976216935501248,0.3316855097031589,0.1331206490244961,0.4001031313621841,0.20262658305161765
TCGA-C8-A8HR,1.570130116592517,1.1596469937538416,-0.28819000443619214,0.02831137133656931,1.1735206201382486,1.2059847269033241,0.05408171899797948,0.2858370842693363
TCGA-EW-A2FV,0.8251580768327926,0.6551815458718623,0.15083964563114013,0.7632450213679373,0.15679122612721105,0.8276998792075287,0.3337266777134141,1.4180065267876378
TCGA-BH-A0BG,-0.4929437055849107,1.2907444199106544,-0.12430437028800599,0.40163850516337485,-0.046187548708817236,0.9049360047903964,0.9097052615096517,0.8126911449555214
TCGA-D8-A3Z5,0.13354607175108268,0.45442384914020656,-1.2212115094742308,-1.4396948599305253,-0.6495330832417683,-0.3254151021194833,-0.5599032625136758,0.2463093366268734
TCGA-BH-A1FD,-0.5692600560898934,-0.2978103503076154,0.8544471672464095,0.7485296715672957,0.268139991191201,0.07741922596174776,0.36158084522197176,-0.23732502990443535
TCGA-B6-A0RV,-0.3689124345355437,0.7364115983313876,0.0839462465193563,0.04602459672435406,-0.6198619579231264,0.07042543071750577,0.5025769965169378,0.7713455281819759
TCGA-E2-A1LA,-0.2889766729843535,1.48246267189038,-0.21798600776466542,0.5513000451954139,0.289939210796177,0.9309712277811492,0.5801959100013538,-0.4856502389612248
TCGA-A2-A04Y,-0.14581426343972867,0.17906709242680552,-0.11559698991314056,0.23464606859597376,-0.7301175083310173,0.6073957433404458,1.0640290564667632,-0.13756297652003613
TCGA-AR-A24O,1.343601736498125,0.4150080336211947,-0.16765959891745244,-0.12179788878231593,1.3769148479489912,1.0043642562039627,-0.7941500462214508,1.3573651563494362
TCGA-EW-A2FW,-0.1739562134754723,-1.6495464220125415,1.7755200320779558,1.5421497635006745,-0.4559141471666626,-1.534019512135368,0.656385960505202,-0.5027290245323954
TCGA-A2-A0CQ,-0.8828249891516599,0.6616749807533234,-0.5364489105846035,-0.36333278340437325,-0.8560085496417289,-0.33701866602916436,0.36595389361300407,-1.6408328387949394
TCGA-GM-A2DA,1.0574315663328415,1.1853893472219093,-0.9525256128914009,-0.3021073517747481,0.8641310286344852,0.8942151348109416,0.2931121598926129,0.46877347219777776
TCGA-E9-A1NH,0.7818811481901413,-0.2569065692890866,-0.9579634507835295,-1.117170049942875,1.2178831452094854,0.17486349423502984,-0.6962646478367841,-0.08729639078814111
TCGA-AO-A12A,0.38047358326291736,0.6463920787837045,-0.5386196916174577,-0.5612364059883985,0.7444094148023128,0.3588086348271671,-0.700023771803363,1.1768969255607498
TCGA-EW-A1IW,0.1208821550716652,0.22391680871717135,0.7926497940812846,0.8171208610084977,0.5469815574921738,0.3858283285327163,0.30028776929615897,0.9064453809923915
TCGA-E2-A14U,-0.9368980115725581,0.14647507365035436,-1.2191864794255012,-1.8159131984934658,-1.1973160426099,-0.1061774327862847,-0.32889134385785646,0.4171041347864359
TCGA-C8-A12K,0.03635147219768129,2.4189452891509475,1.296489313636497,1.722949044623735,-0.03552427893150496,1.8678800074979434,1.7711609574768445,0.09140385110579091
TCGA-OL-A5RU,0.15999634844042307,1.6500304792569382,-1.0725803857726994,-1.233738374283595,-0.07626446774336625,0.9574263954927987,-0.4158826618451039,-1.1045982412931037
TCGA-LL-A5YM,-0.4684925084399997,-1.223196116350478,0.060702916619944564,0.49372278714658163,-0.7587551698016146,-1.0759855942584453,1.6041517932863327,-3.0389633243891625
TCGA-BH-A0BS,-0.5388887789234575,-0.5798584457728106,0.2751712609277709,-0.14480024701305483,-1.237552148790545,-1.009740922798014,-0.7834945384126962,-1.2315391678610412
TCGA-AR-A2LK,-0.9492705846438383,-1.040776414762542,1.4325758082392983,0.9544615186309432,-0.014946761187322483,-1.034087191351662,0.15886287649467104,0.900476216968099
TCGA-OL-A6VR,-1.6268889883936755,-0.8748886805148369,-0.16130215142858348,-0.8419264562312155,-1.5973455940662245,-0.9781801885114252,0.4818019674801871,-1.0489528831812382
TCGA-5L-AAT1,0.2276902110870362,1.200453238096261,-1.3590768468375327,-1.256875916131546,0.3346138330650886,0.7202449593981611,0.5737574870894617,0.03496279483367225
TCGA-E9-A1NA,-0.04334690384238377,0.5783314097680977,0.2818779346281462,0.2307268067249211,0.6940490495556237,0.3137625205176102,0.7718963487139593,0.08945044823622512
TCGA-A8-A091,-0.2627307912866432,-1.6289135494685476,-0.012506931231976227,-0.3784414496950791,-0.623284151720449,-1.616277486563347,-1.5062418582883563,-0.14080089856313593
TCGA-A8-A07E,1.3635565105140086,0.07053613621088609,0.1285830372319356,0.6089719805373804,1.205215084973325,0.347539437780119,-0.08709082740996606,0.6685269004769077
TCGA-BH-A18K,0.34816051156821354,-0.8438018577216503,-0.3559987622165141,0.0442366173026181,0.8507890582831596,-0.45863042321198255,0.7118928118487663,-0.7373099471553644
TCGA-A1-A0SJ,0.4049653602035502,-0.49437657147080366,-0.43205493961700253,0.2316091780983441,0.5274460897858103,-0.13415036109097958,-0.31332351437186384,1.186110522287788
TCGA-D8-A1JL,0.6493195546166464,0.7041988822153551,1.1984849636455646,0.9763990231181067,0.7155190397466654,1.247103413653005,-0.8274644678800058,0.21399241642807132
TCGA-AR-A0TY,-0.7818089905782348,-1.5084821117555507,1.883196382392815,1.4131830991552563,-1.306327501772574,-1.4630580628842396,0.8780387105583328,-0.43987284075735456
TCGA-E2-A574,-1.6587279712603615,-0.8589764092582106,0.0803994152272498,0.8072930865639714,-1.1603506593137656,-1.3720925631030765,2.446710414361298,-3.690148994465716
TCGA-A8-A097,0.2819833079110276,-1.1328209339447275,0.6882596954047081,0.5789889860300179,1.041499436452929,0.05349391962073388,-0.40891697911066865,0.4553040550305915
TCGA-AN-A0FZ,-0.10969119154520107,-0.9981687009247048,-0.34762078969471993,-0.035605649438941046,0.1000953020596865,-1.3214096285009498,-0.40997382359329126,0.0828906657673487
TCGA-BH-A0E6,-0.13370611294909232,0.17347807278352365,-0.19002775097116717,0.8590854634903599,-0.25129336173842054,-0.2131490968840127,1.9316005067339272,-1.7685069691955204
TCGA-C8-A132,0.9086029013268531,0.5468062109642744,-0.28548638216447436,-0.14267362948802412,1.286907451379411,0.8823443552569756,-0.7642096436622512,0.7293122827835096
TCGA-BH-A0H6,0.07919496283431704,-0.8734472607335997,-0.6930706571686709,-0.7694900673003665,0.8575070968354664,-0.33567038706600927,-0.5970854217448028,0.45345195710632435
TCGA-B6-A0RG,-0.5143763136548594,-0.5319449917420704,0.005214434519917699,0.3252366938524282,0.33138712282274485,-0.5565044681983021,0.1590395842982631,-0.4524812035996585
TCGA-PL-A8LY,-0.7443998933579419,0.1270970211207267,-0.2694625786390469,-0.47896311219300713,-1.4955507270865798,-0.3368530665486273,1.699484899854811,-0.4689647213322953
TCGA-D8-A1XS,-0.6099785748603374,-1.148055972549064,0.9435874660827136,0.6772990180119706,0.25524015779835396,-0.5959235038265144,-0.16673665998012815,1.1562754002569267
TCGA-D8-A1JT,-1.448965001604441,-0.934536154181947,0.44936811388614617,0.4816360259070702,-1.7342264988444038,0.041277999164446195,-1.072743085651178,-0.29822808464867623
TCGA-B6-A0RS,0.3479857679520462,0.3225302291896559,0.3074943508719376,0.694668069070867,0.3244879393537934,1.179536650053188,1.5750307243621529,-0.515513188997331
TCGA-AC-A8OP,0.34882495056664864,-0.2169464361896938,-0.8122953125590276,-0.6134404658924909,-0.012318451480659175,-0.012231283229930678,-0.7847644013040124,0.64002135403178
TCGA-E9-A1RG,-0.3673463696835765,-0.058326825319199194,-0.4353171641825003,0.5193177305530945,-0.09047714061067427,-0.5370652635308847,1.540974359984153,-1.8813813937409887
TCGA-C8-A12Y,-0.38663667320332445,0.48407621718744004,-0.7299788188656787,0.07162293962452577,0.20460816579823599,-0.13858714514325612,1.1558230720827118,-0.6252325130012587
TCGA-BH-A0DP,0.3625614394950822,0.8366500498620663,-0.6434139226644243,-0.7597065891969625,0.8435613539112777,0.7363490001949236,-0.06923057046931123,0.40512734268156575
TCGA-E9-A1QZ,0.5461935451827931,1.0029698914802807,-0.017405786702891012,0.3037270821413823,-0.0058703434308476354,0.5937343625468968,0.3214018789154733,1.1496038730263052
TCGA-GM-A2D9,0.4690925394252163,0.11945408487248829,-1.0924296068230361,-0.999536620342221,0.34339077558624925,-0.03650900753154155,0.8829142056241178,-0.970709528809868
TCGA-GM-A3XL,-1.6137625908271906,1.0032593880149254,1.727030743625658,1.8664429613802032,-2.0605213922800005,0.22586530555517842,2.7227799734945206,-1.755010496130174
TCGA-LQ-A4E4,-0.9107463466822564,-1.1716528529706363,0.9822696222681166,0.490106722534687,-0.8417668335834119,-2.156260897829185,-0.3600110337033843,-1.2344889698741672
TCGA-D8-A1X7,-0.22160789009594062,-1.5379801961722923,0.6180869956355153,-0.13959801014573728,0.09466644116129273,-0.7212063547327354,-1.166727603478093,-0.10935457004520692
TCGA-AN-A0XU,-0.3917937562938691,-0.4964945680140898,1.699242220754086,1.6645376333535822,-0.25101954459825515,-0.14558558928961593,0.7748776546512632,-1.0091602813617064
TCGA-BH-A0BV,-0.016699935733177875,-0.0757138070372289,0.17855663124029314,-0.22451129624090913,0.28504366033367357,0.1657195835275924,-1.2958710414499495,0.4835550747199986
TCGA-BH-A1FJ,-1.1006979615256482,-0.8994201303517706,2.102430836161332,1.138795127127628,-0.7147765041372293,-1.217346051344279,-0.22432418801980977,-1.3934613579723685
TCGA-EW-A1J1,-1.1975020208315514,0.00882594776092604,0.26208989931752846,-0.4342218055444843,-1.1467214559954209,-0.4326584685551696,-0.5915411809590281,0.2583885581138294
TCGA-A2-A4RX,1.1299707697466437,1.118881233997985,0.5118169595374799,0.4258529152508448,1.7919885579247632,1.2170468234802194,-0.8521697595281257,0.9802824714105223
TCGA-D8-A142,1.0846368127529726,-0.3734794519023288,-0.10380670358104215,0.4310699550587088,1.0820669183161822,0.2898660315830293,-0.13765120243210577,0.479733930777371
TCGA-EW-A1J2,0.6148309368292078,0.24204012798089877,-0.9328913885138649,-1.4379597697180813,1.1227120519440426,0.8193017762316126,-1.6865908218552987,1.198813086285648
TCGA-BH-A0HF,0.9811317960094034,0.6812017080151525,-1.0569260089185157,-0.20405699780294576,1.0287918070490594,0.8499815210383723,0.6234279846593358,-0.3252353088471057
TCGA-E9-A1N9,-0.2391116717083656,-0.48941187658666985,1.1740700930024504,1.1992845382115123,0.0719812471009393,-0.8769108585403038,1.0584223138406408,0.4982449451690475
TCGA-E2-A570,0.05578628360053713,0.012266120306081929,-0.7637198812162997,-0.31130815848710747,0.9489217696454717,-0.40538447060383,0.3252427129979154,-0.5613382165518892
TCGA-AO-A0JG,0.19784097236379108,-0.007646424905434581,-0.6697334914166175,-1.2462099123892687,-0.039608725482862,-0.212356656563482,-1.0970829665963708,0.2028039656110023
TCGA-S3-A6ZH,-1.5161610374417103,-0.9631214475816265,1.4809186690681393,0.8583804816189086,-1.6204637010283647,-0.9594871157317187,0.282792376286775,-0.494376497592934
TCGA-D8-A1XC,-1.4976756928360193,-1.3157097609005315,-0.12411295075074591,-0.7510315924242368,-1.8987185702429155,-1.2528252572742475,-1.2698122832808776,-0.6597615062589466
TCGA-AQ-A54N,-2.5879167146556656,-1.1608098974187084,0.23706451284786262,0.46509890872305104,-2.8871863048288113,-1.2418966890514491,1.4933516014176085,-2.3600721930192763
TCGA-C8-A131,0.8225582922553459,0.6352169342041231,-0.021105162638397207,1.0314895246582196,1.0570985665705543,1.03704962075258,1.0406844449095238,-0.6330074097490994
TCGA-E2-A1AZ,0.04831953598353041,0.9285114518185229,1.8832931881308452,1.4764645676199455,0.7372845277607036,0.5931048064281993,0.25711567276934866,0.44652219228214113
TCGA-E9-A3HO,-0.5790386491646554,-1.4714738124846698,0.8758066171695402,0.8710367625021203,-1.2724457696867335,-1.759546668876338,1.4455608741963162,-0.08365304303123323
TCGA-A7-A5ZX,0.09130782147073564,-0.1067626189266218,-1.2491783717194407,-1.58324157876717,0.9334188772389658,-0.3944417661622076,-0.21741900853051546,0.703659168208115
TCGA-AR-A2LH,1.2630141151566714,1.8950351029493748,-0.5229285543795532,0.15021440474905023,0.17400422303444676,1.8870804235903165,0.4000805687988832,0.6563714911632873
TCGA-C8-A138,0.642077255180654,0.4596142138300746,-0.8915395047089172,0.046597379954364054,0.8386255359325503,0.37728745582233986,0.20342129593318573,-0.8019488428157504
TCGA-LL-A6FR,0.09169369471408957,-0.7085869898776374,-0.7716518968945485,0.6177489807436864,0.4916794060950007,-0.3550928887575138,0.987889866172346,-2.8259522841640385
TCGA-D8-A1JM,-1.3478381115612612,0.4954157832743552,1.6561807162125992,1.5428932381149265,-2.116617222592494,-0.01249801104477141,1.4392343827350609,-0.7419724635810743
TCGA-BH-A0BF,0.6703646734283656,1.1489141231455966,-0.29175781299300385,-0.01985727749132346,1.286660494845149,1.492149116098745,-0.251719669338753,0.9465364562517806
TCGA-A7-A0CH,-0.7014397917658395,-0.40828282488232714,0.11494880711686987,-0.5352547837007553,0.4172692799485847,-0.43638272287573704,-0.46464607228949045,-0.7599969717307765
TCGA-LL-A73Y,1.257954423331207,0.12471642905733107,-0.9895417981482991,-0.33833974497602365,1.1738414827977417,0.713678100324202,-0.4087746077175199,0.8536692651534618
TCGA-BH-A1FH,1.254981189638317,0.06232396469305841,-1.1709196510858584,-1.3681756179052982,1.412125709317828,0.35512137904165314,-1.942238960931273,1.3047617584555073
TCGA-AC-A4ZE,-0.2080205987511467,-0.7213783653036936,0.43274287698103436,-0.007052606240871153,-1.4336077227100472,-1.1946870689329485,-0.3657039353719306,0.06694065018059284
TCGA-AR-A24U,0.3840982885631364,0.628232437786696,0.15287728545040158,0.47049431049903634,0.6926543218993871,1.5303155729068112,-0.1127293893152216,1.0830270010505985
TCGA-A2-A0SX,0.5362136162157768,0.8468434552771122,0.6776680470946045,0.9543556517629799,0.860029120077897,1.238155756454286,-0.1378608305062669,1.7108169449647042
TCGA-E9-A1ND,0.35561002285175614,2.0619118705536885,0.30805049601499246,0.8031259500555495,0.06400906826471058,2.1226985016216564,0.3757915365659477,-0.5047861893575234
TCGA-A8-A084,-0.36537889957451164,-0.26181089596888796,0.6597223344392039,0.6162591318709134,0.29089041386900283,-0.3985129312410934,-1.3259043502921506,-0.4002892947918256
TCGA-A1-A0SG,-0.3893969499445564,-0.7033975459730205,-0.34364934390673746,-0.5996648032696911,0.2515670486960599,-0.6629320912176969,-0.9933419148513428,0.5991793505167042
TCGA-B6-A0X0,-1.171009513487092,-0.13210312883195188,0.302593682647386,-0.14586331528472704,-1.1056925841409149,-0.8203096433277649,0.8039670657740521,0.008808521492386697
TCGA-AR-A254,0.16491417679668458,-0.45385651118432624,0.4928435338472958,0.8224205246752029,0.6499209133563091,0.7702322194111864,1.0299545267338213,0.7953487842784533
TCGA-LD-A7W6,-0.5463254400700721,0.23810196151459273,0.08181692860623432,-0.17121054296372626,-0.20044060770901287,-0.29450097545797904,-0.417893752154311,-0.17690623927288207
TCGA-D8-A1Y0,0.05442523086205572,0.2645747101984854,0.7511448140269323,0.6486421141987788,0.28126136633130305,0.19048137628831185,-0.3862489090007959,0.9272235359027157
TCGA-BH-A18R,-0.9741283193689795,-0.20186312280405852,1.6709721365343326,1.391675532358251,-0.8276594148234259,-0.6272683151525499,0.842294602616613,0.28636542084728833
TCGA-LL-A5YO,-0.3662654301485651,2.164132313777261,0.08421846623212095,0.7939953634122996,-0.23110139790867265,0.7494580054859189,1.9619548985293713,-1.0233887569272986
TCGA-AO-A0J4,0.6989022519965458,0.337378034186905,0.7907753515243787,1.069850533075197,0.4906047414040532,0.9848117692851959,0.6239839688247287,1.190196037715919
TCGA-E9-A1NG,1.7408696329504842,0.5554009588611163,-0.6157399746272799,-0.7548826724178886,1.7437135375387063,1.478591532061682,-0.8214033407904737,0.489806510652237
TCGA-BH-A18M,0.36575753636677005,0.12240211260416137,0.22405335845803778,-0.19898640511061536,0.876585572660848,0.3210134953692436,-0.33844479830284474,1.0703521263769664
TCGA-A8-A085,0.1306614718920964,-1.9495431761638915,0.9259608419749491,0.5980274484477769,-0.18340450712455458,-1.963749743592221,0.1132558472323705,-0.004834360437712108
TCGA-E2-A10F,0.25791974534153933,0.8892455019436694,0.012108726049034638,-0.20295708990878927,1.199874155984688,0.7495874942636102,-0.569789692480436,0.41174447866212266
TCGA-D8-A27H,0.56292727187484,-0.575375103770658,-0.2842911904123217,0.32225369604144954,1.1152408725691503,-0.04262737773127143,-1.5170067707688277,1.3931211101295256
TCGA-AN-A0XT,0.38453372820490217,-0.9867880010927443,-0.7574771667855486,-0.8204370783051927,-0.7784174313241793,-0.8453059066888946,-0.5339072253761112,-0.222380505906746
TCGA-A2-A3Y0,-0.49132254728148134,1.579705995534038,0.8260101990967436,1.5125730724838928,-1.2297686552940275,0.7309067489799177,2.8248231955759926,-1.4114556778639187
TCGA-AN-A0XL,1.3563644808881685,-0.2725035264900284,-0.38416016774522205,-0.1852200585543307,0.7698134238354911,0.3101103197523413,-0.9955284544026639,1.24583630663822
TCGA-AR-A0U2,-1.124302900368029,-1.8308164219905696,2.930259604313211,1.9231586850986042,-1.5035114735989303,-1.8622074663961203,-1.3458266080450023,1.100171987759067
TCGA-A7-A5ZW,0.7173389775848589,0.5359652917932719,-1.1463813421323756,-1.110224472386666,1.2259651293856948,0.5594574717871852,0.27146725022095863,0.5782029240737345
TCGA-AN-A0AR,-1.6560963874660626,-1.6903602198633019,1.598611085530629,1.20933519853926,-1.5741357927439508,-2.6496484459082077,2.031005418777882,-3.4137868900103627
TCGA-E9-A1RH,-0.9195231025038249,-0.39243732216317917,1.7051600249153083,1.4398634531780796,0.48128997765960546,-0.010314231959947425,0.3308613050955189,0.24001035795224762
TCGA-LL-A5YL,-0.43542425652693134,0.3423500133857508,-0.8249471765376104,-0.09394230733522572,-0.23712874639580725,-0.3095612784949205,0.9927623165603271,-2.3026206547579466
TCGA-E9-A22G,-1.318585996887387,-0.5816117970268676,1.9497463947023543,2.0928805273940965,-1.4322293559444528,-0.45917211258426244,1.986702085580378,-1.4100766583008164
TCGA-AR-A1AW,-0.470930863768,1.5758602984619845,0.7062344046103345,0.2099501454332493,0.053022669105758945,1.1515459602284344,-0.679403994726559,1.419566243322004
TCGA-BH-A1EN,-0.4550201518612108,-0.9138954435548728,0.05581994194872626,-0.019397559989279584,-0.5353414857794665,-1.0556918142596092,-0.3695322975858576,-0.15556813974295308
TCGA-B6-A409,-0.2351116773792886,0.7551487530614079,-0.8474951209126148,0.4541427861248053,-0.483490041646797,-0.024452536134072375,1.728609464674914,-1.4419478768064828
TCGA-A8-A0A2,-0.8604409279067515,-0.9737256567157475,-0.06506802605805032,-0.6435083353537948,-0.11436070551993892,-0.5003933007219435,-0.6595798023797186,-0.5127508113149738
TCGA-AR-A2LJ,0.3781810975753086,1.119821809062077,-1.310864652134777,-0.6055325621378704,0.4611394304348146,0.6125027081773645,0.8644995051993174,-0.6669160330484797
TCGA-A7-A2KD,-0.014944126815915455,-0.5418620564351756,0.47985030290658737,0.7407771029488114,0.6097905798390523,0.29502551530500887,0.15574867299423456,1.1235343651386482
TCGA-EW-A1P4,0.3008837584349014,1.8829809002307905,1.3752791226223555,1.686510318904228,0.7544915434422834,1.8512068372621802,1.1283416750934476,0.8509225546269316
TCGA-A8-A09M,-1.3745651667627585,-0.24480550953831534,0.1755657712019217,0.3138476834358719,-1.0799815714925285,-0.6264324948082285,0.2965308765381398,-0.7823581595720283
TCGA-E9-A245,-1.2170235764774753,-1.0126359653421564,-0.29640014449663415,-0.5448319191158593,-0.882809908001489,-1.3407491791759794,-0.11782987305950654,-1.3396666356979126
TCGA-E2-A1IP,0.35432200453097157,1.836928425573611,0.27064299573157186,0.7856664227712233,0.2605922285384637,1.4612518765692835,0.6781101904942184,0.2676688826961961
TCGA-C8-A3M7,1.263984263318622,-0.10739337781251396,-0.7956467788429424,-0.4531087640272449,0.06942241694966714,-0.10133572467455038,-0.23637408818645766,0.14885994223518986
TCGA-BH-A0DV,2.163482418915657,0.3890573863960893,-1.607510973353672,-1.3995396056740537,1.7293620922496966,1.1514747662321545,-0.8313998074101556,0.4469511671895081
TCGA-D8-A27T,0.072942646567254,0.5003869141797298,0.2285657088843354,-0.1928060662121248,1.0440547288523108,0.6026142987414445,-0.17119945705051778,0.11223997675825288
TCGA-AO-A128,0.04167303718847756,2.543141629886619,0.9149782758016057,0.870890730857713,-1.0104827259647329,1.966726977713825,-0.1259999269998924,0.9172106628064564
TCGA-EW-A1J3,-0.46709721353635997,-0.4154514136650998,0.654087316132196,0.5927997831940844,0.22163842432728412,0.2098050874823362,-0.222504082216767,0.5912067339035978
TCGA-AC-A2BM,-1.5847733134459578,-0.6473562350142807,1.44605088326071,0.46559327892823366,-0.7281121018776487,-0.9650281481779573,-0.3618012133199498,0.04439992111637688
TCGA-AN-A0FN,2.2519912568856055,1.4404707836324995,-1.4179223327107764,-0.870224482259856,1.885441331707107,1.9844120015954683,-0.3248308012227658,0.6507497544686284
TCGA-A8-A08O,-0.5629601806995622,-0.9649469063423493,0.32726971776385316,-0.06735741404393825,0.6013081574195808,-1.0793284396424807,-0.8661757825411308,0.5948436324089799
TCGA-A8-A09A,0.5210025586967191,-0.8216506289143607,-0.3637415911674315,-0.26295577049277524,0.6850866360355988,-0.45933576415117805,-1.1826254495619044,1.6187747714501444
TCGA-AO-A1KQ,-0.42834728953139567,0.09412029036955745,0.7152811023674625,1.0880772188719352,-0.11144158804145338,-0.17217609598552575,1.6212746783018,0.10480706802183296
TCGA-WT-AB44,0.4376922724464385,0.8802797014388338,-2.134534647615365,-1.8158503401047243,0.8861421938138055,0.5769367102104969,0.3335526907959444,-1.9865049975716091
TCGA-A2-A0T3,-0.29398938325134455,-0.8114751436623002,1.146010380104528,1.2719660813477844,-0.3513232724205155,-0.9065431673081011,0.2373935294544704,0.8939248722388882
TCGA-B6-A0RN,-0.8301470136436969,-0.6538615373773933,-0.8917182814926733,-1.1634896470805518,0.741993651934899,-0.976267863190781,-0.008502329152230845,-0.4251713003181337
TCGA-A7-A3J0,-1.5713142285728585,-0.5998867704230668,-0.03511239141097614,-0.37968304378311557,-1.6163423604069866,-0.6232277007009642,-0.39677211435853427,-0.11987887084830787
TCGA-GM-A2DC,-1.2530519775154465,-1.6451741208960142,-0.7629222873513068,-1.4223961128447997,-1.5448412455012734,-1.8871817815176681,-0.562270477364899,-2.5521895831919434
TCGA-BH-A8G0,0.998084803743137,1.0076014290758317,-1.7164246552724685,-1.7052935039568677,1.107076773097127,0.9758352470460546,-0.6633892312437892,0.9170436446551827
TCGA-A2-A0ET,-2.3803463966681933,-1.169745644985,1.1645101448206672,-0.13223178144349798,-2.8761546381750493,-1.240336465280353,-0.05947762824281991,-0.014917392317579523
TCGA-C8-A12Q,0.4949731173876746,-0.34178493919508596,0.15191694729137367,0.10383348744511939,0.5455538277807462,0.12296070864882444,-1.1827729072292472,0.7107982302435301
TCGA-BH-A0E7,-0.22694487757785353,-1.6692695751771567,0.08847853135516888,-0.629146401570317,-0.5217923142536275,-1.620940395271094,-1.7742812875342,-0.5190880686954943
TCGA-AN-A04A,0.2736640941663642,-0.47371276775848004,-0.29539405374739675,-0.07113634398870608,1.3494193413896782,0.27187396353384674,0.799916800829176,0.465998837306982
TCGA-E9-A2JT,0.20213538387298932,2.1554398703900013,0.03976251227348352,-0.38533718000208433,-0.23370782473097293,0.49860434274049603,-0.7148730295862905,1.5973388457169253
TCGA-E9-A1R7,-1.3943402581674067,-2.247944291491448,0.8505310920821677,0.3879227031160726,-1.3309951306961472,-2.397718621706565,-0.95219874087299,-0.6439063594824004
TCGA-E2-A1LL,0.7665051765190383,0.8636415371011172,0.9620966837623725,1.3908278901278135,0.29613339530139404,0.8501450002344223,1.3098637164264941,0.8003798787587701
TCGA-E9-A1R0,0.40272915470995024,-0.29509834261271545,-0.3200366834988437,-0.18302508963752473,0.31727276302197416,-0.5524840851730249,-0.42367458415467363,0.17207177561909487
TCGA-A8-A07B,-0.7663745593260061,-0.9109228181709299,0.14062420574575146,0.6346337771715593,0.1753018220312275,-0.9050317535141281,0.5154077480333094,-0.6053365091093763
TCGA-EW-A1PE,1.109383670394147,1.17063803252353,-0.150789398522855,-0.44494525881093416,0.6275796728981632,1.5413385936619808,-2.126558473362286,0.19106587833554564
TCGA-A7-A6VY,0.3696447578678759,1.3710570905199433,0.5537528606255459,1.318356985983004,0.8418726330752316,1.5133860314596679,0.5960087720780006,0.3409849089685936
TCGA-E2-A156,-1.1814940494829933,-0.9506725924368916,0.7709333420641581,-0.3649354336632141,-1.7427226546897183,-1.2002961629777316,-0.8008014533221097,-0.8667971377235164
TCGA-A7-A426,0.6162634330127207,0.5434286651575507,-1.0349416353537662,-0.951416634989727,0.4528621039422653,-0.1728360615494869,-0.5815523091325296,0.10876662781200415
TCGA-A8-A06Q,-3.0443501505154544,-2.715261543968385,1.6074054090128502,0.8199925641156469,-2.9675714598841134,-2.3376979787476158,0.8694648971737885,-0.9768260531542864
TCGA-D8-A73U,0.7580710496008923,2.299938804691348,-1.6198521570788063,-1.563321701438859,0.7045998053720333,1.6160418477161138,-1.4491012579103684,0.8186403882078137
TCGA-E9-A54X,-3.341914078859197,-0.9276373799627922,-0.03515523537863169,-0.07572864710804957,-3.4478671963969663,-1.8933089820675155,0.6856655357303489,-0.3612442428315004
TCGA-A8-A0A7,0.022190249610323978,1.43825932397718,-0.7438808947944084,0.0631755336844703,0.699570510308684,0.9838696603728758,0.6254145863136179,1.2350315301490722
TCGA-E2-A14Y,-0.03333153456158602,0.3492561789274423,0.985674986496285,1.6561291333462502,-0.38153595998779755,0.9391135854923119,1.9893452465730777,-1.1103907877334973
TCGA-D8-A1JN,-1.7706596877444545,-1.215319092757533,-0.12745662799784857,-0.9261659104696673,-2.8371841974742176,-1.8019102186118223,-0.6077518163454454,-0.7211003298052133
TCGA-AN-A0AJ,-1.1164155945803953,-0.01702846917360829,1.686750695397469,1.648663658802482,-0.05009784914903527,-0.012523382799141017,2.0149138192717015,0.01939164624290053
TCGA-A8-A076,-0.49428384294487415,-0.6093902976859511,0.5352778983828778,0.6429461736637176,0.39020144659800615,-0.5841242265264215,-0.04777358681189613,0.25092696559261823
TCGA-A2-A0ES,0.9718282354441837,0.8063063317101706,-1.3176098089347974,-1.2338871345439701,0.6754035278097565,1.2654457855785728,-1.0461039319407863,1.769493315289244
TCGA-BH-A1F2,0.7684329907687104,-0.6459354070005069,0.3105154341813121,0.6808193703908154,1.0388453866082898,0.7425926706821104,-0.7121052819450908,0.7136069691097485
TCGA-B6-A408,-0.04274227576666862,0.8925403557350078,-0.8328417332651046,-0.7755815678591819,0.1180770215015534,0.2488569271214501,0.07729833533184016,-0.5882656457913998
TCGA-E9-A5FK,0.6867109413221124,2.348685800463881,-1.886687368370236,-1.1758665263020012,-0.0070413798304644806,0.809041338317384,0.6595821863178393,-0.9237142824425715
TCGA-LL-A7SZ,-0.8957524454704188,0.7751005141965314,0.009050257935150196,0.5742306772061168,-0.4785410191272806,-0.330852212396859,1.9828462048793376,-1.7292061840301594
TCGA-E2-A572,-1.958363399207159,-0.5531533830045186,-0.8513902030418704,-0.9722474940073471,-2.5955166343173666,-1.4023440143966077,0.7752048138635528,-3.6556674130112534
TCGA-BH-A0B0,0.8926943926990802,0.7875746280337049,-0.9567527577655638,-0.7281279587875344,0.9563300464832994,0.6743421138572698,-0.3967153788341972,-0.46546169368251256
TCGA-A8-A09D,1.0649660696776786,-0.6083421098408605,-0.7090295934514114,0.1782632154370681,0.8866122681973848,-0.2975963661933507,0.2542769371299663,1.0074525709820417
TCGA-A2-A0YJ,0.048839581827314724,-1.2494040154760089,0.4409375021308442,1.002302786428541,-0.4244467541633104,-0.4932138323892346,0.004994356486567111,-0.22053630713773875
TCGA-D8-A13Z,0.4679657384340952,0.04723361870342182,1.3480926018337733,1.2342543032909843,0.6774648748872688,0.9376227433189571,-0.7597420247546727,0.1384476924078318
TCGA-A1-A0SI,0.37132486775927176,0.616890003765792,0.5569454961168183,0.7118667787345643,1.252002442892021,0.7886069591791803,-0.9758110408306174,0.7457259953139354
TCGA-E2-A14O,-1.2659864554437201,-0.4298372700743332,0.5664017301972342,0.5144446868467165,-0.555769258940879,-0.8276305511725425,0.7686804694911045,-1.9501191834132716
TCGA-BH-A0E0,-1.500081806516928,-0.06074094262977025,0.31192704507221053,1.0784157686545763,-2.156617894602782,-1.4861023145846812,1.669551299407043,-0.781276170060642
TCGA-A7-A3IY,0.8476644819033197,0.717844103810151,-0.820074132843114,-0.4382529571739267,0.6114006276096438,1.5052015759517385,0.9596721905884648,-0.18490002859278162
TCGA-EW-A1P3,0.1234945066473533,0.5091286700109411,-0.2046254237249214,0.1213047344589557,0.26110117159771606,0.2073974390754759,0.43332120157039433,-0.150845633815678
TCGA-AR-A24V,0.5309627721362553,-0.36163974302947044,-0.18423224736539462,-0.286995817193579,1.3572362442987502,0.9069063065804526,-0.5414262103143845,0.38175985646263266
TCGA-EW-A423,-0.9065646893715464,-0.2746108898271384,-0.4362336859239182,-0.3774531906903629,-1.8200564810558661,-1.291846220417464,0.23070947185360455,-1.2965182941316045
TCGA-LD-A66U,-0.24002490769101187,1.2142112363874642,-1.0279616456837661,-0.9888678326703837,0.46040372088156434,0.37586781388667295,0.8859918165150497,-1.5290799253259408
TCGA-A7-A13F,0.0689861736348839,-1.335545769609357,1.7596456051554739,1.4318244027461176,-0.28698714881949355,-0.3701529192575378,0.1830669361120767,-0.9459221848603454
TCGA-BH-A1FB,0.41196520418288207,1.0510657838526631,-0.637290268934765,-1.1011935927402223,1.0199388778350584,1.3763356078961584,-1.2750493143359716,1.772774898886351
TCGA-BH-A0BM,0.09164965409165536,0.4418900824249981,-1.8356129067270817,-1.760983701824997,0.4694882124002012,0.08564108754909089,0.5122097819543024,-0.6918014283859687
TCGA-AR-A1AU,0.06148583764576353,-0.014618223610493097,-0.34586091783159967,-0.12731770849147223,0.5892382527607735,0.31462848112746017,-0.6718766694387998,0.7651207316170948
TCGA-A2-A0YF,-0.20566775459483613,-0.2012992152791507,0.5122088770999101,0.4547039303658546,-0.9029417673197956,-0.075868609743496,-1.1806173385712417,0.5127437608472891
TCGA-E2-A1IE,-0.6242635227174509,-1.7215818499932347,0.8412215773264308,0.40753256158421874,-1.0007621509124445,-1.8968423482951002,-0.00636896397346289,-0.29219403785175013
TCGA-AC-A2FE,0.6500977032174521,1.7066621297470466,-1.0055865920465643,-0.7980886919278523,0.7744977062650044,1.4531378840044704,-0.33828696882680037,0.9861772525739506
TCGA-AC-A3W7,0.251101648929276,0.6181638418454043,-0.705850744951494,-0.7877588061254777,0.6982970321414742,-0.12323099351034608,-1.2510021845928962,0.09365944640623966
TCGA-A7-A26G,0.6566453236014098,-0.06201479395855478,0.3396257476367556,0.5074847005573733,1.1706727231558438,0.8316598133572398,-0.7992302240690005,0.4197504851393171
TCGA-LL-A8F5,0.43659779184619263,0.8531082816122072,0.6777584045487158,1.3826662230083657,-0.050500897622699374,0.46056307466936364,2.0210037116166877,-1.596682760093039
TCGA-A2-A4S2,0.5146173007786711,0.998179361143076,-0.6852768434752512,-1.0393775271649741,0.43596091225103567,0.8866132957234278,-1.779257521634736,0.39287654585417847
TCGA-BH-A0W3,-1.687551018472956,-0.6893208481342993,1.4504531080516103,0.6853160703969389,-1.7310326694237947,-1.1966293026247725,-1.7829337698609933,-0.01947407690619594
TCGA-LL-A7T0,-0.5759897008466833,-0.026154298752298966,0.8808462692684482,1.0527424794586404,-0.5123725996627381,-0.897484931370276,1.3354567728885578,-0.4302672491694228
TCGA-A7-A5ZV,-0.49610117620607946,-1.423946649100455,0.2512324785256121,0.7026153461902716,-0.8249461585252014,-0.3282919111707674,-0.57502668394126,-0.8057885190314152
TCGA-AO-A0JB,0.2218381446986739,0.012427698928343873,-1.025557646179546,-0.1078585294162738,-0.300252392800755,-0.1955200381659809,1.6981973169593865,-0.7415970460578403
TCGA-B6-A0I5,-0.05587040790240909,0.3804883610567009,-1.1585348805410172,-0.46925638498425803,0.36289454328581155,0.2519483417525241,1.5380219883059267,-0.6326906887997102
TCGA-EW-A1IZ,-0.22655258690095012,2.2888153244034677,-0.3630278679515555,0.19928822196814733,-0.9552364619633854,0.5383575479888064,0.5501168982514291,-0.10077104146650818
TCGA-AO-A12H,-0.7573654266799236,-1.0914053881183685,-0.1657416156410482,-0.4754773375506432,-1.3018369579182076,-0.9739487255365676,0.19787683701219805,-1.2756841206708565
TCGA-A8-A0A9,-0.719458490089929,0.24164768163249375,0.2085376034865649,0.10549088679873755,0.3111798424607758,0.32514954438753596,0.13266573453617617,0.007724211179224715
TCGA-AC-A2FG,0.2727024391005997,0.04633666997955144,-0.7924604081980186,-1.1324531013331391,-0.09532762210378017,0.027267033396467803,-0.21457424338406703,0.40491715139170076
TCGA-A2-A0T1,1.2486278613875588,0.8087077311383074,-0.6678171192297868,0.31911138870812317,1.1642665252914692,0.8918567710071967,0.39856961620757847,-0.08720013860469723
TCGA-AO-A0JJ,0.5286983801093501,0.7410422038303272,-0.32677705182860056,-0.12615898111296778,0.7361880594057836,0.7776581438135336,0.1558696854251262,0.32813752631883125
TCGA-BH-A0E1,0.20472232527668796,-0.31430818045221065,0.4831185418821118,0.9131043168559594,0.23129373887472343,-0.5236922284244875,0.7897071203990084,0.2210919111683504
TCGA-AC-A3QP,0.15332384278483432,0.7287648111091556,-1.3864008040059694,-1.3150842445364226,0.6064016310314478,0.18562598790687895,1.0436563554949652,-0.2773628251761181
TCGA-B6-A0IP,-0.834025771563396,0.3505142666798375,0.25132983459501906,-0.021116787730889215,-0.36236475076009966,-0.7068211078887551,0.117857323303898,0.2620669614344328
TCGA-Z7-A8R6,-0.566369902126015,0.10693992588683662,1.4369021346149622,1.3916285307239826,-0.30297278400403843,-0.33885947084946083,1.289120665628347,-0.6853097950080091
TCGA-E2-A154,-0.9342805126907382,-0.9390463117184735,1.034301229999806,0.3541772479665965,0.13541049381855222,-0.8827076229076546,0.16601427874740946,-0.03641706410735514
TCGA-A2-A0EW,1.0082656524732407,0.3962517431212712,-0.982235205439218,-1.1502986701747153,0.999082123106197,0.7417913636020185,-1.3715825089872606,1.3560843564538811
TCGA-BH-A0AU,-0.6813801204459353,-0.8768065709641369,0.30358433766265674,0.2679120956893162,0.38131522156309267,-0.6940541685289717,-1.5737438477873564,1.9280544562089026
TCGA-BH-A1ET,-0.307811552961743,-0.5179093771001108,0.029269857935953183,-1.0677008423839898,0.12740153219701864,-0.4302712577137187,-1.172052122107927,0.2421321150333122
TCGA-AO-A03V,-0.4425410767696363,-0.6084390893484215,-0.21847092735596704,-0.41761842541207456,-0.26440312517705694,-0.8226707016929488,-0.34393670098004686,-0.1083305781535417
TCGA-GM-A5PX,0.6157287781707889,0.3348598775172426,-1.3663299349805145,-1.5782729784738636,0.7106394115625844,-0.38960248984415446,0.42818982147875756,-1.4713943045763473
TCGA-C8-A135,0.637879498342032,-0.028242547988712226,-0.16329115110952536,0.7342397515750733,0.4217377548502854,-0.1632479291136409,1.3181235176754253,0.06617592650258818
TCGA-BH-A0AW,0.6527220790284696,1.0409270583486674,-0.9649210160731237,0.3648468473156059,0.523249269159158,0.7199453793297228,1.1388470867038294,-0.44811952307632463
TCGA-AR-A24N,-0.5915293385841771,-0.4877538849021196,1.0927904857498238,0.6940734464412557,0.18553776268484995,-0.4250591508059932,-0.2886510397119184,-0.44062650206303283
TCGA-A8-A09Q,-0.7477562567912888,-0.6219344161942655,0.7059688534464881,0.459724278604923,0.008058168546174435,-0.09180575356551711,1.0185861139492387,0.240969761395473
TCGA-E9-A22D,-0.677607075662248,1.9947962727701363,0.6909208557672661,1.079791397182691,-0.46547527022207297,0.6988656501909795,0.9195514623987657,0.6686812409291273
TCGA-B6-A0I6,-0.004722879980495277,-0.7059098757696118,1.7459534760503166,1.5856873465715613,0.7025029151298935,-0.2577181824750737,1.1573083925054146,-0.49053981995993656
TCGA-D8-A1JH,0.7595638774777353,0.16775389841732216,-0.6595728342428463,-1.0110343623043683,0.9552460006371888,0.5585112190514904,-1.4240454641027955,1.0050882223632491
TCGA-E9-A1RE,-0.9786984078415746,-2.1224177439380525,0.7799408396796407,0.4577973369226139,-0.6868996434149668,-1.9122874811751087,-0.12654976519916247,0.14355493077388667
TCGA-E2-A1BC,-0.04273463799912129,-0.6833519631063988,-0.4721505243031922,-1.4421598603815304,0.7193856592141498,-0.35019977224213,-1.2383654955773313,0.6056754197149793
TCGA-BH-A0C0,-0.6103315495475925,1.5796008773772232,0.45226115002223727,0.8649849659567036,-1.0061722376614917,0.921038411902908,1.1546288952727686,0.12744105071009307
TCGA-AR-A24X,-0.2883476401558258,-0.1988113474191493,0.6430166053819567,-0.11751976738213098,0.7293630006730571,0.1501615128540518,0.5164055410868863,0.8613498154896638
TCGA-EW-A1OW,0.8977739698774282,-0.9314334929261724,1.0454116146493988,1.4567448024413723,1.0113282006568138,0.37324414377411974,0.7229371981047322,-0.09747281000140347
TCGA-A7-A3RF,-0.5130012011821223,-1.4444900232753106,-0.7439376736676443,-0.8642525528099786,-0.9030623292709296,-1.1818004615122797,0.10394092138147856,-2.0496821960270024
TCGA-A8-A07G,0.323601146354239,-0.9299488883595235,-0.7708442866031586,-0.7899423203895413,1.0975132312255573,-0.25126051635387975,-0.3249292981967147,0.09595356534701166
TCGA-AC-A23C,-0.4447011970862382,-0.35312435301122547,0.21936790556143979,-0.12905677479998037,0.301779029555903,-0.4980116813577403,-1.58151943587452,-0.5106803614631175
TCGA-AC-A23H,-0.2601164618370088,-0.9076970015102441,1.0056808868994485,0.8475262999603159,0.24239240995486708,-0.6213936856122023,-0.28061528163365096,-0.4737461396015106
TCGA-D8-A1XF,-1.5823818487934354,-1.5946755275535174,2.128506991622579,1.3706395936089162,-1.9328063052527433,-1.9059523925098456,0.09978118990142487,-0.04215921062053959
TCGA-AR-A0U4,0.7392480696057412,1.9153036277085285,0.7148800820721009,1.0151434695530315,0.35856858029673966,2.795797820379519,0.2343119685828943,1.216870377880574
TCGA-A8-A09C,-1.3993249482970114,-0.9069884667513863,0.7605784386036258,0.26620247773183375,-0.23562773306411752,-1.2756283148222598,0.9105387062538534,-0.635671809888648
TCGA-AN-A0XP,0.12138141183113287,0.0875752972677013,-0.04752539809171515,-0.637944650323275,0.0889468802261171,-0.16874656107851355,-1.0647416526512297,-0.9555682726748593
TCGA-D8-A1XK,-0.5390201747447741,0.4229741387611855,2.55288964076799,2.266942944570514,-0.5216366521207533,1.477061990529747,1.4672954372329514,-0.39780623271821114
TCGA-EW-A6S9,0.01946783836420595,-0.12874823518922562,-0.07234234995067393,0.13240291282162472,0.9987962435837706,-0.16165746106105555,-0.04195840655636931,0.11954825443986955
TCGA-A8-A08T,-0.5978374772093087,-0.7081833020638064,-0.24416476183982122,-0.5257343657509324,-0.09531301465420416,-0.8599383356730148,0.3449135749906564,0.10491227145263617
TCGA-AR-A0TP,0.058411755573211675,-1.1922393041388741,0.9362926304518168,1.051639433278974,-0.07210757497205217,-1.0796613118681646,0.06508047010502606,-1.098228913980389
TCGA-E2-A15D,0.3094487848903095,-0.21781139498583835,-0.5216862049788885,-1.1880717056983552,0.4776407734663526,-0.5454307656051803,-0.6945173625402726,0.3823546580266716
TCGA-B6-A0IQ,-1.4143625277266343,-1.4744400641422715,1.3424655696535102,1.7130366390091691,-1.0718093824047064,-0.9649832837495594,1.8415319479409218,-1.7165781023124913
TCGA-AN-A0XO,-0.05470878764210436,0.00485044750931832,-0.10346987527351828,-0.14989353149124737,0.6820597017956013,-0.4021045486946542,0.5731409920052634,0.10974883193514011
TCGA-BH-A0B8,-0.9224096207861833,-1.0173831906824755,0.6118774994525673,-0.04984864983791764,-0.13432302705063232,-0.9371583051319519,0.7652050134917415,-1.0498802523182336
TCGA-AO-A129,0.4919250196057637,1.178664633722316,0.4160604858767537,1.1839500492841382,0.2178186652663374,0.8827405207027572,1.4366863385495356,-0.018396681921975983
TCGA-GM-A2DF,0.6828269095569413,1.370867511265736,-0.7518809915936012,0.9512289140051404,0.2398770687952894,1.0614360795776039,1.0600882808959913,-0.5053758013501727
TCGA-D8-A27M,0.8679268103978369,1.2398956605142983,-0.3348313238833781,0.3325612154378987,1.2735734878158593,1.5016428593816202,-1.4876235504974662,1.5970353595092421
TCGA-AN-A03X,0.212268189611078,-0.6581606568847352,-1.2756387793075081,-0.62366567297732,1.425879483809738,0.11431454680816128,0.1338601404748962,-0.2369566591508551
TCGA-OL-A66O,-1.7536161333109634,-0.8447496340052116,0.9545798330401066,0.7632250842832197,-0.9088106023978634,-1.668335017598414,1.7731752692283442,-3.0445674586413474
TCGA-EW-A6SA,-0.9861247191186068,-1.6043060620293519,1.1376065760979122,1.03256057571317,-2.0426956201034963,-2.915913373910788,0.3349126677794313,-0.2674712416164569
TCGA-BH-A5J0,0.8365719024026704,0.9567153821562212,-0.9717064966820517,-0.3494507106403646,0.8305479404192739,0.5570585511222207,0.45312974436431447,-1.3373889571775808
TCGA-BH-A0EB,0.3687449649024794,0.3793829862835604,-0.5330733913267371,-0.7313596489526778,0.6812573104728608,0.2759516875555302,-0.18837852977944328,0.25354057302945654
TCGA-B6-A0IB,-1.4408122946038104,-1.0758143017525466,0.048623092005195975,0.4107344792352992,-1.3733191419228437,-2.1606534464776175,0.1160422512909574,-1.6450493513689797
TCGA-B6-A0WY,0.4481746699023909,0.11272397708513894,-0.9340590829939476,-0.6139269819690486,0.8157106312329279,0.37005064431342755,0.28890469877523073,0.11846955242905899
TCGA-AC-A3BB,1.0709136303332694,1.8898286605629335,-1.2160561962179712,-1.161959208334181,0.9642037284286626,1.0503335210259708,0.2221984602512302,-0.24691578397041067
TCGA-AN-A049,0.09615477477664179,-0.41131045188970655,0.8872045889564781,0.38485947377831997,0.43230828415273154,0.04094587768936135,-0.04347064773230309,0.7784860145276079
TCGA-A8-A06Z,-1.2322514791258088,-1.8353609639447679,0.5180043094977455,0.39707598650198794,-2.3014413150833946,-1.8941191775998327,-0.016944870945624396,-1.0189544486659512
TCGA-C8-A1HI,-0.6667425538428723,-0.7377453023528198,-0.34446490197150686,-0.4544724380606179,-0.2031686847279018,-0.8008053848801929,0.1647001956379658,0.1585761989190445
TCGA-BH-A0HL,-1.4998999789536336,-2.3157604431581196,0.7100278909981308,0.2924222536936214,-1.3839223352202008,-2.461174586682683,-0.8634705806769675,-0.9558522181142249
TCGA-A1-A0SF,-0.7497599163981911,0.12056933981365921,-0.613034761946109,-0.3630583024709084,0.17487678023731718,-0.5291764109227528,0.6493149449429861,0.5501544995154998
TCGA-AR-A2LR,0.7260149820210154,-2.0960300311410247,1.1466441842797668,1.3583030972929526,1.161756686906353,-0.6168620991565167,1.0762293983504987,0.386874931652194
TCGA-E9-A1RF,0.08691607698154398,0.6050567532624741,-0.33387038742583314,-0.1951067685599767,0.7634246501608071,0.570774494825413,0.547248089878544,0.00795728223516395
TCGA-B6-A0RT,0.25308624800988,2.6956846195082167,0.8606836933241613,1.0049457781660918,-0.1660795599564291,1.0695742771941787,0.24531896860853786,1.8300675065676393
TCGA-E9-A1RI,-0.24774219882622123,-0.8397675687144381,-0.09768775962620561,-0.814116025751298,1.156704840431457,-0.035457759962659444,-0.586708080949088,1.0048432571929287
TCGA-BH-A0DL,-0.3001326506743693,2.4780357747972124,0.9540908049437593,1.1019563715345901,-0.790078615181532,1.9780751300503623,0.5796553249569358,-0.4512889046781498
TCGA-AR-A251,-0.13097272262639378,0.13254834914117122,1.1338727806812987,1.3092294826922506,-0.08625479945821664,0.6223357078883379,-0.3861017339672681,-0.7483856175595254
TCGA-AC-A3TN,-0.5719394076391325,-0.09947906949866378,-0.6826267225749353,-0.9362212360835305,-0.2675155096166461,-1.063555513991799,0.3788755927507748,-2.627516422267934
TCGA-AC-A2QI,0.8399966797190768,0.6155318716654751,-1.1176210956990977,-1.2453941434324576,0.6029314806664865,0.05386583506570538,-1.040970312444468,0.036008663909188304
TCGA-B6-A0X4,-2.386770125089728,-1.5310481444548274,-0.3482362098181766,-1.0600709907101529,-2.2818689243566626,-1.6232743944857564,0.10348116416097246,-0.9165134510444382
TCGA-E2-A1B5,0.7413444895213726,2.0264680853909467,-1.1649114034368857,-0.7621145307173077,-0.14773401332348055,1.3157545491354068,0.8002825628182066,0.9528422480408877
TCGA-A2-A0YH,-0.19194081936104093,0.34698570135197027,0.3443816313674525,0.47818384835796685,0.4380459471625549,0.6594109976311409,-0.14005874951490588,1.3690775764276384
TCGA-A8-A06T,-1.2431597952066742,-0.8077904146127859,0.9982536132068518,-0.031141788649678506,-0.7157984924748774,-0.7946192980597582,-0.49875307589058826,-1.5459194847199969
TCGA-E9-A22H,-0.6753532771317062,-0.7279184599038113,1.6483252400720259,0.8911750085961238,-1.2650259717211199,-0.7707795092182186,-0.4760501234248446,-0.24381646172579238
TCGA-BH-A0DE,1.5304298026081338,0.7933626298059899,-0.9990309875509096,-0.9361818550634752,0.8854837190366868,1.2166901089125117,-0.784319433636856,0.4995969178091398
TCGA-OL-A5RW,-0.6314572582013457,0.5781092711107609,0.3499541915091057,1.0926512205265926,-0.6055142601630703,0.42733529013732013,1.4378463593104862,-2.346751242365615
TCGA-A8-A090,-0.04354530983148615,0.0034954091321064075,0.9811568209863765,0.5365650508356322,0.037205163058961835,0.29913513146660514,-0.8576322797710751,0.8218121061136104
TCGA-AO-A03O,-1.4932793525397017,-0.3360330575173241,1.649661418050091,1.0967006091878841,-1.392878664233115,-0.7036891207252791,0.9874397926636553,0.2999279350509688
TCGA-BH-A18S,-1.1758346907219317,-0.7843333246949704,0.030555408136520905,-1.0061547736687684,-1.63317011088413,-0.9400341025382479,-0.16381964753580636,-1.3920817965071766
TCGA-A2-A3KD,-0.1216615754536328,-0.07933696333565726,-0.6952371558074131,-0.440908548712615,-0.22375910241778305,0.059774489518046744,-0.7243996592199275,0.8043162331953029
TCGA-E2-A56Z,-0.9408083514618877,-0.8330503278534102,-0.12904749720158332,0.2531200864336957,-0.8769096320944534,-1.4379772258697296,0.2937403475609341,-1.1818713811604338
TCGA-BH-A0GY,0.022626253404254257,0.3875271433124259,0.1036908324870926,0.2546449747172697,0.4502468593872747,0.5879770064884728,-0.04734473375972191,0.6176509598599507
TCGA-AC-A2FF,0.9081524546862523,-0.13166384687161609,-0.5561381628337243,-0.590497583968379,0.7530873579356747,0.02432452643046976,-0.35923359734910915,1.7250505013533641
TCGA-BH-A0H3,0.872627171353765,0.14799497365035402,-0.4363430613345951,-1.020377505896512,1.0305117566505042,0.3254537482969185,-0.5726976782684012,0.6922367423349727
TCGA-A2-A25F,1.3508595860401351,2.632137684568217,0.41889992526274733,0.9262950647682096,1.0782206020112242,2.371496934688958,0.4392413796799148,1.7588329783843057
TCGA-A7-A26F,0.8395831454314966,0.731892535657359,0.8318457401839623,0.7442852861294336,1.0193852802816277,2.257324731355164,-1.5620600054977176,0.5157825416291454
TCGA-A7-A26H,-0.30973329324343113,-0.4609475003587018,0.4241933860948594,-0.19405391795399018,0.6554191674877612,0.2742806610980546,-0.836193976498297,0.9411893087671832
TCGA-B6-A0WT,-0.4414396913127014,-0.7676658407436163,0.8636048142606726,0.2080964254409637,0.8340929587024799,-0.651779079281666,-1.3054544216915733,0.03094371493580027
TCGA-BH-A28Q,-0.33461326112098694,-0.2210575617950099,-0.023884012112667163,-0.8592952510977571,0.310300512865337,-0.07294068399696754,-0.2183826080178676,0.46744121493779095
TCGA-B6-A1KF,0.0011050743103864049,-1.0238612939571838,0.8741104177045611,1.4372043261776966,-0.3845872367125149,-1.693618571502478,0.658085201679398,-1.3388756775331594
TCGA-S3-A6ZF,-0.6877083106855464,-0.34638081574641943,0.4857578746793692,0.5131167016195051,-0.08027875597143735,-0.5332441421485802,-0.46833104043911533,0.021076762239185344
TCGA-WT-AB41,-0.8675881511250406,0.9480715563337129,-1.0153448026680065,-0.6041331893613361,-1.0393064074410625,-0.027166420644547322,0.4708207612430124,-3.000206278717184
TCGA-AC-A62V,-0.466084093500289,-0.7359500615664385,0.36329301311877377,0.8860663137042657,-0.2859195003106682,-1.3660410296508716,1.2024796507926458,-2.599591461816032
TCGA-UU-A93S,-1.1006042642995102,-0.25863351391986905,1.016016663933376,1.280832066656169,-1.9342446502051356,-0.30695759328593153,1.7530464311440854,-1.1730535915968212
TCGA-E2-A1LK,-0.8344006683991942,-0.9171616146468189,0.21405057213174059,0.6781826912520664,-1.2517486022485953,0.012886820018462582,0.7741388893561748,-2.5726681754030047
TCGA-S3-AA17,-0.10535137612748605,1.866468715867491,-0.14345253816979464,0.1652543319545831,-0.5192869286785889,0.9505176904066217,0.12453237986658211,0.525875109119016
TCGA-BH-A209,-0.7006520485434565,0.7390658411063189,1.4302344219540506,1.4184162705596863,-0.405195499806446,0.8092235032021999,1.7071586883721395,0.3514618518099957
TCGA-GI-A2C8,0.8843052006706272,0.0886934706540086,-1.9767248371747062,-1.9084592738179325,0.9412558498976225,0.6554321822825555,-2.2211159407444243,0.9235793094364142
TCGA-OL-A5D6,0.7380563738879568,-0.1825879393935345,-1.4965664517606596,-0.8458442930887022,0.8375209502072457,-0.1633954039252256,0.15489324830005613,-0.2778486107823056
TCGA-BH-A0EA,1.0812144750282786,0.3433451335205716,-1.2425636454861833,-1.7357501994487683,0.883887749059637,0.12175034662227953,-1.2018643379868625,0.583777255380648
TCGA-E9-A1R4,-0.10375748666754277,0.2772323306755487,0.40131269358605876,0.05793981918392431,-0.24006010756203133,0.15591899033396017,-1.1330030984691253,0.5227038483483545
TCGA-A8-A092,-1.5304048418203833,-1.6651334560811615,1.777475620512376,1.3332999194674773,-0.5309059854263454,-1.3283056901820092,1.1520191565763909,-0.1577009920913853
TCGA-BH-A18F,0.891185523469403,0.7170962068095584,0.694283064049055,0.7267470138271338,0.8930666681271053,0.37535824701707776,0.07138926490945312,0.5567180380607496
TCGA-AC-A3OD,0.0465845630303758,0.1969719389578657,-0.5354480065291605,-0.31125745300669816,-0.2869579003880204,0.3558757459382035,0.1644938554003322,0.2280725992040221
TCGA-C8-A12V,0.6550788391666974,2.9877722834275384,0.2202669029318861,0.5846797647221423,-0.14504583766251639,1.9608779619355041,-0.16734471977805665,0.6337835669162307
TCGA-A8-A06O,-1.375681168194545,-1.1628489067737842,1.287454058235537,0.9409641255059862,-0.5338473992650389,-0.8751179347523563,1.1887421475409043,0.4953298106549301
TCGA-E9-A1RD,-0.42107585519962987,-0.9025761651355447,0.47599747983530777,-0.3249250400200732,-0.2560036790241495,-0.7896650517586354,-0.5113302697431468,-1.0921925901223692
TCGA-A8-A06N,-3.0935946696784895,-2.854345254716,0.7914159687189569,-0.04863593607896355,-4.495451001846527,-2.2218139380832795,-1.155263572905039,-1.1922244129405155
TCGA-A7-A13D,1.037378950921829,0.1862660058268908,0.3328295067373212,1.2271867732149053,0.7558530808600532,0.20793677656223264,0.7948573004482521,-0.08856442495524101
TCGA-D8-A1XQ,0.05468995854489532,0.5040583658863517,0.4414879349347457,0.6330742433383165,0.4230424064373199,1.2113448012057244,0.5691006426613225,-0.6890542005185963
TCGA-AR-A0TW,-1.1707205050609975,0.393754964348556,0.2066725143398174,-0.14013739732028438,-0.9474973978383172,-0.08555704847119365,-0.16670685058404847,-0.24921783866684566
TCGA-JL-A3YX,-0.5135179393954232,0.005272556014490796,0.3447903314231286,0.39700473707916717,-0.17482501595764677,-0.5939757467800288,1.558716654181908,-0.7409523147318393
TCGA-BH-A0H7,-0.19968635943843766,-0.7523749582382204,-0.6842783373997525,0.11559863620466374,0.9711441739871266,-0.35755572670450897,0.3561177616910051,0.09470785985373116
TCGA-OK-A5Q2,0.48852298965570595,0.7886135210159361,-0.3237717355657792,0.16312418726502276,0.45920980279728135,0.09940667993924207,0.2986555899320108,0.1880571339884782
TCGA-D8-A141,0.8162013077115943,1.4784951726016675,-0.7661814250732008,-0.7675153590338771,1.5497230769774963,1.5124861272892134,-0.366133641823236,0.871994207484662
TCGA-A7-A56D,0.2949154221561443,0.23053572429509095,-1.2922089123751033,-0.287851103429669,0.6467707292169119,0.165772385903221,0.2561436197673234,-3.4253479429614773
TCGA-C8-A26V,-0.6149943541968748,0.41101623262688725,0.22497873981276068,0.4167442339283168,-0.14179405452468766,-0.24276272832232612,0.12589522015007082,-0.415426488125465
TCGA-A2-A0YE,-0.2838441774214681,-1.2244855022050798,0.9797695414227269,1.3088638250545601,0.4192425372588049,-0.5587861800160516,-0.5612542399620486,-0.2444903751620795
TCGA-A2-A0CW,-1.2312280282926715,-0.9299246250400285,0.9981726960918587,1.2316607812953866,-1.5251388364742873,-1.0047142054776648,0.34433053343776604,-0.21347048514021483
TCGA-AR-A24K,-2.0234009512036457,-0.9200090813712941,1.993772690770633,0.7980716599358186,-0.6719286742714835,-1.2180329264396572,0.9303935394433797,-0.28615246126849936
TCGA-A1-A0SQ,-0.5411849977443931,-1.3133319043628686,0.4936383193589503,0.15458385962631108,-1.0911373398706197,-1.2210174688698128,-0.7417101473293564,0.047752818660979995
TCGA-C8-A27B,-0.5620477185633758,1.18877973920991,2.050317394773826,1.8574559459782163,-1.0855787456514436,1.7363804375132983,0.8033492137709431,0.09319403305693424
TCGA-D8-A143,-0.07014275305550377,-0.3795236620918003,2.2246908239707754,1.9347459992239109,-0.6192337333751263,-0.19102642278654175,0.6630434749692651,-0.3126444630212295
TCGA-E9-A248,-1.2609747225145107,-0.12599051456800128,1.2641637013309532,1.2913641809862197,-0.8081806708418184,-0.13953634687047597,0.2781728633039224,0.9317791706851795
TCGA-A2-A04N,-0.03229464704307773,-0.32155617837352585,-0.44830892149525503,-0.7001663184344639,0.8022736544553154,-0.26864178007093636,-0.3184807076164865,0.5604835102458767
TCGA-A2-A3KC,1.0353825102649215,0.22444503695121423,-0.4789270502447328,-0.2568367873112627,0.9177038025927067,0.11158980425490302,-0.8393544938182849,0.6514653837557398
TCGA-A2-A0EM,-0.262102614148511,-0.73951487275249,-0.13906956164326562,-0.39930186883934,0.5220939929831233,-0.8192856971379396,0.020001628700159674,-0.14399732337003018
TCGA-GM-A2DI,0.89595958028373,2.4916322946825913,-0.5829437129015096,-0.6849471285462447,0.8873697886287717,1.967640864986322,-0.2007510147594372,2.131408046777664
TCGA-AO-A12B,-1.1976038576454258,-0.9386487947793879,-0.1528291811728508,-0.2062512796172621,-1.6743993425953876,-1.4816947026464127,0.6147791701595682,-1.198216141858797
TCGA-BH-A0DT,0.44784835977991266,0.8338607650230028,-0.464880242077729,-0.6826211624787092,0.93108964790051,0.7257888155764808,-0.7422679894274282,1.413153974520188
TCGA-A7-A4SC,0.5940169744480229,0.18002935190914332,-0.6705328458423035,-0.997413605550114,0.33390509416780473,0.11056413019047287,-1.489906478296192,0.2634913779833839
TCGA-D8-A140,-0.35213426710744594,-0.7366776092822411,0.5042032196036399,-0.1495396343476766,-0.6924668893241778,-0.45019794185042356,-1.4962898930066209,0.820579588604128
TCGA-A8-A07O,0.29159221404014063,0.30467764519015716,1.5730842263083338,1.8441954012538238,-0.5455060674171414,0.5456762085706914,1.6582977870856879,1.5078030460524137
TCGA-BH-A208,1.67751206010666,-0.3662364552802851,-1.5977954204910603,-0.7891658911186068,1.879199754125258,0.5791186962547609,-0.6371895916034254,1.071573865406018
TCGA-B6-A0IA,-1.998405650639032,-0.5144405846222541,0.14208184383749856,0.4185176133564492,-1.7720203974250488,-0.6795685438755402,0.9379995842156075,-1.7306872440025185
TCGA-AR-A0TZ,-1.0020200206053436,-0.7043759816072473,1.951502741911505,1.0837633720577742,-0.2553808607542495,-0.46609978031549737,-1.306402249657299,1.5247849850060895
TCGA-E2-A10A,-0.6180606722517548,-0.5271670064841398,1.0631909046739016,0.7386228608134429,0.010564043867405278,-0.2018822385329808,-1.2015025361481917,0.4432738863449379
TCGA-A7-A6VW,-0.5320478863515338,1.0426224509940472,0.7519065319472549,1.5512768703361057,-0.21367943215887542,1.2499463299776281,2.3831616095860975,-1.9718275093881044
TCGA-C8-A26Y,-0.6094639557174117,0.9053596864206019,0.8197965086827854,1.165206868079168,-1.5470713769073552,0.009921799985066343,-0.6558230968747265,-0.7500862708653174
TCGA-AO-A0J5,0.5513717858640165,-1.0074836787870611,-0.5602593408573996,-0.33010961366618,1.0913410190036628,-0.5883587714768733,-1.3080381801203675,0.5748801631793133
TCGA-B6-A2IU,-0.887489314808807,-0.3447772453827225,0.626046610278615,0.0653031021089159,-1.1116944170666168,-0.8494208776260156,-0.36368817481512367,-0.9720415258887383
TCGA-C8-A26Z,-1.2009297452076007,-1.0745071381439317,0.2988386739983532,0.05744441400317524,-0.4193427091006529,-1.5882152259148845,-0.9007943011174032,-0.2097102342961302
TCGA-D8-A27N,0.4728044760426311,0.3582167811696772,-0.5123553404149367,0.25470393474214703,0.8284588697229082,0.6328989474255439,0.6165879892944592,0.18416555649330707
TCGA-D8-A27K,-0.159163137790281,0.1878267251586985,-0.048187396810420634,-0.7453586873381398,0.5003038060660626,0.142783933646862,-1.15715395187984,1.5457204139744252
TCGA-E2-A14X,0.04381100325986317,0.6468000881077433,0.4824329664740246,0.8285882425033321,-0.48299829648867415,0.0038445743297743284,0.6871764408192115,-0.10146460940133122
TCGA-A2-A1G1,0.30573507463465643,0.8978269539735255,1.15009367523503,1.2376292386734347,0.6075906647773285,1.2454069069926128,0.36693304816275646,1.0997613955836054
TCGA-A7-A26I,-0.1502984902487543,-0.30875784198759415,0.8800911877763528,1.2760970012217703,0.6500397566960845,-0.17185124284438855,-0.04092611529451311,0.5482416186511223
TCGA-BH-A6R9,1.8623449140776405,1.7143993924228613,-1.2669643648983473,-0.8219787129876444,2.4798559360465804,2.3291355838079,-0.2475860002325777,0.44331022932768877
TCGA-A7-A0DA,0.4267414788725973,-0.7376635810812303,-0.374890844159273,0.2647830197891008,0.758484939503139,-0.09260660961314086,-0.33599766254072544,0.362351883960414
TCGA-A8-A09E,-1.4146863460275203,-1.0586251070837709,1.399168943963424,0.7884444821998218,-0.9624100952118188,-1.0436654878593745,0.40418495627823237,-1.6501805934192002
TCGA-AN-A0G0,-0.07290802892837413,-0.41845105226661633,1.4320159249374327,1.482106709842823,-0.16782452321309901,-0.20086683437421843,0.6135223044374192,-0.5855909823278308
TCGA-E2-A15E,-0.3567091539292593,-0.8474843483840001,0.031085657993493273,-0.3082224966163849,0.30382630792914783,-0.4152901718298254,-0.3328459130954731,0.9403759638730518
TCGA-LL-A73Z,1.0773901907780594,0.7389787592352018,-1.03747867978925,-0.05327447886454278,0.7153927059691901,0.5018419542379992,1.2164421602064173,-0.5437381939120571
TCGA-E2-A9RU,-0.5632294025664368,-0.00847415226846876,0.44192842165668283,1.0084454466287418,0.16475779563384935,0.06747026861139974,2.422453212774045,-1.4749253919028795
TCGA-LD-A9QF,1.5685730991416857,2.703232984672192,-1.3157337337691566,-0.3970819014455255,1.0129284973510095,2.2589739528522066,0.614551658564971,0.9452280441706327
TCGA-OL-A66P,0.5135633069297421,2.668068484360815,-1.3609619956171586,-0.1462869448778174,0.1917996118515644,1.176361138019446,1.4459507089855121,-1.21912436439695
TCGA-E2-A1LG,-2.0209761705245053,-0.5745105884137309,1.3554830855951574,1.504281057788695,-2.3058322456139178,-0.2785050073513327,0.9590047816025057,-0.8360587397151228
TCGA-A8-A081,-1.4147570474952698,-1.05232478285851,1.718966579866779,1.0456641503546797,-2.2317839979514242,-1.0764726805714488,-0.12818950641932622,0.6713921220817616
TCGA-A8-A0A6,0.16602509629517018,1.132954328194995,-0.708344792932417,-0.8372301102449993,-0.053241250881683376,0.494303193287418,-0.6052398969645384,1.064413795021106
TCGA-BH-A0HB,-0.5899504586259718,0.5849467334698056,-0.2479151154054174,0.6747743114118441,0.06618292024569708,0.4277521073909799,1.5445346038784196,-0.5119351254192777
TCGA-A8-A08B,-1.809152737405007,-0.1001633482943308,1.4258949260018754,1.160324751561651,-1.2714790847492135,-0.1851946862526658,1.6618652303656414,-1.2993656086798273
TCGA-E2-A15L,-0.15255887162772877,-0.327675567757182,1.009211855679551,0.4381102761535447,0.7656197228740252,-0.3574946642524961,-0.3877263837803211,-0.18215492319901194
TCGA-B6-A1KC,-1.4133726982622266,-2.9388091959542084,0.9461967952589274,0.30213295933611917,-1.6570706368859265,-2.3042961651860554,-0.662840140983423,-2.07061313415377
TCGA-E2-A15S,-1.4750603701566443,-2.7704258147604484,1.9610316269323973,1.4098539513110946,-2.123601293692306,-2.8784035232809373,-0.20930083126388724,-0.5684567205053215
TCGA-A2-A0YD,1.617839262012397,1.2907331176348065,-0.9404222159390933,-0.8919734947809155,1.5021039415511923,1.6119577224542896,-1.331243378146156,0.8783054640533288
TCGA-E2-A1B1,0.7036290344437092,0.5003234617733542,-0.1223152840157422,-0.12475017749793063,1.1776754212656813,1.4045762787467817,-0.7912560875504802,0.6623209727154439
TCGA-C8-A27A,-1.7030797705003666,-1.7631395554025306,2.0116035897088316,1.5030431876182502,-1.387996803382482,-2.0318697837174176,-0.15370836732169568,0.18016083476669895
TCGA-A8-A082,-0.6575494138920756,-1.1361589815297948,1.1080893539070111,0.8486705639877962,-0.04202106646329261,-1.2213688085567624,-0.7799666835210448,0.48889382126036
TCGA-D8-A1JI,-1.688465015893329,-2.1159666699467903,0.3263013854367385,-0.7392465921216589,-1.9489654334608792,-1.182886508032969,-0.6986044344203283,-1.4483994347601419
TCGA-A2-A0T7,-0.03201057488142428,0.10059213229841718,-0.3933530147628405,-0.17000231459786344,0.9919412747828787,0.29700704104045644,-0.9074905476016175,0.7104701745594388
TCGA-E9-A1N3,-1.9361425212269074,-1.9018558706282584,0.512721596829799,-0.2273268626623058,-1.872334748026216,-1.9484829525195426,0.07381814776466285,-0.60257106618083
TCGA-OL-A6VQ,0.8376136801826632,1.449345125678565,-0.9266008690417175,-1.020773203378102,1.2444652325626642,1.6606996867153094,-0.9175724247751362,1.2973573839222543
TCGA-AN-A0FK,-0.32715400532303923,-0.7000604903734414,0.2604786978848341,0.043399863380872816,-0.4125510490291314,-0.9520465328935133,0.3918204015347209,-0.2589966728101705
TCGA-LL-A442,-0.7867874366284677,-0.8306513453618396,0.9648605551036015,-0.09118234361406644,-2.4118173407573034,-1.3084216130980675,-1.4557072972486973,-0.004325527436975361
TCGA-D8-A1JC,-0.07388954638937459,-0.6177167082754449,0.7244857188093454,0.6936994924176303,0.2830574988880494,-0.3098774237557821,-1.5321075020453785,0.1325945720641732
TCGA-EW-A6SD,-0.0900932056964334,1.342818601118824,-0.18648312129126815,0.311814168531743,0.004845132540433342,0.6485882900189585,0.3292753812607365,0.7931439770303382
TCGA-A1-A0SP,-0.1571565896796875,0.5984606921240692,1.231113128734639,1.6248248778640202,-0.037660298117417654,0.3778947632043601,1.8319233462679945,0.3072123836558632
TCGA-E2-A15P,-0.33529893136160066,-0.7503896949197418,0.23433062876735894,-0.7589066231101372,-0.1779295743733157,-0.8175215492276573,-1.440585240831385,-0.3436907442128779
TCGA-AC-A6IV,1.7587594702538296,0.5778138814419369,-1.1960105690934473,-0.5393784240383175,1.2560737685213323,0.6445277390364393,-0.5215362919648474,1.2079460695992095
TCGA-C8-A1HE,-0.8337891542561507,-0.7639594019221987,0.3525229302886534,-0.3281074105647908,-0.5528223119397782,-0.7405102051954287,-1.2388120783495646,-0.9085882329607347
TCGA-A8-A086,-0.33706434020405757,-1.184318874207666,0.49388508690766403,0.4448141801082655,0.7550903325967658,-0.6586320843906553,0.4492477390575528,0.6452149002430922
TCGA-OL-A66I,0.12340197455931774,2.878671096501088,0.4900859240856089,1.290843734009314,0.6701625002710945,1.5710776170800467,1.2891555868845068,1.0454041241613232
TCGA-E2-A1IG,0.2941243137034397,-0.18302414456172003,-0.42903026288612056,-0.36005050379401116,1.1403689422171939,0.08209613716202123,-0.5450306937939449,0.8161924097880295
TCGA-AR-A24Q,0.45926877520174425,-0.07528707429982454,1.1813579387340565,1.0842626293905417,1.0233293332422924,0.12641243101108665,0.8911546716081741,0.9481078134625817
TCGA-E2-A1B4,-1.067973510062494,-0.24554073474637808,-0.7930967274097392,-1.306214066822024,-0.2150838810151052,-1.1182380425445186,-0.0051567644204532645,-1.3916656449618006
TCGA-B6-A0IM,0.04738001265304265,-0.7592805649931562,0.637349855762743,0.43617359314690723,0.3313341076252323,-0.8375472964135967,-0.962654814251349,0.20510126242297833
TCGA-C8-A12T,0.012712378363832575,-0.15116105490990467,0.44355572265827364,1.2102377832668043,1.0313502895813802,0.0822224362540631,1.420672358669261,0.15955079330646987
TCGA-A1-A0SK,-1.9080558279251583,-2.844678550104241,2.8314483567924995,2.25963659293958,-1.8046675124723297,-2.9375866627240117,1.9958431061506785,-1.7434683872996406
TCGA-D8-A147,-0.9967032431811113,0.05618032953723275,1.8653036916649481,1.3741748439253372,-0.23323439435070026,-0.14663723196919515,-0.03428901069436288,0.35771360474621655
TCGA-A8-A06P,0.6710236480443227,-0.43734595103477486,-0.7045501997525966,-0.8844281928862333,1.066503602740385,-0.2553061876940458,-0.22177485485292966,0.44838772938422694
TCGA-A8-A07J,0.7718683972428032,-0.04921000893303241,-0.8286436016446391,-1.0846264929050928,1.0194325347551956,-0.0871238740630064,-1.6037837528232046,0.036938299509551194
TCGA-OL-A66L,0.6808422652207082,1.1381669161167152,-1.5602992363053731,-1.2454638414758992,0.3941691494387592,0.7566480149699718,0.8970341864878784,-3.013339628062872
TCGA-A2-A4S3,-0.7146656804089652,-0.5906647835875586,1.111873445068288,1.38419988868373,-0.5124117286611808,-0.7174380385938763,1.0527321826476816,0.8643461067208434
TCGA-AR-A5QM,0.9398303769815409,1.2472220084637784,-0.962263453562516,-0.5741824691180079,0.7145108820075973,0.9732364865303877,-0.3454259788344646,-0.5025790259138778
TCGA-AR-A0TR,-3.0785153476548115,-1.4440690536528806,0.7646246628652021,-0.7644489230991471,-3.598005234013233,-2.2439961899075653,-0.8649390411189806,-1.4579594408137286
TCGA-D8-A27V,-0.17749112212737464,-0.3218713066466628,-0.30934972296058827,-0.6348413530198078,0.21259460623853577,-0.37446558583194967,-0.6176917038168268,0.6590083435688734
TCGA-A2-A3XS,-0.030090555436164627,-0.5680559827117017,0.047436590803043084,0.7111143010668144,-0.18637224985021125,-0.5667963658502098,0.911296678323621,-0.9766037549508579
TCGA-A8-A07W,-0.004215426124703091,-0.8676267435098922,1.010539329053062,1.1799053819182217,0.10629738625334648,-0.44589421234901633,-0.028749891693266433,1.1173956944918149
TCGA-EW-A424,-0.4948546016587727,-0.5088031699663955,-0.5575018713521156,-0.38554768799184513,0.39599803699024444,-0.9815417925705089,0.9668187379965354,-1.1962084277468377
TCGA-A7-A0CJ,-0.9412692716733676,0.04916982698065052,1.1344822204500353,0.8448765681240987,-1.0391078228470945,-0.3002563019805204,1.4746247836082693,-0.5223561501464888
TCGA-S3-AA12,-1.485621772446707,-1.6301283726143523,0.7144451044365722,0.15841492569480553,-1.3910292097810626,-1.9158379712549765,-0.11491533309449756,-1.29791403457168
TCGA-A2-A04V,0.22128872457288362,-0.23649177555477172,-0.05738289206482725,0.21643700317491815,0.7857443007756607,-0.3703893202447399,0.5487716480397492,0.41831564548971495
TCGA-AC-A2QJ,1.3439627158860878,0.9186766570904812,-1.251277170040918,-0.08676023124776504,1.040588641015558,1.0310887710464907,0.8461590807780396,-3.9601246450200227
TCGA-A2-A0EV,-0.11627904016929574,0.03638238208533944,0.1462046508721498,0.08273960060314932,0.503813461423478,0.19820837915466694,-0.6722879619255261,0.8223263462150274
TCGA-EW-A3U0,0.8168568443258672,1.8957731336655117,0.3023000378021339,0.8168672083931501,0.6580901014335936,1.5579748492225673,0.0770794290340539,0.2439046008323705
TCGA-E9-A228,-0.5847819774693397,-1.6357504743503517,1.798569027707073,1.3485533666231868,-1.087612372907369,-1.6907203691312873,1.0208088582566357,-0.40010852357557913
TCGA-AO-A12C,0.6932879091428401,-0.5765213715545183,-0.8747689608446451,-1.0686236237764957,1.1237392933353172,-0.517359839620447,-0.06858144352017688,1.2018816658333893
TCGA-D8-A1XM,-0.05624118158773495,-0.06747093405913872,0.16220002128447022,0.010494918779859454,0.7840921250996792,0.2652402898948097,-0.7963946066357718,0.7414771153137644
TCGA-AO-A125,-1.369399478344975,-0.23514291504686116,-0.2327720017638389,-0.5985932743989341,-2.7442962830628317,-0.9982522395418962,-0.25855565858609697,-1.934142071818556
TCGA-BH-A0B2,0.3932642540221793,0.7540024805643085,-0.9631473879330503,-0.9095014905816392,1.0450806121995906,0.779558417109052,0.049986603864695646,0.6954985783860812
TCGA-E2-A1IL,-0.2087762770164408,-0.7044680549436492,-0.16901154596477921,-0.94331494846003,0.26352417867839156,-0.9816564453111091,-1.7478738490666041,-0.601717724666071
TCGA-E2-A150,0.4095212399793321,0.6565018427269753,-0.04336658929104569,0.530653513920745,0.30801520561606005,0.8313984485331498,-0.6541928305548652,0.7291483089266786
TCGA-BH-A0BO,2.1958874915488193,2.3293784975919776,-1.8738548419262255,-1.5586017216912775,1.496685169219075,3.00699577592651,-1.014468839573257,0.9153678862459047
TCGA-AO-A0J8,-0.43798119236923283,0.3627724941054049,0.1285277568734421,-0.5662566969766915,0.32469526866231263,0.06740674715079165,-0.7207166170137088,-1.016488261765394
TCGA-E2-A576,-1.4866776542783329,-0.5090414911810788,-0.08425087822644649,0.20209606529107302,-1.3318872840354137,-1.512918357097486,1.2592188583354853,-2.589950024489568
TCGA-3C-AALK,0.5046486899679005,0.6897029048507957,-0.7472092366742765,-0.2924654802485333,1.2040682273705794,0.39541243049719743,0.30385111268972237,0.47821917871900965
TCGA-AR-A1AT,0.2946051222658553,0.7812708681930124,0.5830560185773784,0.68996031787726,-0.2238715693575056,0.5960184609806504,0.8741170637105345,0.5880230928598188
TCGA-A2-A1G4,-1.2222384689428498,-1.1545066781524167,1.5452286383363556,0.8828561844090558,-1.4149071257536392,-1.2224088277287086,0.05949374484259346,0.7444069734420451
TCGA-BH-A1F0,1.6704278048257188,1.7138050612650655,-0.05405174509213651,0.6035898185513752,0.6875065009269995,2.654588002211208,-0.1811650472164208,1.4637659090539479
TCGA-A2-A0CS,-0.6761653987882361,0.06324665451878508,-0.347433118017977,-0.5781674833087385,0.6313859578922116,-0.19191591596139576,0.06726486489984172,-1.0282071081524204
TCGA-EW-A2FR,1.1256373719273087,-0.18062446411266378,-1.097722019700532,-0.20011234001196251,1.8446975615011179,0.49231416710041614,0.012412217933870796,0.34939638488976
TCGA-A8-A09X,0.20265169366520902,-0.18041768943983258,0.6301505458648263,0.8232593296315833,-0.01827505183465502,-0.1056980439476919,1.736888237481301,-0.34121346407589
TCGA-BH-A203,-0.21196729719054333,0.04943866756488547,0.9750298807987261,1.0159652189054773,-0.02760138289739952,0.13238349589870563,1.1042214038365576,0.21250658237475623
TCGA-A2-A1FX,-0.1175171247624172,-0.629651238679557,1.2802322360166996,0.949929354310538,-0.22606832007025318,-0.4348017822153858,0.07727236885300635,0.21523940218289017
TCGA-BH-A1EX,0.37446015822249756,0.11594485918844456,-0.15772746197923534,-0.5431373577395255,0.9118658193026011,0.475559444338558,-2.0816707328651955,0.0815767900843239
TCGA-HN-A2NL,-1.7880787853632159,-1.3137829854494663,2.234460616803188,1.9290439353596172,-1.751387265286082,-1.4201292897786812,1.9963292975310525,-1.9278102009022686
TCGA-A2-A0SY,0.3844336595188359,0.6667665028136405,-0.4591565652172675,-0.31933688059242643,0.755112436398055,0.5447082179258635,0.47914087062858224,0.633624291654952
TCGA-A2-A0YT,-0.27741678696452887,-0.6348337627503033,1.1180389902112116,0.9955386286429762,-1.0327690581652116,-0.48241921609796795,-0.10682029127575647,0.6622536779092096
TCGA-E2-A1IO,0.46154285554177693,0.31549211964180507,-0.9466456193607394,-0.883279195252903,1.4377859310771794,0.40746769818518813,-1.9233552276660795,1.1649486268189766
TCGA-B6-A400,0.5242443769755684,-0.019850426410469045,0.15722287849462627,1.4028554334386836,0.8662297016055764,0.7846729441130714,1.1604328576442493,-0.9039321237554853
TCGA-B6-A0IK,-0.2577962874454654,0.2982249013739636,0.33590171161522536,0.8115448897656514,-0.14770113876382618,-0.04242169601884656,1.298239698073404,0.6963937003258379
TCGA-B6-A0IO,-1.6957014114483755,-0.3773157461823068,0.3931007450316192,0.014745301211802392,-1.0945349047800723,-0.8826419224937726,0.40423989706973834,-0.7393752344329138
TCGA-BH-A1FM,-0.309422653619248,-1.6049859104540536,0.858927602999343,0.8923909416264177,0.5775508343690879,-0.9168750829753326,-0.568817474368106,-0.26036889967263516
TCGA-E2-A3DX,0.9462071143442341,1.3412608895281595,-1.4154069894547205,-1.3310411495730885,1.2730519934687234,1.330959847875345,-1.2270502213716574,1.8514067288713087
TCGA-D8-A1J8,0.026402248348795565,0.5028904240948285,1.246252625101269,1.1002922419915862,0.23980138311430782,1.3944253576681236,-1.513191195394229,0.6253106225716132
TCGA-A8-A09B,-0.5512876767504922,-0.6626566837566616,0.048409424195586324,-0.4138062812566769,0.17031094464927257,-0.5102675297959138,-0.24709891281311794,-0.1501417428802148
TCGA-A8-A09Z,-0.6088923319379307,1.923163317804922,-0.2588279235246331,-0.3591721262239279,-1.5133501215796672,0.40265093398013646,-0.2820811302804353,-0.2149024000318078
TCGA-B6-A0IG,-0.7015786233002526,-0.493825466357097,0.37442048382941445,0.7136430506434995,-0.24277925351916063,-0.5998398834010488,0.4382416407235145,-0.7686271805644823
TCGA-A7-A6VV,0.8542698727988894,0.7552212135929386,0.6221015295059594,1.2785058008808026,1.254570457432733,0.8120253553705293,0.4618172018825289,0.8817235344246686
TCGA-BH-A1F8,-1.2903272531422596,-1.7345090229181441,1.1704365696114447,0.8441514920125295,-0.3449341388496331,-0.9333376362454312,-1.238379338131803,-0.66444769901006
TCGA-A2-A0CV,0.536921837612448,1.5227669195156346,-0.9986857917209849,-1.455630777970234,0.7233100371197719,1.2618017323790827,0.2072910611992034,0.6872762639806381
TCGA-B6-A0WS,0.12798320917413658,0.831704537289311,0.12372697960887996,0.04495812895312641,0.4211543332143345,0.39975102770206816,-0.5607666933115452,1.7905716043918352
TCGA-OL-A5RZ,-1.0983196058100717,-0.9017384054915965,0.7262507748979813,0.7233967090608652,-1.6021616119210003,-1.9385168608571737,1.3392230332754254,-1.3208522945632641
TCGA-BH-A1EV,-0.3363653540078638,-1.3640087070824454,1.2446987060467827,0.44845458144272127,0.4407962993083218,-0.9259822266446012,-0.6323860952375215,-0.32550438789216035
TCGA-AR-A0TU,-1.2870394056278347,0.03340333048030478,1.794580183798393,2.048685241616095,-2.073725641624994,-0.027795940794468295,2.7396977615525335,-2.4089668409912544
TCGA-EW-A1IX,0.22426256129544292,-0.04586111545935881,-0.7823643377595645,-1.3240378429389423,1.0395777361185885,0.1668005797233754,-1.6505979391762589,0.5525718396749058
TCGA-E2-A15K,-0.17788043135579437,0.6979350450723915,1.1709331415714395,0.9181562214486956,-0.10866149078912632,-0.19214360826256702,-0.6133368119622487,0.09693537639241563
TCGA-AR-A1AR,1.2001604190991455,1.0167537073503137,1.7183063015730338,1.5517150137682438,0.35314393197273514,1.7152000931995444,0.9953197008813468,0.6365834563836601
TCGA-E9-A1R2,-0.41166849986131804,-0.7050323666517297,-0.13876817701783986,-0.2900904395410555,-0.1323179047807434,-0.8736408868965633,0.3081845045367239,-0.1802000659073616
TCGA-E2-A1B6,-0.9873990920702598,1.8461340499180658,0.5542722085308243,0.9173168482790509,-1.141185001053168,0.5240909287431259,1.7314078582683583,-0.5269232963398861
TCGA-AC-A5XS,0.6133677395750035,1.77008107912132,-0.6307730810105936,-0.22075963635524556,-0.1907913425977585,0.8824790877003652,0.6802482375161454,-0.7081254072767685
TCGA-AQ-A1H2,-1.2083269714799483,-0.7949843940187892,0.08345481276318782,-0.9488331770687807,-1.0602404427819367,-0.5824946220208089,-0.45012465579332217,-1.7464502648914373
TCGA-AR-A1AO,1.6456716886624247,1.9943194983846442,-0.6912687347047337,-0.14079148337724526,0.9949982934319856,2.2436676799948314,0.49016044329136704,1.14736466200414
TCGA-E2-A15H,-0.6952097227849892,-0.0011705941456941016,0.514788291206685,0.5002172488038704,0.2316656559893766,-0.6859975539387199,0.1613715735884537,-0.4620574094170627
TCGA-B6-A0WZ,-0.21851839135478993,0.11807962361954069,-0.024013804797104733,0.006279827774441803,-0.08220751825412248,-0.513059132167136,0.2453861342557057,-0.9980339031066691
TCGA-GM-A2DD,0.741211672186374,1.5475796433516513,-1.0725164396512334,-0.025958592491392877,0.6499999409039531,1.6422386712087476,0.9865173146881958,0.16018045070277562
TCGA-AR-A1AV,-0.345624869415067,-0.6456982759928105,0.5816219591892253,-0.06191440287943422,-0.055830448648573644,-0.5824072866379576,-1.1554112043534657,0.27811240733826803
TCGA-C8-A12P,-0.055570940794897855,-0.493558429607838,0.49817385003752274,0.8551178459164381,0.5136102275268758,-0.2717471192963922,0.07986857751462222,-0.2972247979326674
TCGA-AN-A0XN,1.4255700288528645,0.3956113222488641,-0.8523304862897045,-0.3331665415927449,1.7639366718776968,1.4727331073516168,0.053566200836816194,1.18617827153967
TCGA-AN-A0AL,1.2465573765565872,1.3006638504523569,0.349795924262786,1.1455387649505657,1.0038161503979457,1.4436332313941402,0.47145817581503063,-0.5129678389373213
TCGA-C8-A12X,-0.20242891618716508,-0.6659265126308789,0.32820300051391776,0.14723582154131268,-0.6495166352781513,-0.9677703934556818,-0.03820051568172134,-0.6673394851945657
TCGA-AO-A03T,-0.39235973970418525,-0.31836084214091986,-0.9309486625299181,0.18386456598992013,-0.7691314963483564,-0.3427435930467285,1.2085839285567137,-1.3400909247782407
TCGA-GI-A2C9,-0.10438816838989075,-0.1219267441127461,-0.33712939940662273,0.28378183671353013,0.4125106192267666,0.5395709782940586,0.8552797958416449,0.575433408550921
TCGA-BH-A1FU,1.2768404809863192,0.16366290058250643,-0.05506330087681512,0.3899605461467946,1.4542019958280206,0.7586635169162637,0.34937652933418073,0.7741947053556276
TCGA-E9-A226,-0.2487104606193564,-0.9489831439688732,0.32184533026280754,0.4724620969695939,0.9727975845124714,-0.5510806593355084,-2.5710698043366014,0.5410414112522984
TCGA-A8-A095,-0.2680861249809262,-0.40188180801868356,1.8153804518428884,1.0718479224761515,-0.0014395726797644978,-0.6768681650560423,0.31509026776976007,0.36567135341056245
TCGA-E2-A2P6,0.03492899860993872,-0.3585263277184068,-0.0684079886525799,0.1698616016340947,-1.021276766690315,-0.8449977785344257,-0.7798582935254068,-1.0872429276215743
TCGA-E2-A158,-1.8695748878881213,-1.8579103359910403,0.9728928306361974,0.43668297326070893,-2.3574845051818083,-1.8533207253466613,0.09440781223000407,-2.403684489235292
TCGA-C8-A137,-0.36999790833976703,-0.5591617523620941,1.1909995520522272,1.1409465776532615,0.15011218089092745,-1.4755856132939924,1.2722970014511474,-0.4036232068279986
TCGA-BH-A0DD,-1.216247941584998,-0.8350899942890901,2.1850802830870792,1.6224136420055568,-0.47138621453410817,-0.7602000931727638,-0.10553375137160532,-0.37602343118496173
TCGA-A2-A259,0.7859500157184552,1.0091799035695168,-0.648415892347178,-0.9883588155919815,0.4145423042817084,1.3874271469341721,0.1868646798357806,0.9386687760321665
TCGA-BH-A0RX,1.342290910735937,1.53883418681245,-0.9021254044908021,0.7711923770570729,0.8242112407922173,1.760857414908738,1.6568078065815492,-1.1130289250873038
TCGA-E9-A1RA,-0.3945782645737988,-0.1174920417386367,0.1577733043653391,-0.3156213145959287,0.3498878075554107,-0.44656141368342284,0.7408643550918539,0.2718548737479804
TCGA-EW-A1PA,-0.023476157486193718,-0.29302787166156663,0.319810753473595,0.47510893574928204,-0.20374560256215046,-0.3788980905596587,-0.46401299923726813,-0.593149456898129
TCGA-A8-A07R,-1.2767974819888044,-0.9055453198982435,1.8578905034417996,1.736104022061109,-0.8916701114067787,-0.6259226525021754,1.5117230244061333,-1.7379139149265548
TCGA-C8-A8HQ,0.42376932658560773,0.5092688055839912,0.08154168755987938,0.8721023989591432,1.2950615102584024,0.654679676242911,0.15409010234275602,0.12139246373706615
TCGA-E9-A24A,-0.050935035253194566,-0.36844381102484924,0.030586426388566196,-0.5233325844259733,0.4436785316205276,0.07295282271323875,-1.6322479442957065,0.8088969998237951
TCGA-BH-A204,-0.9754775712640478,-2.666606243762394,2.221848661333452,1.1574835876647231,-0.8710721821284114,-1.9733375187471838,-0.4684194995295424,-0.1704234629330558
TCGA-A2-A0EN,1.4310528487211849,1.4793238222994216,-1.3699015503642675,-1.0988520158294992,1.2117241886669274,1.4359651164795633,-0.33785622845960833,0.45277922323204123
TCGA-B6-A40B,0.25348628586690125,1.001488460211622,-0.8894105785997571,-0.2126839347329577,0.8803099128680187,0.6142676040920678,0.529530077929856,-1.4214266628539094
TCGA-A8-A094,-0.12030966513320203,-0.05159573285184771,0.48758524644466156,0.9249332666390871,0.1935281743298853,0.7542716363257393,-0.059120825758205084,0.16789381227352881
TCGA-A2-A0D1,-0.45034056047942955,-1.1355039369115778,0.8775127020757718,0.907428065111856,-0.5707206336102644,-1.7593006288203834,1.3385701526451126,-1.841698940286029
TCGA-PL-A8LV,-0.21072977563011291,1.0922775486421257,0.37974810780700125,1.064752323450376,-0.24643511431478132,0.3570686854314646,0.9813695907219643,-1.1896192803558487
TCGA-AN-A0FD,-0.14915844988601354,0.15537070383824225,-0.44904708152998984,-0.053952276929400564,1.0576572566749285,0.12849661915991792,0.8959718605276594,-0.6853010247956413
TCGA-A7-A0CD,-0.6506177565923948,-1.229338223804923,0.8256973906397288,0.08813928225548656,-0.847875626710169,-1.064110100236314,0.07321441566197306,-0.6137154769157435
TCGA-A1-A0SD,0.6981218279983696,0.38836455119987773,-0.5702282137357064,-0.6298895934635582,0.8982610837944486,0.41224964750606347,-0.9851084850021508,0.7041638789847157
TCGA-BH-A0BJ,0.42155428201231987,0.3745866155258187,-0.4910497019247374,-0.6401816129775655,0.7101083235772624,0.0560232462848609,-0.13005451181979696,-0.19111128924592094
TCGA-A8-A08J,-0.12609787176132659,-0.743220143481659,0.056271206042257604,0.44207501363041773,0.4138045688004097,-0.5876017773850962,0.11739297892494914,0.005215602401387705
TCGA-E2-A1IN,-0.13090286883854305,-1.026082223561687,-0.3041463182879169,-0.4084418811393332,1.0768839431921136,-0.6835175650431503,0.636577370532216,-0.0002175678850293613
TCGA-BH-A0BD,0.3307402705024055,0.8108215798131226,0.8914091532398211,0.7967514579207778,0.5751393683505758,0.8290713858428581,-0.028609732916718998,0.5823557621414434
TCGA-BH-A18U,-0.8019502131638817,-0.6573947265109172,2.026472681248066,1.5593077424582211,0.16192665814707977,-0.07129172174829657,1.2552933463281617,-1.3270727459516316
TCGA-A1-A0SM,0.2960987109489732,-0.24342878059584805,-1.0486124097330216,0.054722877532321204,1.0915781563864044,0.3044273610065835,-0.7580799940946897,0.09722207616736588
TCGA-A8-A09I,-0.7465521075306711,0.3165566350325084,1.5025645758233521,1.3636643906917556,-0.15563235658079047,0.3335581585350942,0.3368332027296057,0.14366022516383464
TCGA-D8-A1JF,-0.8818541980215917,-1.0729856493356158,0.20287996960475405,-0.0928462694213562,0.08573250796051257,-0.7833491248087935,-1.430559186128077,0.31085461852212165
TCGA-E9-A5UP,-1.931876226896783,0.03337765783789185,-0.9167919688208859,-1.1404931980238178,-3.5687164047794036,0.033557886419103324,-1.055570437867688,-0.6906160853423705
TCGA-E2-A1IH,1.162027078241311,0.6156157416579121,-0.4932749223502247,-0.22614497585962587,1.4207199525925225,1.4793687329677165,0.5195370317953858,0.31853308359541904
TCGA-PE-A5DD,0.9522997275103477,0.43709050404928135,-0.3416590829472512,-0.28037813972997777,0.2991475526721981,-0.34539806191966976,-0.9255272434191542,-0.7169116341373434
TCGA-AO-A03N,0.4285658151924648,-0.8824572799620991,-0.5314136768337627,0.46069536207359946,0.4981677386214685,-0.9127862412289959,0.539249442999078,-1.8041386348790531
TCGA-AR-A1AH,-0.9394749114394433,-1.3639607323945788,1.9064218731407607,1.632436738491477,-0.5510153262718215,-0.5914702708879024,1.2176319103643682,-1.0505670605460542
TCGA-AO-A0JI,-2.095112417596633,-1.2516255792307385,0.8763353011572705,0.17121501403390807,-1.9688271479721302,-1.690467646202232,-0.371250603375525,-1.1332961275681481
TCGA-OL-A97C,0.5535023847923867,-0.4329014715419378,-0.9763783782207734,-0.45617988601040255,1.380710282423405,0.4362693615979544,-0.4907816335103925,0.3458872855359303
TCGA-AR-A250,0.66105506463847,-0.31706266923192483,0.1840811606127742,0.6609814773964175,1.1134620329802747,0.26094865970746584,-0.6119959776000392,0.41493400845238604
TCGA-BH-A0HQ,-0.3419824814416304,-0.7072932881364759,-0.38312667443824666,-0.6935816878760863,0.6668970509220161,-0.8480049501689535,-0.37152218434496603,0.22898409373266396
TCGA-JL-A3YW,1.4154196382459499,2.21062560704785,-1.1825984958121902,-0.09301599402597027,1.6771341194338794,2.2266049590890873,0.8732222887469421,-0.4761884322913552
TCGA-AC-A3YI,1.8393444599496798,1.743452897625489,-1.8450705688462514,-1.3965654999452897,1.513934394708827,2.3522689072354037,0.07268525731496873,0.2532948587024241
TCGA-C8-A12U,-1.7771450291907025,0.36999597113386895,1.4764526389393513,1.2821517345244513,-2.549458328634074,-1.239455176157301,1.0413530846217556,-0.8642414485082679
TCGA-AO-A0JL,1.4715286416688624,-0.8298917448948554,-0.7347924328791859,0.49611151571072715,-0.3023566059915637,-0.8987007647840684,1.5715755689615531,-1.7965772898277077
TCGA-AO-A0JF,1.5313950956971574,-0.02466480114801822,-1.1492140818064334,-0.9130378474030754,1.1959375645778356,0.529146631013933,-1.1497729486586172,0.1446763733557013
TCGA-EW-A1P6,-1.3477788629999685,-1.3379595509947586,0.4943429444120711,0.16425437338205232,0.07623298603348881,-1.3622779961860843,-0.0839384271673794,1.0234149744390941
TCGA-A2-A3XZ,-0.7000887154066138,1.4933181520293386,-0.42913542310282293,0.13406649082555036,-0.555648637939532,0.16619103180537736,0.40910017956994743,-0.13136676163868896
TCGA-BH-A0C1,0.1094528736762629,0.2235009773342544,0.3508699216555615,0.10875412520154121,0.7559210790931136,0.14072793918144133,-0.2834601090305868,0.8627097986761636
TCGA-BH-A0AV,0.8648643226216833,-0.27092586666630936,1.2526389763422943,1.2811620009636442,1.542686548514605,0.7923629941180417,-0.19513754346209744,1.6470765990733798
TCGA-D8-A1JD,-0.5210690505318123,-0.5817870235475375,0.8435833108939947,0.852380481487068,0.6667722023928924,-0.037317545848290626,0.1017773753293802,0.6784475711458033
TCGA-A2-A4RW,0.15354865716127097,-0.3115059532654529,-0.690299266735971,-0.788474990944355,0.4933551213201991,-0.3118634208570004,-1.7350173481734823,0.1535487661379103
TCGA-AC-A2FO,0.7315336145481655,0.8849630670782634,-1.1265850713950805,-1.1015109635997247,0.47835077312692864,1.1278178561253913,-0.8823605213435249,1.1390797904723604
TCGA-AR-A2LN,1.2701589634797958,1.0019773292466618,-1.5182725800019383,-1.8614971438585475,1.2186916945691222,1.4484896151453275,-1.5781334193514212,1.0385350824380843
TCGA-E2-A1BD,-0.06674774362812863,-0.4684651036099189,-0.006673813999380641,-0.22846639712920142,-0.0929493881249567,-0.9459875982508641,0.06778190042261216,-0.7596801831022576
TCGA-S3-AA14,-0.23011298877559075,-1.0391334884412247,-0.23673617882260056,-0.1759526055432908,0.7270419390219317,-0.7357841527229197,-0.460624888154791,0.20547490140172803
TCGA-A8-A07L,-0.6212079094538808,-2.161228716254172,1.63779278210241,1.507558268753618,-0.053242734424776686,-1.9181372724711299,0.9734311843686083,-0.4738245947331214
TCGA-LL-A5YN,-0.8490259982760848,1.9721916495633116,-1.0385223356542412,-0.3822622467247477,-0.5750634085955687,0.19745900793036028,1.0303777076558271,-1.5914423994654199
TCGA-AR-A24R,-1.4244283086183782,-0.7790933898765303,1.0869599466148652,0.42853070152840256,-0.3948557540900293,-0.8331695591896113,-0.8206987969184819,0.4875140965359891
TCGA-BH-A0DH,-0.3683266953779633,-0.39238628459663244,0.36578745825124115,0.060358716772851796,-0.5592502860377081,-0.8358375209123093,-0.8223993394068688,-0.9597354885488092
TCGA-D8-A1XT,1.0398823170953673,0.16563870757226487,0.6054756410101986,0.6348349109762198,1.078775905722032,0.8913918202333337,-0.9432831241969379,0.075689115485983
TCGA-EW-A1IY,0.04053848463777627,0.30498729709177114,0.4944531944833596,0.4463346745114021,0.7791558715842811,0.9834088829713343,-1.0193090787472125,0.6020306633912148
TCGA-A7-A4SE,1.3017205473373559,-0.5440408596935657,0.2050677127138588,1.1142583374871031,1.3229033326018835,0.9216394228670313,0.4688171839501265,0.41542261586605334
TCGA-A2-A1FW,-1.6659177872898767,-1.503340038037859,1.551120787476182,0.6166036925187988,-0.712580906997154,-1.8750537341264277,-0.8066683117999682,0.6643203683643191
TCGA-E2-A155,-1.435510440709332,-1.6416006551054778,0.8952228876133629,0.8373035952599088,-1.5940956157250807,-1.6104267498367,-0.9737959986914966,-0.3359612055281479
TCGA-B6-A3ZX,-0.3069069182531397,1.6319385575298853,-0.11321179878099721,0.5039531810561276,-0.3609854666460745,-0.11561946267421473,0.5777402625109622,0.9401044535140275
TCGA-EW-A1PB,-0.8490864880045129,2.7210232346804726,0.47347218362840165,1.0007729723220482,-1.8418835797691588,1.8361664239681958,1.0298869225053817,-0.8014169290460978
TCGA-A7-A425,0.5936691865608651,0.6343983796017344,-0.7165280728709409,-0.20964859256096083,0.13239378565612595,0.2233417940129371,-0.4716394296172615,-0.32575511657467787
TCGA-LL-A9Q3,-0.385094235131299,0.13782459184481372,-1.5314803682747422,-0.8309478981235382,-0.5336048552362862,-0.47683486773598466,0.5929819717575753,-1.810447750923922
TCGA-AN-A0FJ,0.3899704811965301,-0.5134003561618923,1.1945125411156676,1.3108945866535553,0.3558735844447983,-0.6822512455616563,0.7034324374231017,0.02005234038564966
TCGA-AN-A03Y,-1.6326857593185509,-0.8754491580614494,0.995716324903234,0.7399625891689484,-0.7282209844753683,-1.5085858359479665,1.5105195914138219,-0.6779055445237243
TCGA-E2-A15M,0.7334025095022453,0.4136277099403698,0.1964737714226296,0.483027532170051,0.8493865485229755,0.9355174164583151,-0.46069282340876205,1.3554435679603491
TCGA-OL-A66J,1.2393034962221166,0.7675261501689629,-1.2783292994473796,-0.9814759150081264,0.5945270393495008,0.23708360974946582,-0.35444132472493706,-0.2100849815322508
TCGA-AN-A04D,-1.2067850652565613,-1.5069213582661767,1.8407785069052096,1.9205417984314346,-2.102113038796104,-2.4055337163464614,1.249450889891672,-2.2846767253427585
TCGA-A8-A08I,-1.9459490554149028,0.4875852658932997,1.1807489783547813,0.6670812281174098,-1.765332812106376,0.3934412316077324,-1.2881118408705092,0.44978605713498304
TCGA-B6-A40C,0.42004356294291445,0.11494199217719066,-0.036812938886380174,0.2562943136805218,0.5802071801682624,-0.46033902720357234,0.5170853255445937,-0.532319412004297
TCGA-A8-A08F,-0.02460418871894158,-0.5308308283278538,1.2906548585944952,1.2486309981375356,0.5153311826434582,0.33650958043738044,0.49063466043194626,-0.5921382009932775
TCGA-BH-A0B3,0.26692194339727,1.4201929217585978,0.8981671052380474,1.6370320728599175,0.616374683956701,1.1176865711421913,0.7510156423082229,0.05174049504809857
TCGA-AO-A12G,0.4333498793735108,-0.6306707421836479,-0.6576770321528951,-0.3246793586128956,0.2964791328418368,-0.6980178758751453,0.9737799934754264,-0.1825105457877155
TCGA-AQ-A04J,1.1430258702174432,0.8086439864673693,0.8174337807031885,1.0353315919742554,0.7278581784679681,0.7723228559519328,0.8670663576852125,0.835783902689996
TCGA-C8-A1HM,-1.329058846874867,1.5700204232502066,2.0777387400212266,1.7321725080623986,-1.462768910559111,0.3476521758060255,0.8894835052789016,0.20515706005778164
TCGA-A2-A3XX,-0.09675109862873593,0.1780375632064812,0.29846411745807394,1.0833713830051594,-0.24355694985722012,-0.2792964763075256,1.108979879982823,-1.5382699327530873
TCGA-EW-A1P1,2.6769001191769424,1.5603039924150333,-1.4040464610937873,-0.8024153875657882,1.6795454331346908,2.456946382162121,0.043500491383202035,0.9748797342785639
TCGA-A2-A0YM,-0.2594763537798871,1.1240541918687927,1.4543826282567216,1.7536949441457221,-0.1287522400042631,1.419746740054996,0.5411288342064849,0.7063444768751218
TCGA-E9-A3X8,0.15175626472147946,1.1679178360169085,-1.310816308435376,-0.7870676768552494,0.41326093464704283,0.1133116178788812,0.9005766276049493,-2.9175678244053938
TCGA-A8-A08Z,0.747744769221938,-0.03328317011967713,-0.08962410233656815,-0.32978177196380404,1.3247932629587684,0.8063106367502364,-0.8172643142843916,1.053354140885214
TCGA-D8-A27F,0.5993897406567278,-1.1963666943934896,1.2903533593910028,1.7186065872857281,0.8151834400006014,0.817705082689321,0.06601680019946508,-0.15039042101374644
TCGA-AN-A041,0.7332256778071107,-0.7844124739575443,0.09554905379428495,0.016488075159259374,0.6902095283559224,-0.8327726290528298,-0.8431336582843504,0.9852484829078705
TCGA-AR-A0U3,-1.0070300240865362,-0.6806552876463337,1.4829801635470106,0.9833122037599105,-1.2470481894017635,-0.8039635641434092,-0.6531712028066652,0.6726120991431555
TCGA-A2-A0CL,1.0080629936338517,1.989192105063149,0.10981196891756387,0.5342284550216558,0.7386321594754912,1.6538333088885577,-0.11334451031347151,1.672278254462799
TCGA-LL-A5YP,1.0571242266338634,0.6638396657118878,0.14365841124017772,0.8951278339687856,1.4874297396697191,0.9453789650118538,0.7937366914371736,0.17806301983315995
TCGA-AC-A3EH,-0.2079788493385887,-0.4019635449666004,-0.19103840221927643,-0.342065156395031,0.36895665207549444,-0.47591196053627083,-0.6412676714033659,0.030506637573827464
TCGA-AN-A04C,-0.34612970217259637,-0.7123514682892939,0.5533410854249986,1.0244947782174534,-1.056108509025573,-0.736188140944823,2.386845124834559,-0.6978224360008938
TCGA-E9-A1RC,-0.8113766182557088,-0.8151321127943963,0.5953659879342685,0.3518640059395709,-0.09882577834786081,-1.2050408360901832,-0.4559448984789212,-0.6945874995041318
TCGA-AC-A2FK,0.7383036824240603,0.27167101088982176,-1.2063762724527414,-1.8233606423054918,-0.10507923674428671,0.42254600806415576,-1.5031306167255298,1.2123294860339733
TCGA-D8-A1XB,-0.22807912357589114,-0.5308608456489585,0.14761706816822528,-0.3901049448243626,1.0617913563212125,-0.5183522226720495,-0.9499191138388965,0.685379691576429
TCGA-A2-A0D3,-1.1426538195139109,-0.28667998712023385,-0.06015050877267923,-1.1986969245948105,-0.847697161894024,-0.6851500460578813,-0.06501521016418446,-0.3089600337535013
TCGA-E2-A152,0.7732994317492221,-0.23163738181334087,-0.33292678711799967,0.08620283517136815,1.0327570230423124,0.06871034593313129,-1.1405140493082175,-0.06169851302608739
TCGA-GM-A3NY,-0.06346658564089487,0.3975749622803604,-0.8483814587708739,-0.7443027865063297,-0.12357479397381901,-0.6677317497029704,0.2515114104532803,-1.25479584388976
TCGA-AC-A2B8,0.9516258972101032,0.6354869335643992,-0.7412916355910802,-0.8253093112666563,0.9419461114846909,0.9399378827451605,-1.100991582147802,0.8003179757627086
TCGA-E2-A1B0,0.6176777766295325,0.11636661647067079,0.9050745133032104,0.9518494839822316,0.7033072261651171,0.7415612279694579,0.20109052448603618,0.5788006991499594
TCGA-BH-A1EU,0.7356682567174703,0.632217856386049,-0.47490268457339807,-0.9927554222428517,0.615442787047072,1.028251829668121,-1.7971524008094906,1.0385820298088375
TCGA-AR-A1AK,0.8205897109446889,0.8486318183093461,-0.22544842636141954,-0.2928639777890362,0.07971325551266045,1.2902996984076223,-0.7620617055065352,0.9692543294143068
TCGA-E9-A2JS,-1.0158239101120012,-1.632944054742836,0.7924030380712297,0.9029242423830244,-0.18564295225144942,-1.3068090512452761,1.177819455321144,-0.2997561167510489
TCGA-GM-A5PV,-1.467106934605792,0.27698224225735146,-0.8925356729912571,-1.0807230131453336,-1.822122037853939,-0.28911881138665935,0.901772451487054,-0.9965359111702078
TCGA-AQ-A54O,-1.4700142045666824,-0.14757258587365635,-0.6651932232028397,-0.6115779856191965,-0.6990611453129353,-1.0443630086245113,-0.5968125222789987,-2.2525669363045324
TCGA-AC-A6IX,0.8754384022087391,0.24556474285801758,-0.9972254384330784,-0.6958684260540593,0.7017906076111106,0.21460903128199843,-0.7661495236230729,0.5804323604309224
TCGA-C8-A1HK,-1.1448363262767514,-0.9942902349029175,0.7041116412609434,0.9567994124522948,-1.087346545775333,-1.3028351871668755,0.3492129088057906,-0.5410497875322177
TCGA-AN-A0FL,-0.3515228364164292,-1.0504054886332315,-1.103631068621291,0.050314943322232096,-1.356652995838399,-1.065444119260107,1.1260291189119247,-1.3526488650770319
TCGA-BH-A1FN,0.2517596929685527,-0.1911621266268625,0.921537004008845,1.0711786752020807,0.7228720817345318,0.5097638201063045,0.5200971274529486,-0.7355372037598698
TCGA-A2-A25E,-0.5127948565644915,-0.8773396591091527,0.9646611271963498,0.9610691230661332,-0.45530136166168295,-0.6037970237568303,0.3812966391087076,0.003567861003711686
TCGA-A2-A0YC,0.24164763801498787,-0.0899297030523016,0.21104999042482536,-0.25356167668138796,0.015870792695635863,-0.014997894886937167,-0.8226003230444509,-0.7114359725053077
TCGA-A8-A09V,-0.8559313275641145,-1.3860818363765113,0.5485067737345424,-0.2665995629103727,0.22997091728489114,-1.412015586925208,-1.9211045851740045,-0.19371194946835926
TCGA-A2-A0CT,-1.2608479203475786,-1.4023730427274772,0.536888075197774,0.4454010080685715,-1.1033512974143291,-0.9917935967905015,0.5421070322117277,-0.06673247283713633
TCGA-E9-A22E,1.2359068029404376,-0.03394802656601797,-1.4365717951762587,-0.5405144974519752,1.882785948093488,0.6827034956998675,0.15095844507684736,-0.08846987037302695
TCGA-BH-A18Q,-0.5550828974567984,-0.6101294825574363,1.3264587161545953,1.23739361052867,-0.6965035882918531,0.05226478214895885,0.361091070687287,0.8938107924637916
TCGA-A2-A1FV,-0.5170471970237518,-2.1573043481489824,0.06777504710891416,-0.40406645926071133,-0.5051735065642374,-1.3626651687544806,-0.2915849393738407,-0.5995941280269
TCGA-AO-A03L,-0.279352112282427,0.5602485643453751,0.600530376533274,1.1492762369055873,0.4933351954991107,0.14056866003066468,0.7249230727193505,0.8355296729154412
TCGA-B6-A0WV,-1.691645760871598,-0.9304849847646838,1.287021779074644,0.8992624916326019,-0.9869684931148159,-1.6643010716251154,-0.05946007860930563,0.09735322152410224
TCGA-AN-A0XW,0.3247684516771389,0.6453772638863295,-0.027312729798684404,0.47869686416220697,1.4921090733296574,1.2870962211648607,0.007036668991399965,1.0682105214419548
TCGA-AC-A23G,2.1416839718776504,1.071117438824286,-1.619217954282766,-0.9232884211280091,1.8878987098567452,1.7335193959478523,-0.32057247231049846,0.8932959891196076
TCGA-AC-A3QQ,-0.4791513557511657,0.40506386439919423,-0.39574142994663325,0.2885616861294928,-0.4409054752917784,-0.2952862859345285,1.3044883605999145,-2.571725162192555
TCGA-EW-A1P8,-0.22442232281828217,0.4784400552340846,1.481364783029511,1.660548492687656,-0.2760570574429176,0.48151001756253203,1.1177245843057828,0.01052422368704807
TCGA-B6-A0I2,-1.2919066710571878,0.948746059460402,0.658390688936201,0.9435323022571953,-2.064037919817654,0.6263617347135738,1.9993008117247857,-0.4797536989471941
TCGA-A2-A0CX,0.6063821190119961,-0.13204206633320123,0.29599835797158486,0.7099382692024875,0.685791646146158,0.21094228033808057,1.4882123740254651,-0.43374451657833507
TCGA-B6-A0RI,-0.20296435296154752,0.37132170157755856,0.3360149430870067,0.5610388462528046,0.9604347097450966,0.34785548392423643,-0.052145442321267096,-0.15489710253178798
TCGA-B6-A0WX,-0.037144994884521804,0.017622673593934546,-0.3309413038240127,0.12070132078813328,1.2641354714393247,-0.21726404763694263,0.8473685270567468,-0.002112268418909141
TCGA-BH-A42U,1.3421499743025658,1.6984933688617065,-2.132009537484449,-1.5486595158290255,0.5180510977237033,1.36407930270414,0.5545054506972695,-0.38868022189312906
TCGA-A8-A09G,-0.8192984303069425,-0.5205376891427199,0.8581540459851974,0.7330797985526026,-0.9267078590251593,-0.7082444773504677,-0.23809633004321928,0.33832104179574773
TCGA-C8-A26W,-0.2462213313136748,-0.11151296558347465,0.8507695756122178,1.1270264317392684,0.19786630154889948,-0.24783329593314837,0.5026999036910633,-0.19303395903157497
TCGA-AO-A03M,0.0012361790880892724,1.3587874169964282,0.022325864027642566,0.6073125980466716,-0.1427376378052749,0.3447953411656444,0.5838924334503114,1.2280229142827328
TCGA-E2-A1LB,-0.42626847505017024,-0.43903083817353145,-0.3220696764324078,-0.08135458895340178,-0.01756025603363659,-0.9317312955221122,-0.05984600043823527,-1.5821431623636493
TCGA-BH-A0DX,1.1677938647354669,0.9094892823781311,-0.6920098834077952,-0.16935706370413453,1.0750226551923296,0.7802904130363437,-0.4644101789496263,0.6464108079487594
TCGA-AC-A6NO,-0.7429622780214523,-0.12192869153479545,0.4636030033105219,0.0786552046154023,-0.1799949688030197,-1.218702949016672,1.0172573202672277,0.21468227821026795
TCGA-EW-A1J5,-0.3743558317777299,0.5575782205080564,0.6997751138226146,0.07714862602915992,-0.48181929332067996,0.6348733705339433,-1.3239189784487997,0.6981393566179864
TCGA-AN-A0XV,0.559777590326655,0.2912939048621532,-0.1353479781223747,-0.11497240955763605,0.47507257999663066,0.0940764440196146,-0.21545756951001555,0.05231459613172964
TCGA-BH-A1F5,-1.6042049093936626,-1.9537321254578492,0.2606501146530385,-0.4654401497257517,-0.7053206114528227,-0.8795814447644179,-1.979445736445878,-0.05890531653079899
TCGA-A8-A07I,-0.07013205882111376,0.39333213060860595,0.6740646656707175,0.7849732706697196,0.9602274866400773,0.5346178239397877,-1.2512812661113561,1.2523301394781574
TCGA-C8-A12W,-0.018480177748183807,-0.9319253805079354,1.4450867020776095,1.0638385102530503,0.7507469525458847,-0.3384116795056401,-0.23951900834944814,0.848256113270369
TCGA-AC-A8OQ,1.2665819078257536,0.8040251806844627,-0.04774375286594943,0.8219297809373345,0.7264897255161538,0.7578266208557229,0.3572417416480564,0.29538272763854384
TCGA-A7-A4SF,-1.0979795131583696,-1.0531282708896983,0.595956347872179,0.8311570352909583,-1.0046461369523585,-1.5005832309853757,-0.47823263917708586,-0.21226467659655113
TCGA-EW-A6SC,0.6326904988071991,0.7542333268946116,-0.22684236431101623,0.31278798743393305,1.2170263359331126,1.3628602253065036,0.06373650244627795,1.1742732095760164
TCGA-AO-A1KR,-1.3669084437279693,0.3405367588494511,1.206378288877047,1.4068215207447123,-1.5618756700902994,-0.35378320683745734,2.4829858238539133,-1.0424386288946184
TCGA-EW-A1PD,1.1575157719484397,-0.5646405454677537,0.8244855559720852,0.7550014574042595,0.7696330063185156,-0.23060037798194982,-0.1623170612553922,0.9725840555715903
TCGA-EW-A1PC,-1.662329241168263,-1.4148009682379712,1.7983751176245328,1.9181656542018692,-0.5010534538205117,-1.1578161775800004,1.208753347850374,-1.202729838941682
TCGA-E2-A10B,-0.547604306804364,-0.7978133796346553,0.34432392667577477,0.007500310504404617,0.42559219096333045,-0.7608677898495354,-0.9721913226586384,-1.015323766808482
TCGA-AR-A0TQ,-0.18804752547107897,0.1017062017684306,1.1659729152352247,1.201114336584013,-0.34048718814939266,0.057948428646739686,0.04182598784828346,1.1066366559445686
TCGA-A2-A0EX,-0.3096478912549865,-0.6084130881262353,-0.7860157906866198,-1.0383391309926882,0.7021706287452739,-0.5007820023873583,1.0101438039408088,1.008811174244013
TCGA-E2-A14N,-1.7025999922915969,0.34133660839656416,1.4739071268301378,1.7455981595412644,-1.3622240758940345,0.5251036375862219,2.438453876150734,-1.5599460321905014
TCGA-5L-AAT0,0.19718888042252863,0.5376717811981001,-0.842244428847694,-0.9830572490862884,0.8714058386323327,-0.13686536615374703,0.09139839488739346,-0.20137659191200855
TCGA-AR-A1AN,0.7784787892158193,-0.25447937615313376,-0.9026313245819726,-0.4530749636290185,1.2656923640714968,0.3951408922693922,0.14696464099896892,0.8993842452876439
TCGA-D8-A1X5,-0.513142776701149,-0.786979495940043,0.3449501705538052,-0.20389561432128037,0.09211656829588388,-0.09951075377494466,-1.197858742127912,-0.0982004218914243
TCGA-A2-A1G6,0.45376896405989664,0.10513638512198593,-1.191256706873818,-1.6936591584478393,0.04048831295773683,0.4405531973298967,-0.5543586223204622,1.4462660242579601
TCGA-A2-A04T,-0.9038058167050952,0.290915554375301,1.7459399614319755,1.785122185238455,-0.7548435878399398,-0.33725544495248466,1.779537538540693,-0.2478032729145527
TCGA-B6-A0IJ,-0.5799672419186824,1.6645985226157674,1.4874996698957144,1.8653691630343354,-1.294092531648537,1.2796793349216997,1.9209903859032929,0.33468208325823134
TCGA-AR-A256,-0.3957226269594323,-0.4773521331385355,1.3956625595913477,1.6466823336776446,-0.13814018593084348,0.35599352684359087,1.7051126031559571,0.6007346397006661
TCGA-A7-A3J1,0.011194914048795373,0.6124940909816602,-0.563671438859188,-0.9789479023414932,-0.09902735049107865,0.049489803635302185,-1.7422980587277024,0.3446611811453997
TCGA-C8-A12O,0.17367923321567197,-0.5064350348794712,0.14465471733175111,0.451358722753927,1.027918857534362,0.4885097658540864,-0.43786880848168,0.774155735522151
TCGA-E9-A249,-1.45949814892061,-0.07788321556811341,1.02344391984691,0.3981871447154646,-0.7914608545068349,-0.5215437529853025,1.0859228566326664,0.4497844098117897
TCGA-UL-AAZ6,-0.614766140942025,-0.6123490113945841,0.012195465485003564,0.3752380540629416,-1.5499776295999628,-0.7440304097693875,1.2543935959420671,-1.848449508749016
TCGA-A8-A08R,0.2514504664533579,-0.06439865997062612,1.025356036413481,1.4777311200955723,0.17898465602917238,0.713994174840763,0.252590280179107,0.7948516576052085
TCGA-A2-A0T4,0.7170893858196323,0.31785061186415053,-0.13620904945367532,0.40431148036797393,0.9106493132040551,0.6298941201010853,0.32219073212785176,0.02374097007789085
TCGA-BH-A0AZ,1.356521310711544,-0.4162208312096857,-1.328763597424936,-0.8403693225452722,1.7076128453579147,0.46605966725485154,-0.6324433271373852,0.7440830226112154
TCGA-AO-A03U,1.2497626480343447,2.044112192918758,-1.3890318760169982,-0.9731686261915015,0.9715557391756942,1.5412571906980053,-1.3148378490937305,2.074469450956556
TCGA-A2-A0CO,2.0294902262872765,2.3782253417114956,-2.236504056261766,-1.7931126097808863,0.8074386443660931,2.251730804665538,-0.8625631938952601,1.0547200891982216
TCGA-D8-A1JE,-0.5658555475742387,-0.9320510517215979,0.5721348403875989,0.25208997276382095,0.81612023526437,-0.07476784786300497,-1.3325743132210093,-0.4429931364643514
TCGA-BH-A0H0,-1.418299827498017,-1.388850466376387,1.5687994897910604,0.9627868121616988,-2.253456429047137,-1.9065347292851313,0.04717184027455316,-1.572984933963606
TCGA-AR-A5QP,-0.17113219413005465,0.6215956434086028,-0.5425147424503888,-0.3554682082693308,0.3675358051766871,-0.1252867234019791,0.6447349241773923,0.35010003381835536
TCGA-D8-A27R,-0.5147851758294535,-0.6137957183557445,0.04420589399047904,0.6321241874676958,-0.18000952178237492,-0.6095808322016957,1.3996486495960012,0.38228951136045575
TCGA-C8-A278,0.09951340313412413,0.32313155832573387,0.9107625613450416,0.8639749657702737,0.5358397895181891,0.5686911123454829,1.1491013695754415,-0.23617372680484897
TCGA-A7-A13G,-1.02489798266679,-0.7277675169819579,0.09661734724232098,-0.8053450496017007,-0.47794545233266744,-1.6072753274668738,-1.2789431662350488,-0.8507648594734456
TCGA-A8-A079,-1.1500294994470022,-1.1114180893263494,1.2719804074409682,1.5291817112151782,-1.129689293396668,-1.0276278471742417,1.0379958744070554,-1.3266885295046495
TCGA-A2-A0EP,2.0937865558516795,2.8887701254413107,-1.6562713099037947,-0.7546600980472501,1.3974412392751576,2.832212050752235,-0.2953828123356437,0.9397373608278913
TCGA-A2-A0T0,0.01696751255059932,0.08462584113240648,0.5793769029139637,1.0636780534411272,0.10366251023425642,0.06780409303019146,1.8938864584448478,-1.2066845712997865
TCGA-D8-A27I,1.1003561383614542,0.8362971385995601,-0.8751262149045247,-0.78734122369531,0.9231369456572108,0.7621080795335237,-0.4449811174625875,1.2083895980533033
TCGA-BH-A0EI,-0.10738850081496902,-1.9295505054014503,0.13263906276322973,-0.3548472216941272,0.9247851929284162,-1.1645325010119751,-1.058214958802037,0.21062573938943804
TCGA-E2-A15A,-0.18338714455428493,-0.6358962985931415,0.6484988278804609,0.8548605536336383,-0.0037586248689705543,-0.38962034159038605,-0.3518435339548858,0.9896033981948541
TCGA-AC-A2FM,-0.5776264763581396,-0.8999535175182779,0.28417523569399744,0.06986050297825569,-1.2502619876903038,-1.7097046115067285,-1.0800304911144814,0.2279869130490998
TCGA-BH-A1EY,-0.01083438984613989,0.201558257847047,-0.8365425990620032,-0.6920225931716152,0.9357375633134095,0.5478027095528379,-1.7920782029373186,0.6142798072565557
TCGA-AN-A0FT,1.086629865574482,-0.4064766919876506,-1.264419166049728,-0.49918195864141046,0.35970370771460686,-0.08559936587553814,0.8942159690449922,-1.6250137409660386
TCGA-E9-A1NF,1.3020154275358164,-0.05574827628262669,-0.8897360438466858,-0.4624526027647524,1.6452156053692024,0.6208849122128067,0.2995204931237309,-0.5757512960660929
TCGA-BH-A0B6,0.30402219302900624,2.0962867668901604,-1.558726031166471,-0.9847955871828267,0.3069644061333598,0.8671164484351532,-0.3558566309198322,-0.18070029921080208
TCGA-C8-A130,0.4052351481119067,-1.0583138118727287,1.0634426098260785,1.1532142146791826,0.21750933925178556,-1.1517156970379039,0.9675441728168571,-0.5974771563054275
TCGA-A2-A0ER,-0.9735739819951456,-0.5463592559794045,0.9548470819409891,0.6545559386691207,-0.8909055032521819,-0.60466778105428,-0.4930141904570156,0.15347001078510777
TCGA-A2-A0EQ,-0.2003993847926911,1.4673093216445543,0.577104005136485,1.1613533339750899,-0.6068347962754438,0.6308288828710955,1.716566210681058,0.22687019643980008
TCGA-D8-A1XL,-0.891340552981469,0.6594548548419904,0.7186813937930121,0.883212789976032,-0.8648901135982343,0.4252863838037222,1.9412380133021017,-1.1970216637680433
TCGA-C8-A12N,0.014479455492322556,0.041943613558680176,-0.9230267109395129,-0.9739503330001136,1.0925167993616012,0.033767150046626435,0.3189655890531162,-0.5388650994545985
TCGA-GM-A2DO,-1.1427990845904379,2.318958470974272,0.2649507739188834,0.3584874720293201,-1.2119101972018873,0.6965816990945035,0.5321045654275122,0.44455843763320146
TCGA-A8-A0AD,-0.3360674809277037,-0.3649834862105356,0.142871249842408,-0.1428631220474809,0.531294586780247,-0.19119786890635293,-0.9034839707246738,0.31875233342104925
TCGA-Z7-A8R5,0.8223123250157214,1.3631985775264939,-1.863046902146189,-1.4122243943213204,0.35139220630343193,0.8425832286412968,1.038316368740876,-1.1228875309127242
TCGA-A8-A07S,-0.4589112367519051,-0.7354557585688299,0.5762700078132289,0.36238302752093016,-0.3371557425914475,-0.800396150943673,0.15712316398612128,-0.6037973108349675
TCGA-BH-A0HI,0.7396959382289355,0.2597987848878686,-0.4794060926981059,-0.693716056090543,0.5083015998338645,0.4854799719135456,-0.3333806538554922,-0.8452452585941288
TCGA-AN-A0FV,-0.1608207830085352,-0.9175875907384946,-0.15234037096626202,0.26686884567268243,0.44970997157623055,-1.2724986723995377,-0.4188607078474599,-0.20578868312306836
TCGA-AC-A23E,0.8737489764841453,-0.2132903584864607,-0.44003316704915385,-0.5862059244745501,1.4697946966668762,0.6580260037393559,-0.04535433327936373,0.5796820990686362
TCGA-AQ-A7U7,1.0548164619039926,2.027638620071442,-0.6982715053861904,-0.828696511965223,1.0801300347835965,1.499307410394328,-0.9010877288853674,0.8181782143415478
TCGA-C8-A26X,1.2180642789126783,1.8645761459743848,-0.2794108913851739,0.38837242598516997,0.6278537747748393,1.568675275850737,1.133038097988859,0.016627445937670373
TCGA-D8-A1XJ,-0.4457714491627112,-1.6446893442362966,1.4994759895480398,1.3665776628704283,0.08556641565925675,-0.8157347411163084,0.9902662103935493,-0.08970172672641621
TCGA-A8-A08X,0.5301486284920776,0.644603773409695,0.3294439431987652,0.8007250182829527,0.8949634282619628,0.5277520359711139,1.0287286294372475,0.6191266982948934
TCGA-B6-A1KN,-0.3123901357142605,-0.7868793515320467,1.3448980843845728,1.0890567231672201,-0.09650810778731493,0.2188633914899216,0.08929348240360732,-0.15103900140114637
TCGA-AR-A1AM,-0.11924258878767896,0.4233169358846979,-1.070527744386048,-1.3599413349545637,0.4496792296957241,0.011119074628517696,-0.350445769147174,0.4250226531411316
TCGA-A2-A4S0,-1.3211077163822524,-1.9615379827059947,-0.7242747895127268,-1.3664916498088147,-1.4649778574910206,-1.5819306699452829,-1.5495450667639066,-0.860828776996418
TCGA-AO-A1KP,-2.368342163257145,-2.2562112108772387,0.8978381656747337,0.4127721540049203,-0.6808187208983933,-1.8879427984616948,-0.30885175501113277,-1.196518473685913
TCGA-EW-A1OX,-2.2411952186194557,-1.7732908761203663,0.5572184344066894,-0.14219120806872104,-2.668851003211689,-2.4526318966722633,-0.8194617377987973,-0.07996013256893603
TCGA-E9-A1NC,0.7976032830602187,1.1972196142574967,-0.7732189060093733,0.2202826330954371,1.0156308189037253,1.4498684697456707,1.3766607158937063,-0.6882253227791624
TCGA-LL-A740,0.9209578189369554,0.04097385213602117,-1.0058094290614106,-0.47256649440461473,0.9991061376653665,0.459483552873891,-0.17153619526860742,-0.4251544350688259
TCGA-BH-A0C3,1.515205844090401,0.1198300726872365,-0.3163451840679106,-0.021146125068126152,0.7913969629847183,0.41626236680856904,-0.3797843021048899,1.9450398436189305
TCGA-BH-A0H9,-0.812054663718709,-0.08005362550639976,-0.020387605343212354,0.15207585274104157,-0.5260174756510512,-1.1292480285517792,0.38523940520141065,0.6301448843768148
TCGA-D8-A1X8,0.5195311715478188,-0.4266584846225258,0.20066556649904876,-0.24372119249717633,0.07628178528694171,-0.08722862040176191,-0.24775108079098102,-0.1022636647743662
TCGA-E9-A22A,0.8082110194719797,0.16558436051998646,-0.24438685246087236,0.5218275087964478,1.498768157055274,0.8409957960779222,0.5629912319200351,-0.13249031318517102
TCGA-AR-A1AI,-1.3275393995176874,1.386141917977951,1.6973286040922186,1.6041028590308122,-1.297099600569214,0.5590272770947569,0.7796775859983422,-0.14873441238909246
TCGA-AC-A2BK,-1.551041568957147,-1.3577058869890548,1.5340657074265491,1.573670333129845,-2.1247547906953255,-1.4358257231694898,1.5430487951114655,-1.1270457515846914
TCGA-A7-A13H,0.3349297596644663,1.0352684143622521,-1.1158223422667437,-1.214779077335112,0.4658170678341808,0.776206005217434,-1.4644641941702727,0.9085201456769462
TCGA-LL-A6FQ,-0.7311798728013006,0.7560845299929118,-0.469525996348495,-0.26566099472155225,-0.6691180632890001,-0.6843174207387743,1.2090659007430666,-3.2004424429806755
TCGA-C8-A1HO,-1.5224970323935312,-1.0352245707950196,1.2417072879030064,0.38789875233640436,-1.1530064904778523,-1.232019659904271,0.28584653184500614,0.16794714461423327
TCGA-D8-A1XO,-0.7581242140465559,-0.34259458972486506,0.40303536226038367,-0.6133263111496822,0.6229382318130692,-0.3977203714661461,-0.8106637637428425,0.995485943029495
TCGA-E2-A1LE,1.584190547866958,0.8149262151378025,-0.091901292810804,0.4174039576983392,1.0236103750565693,0.5497117139939345,0.6890974060320867,0.518586680763475
TCGA-E2-A15J,-0.7690709479454291,-0.26617339853169664,0.3363655673130381,-0.26697422752560945,-0.550880066050778,-0.1365587396046897,0.8035394299151278,-0.19530712176255294
TCGA-A7-A0DB,-0.36715878743035296,-0.7847139938149988,-0.29251234988419594,-0.4830197640021867,0.38130396265362815,-0.5573786652229733,0.2808244173852767,-0.36390449257706814
TCGA-BH-A1FE,0.3449447790929376,0.4186654490767044,0.8433473890899855,0.5206700743831785,0.9943489958853793,0.9063876020494888,-0.37133443239808406,1.2579752270267581
TCGA-D8-A27G,0.40701415458161755,0.16778751644152565,-0.03637801885200081,-0.053689725866340944,0.7610033101575351,0.1028759011547438,-0.15455382705513027,0.5513681473305735
TCGA-BH-A42T,-0.5919287812982531,0.6286260662956913,0.45237589107411125,0.9778008958351367,-0.23559567135904658,0.17456416119969156,1.848059686371184,-0.861797339457631
TCGA-AN-A0FY,-0.35990308990169234,-1.2507194860641278,1.0901421205241126,1.3365532987497455,0.3716765951798546,-1.1828355055655353,0.43734346829230536,1.0118350531090172
TCGA-B6-A0X5,-1.878042466969105,-1.6369374244509736,1.7469524713725817,1.4974430074612426,-1.371676378069562,-1.916487501637226,0.8805255142219786,-0.73400275351882
TCGA-A2-A0YK,1.1366490210058187,1.2041041548148357,-0.9671038622317808,-0.9532190914705538,0.6872108998264141,1.349605479371881,-1.4273115695636622,1.8871533045100468
TCGA-A7-A0CG,0.5906838322515301,0.3933411419658485,-0.49964073509485835,-0.32991151311975103,0.7639593799364198,0.5746910640112988,-0.40956656259813623,1.2960053481179639
TCGA-AN-A0FW,-0.5601660627291053,-0.4234224534791959,0.1138675302959387,0.41965097314922684,-0.4928347040933006,-1.3505828556071375,1.0734573159898224,0.7069229619866645
TCGA-D8-A27P,-0.4608860887974138,-0.6411077087933196,-0.2184471356316582,-0.7851078711340996,0.3787127440823038,-0.6327849658896123,-1.2392084777941301,0.03352418272101948
TCGA-BH-A0DS,0.4190371600173627,0.21672210487008664,-1.316524339566348,-0.9898584811136942,0.4930006764192126,0.1624493884575119,0.14568820526010193,-0.3361131167634395
TCGA-E2-A1L6,0.11205814274044719,-0.0682883435851689,-0.3992479063657319,-0.39094350766786934,0.4352492314017754,0.13790443513040168,-0.2440855602562384,0.445781679174554
TCGA-BH-A0DG,0.9541828411359435,-0.16993926610376753,-0.9225453445275532,-0.2111168865608252,1.055319191609051,0.21258355004004792,-0.6109895718245069,0.9695446526564051
TCGA-A2-A0CP,0.6179133393923121,0.20841663032806487,-1.618813028439919,-1.5552324539305256,1.104273779294148,0.07399303900882433,0.6120274652477133,0.780050873614102
TCGA-BH-A5IZ,-0.19888786493449623,0.3321584069844,0.7680878814565614,1.5630954224206248,-0.3527428773397163,0.6399725663423661,0.5264067546837062,-1.2508211612969682
TCGA-A8-A09W,-0.1475629426589737,-0.8906156443512292,1.2206653762007906,1.3358696970375474,-0.18646770515881947,-0.9079285738632761,0.7317736967446742,-0.8393710843151811
TCGA-E2-A107,-1.1169180806809527,-0.5439986233229981,0.9496165532198785,0.9609566442897762,-1.5839347189372877,-1.4780676266531338,0.05593474902118805,-0.5196197201781863
TCGA-AR-A252,0.18157953799224705,1.5080581414464638,0.09375661696974838,-0.23818201891448476,0.14044429944550227,0.8155434329607426,-1.1326887104172993,1.6858146435138532
TCGA-C8-A12Z,-0.3495773293230825,-0.5997888281715217,0.8571925751179019,0.7887378837355796,-0.09788111906919691,-0.6399533293486065,0.4261003995273253,-0.8461723180063805
TCGA-BH-A202,-0.2279682217491593,-0.5944115558758176,1.173116593077743,1.1943317893106205,-0.13570815558053764,-0.04205784434907399,0.9968142601298323,0.4019251345655363
TCGA-AO-A1KT,0.24042572521799727,-0.3092041921750791,0.21069096795539308,0.7096164796064995,0.6119216208862149,0.4436715000145241,0.6564759734851525,-0.770716606994508
TCGA-D8-A1XW,0.7229753156534585,-0.3205390412703979,-0.7155855554971041,-0.4449698399811432,-0.040543061516077325,0.19988372802756244,-1.7331429152220528,0.8212217233844332
TCGA-D8-A1JU,1.176765778510079,-0.04695264205027902,-1.5594337466341623,-1.8039631672484786,1.3459025625334955,0.498856099584524,-0.7445474627255401,0.46295389796368874
TCGA-E9-A1N5,0.4979457633178451,0.2625020657746014,0.27049562175669767,0.1907451395934342,1.070431742545136,0.3079894278423692,-0.7298480379162005,1.0227645931399783
TCGA-A2-A4S1,2.172795876123351,0.34910011229132604,-1.2112855320725995,-0.7289125392830847,1.2750573161639345,0.9338033898080702,-0.5844576415910325,-2.091577115736241
TCGA-E2-A153,1.6545470909082136,0.4296115617509587,-1.2906491703173546,-1.1245980896646306,1.587534263793026,1.0570150980312583,-0.4717471524071564,0.260493960789645
TCGA-A2-A0YG,-0.464280791666458,-0.5090479687826496,1.3920676425840257,1.2570717532865476,-0.8224882713862632,-1.2520637223107407,-0.23352418310276907,0.2963038593344658
TCGA-BH-A0B7,1.3821822216876534,0.6628348977560198,-1.1143224561966785,0.0445089068126068,0.945462167818092,1.0254718656505617,-0.2925985460349608,0.6975599303518488
TCGA-D8-A1X6,-1.3744315303664056,-0.9850264707127118,1.0337732984328034,0.40956852615342076,-1.456865236949802,-0.8840081769385092,0.7502864278476403,-0.4854406072816243
TCGA-BH-A0BL,1.1774851113290061,0.7508019070750591,0.3187564972984324,0.8394599570412645,1.5305587652126276,1.4858929508027627,-0.10376709934909936,0.7731374769004612
TCGA-BH-A0DO,-0.17416325914650052,-0.26674105984857105,-0.4594211472919986,-1.2800892730785183,-0.15195749493000385,-0.22195834921068036,-1.0236660459151519,0.7217503311484308
TCGA-A2-A04Q,0.17985738045221633,2.26178195680328,-0.03270530161744338,0.6666224422921677,0.4866510978720187,1.6178787127616607,1.5578074417505976,0.4186232034463099
TCGA-E9-A1NI,-0.05215042385354197,-0.4237714738874342,0.011411638630258533,0.3835492345178541,0.6805476884447157,-0.20757848843374915,0.9126033763210221,-0.9849510602124043
TCGA-BH-A0HY,0.22323370140974444,-0.8990053862942011,0.2527568397067065,0.7803076008395887,0.2609793687203735,-1.009777104878355,0.3324366509991336,-0.013354535980964925
TCGA-AR-A24T,0.6550750413932397,-0.2799191550728792,-0.2856456581367395,-0.9742493292623022,1.0016021853601351,0.008476116628317081,-0.6979422439129331,0.5420882898700963
TCGA-AO-A0JA,0.33407986346388835,-0.17001724386830294,-0.07800689552442827,0.16989731312062137,0.8086962403028962,-0.05230625293073103,-0.8645492205181868,1.1078329279817143
TCGA-D8-A1XZ,-0.7203742533679208,-0.9707643853486061,0.668601898820626,0.49958594151866087,0.1650673484237845,-0.5303633334485757,1.0323415765886992,-1.4624759325359415
TCGA-C8-A8HP,-0.07168399384330203,0.7759976979555258,-0.3564385346840335,0.4995938479838989,-0.15075308603310716,0.30228480679462966,0.3213350739279786,-0.7334540714163612
TCGA-E9-A5FL,0.3029443784607893,0.7459450808153153,-1.1162205968542807,0.13657181798845627,0.5324301225766627,0.7764779113368943,1.1802538202043662,-1.3003680339717825
TCGA-E2-A15F,-0.6000170425733018,-0.5078998169815405,0.8351957157062688,0.2055429062410506,-0.29694789912863384,-0.10706698236575983,-2.012937516484235,0.48071056324098094
TCGA-A2-A3XT,0.49388595784166794,0.945865420399607,1.0412194922110418,1.2793242863966903,-0.36168800218550506,0.9425439373011876,1.7187021287928896,-1.323259523739573
TCGA-B6-A0X7,-0.15608223512173125,-1.0652942822797078,-0.8501594516173824,-1.0036953338877503,0.40032678327197513,-1.2483634715315446,0.026725457292969042,0.35840320266711917
TCGA-3C-AALJ,0.41283982808046926,0.7114505060280959,-0.010105795706361491,0.5435873755427936,0.5050424268618559,-0.33342717096456864,0.6205556779990468,-0.5079350033715173
TCGA-B6-A0X1,-1.485399124195976,1.015628787457087,1.6566087912570526,1.605407291538065,-1.8467685132501626,0.47795820773938913,0.4380000893753443,0.6243061543086094
