patient_id,HALLMARK_E2F_TARGETS,HALLMARK_EPITHELIAL_MESENCHYMAL_TRANSITION,HALLMARK_INFLAMMATORY_RESPONSE,HALLMARK_MYC_TARGETS_V1
TCGA-AR-A5QQ,1.4954560280107438,1.3885870703209706,3.179017924210672,1.8432614423059177
TCGA-D8-A1JA,0.16455496873900602,0.43805356942711937,0.9495454258048283,-1.9502726962649248
TCGA-BH-A0BQ,-0.8170807032887094,1.3511379004952473,1.2148033307419486,0.34837740375901116
TCGA-BH-A0BT,-0.5529964983725222,0.10969918245060589,-0.31188500409670594,0.35666697476061504
TCGA-A8-A06X,0.8734152534889993,-0.5057453681459984,-0.09663863428431732,0.7712280336938926
TCGA-A8-A096,-0.022725884309271423,0.9283318117300973,1.1797412834071554,-0.5015393548930368
TCGA-BH-A0C7,1.304522766238168,0.15560138934652049,-0.16564577943668907,-0.25274153944303457
TCGA-AC-A5XU,0.19446749728437535,0.6110443817553224,-0.9985769225989826,0.8489808688427053
TCGA-PE-A5DE,-0.2213464222562754,0.07602449347710379,1.5687344249906934,-0.03377127832631782
TCGA-PE-A5DC,0.6419314802027744,-0.38886090942288287,-0.6031477557008205,0.531982788381759
TCGA-AR-A0TV,0.9387967206060611,-1.8318965903368798,-0.5747953773587673,0.22877826644224072
TCGA-GM-A3XG,-1.5609089539370606,-0.16899696917911702,-0.470197202829646,0.988297498678392
TCGA-BH-A18J,0.07582267859075194,0.8041509389324976,0.09051541898809387,-0.05053978216166803
TCGA-BH-A0W7,0.10707770325301491,0.922053091250803,0.9860864463412276,0.9636550730308304
TCGA-E9-A3QA,0.943116740935832,-0.014410810310357968,2.3543375896165326,0.685965145519957
TCGA-A7-A4SD,0.912219503604447,0.8649081425555766,1.2871697412037828,-0.17865658657871655
TCGA-BH-A0HA,-0.6468483277791783,0.9618777506680436,0.36543034541506925,0.3472542385874947
TCGA-AR-A5QN,-0.40543673899073807,0.2764434219389377,0.7166667414115918,-0.4504593230011574
TCGA-A7-A0CE,1.4894213923759005,-0.2310397147285413,0.23837706509318662,1.3232493093859512
TCGA-AR-A0U1,0.45025202446440904,-0.2912354190992902,0.4840099784003512,1.3980323300136746
TCGA-EW-A1OZ,0.7794672892717937,0.3794281937051052,-0.28899704679821353,0.9439063459276472
TCGA-A2-A0EY,0.057064926766528114,-0.26590571834618953,-0.5974516638162518,0.06884990587748457
TCGA-A8-A09R,0.03769117630065493,0.837806777926773,0.1329867819019621,-1.6843919921112676
TCGA-LL-A440,-1.1912899476119463,1.4788189688447697,1.667902659799778,-1.3167646517826848
TCGA-BH-A8FY,-0.15770387803271746,-2.4755658267234772,-0.9488686056890807,0.6943481749904324
TCGA-E2-A1II,1.3686342589986282,-1.3354616388737568,0.9165450996638299,1.67466769608393
TCGA-A7-A6VX,0.24037616382164842,0.49386040858081165,-0.44633975009921834,-0.3788685015115924
TCGA-C8-A273,0.5306944740278968,0.4541988656391518,-0.13502715759933495,0.27493696618348706
TCGA-BH-A1EO,-0.3867057542811548,1.5036431663945768,0.5768023610391484,-1.8894621435704837
TCGA-OL-A5RX,-1.3481914242935982,0.46432745818808335,0.5361527303578676,-0.09125045156005691
TCGA-BH-A0B9,1.4353545742273153,-1.746333210478019,-0.0626763393106472,2.5833992025682146
TCGA-EW-A1P5,-0.07635754140068306,-0.1835328615467131,0.31655878199599313,-0.6276637238460402
TCGA-AO-A03P,0.5628574722536734,-0.8801385135213051,-1.1095752611488714,1.5674216436914092
TCGA-AN-A0AS,-0.33921131165045987,0.8946415121744199,0.656246204488768,0.2496677014881678
TCGA-A2-A1G0,-1.2163361601512808,0.22920710615212006,0.08489993026221695,-1.4817772126062267
TCGA-B6-A0I8,-0.8296935345436501,-0.439826655778403,-1.860400287790836,-1.4428217961152616
TCGA-A7-A4SA,-0.18027192713165865,0.4116754468657205,0.4100616289339508,0.017117178077295583
TCGA-AR-A24S,0.4666706864730886,0.9301984660514067,0.9387686396098923,0.15186761053567352
TCGA-LD-A74U,-0.6634542595366485,0.9413458839532723,0.3677627802201778,-0.17767399379823254
TCGA-D8-A1XA,-0.13076257654800327,-0.2449027195950038,-0.2824198543990896,-1.3126489541197357
TCGA-D8-A1XR,0.21187063648699747,-0.2965325642844764,-1.0463231779794075,-0.7250448075835867
TCGA-A8-A07Z,0.4429172495242944,-0.9958023144049483,-0.5721954929729097,0.23766171255889246
TCGA-E2-A1IJ,-1.077206581795444,1.309363236085959,0.8377852799687597,-1.0264841683695043
TCGA-GM-A2DH,1.7390479796171714,-0.7657256737082603,0.007254757259430057,0.2710394958479812
TCGA-BH-A0AY,-0.042331748351486446,1.0185626859471812,0.5229567615350722,0.8603113838284282
TCGA-BH-A42V,-1.282502690461727,0.5206163923857863,0.42954051496949935,0.6056006401184169
TCGA-B6-A0IH,-1.6040246981388773,0.6453799359226657,0.10881326196958939,-1.4700089713339606
TCGA-A1-A0SH,-0.8483150400666077,1.6178898141527718,-0.2493203533584484,-1.4035874702098656
TCGA-AR-A1AQ,1.449504970243466,-0.019254872897216523,0.8718160560678747,1.479439218818822
TCGA-A7-A0DC,-0.5387536448972721,-3.2242469916359577,-2.6014407433043627,-0.18246356310804193
TCGA-A8-A07P,-0.05795619329372486,-0.30672305006345374,-0.7704032154290589,0.17038795888587893
TCGA-A1-A0SN,0.7526373548960265,0.5773446976482551,0.05189100923613133,-0.13915523887921993
TCGA-BH-A18T,1.8860834523012937,-0.8437214503492405,-0.49557751027822833,1.5905655937450267
TCGA-E9-A22B,-0.20162877694867049,0.6533814279807674,0.2417475410675941,1.0092968408211327
TCGA-S3-AA10,1.7317127400519727,-0.21205248020045342,1.867995671921037,1.7863749361111791
TCGA-AO-A0J9,-0.25155743082523746,0.7997497118288693,0.46200749640141386,0.5569893527122246
TCGA-A1-A0SE,0.09937759380783207,0.5300988236068183,-0.6427930783376178,0.1450411448531741
TCGA-OL-A5RV,-1.0732612940409345,0.2256906770575275,0.028922857792587086,-0.523972392308711
TCGA-A2-A04U,1.4159850290624094,-0.2871581057963768,-1.2860857908038115,2.4695140393890065
TCGA-A2-A3XV,0.19459676192668815,-1.0596358619513386,-1.2755217547006108,2.330665969644778
TCGA-A7-A3IZ,0.37404473385404324,-1.6069631020096447,-1.609569734562466,-0.9580842534615581
TCGA-D8-A1Y2,-0.0022909473324232315,1.238848973233325,1.5899883478108139,1.243646866596625
TCGA-E9-A229,-0.043047105331932026,1.1892983900669045,-0.002396862622782809,-0.8204039675200985
TCGA-A7-A4SB,0.18240526974929738,-0.5742248961234512,-1.1300970553223237,-1.1777326948479185
TCGA-BH-A0HK,-0.5515618167272078,0.3354896186063931,0.4515258643858832,0.8882189140155806
TCGA-3C-AAAU,0.4900056731337633,-1.0866210096273912,-1.854500198755301,-0.7271143884513028
TCGA-E2-A14Z,0.3194011165356408,0.30922353199657254,0.8617052875848888,1.0148771491680961
TCGA-A2-A3XW,-0.7734778856669612,-0.08051759803045515,0.7314855506570592,0.27769466839280155
TCGA-D8-A1Y1,0.6797187392889397,1.00216593491342,-0.37885630178257823,0.5961540678386612
TCGA-AC-A7VB,1.025880941123156,-2.3093785357374834,-2.5804471359197705,0.5415840599495391
TCGA-B6-A0RO,-0.7405734310677746,-1.5887220426358888,-1.2958868543595488,-0.5932754234151542
TCGA-A2-A04P,0.7382807505467301,-0.11164272561634482,0.9667792908266146,1.2722472388078618
TCGA-A7-A13E,0.7087420545583288,-0.4898928989567469,-0.9128717183921569,0.29542730602707207
TCGA-A7-A0D9,-0.7585992544372446,-0.08845420593881533,-1.3702983973774656,-1.209773201270761
TCGA-E2-A14R,1.5919357559118366,-1.4057961677190491,0.1717731146695588,1.9039825148000176
TCGA-GM-A3XN,-1.0040189008063127,1.1622017701217584,0.7389164130932073,-0.30454041766410594
TCGA-A8-A06Y,-0.8051183225002225,-1.5624038363471888,-1.6399780458465614,-0.2749283526273093
TCGA-E2-A1IK,-0.7328391977676768,-1.4242007808255577,0.11013739452084048,0.4606853098442456
TCGA-E2-A1IU,-0.5175022316604067,-0.8023393884372702,-0.6002766292214979,-0.6869262777045663
TCGA-BH-A0E2,0.6059831779081696,0.9157463377459819,0.08619822374850954,0.8340510682657171
TCGA-A2-A0CZ,-1.548615708096178,1.5947641200147704,0.8098720953486582,0.20775768352562482
TCGA-AR-A2LE,-0.7494499914960819,-0.4675955810298085,-0.441772604840437,0.34051499708681704
TCGA-A8-A0A1,-0.18037150498430246,0.5999603870451486,0.6610888646426994,-0.9499244602613482
TCGA-E2-A1L7,1.674036072395882,0.13457970786243412,0.14266667573311523,1.2448011771573562
TCGA-E2-A14T,0.2356912289585783,-0.7162590857541993,-1.3069883718080562,-0.16207189620538515
TCGA-AC-A5EH,0.15400324575571472,1.0457553299573668,0.6425077256890407,0.6747538879514261
TCGA-GM-A2DM,-1.1013901736136944,-0.9330104715408318,0.3138762879947238,-0.42613473488953846
TCGA-A2-A0D4,1.2457154762503542,-1.2472192633213712,-1.476875910101706,0.11534014203051945
TCGA-BH-A0B1,0.36027529789921325,0.3247479911084754,-0.23266231204760413,-0.7856226982204397
TCGA-AO-A12F,1.210292366258373,0.5997870696165013,-0.24664692210347255,1.6916308847059336
TCGA-AC-A3HN,-0.6919203993075753,1.2277695719299013,0.6634106348058861,-0.8986623680713917
TCGA-C8-A1HN,1.09699047040786,-0.7462780655626993,-1.4088772173939472,0.5606922544117523
TCGA-A2-A25C,0.768769992779204,0.2342386181405117,-0.33551618425967356,-1.668371076773756
TCGA-E9-A6HE,0.46899587718032537,0.459960867573716,0.7056165525197902,1.7318871145847217
TCGA-EW-A6SB,0.8636665004149647,-1.9171703654015095,0.9365916674946726,2.592863591765063
TCGA-E9-A1N4,-0.07518939710006199,0.7279980898863526,0.9867580539464437,-0.06615110359207202
TCGA-B6-A0RH,0.30267371674701715,0.7771245338183139,0.12672922629717268,1.2561599836931543
TCGA-A8-A09N,0.8704903938158265,-0.31985446827689945,-0.9059605132524507,-0.28207084619663764
TCGA-AO-A0JE,0.2625788125732521,1.2221487011173606,1.1301120815016452,0.43945207341544
TCGA-E2-A106,-0.5750755163499552,-1.2080462560839957,-1.3707891158724874,-0.9406749869566109
TCGA-E2-A14S,0.5342759328475165,-1.5222666997203709,-0.9837852124656533,0.7081547547603596
TCGA-AC-A3TM,0.2632134853241737,-0.26029848965681956,-0.38597812390348724,1.419896114327446
TCGA-AQ-A1H3,-0.08877351111708293,0.6796684646849371,0.434153284816792,-0.8705263899057926
TCGA-E2-A15R,0.5785284053001963,-1.0416468315063687,-2.300326494077856,-1.2812363364959327
TCGA-A8-A06R,0.3209265747728588,0.8269343506087954,0.36395143861246826,1.0730609142616154
TCGA-E9-A295,-0.4430655240872495,0.46024091101881026,-0.5740078555691727,0.5730691179539867
TCGA-AC-A62X,1.085617124097569,-1.4201110021527423,-0.07310814359429763,1.343790617899894
TCGA-BH-A18N,-0.48084905752703044,-0.761685953137906,-1.3849129909841504,-0.9187233440565036
TCGA-BH-A1FL,0.01812671903575219,-0.2632790006484429,-0.9882018634941531,-0.5533663259192567
TCGA-D8-A1XD,0.14179281461661838,0.7222065569557249,-1.4970631631761149,-0.9791246258795006
TCGA-AC-A2FB,-0.6380159458880207,-0.023374344742266948,1.5960223653423105,-0.5703017325173221
TCGA-BH-A0DQ,-0.016579726626909215,1.206803592277381,0.10523232816616422,-0.23093722373179185
TCGA-AC-A3W5,-0.05443200046135455,1.3276919514028167,0.9575571468315495,-0.2219103189539448
TCGA-D8-A1JP,0.41743415260984074,0.8207232402666738,-0.3225830224790024,0.29798966501861285
TCGA-BH-A0HW,0.09823924339824126,-2.3031393717133226,-2.0079397151129084,0.19652273680534543
TCGA-BH-A0BW,0.7762800577244638,-0.10062480860276737,1.7852580155010271,-3.0882696747869987
TCGA-LL-A6FP,-0.823493821056435,-3.046576021107771,-2.911193354670693,0.3473739082865324
TCGA-A8-A0A4,0.036758237814023965,-0.03567709565834181,-1.2210265766701416,-0.7712335804657182
TCGA-AC-A6IW,1.250319471386947,-2.103793719118527,0.9835846558943067,2.4721114976313543
TCGA-XX-A899,-0.6429901893251639,1.0560225332514086,1.4418697474493352,-0.14233665932604733
TCGA-A2-A25A,-0.4449044171557961,1.0719521879157354,1.2651215931134356,-0.152171947713978
TCGA-E9-A1R5,-0.610648308941996,0.5347997585888311,-1.3302438730715924,-0.36466013306253325
TCGA-5T-A9QA,0.6514315402342674,-3.2874294552750634,-1.7935144617787486,1.0676163485853747
TCGA-GM-A3NW,-0.5656316433181378,-0.9553502295692274,-0.6253868393884655,0.14890463904906764
TCGA-D8-A1JS,-0.7333941768720338,-2.6760435104375095,-1.6159184316846233,0.6277868913637261
TCGA-AR-A1AJ,1.2896703964182614,0.41097777311491673,2.1929399546580983,0.16673014008229206
TCGA-AN-A0AK,1.5376460207143798,-1.5708855758218094,-1.5466141025487259,1.4890665056670385
TCGA-D8-A73W,-0.8631619003220842,0.6494355768500193,0.9752455538778374,-1.3007979590628946
TCGA-BH-A0BZ,0.7806155848932027,0.9592585772703113,0.7791077971637703,0.3051091225932272
TCGA-A2-A0EU,0.21427861274451845,0.12227516352619132,-0.1663315389119123,-0.003494159743556258
TCGA-B6-A401,-0.7092341550739479,0.6431013403052337,0.9363053410831517,0.4871130545435907
TCGA-AC-A7VC,0.9174208763700035,1.2646663943990375,-0.27096573242764416,2.0384871226789247
TCGA-AR-A24P,0.2685981463383476,0.8143623239444702,0.24837046867468887,0.0024665930271004018
TCGA-S3-AA0Z,1.8723365682535418,-0.7879321131050633,0.1419384252399509,-1.128052292391948
TCGA-LL-A50Y,-0.5581121130446124,-0.6934198558057646,-0.7039951778595316,0.4084649635229047
TCGA-OL-A5D8,-0.28478808537690775,-0.6173275104080077,-0.7596812388887262,-0.8349095198923842
TCGA-A8-A08S,0.3347364527334046,-0.3127030230277557,-0.7373242580161955,-0.4204335650858173
TCGA-A8-A09K,0.15837641465592114,-2.9316162416968643,-1.8132464316708414,-0.9182982056622832
TCGA-BH-A0DI,-0.9072191759765751,1.6949833548528317,0.7303065691375739,-0.6513725123305572
TCGA-A2-A0T6,-1.3263270951324695,1.5613351311000618,1.2444495482988271,-1.0876115460181428
TCGA-A2-A25B,1.3353321690136128,0.2988220359920593,0.1989324767011162,0.5489135527384064
TCGA-A2-A0SV,1.0552609854658273,0.5991275496413029,1.0320280289626083,1.2942867269722258
TCGA-BH-A18G,0.4251323979816462,0.1536155269885904,0.3093840313991514,1.4303149847870524
TCGA-AN-A0XR,0.8627795705570055,-0.33510069518933067,-0.8269400835878308,-0.42813266263259914
TCGA-A8-A0AB,0.4286469843967304,-0.5212054196526235,-1.8931076124757749,-0.3067725278125402
TCGA-AO-A1KO,-1.5141892102541399,-0.32096422685835196,-0.10300857583888076,-0.8643895397252331
TCGA-A2-A0CU,0.16923463026449745,-0.08029215555628959,-0.8962281976231302,-0.7918117186492385
TCGA-A2-A1FZ,-0.6266078632400852,0.7559388126107816,0.32311186457778734,-2.027361014057795
TCGA-BH-A1FC,2.043364088353333,-1.0942256187725736,0.12036162468315514,2.022055737162574
TCGA-E2-A14W,0.4636003538788904,-0.9340441798290104,-1.657549042289244,0.6377688913896328
TCGA-LL-A441,0.034868924244317825,0.09305942109402988,0.33188866922607,0.2920782211309603
TCGA-PL-A8LX,-0.9746889095394436,-1.7066690586860913,-1.6754484856668352,0.2788488372625389
TCGA-XX-A89A,-0.6559337615056772,1.4383908617631869,1.0470442821089265,-0.7858309453103788
TCGA-BH-A8FZ,-0.9387416712784225,0.8097695812722607,2.6517474570010946,0.336693255150228
TCGA-E9-A5UO,0.5986019256986848,-2.6625561745613444,-2.2005762508395543,-1.0392634280330313
TCGA-E2-A573,1.5977832190055499,-0.2191849944285866,1.366173164494842,1.064777038068671
TCGA-D8-A146,-0.9515692020754717,1.2119719305600853,0.27233492678428317,-1.4035124915013844
TCGA-AO-A124,1.3985535084641296,-0.85163505415804,0.11699292511780154,0.7986932885295088
TCGA-AR-A24Z,0.9074978771183541,-0.8681257631393869,-0.6985514423056872,-1.2130728259411436
TCGA-A8-A075,0.8003768060631566,0.5467537882635011,0.045927047268918754,0.5006896066449033
TCGA-A8-A08A,-0.6385730798220147,0.2889296727873002,-0.43484607302139666,0.03554519319062053
TCGA-AQ-A0Y5,-0.666469739143943,1.0058319682728967,0.10109234275761131,-0.7167818754039545
TCGA-B6-A0I9,0.755266340312008,-1.005863499693769,-0.5721438581817961,-0.28340975306341326
TCGA-BH-A28O,-1.7607946178116405,1.0429441472517735,0.47385372884308774,-0.6838642051921378
TCGA-AR-A0TX,0.2212649913559415,0.4570667371206552,0.23205451560684007,-0.7685985025303224
TCGA-D8-A3Z6,-0.9841313028761216,0.48929098236085833,-0.41631860715346597,-0.7032762203565512
TCGA-A8-A093,-0.29631812926693196,0.25326145645071013,-1.5016526599154778,-0.17550151653979665
TCGA-A8-A07C,1.9507261458499108,-0.7616631278440403,-0.8424739700636,0.8064096357398916
TCGA-A8-A099,-0.6185445316224564,-0.5944460665875486,-1.1097407258671772,-1.040738190209481
TCGA-BH-A201,-0.15742194093747722,1.3460956778366018,1.0086746228660253,-0.26008427117860305
TCGA-AO-A0J3,0.5171135051838323,-2.8915702278345075,-2.637955296918123,0.08651607053175352
TCGA-AR-A24H,1.5741769647532153,-1.382358275215133,-0.9076804167489261,0.7970916451951593
TCGA-BH-A0WA,1.26043307981902,0.7151279332624781,0.23490585930856936,0.010046152471030674
TCGA-AC-A3W6,-0.4544741526732559,1.1791429914416207,0.33218561049150064,-0.3782282783002478
TCGA-AO-A0J2,1.5213062988861055,-0.5083690134638325,0.546626837668285,1.6108817175219234
TCGA-A8-A08P,0.7121122191128813,0.4290120396566732,0.9208259373877563,0.7305651434909617
TCGA-C8-A275,1.564807962553061,-0.3286819621098844,0.6628390341536574,1.0059626528214738
TCGA-BH-A18P,0.6595057775544148,0.1945506065657165,-0.39013342954907576,-0.9538001707612807
TCGA-B6-A0RQ,-1.5961451989362363,-0.5208230585398738,-0.7534642030188482,-0.3229197550399124
TCGA-BH-A0BC,0.3592061672296857,0.5159004820261992,0.45155407581640883,0.7553216567494123
TCGA-A7-A26E,-0.40242477012784794,0.38932098088792777,-0.4140498777540695,-1.3813523692209284
TCGA-BH-A2L8,-0.5523473379106364,0.7022822214472879,0.7402098367779357,0.8667083796151587
TCGA-BH-A0DK,0.2904795731625717,1.147845872792028,1.4695919820490482,0.735684389188814
TCGA-A2-A0T2,0.11129531291046257,-0.2743942567224658,-0.16283420960552414,0.586512827956813
TCGA-E2-A1IF,-0.3005438004924331,1.043139907791161,0.33314247515592244,0.17254369075876183
TCGA-AR-A2LL,0.07792846734018899,-0.5552098954648023,-0.687494581618273,0.10131751979251574
TCGA-E9-A1N8,1.0756671454027835,-0.6754296379784089,-1.117698833033151,1.1369064486567206
TCGA-E9-A247,0.779566769650249,-0.4819295274100655,-1.5143838862400971,0.5112045086127803
TCGA-D8-A27E,-1.335399813098505,-1.1032153643509088,-0.6055576084752544,-0.3238879019951307
TCGA-EW-A1P0,-0.09938377177357366,-0.6072507635487562,-1.064007481926438,0.05127025323465745
TCGA-C8-A1HF,1.6033626990929863,0.5243300202150503,-0.003794722278139177,1.7423996343197448
TCGA-E9-A244,1.0775473782947815,0.29811633887026007,-0.28609569053087397,1.666893991526415
TCGA-AO-A0JD,1.5241454262675451,-1.8288073149674915,-0.5343307081330514,1.5505779538793099
TCGA-A1-A0SO,2.201116970581882,-2.1882292007392286,-2.258058813689582,0.7190066940835125
TCGA-A8-A09T,0.08495436528833418,0.1908016371215273,-0.4486411089918566,0.5810768241483628
TCGA-D8-A73X,-0.822512216602539,0.515908974967902,-0.5011012321108581,-0.21366574887621514
TCGA-AC-A8OS,-1.2250563680882944,0.6258279083053019,0.1812438774755704,-1.4536515189052932
TCGA-E2-A15C,-0.815962770511653,0.6412201827763857,0.032373013987994484,-1.4179666124203412
TCGA-BH-A18I,-0.12446392926298928,1.303376330256998,0.9160711556169784,-0.8237004175480225
TCGA-EW-A1PF,-0.530873277170434,1.0214935126169096,0.14785404090860013,-1.3126378550591833
TCGA-E2-A108,-0.31475616342184426,1.3764539832324107,2.299316651311384,-0.4298154865492754
TCGA-HN-A2OB,-1.7030040032900087,1.3279667790578096,-0.03031297340235781,-0.586740035062231
TCGA-B6-A0RU,1.6484303891431187,0.3016562853482681,-0.5381595447777245,1.5252480344201997
TCGA-AO-A0JC,-0.22547527261574823,-0.6859411795295761,1.583731890751253,-0.43493887084257493
TCGA-B6-A0RM,0.07634082390523315,-1.4635370757791895,-1.863046789334674,0.032719335507316406
TCGA-A8-A08G,0.38947159769370676,-0.25352738483524556,-0.7656118873382851,-0.352565304550248
TCGA-E9-A3Q9,-1.5818188504754107,-1.107398335957704,-0.21610933538933136,-0.4864131309620073
TCGA-C8-A1HL,1.253075032524835,0.24693312764745454,-0.5291353025569495,0.971324709918126
TCGA-C8-A3M8,0.20222114415115613,0.011307382962353403,-0.930705425374892,-0.5226472745800521
TCGA-MS-A51U,-1.286348377476603,0.896717806572517,0.15479150100996025,-1.044689070920187
TCGA-AR-A24W,-1.2584694240983205,0.5921611590157763,0.7766574169224041,-0.6281975729313221
TCGA-EW-A1P7,-0.7690107908582984,1.246963050458245,2.0298421802114883,-0.8013323149920629
TCGA-A2-A04W,0.21196024900188995,0.8653521444723744,0.1030592924300255,0.30581498978463206
TCGA-AC-A8OR,-0.8361499442863091,-1.9786395761894866,-0.4001070521939579,0.4035503698193576
TCGA-E2-A105,0.3972560777375023,-1.1890423722726893,-1.784419520512315,0.9651011252115919
TCGA-D8-A13Y,2.0006826954542394,-0.9549511330447926,-2.8901953728523737,-0.047710251483360715
TCGA-V7-A7HQ,-0.7303826669346791,-0.3729530212643479,-0.9664456423900002,0.7618659789005215
TCGA-AR-A2LO,-0.09363727080176369,0.5912463293945378,0.8213885162069022,0.23519461534732125
TCGA-3C-AALI,0.8728730647377906,-0.1937366224156777,-0.3087045795542038,-0.14686666106635676
TCGA-E2-A1LS,-0.32261880650213426,-1.1323300743425833,-1.0438827824798267,0.40313398831950037
TCGA-BH-A1FG,-0.41122039348964645,-1.3327099958301962,-0.8698084580586138,0.2951047934189627
TCGA-A8-A08H,0.17813831354956944,1.4944791508051687,1.6103545487991204,0.2669528992276991
TCGA-AR-A0TS,1.2152006444066827,0.2286392499559375,0.2289784824350616,-1.146586561555672
TCGA-A2-A3XU,1.0292028163316107,-2.0431527878737272,-0.9659899352708138,3.0161274978377914
TCGA-D8-A1XG,-0.5511265601319888,-0.10805958482827403,-0.7526875363828426,-1.3583803653048552
TCGA-AR-A0TT,0.14824322764855702,0.6959363502001435,0.972068709419073,-0.3120763209781347
TCGA-D8-A1JJ,0.5727524716010299,0.7724217973264796,-0.11415146513383445,0.38070584987402406
TCGA-D8-A145,-0.8402868153865359,0.5481233899684658,-0.40874473960321706,-1.2352745696460068
TCGA-BH-A1ES,0.5653159464734857,0.8825386390401275,-1.1608830761144098,-0.28561013228907395
TCGA-C8-A12M,0.12486615227457348,-1.749679612592937,-2.03396592375279,-0.05585722793352679
TCGA-A2-A0CY,0.17151554463243876,-1.223122474846987,-0.9878251920719858,1.546733700257576
TCGA-A8-A08L,1.143696673124559,-0.4407516731154368,-0.725119244559775,0.39428610803745306
TCGA-OL-A5S0,0.810974018268123,0.8345161752324343,1.3292945582074527,1.9728113676546035
TCGA-C8-A1HJ,2.0390396262304202,-0.6681754640065943,-0.4441359034027011,2.2422990542023737
TCGA-BH-A0BR,0.01646640513605277,1.4199898391082506,1.3430917836111878,-1.0557892337523953
TCGA-AO-A12E,0.3021257073018669,-0.12313550623296157,0.3858485205485805,-0.10594134806545391
TCGA-S3-AA15,0.668235521180803,1.1547403177738975,1.7768115605797485,0.7109537495529074
TCGA-OL-A5D7,1.8398112474777322,-1.6542628756599265,0.4536528382402906,2.149053192676716
TCGA-OL-A5DA,-0.7600703532186192,-0.3558230882971796,-0.7866080644227299,-0.056025556858305806
TCGA-B6-A0RL,1.2339421480341088,-4.593638409190581,-2.269939428994861,0.4638762167420695
TCGA-OL-A66N,-1.4094621914171888,0.12491560648782345,-0.47995740618656096,0.6296070866283153
TCGA-A2-A0CM,1.6009144949155796,0.20321782682806822,1.4196892931957803,1.3171782293290362
TCGA-S3-A6ZG,0.49627987555793374,-0.6812984006364057,-0.5922209981786727,-0.3368620315268197
TCGA-E9-A1RB,1.7241123726463337,-0.1601724633096668,-0.11054200474480014,1.6511572437736621
TCGA-A2-A4RY,-1.5149709160308915,0.91202759483054,0.5867713374772189,-1.3390508860860006
TCGA-E9-A1R6,0.2541769819382013,-0.26348369308164477,-1.2180080206916675,-0.38110719686199324
TCGA-E9-A1R3,-1.9455132646052409,1.2784595698049397,1.1236583555781487,-1.2161315789964242
TCGA-D8-A1JK,0.6810428782390684,0.9146109941971103,1.7956855579242261,0.229979604221547
TCGA-A2-A0CR,-0.7285874066973427,0.2066593732609991,1.3088442917897032,0.37659542788203304
TCGA-BH-AB28,-0.3027171772680358,0.05671637191071074,-0.16276623353923586,0.16923674347067916
TCGA-E2-A10C,0.33834858425024267,-0.5616919285653544,-0.6965728595330599,0.5824881651646451
TCGA-B6-A0WW,0.1646792948123974,0.17599937269754784,-0.5905969004970593,-0.758863012237859
TCGA-BH-A6R8,-0.6999352836304055,-1.1609349836749678,-0.4769293166582865,-0.29924051682137687
TCGA-D8-A27L,-0.7416209071393816,1.0676453722253514,0.35393826494920866,-0.881190180201134
TCGA-BH-A0EE,1.3284437097824908,-2.6066841510773346,0.3231257435105012,1.32203302163894
TCGA-D8-A1JG,0.998290373209165,0.02207033768558161,0.5620586536925484,-1.019602714622744
TCGA-C8-A133,-0.6505108894840836,-3.626666844532063,-1.4941534774409246,0.5719884695773478
TCGA-A2-A0EO,-0.8209854176066924,1.2630375045347386,0.796832774824265,0.24698927240039198
TCGA-A2-A0YL,-0.21475168554500787,0.7215092698830798,0.508841464018067,-0.039038388190691914
TCGA-AR-A1AY,1.8764472339278624,0.38314778987973575,-0.17926741099219437,-0.13949237656059457
TCGA-B6-A0IC,-0.1569364949991292,-3.3869143756241598,-2.069108804281372,-1.0335749568889148
TCGA-AR-A24L,0.17157227713530623,1.0064492752571952,-0.6706228096588985,-1.2195198258411408
TCGA-AC-A3YJ,-1.0258447335379688,-1.7220396540524123,-1.4966767083975687,0.9355138411261501
TCGA-A8-A06U,0.3484783188412587,-0.6020591144941789,-0.5709138161509169,0.07481669558142218
TCGA-AR-A0U0,1.1356018187884656,-0.9362570216883171,1.105455393600913,1.120595831040819
TCGA-BH-A1EW,0.24735313458581243,0.043293635311600194,0.9103475980128546,-0.5792946120509299
TCGA-AN-A0FF,0.29784921192835934,0.13432148422087545,0.1852968856618759,-0.49787631440681207
TCGA-AN-A0FX,0.7629726504752867,0.7223280204544855,-0.8527292763605807,0.6418428683992554
TCGA-BH-A0DZ,0.702406348264148,1.2699137715956987,1.2678557199312264,1.189477938453842
TCGA-A2-A0SU,-0.051315514271750545,0.32667710974645764,-0.16952326841163193,0.05785375719896694
TCGA-E2-A15O,0.7776814594768685,-0.9332356592731001,-1.3323625738876352,-0.14842270483695166
TCGA-E2-A1LI,1.7782922967772958,-1.1036411114278581,0.43340472501193417,1.2071241886921482
TCGA-E9-A54Y,0.8946414774261885,-3.696897474059718,-1.656092627155004,1.0843872555001546
TCGA-EW-A3E8,-0.7823906727314568,0.4491371156792499,0.8350979309312595,0.056036620161427714
TCGA-D8-A1XV,-0.1778683620081685,-1.6339128265786274,-1.6132613266210734,0.19478326910959942
TCGA-AR-A255,0.11680111063263696,0.728824626205749,0.3410400872520335,-0.07899643298906904
TCGA-GM-A4E0,-1.7391133622862636,0.7955343877346276,1.369128697999913,-1.0619758277259221
TCGA-B6-A0IE,0.34762652117345866,-0.8978524585795474,-1.8265040586465038,1.0860281734516422
TCGA-A8-A07F,-0.019742976185298536,0.06547268213506463,-0.6276141726973984,-1.7453350004655233
TCGA-AN-A046,-0.24258918482395359,0.4213172527104459,0.9019040902070083,1.0891020826526565
TCGA-AR-A1AS,0.43802222986843803,-0.02794423340314696,-0.3212548840062507,0.6066097577768617
TCGA-E2-A15T,0.7010410722305126,-1.5189258916581754,-1.5785650524919383,-1.1367812727802007
TCGA-GM-A2DB,0.5831089064160088,-0.8792614689069304,0.26290442622094745,1.5822688966374292
TCGA-EW-A1PH,1.2030369344881673,-0.3869612017244965,-0.11955738830265596,1.0227937202020694
TCGA-BH-A0HP,-0.33893637637905616,0.2615036348211559,-0.2526658237308244,-0.33587752844802715
TCGA-AN-A0AM,0.761686651015399,0.26802757524303134,0.4255598049392042,1.2391903901976993
TCGA-C8-A1HG,1.1427558727165126,-0.4563336281497938,-0.7244729116989147,1.9861942317523504
TCGA-BH-A18L,0.9726494991323607,-2.5576235572319503,-1.4491405431215545,0.4013091053155323
TCGA-A2-A0YI,-1.246563710116558,0.2597794196158163,0.7856228895301766,-0.8987215007134773
TCGA-D8-A4Z1,-1.4152740380670152,0.3753831111072807,0.0106349802149587,-1.6366041496068595
TCGA-GM-A2DK,-0.4805344166959188,0.49477222908868046,0.6374136208585383,0.20117158415065875
TCGA-E2-A1L9,-0.5036184331831423,1.4838380872903505,0.7480359249470659,-0.1829239261979789
TCGA-BH-A0BA,-0.045606483851604394,-0.10801885105346754,-0.3020631997518274,-0.9886473850352321
TCGA-C8-A12L,1.2936108392723724,-0.0830843341717779,0.677161012370147,0.3254008300097754
TCGA-A8-A083,-0.9928424748620283,-2.1896675160338357,-1.3412172885141311,0.06882834360550077
TCGA-D8-A1XY,-1.0771566163810946,0.8405689450301059,-0.07134918689755963,-1.3229460173517564
TCGA-A2-A0D2,1.9645010091857873,0.11687816059313971,0.549438002092344,1.7214518780484147
TCGA-AR-A1AL,-0.6030608137500393,0.8971129567862924,0.6620169310768713,-1.148438531955828
TCGA-AO-A0J6,1.202846247927801,-1.4642059080257743,1.0131511752416302,1.1712484464038755
TCGA-AO-A0J7,0.993157194142238,-0.820372055896814,-1.2317388584869553,1.3104291330489781
TCGA-OL-A66H,-0.26437784930811137,-0.4524397553693833,0.3967727492206478,0.5743944756217179
TCGA-D8-A1J9,0.35481304601083485,0.49693286795300473,-0.3752738058591855,-0.8737705531418891
TCGA-BH-A0B5,0.8475207467406914,0.5568737185903826,0.14853286475716632,-0.9278600201543342
TCGA-BH-A0B4,0.2322514164427024,0.8670583356494269,0.11028769936293657,0.964569615599197
TCGA-AQ-A04H,0.8432742575043526,-0.8198441698676531,-0.9549248864846268,-0.9638089513110155
TCGA-AR-A1AX,0.2106963934441796,0.22496948018579446,0.58442640716586,-0.07682735437824732
TCGA-BH-A0GZ,-0.0823873504601209,0.4243107123983173,-0.9179343161787409,0.16369819579674166
TCGA-B6-A0IN,-0.3597381116182099,0.3062819266555238,0.1148704574535408,0.3853773443414125
TCGA-BH-A1F6,1.0058264942107646,-0.06571766928805702,1.211585660574208,0.9888617240906176
TCGA-A8-A07U,1.0036447496320378,0.05746656268504008,1.577022370759209,0.14022476866597672
TCGA-BH-A18V,1.7865418682521848,0.23925441212781373,1.5948206243304903,-0.2924296172018957
TCGA-AQ-A04L,-0.16177400916951,0.136462590037974,-0.47966010278038557,0.8390147999814309
TCGA-AR-A1AP,0.021426664940891866,0.49717790789355715,0.4153562884444141,-0.3906070368548378
TCGA-AC-A2QH,0.8300474394606627,1.5108278053924542,-0.9214894408182148,1.6103184493054032
TCGA-AR-A24M,-0.3185794260321255,0.7479710947582882,-0.32413516560961847,-1.199538295710314
TCGA-AR-A2LQ,-1.1782563600177292,1.543619612284877,1.0602866906210482,-1.235234452350638
TCGA-AC-A62Y,-0.40536787296582183,0.20837428461177424,1.4311437782753307,-0.1778225059943634
TCGA-BH-A0HO,-0.5534229114747411,-0.42849319157065135,-0.26492565600484264,0.6410425218201462
TCGA-EW-A1OV,0.3431727372733876,0.0971462434713709,0.8712298604553529,0.7428654736976636
TCGA-A2-A0CK,-0.37799372289246597,-0.11514907195239865,-0.4375026313328565,0.803660061108402
TCGA-E2-A1L8,-0.614307784879742,0.48609128815509045,-0.08027546758650894,-0.3228740091503297
TCGA-EW-A1PG,-1.4831221984549188,1.6004377335575268,1.87129740358431,0.12924188548919865
TCGA-E2-A14Q,-0.29045366049694993,-0.017996290714743388,-0.33223449224786683,-0.10417876680019662
TCGA-EW-A1OY,0.8053279539934677,-0.7535379168750829,-0.42939312594609114,1.4156604705721687
TCGA-BH-A18H,-0.4641666813594408,0.02308184149512824,1.6955043788510307,0.3064112822116743
TCGA-BH-A0HU,1.390637422690439,-0.8132904862889452,-1.1124155334384087,1.328488660855537
TCGA-AO-A03R,1.2174512578248335,-0.774471353610716,0.2604434534634228,1.9797823261359386
TCGA-A7-A26J,0.3495874580696841,0.4335254181772092,-0.04369991741473736,-0.8456202787908389
TCGA-AN-A0FS,-0.7087577985566655,0.6782621444010981,-0.3968270582198666,-0.04320484175177246
TCGA-A2-A0ST,0.5657645493025233,-0.6467218650498717,2.009125149116871,0.5064794718066331
TCGA-D8-A27W,0.8022893433599487,-0.10185011752828134,-0.9748006449496441,1.0854421299927695
TCGA-A2-A0SW,0.8051525927684985,0.4119431066109697,0.23552174367570428,0.302671261840289
TCGA-AO-A1KS,0.880824495283588,-0.8661337859013679,-1.0133879459640405,-0.9292451263342256
TCGA-GM-A2DL,0.39723918723031987,1.3382461027909949,0.819268637645202,0.495372015013441
TCGA-A2-A04X,0.7902119620289357,-0.6797327142758547,0.31832645287802935,1.0681260768174188
TCGA-EW-A1J6,0.1312463645803381,-1.7601476010061923,-0.2912739892318736,0.6496466864003314
TCGA-B6-A0RP,-0.9836426172270494,0.6127976072010496,0.17902127439120522,-1.0647540835098792
TCGA-E2-A159,1.2861585498831989,-0.005334757915309034,0.8902770756163414,-0.017757094854703597
TCGA-BH-A0W4,-0.28546354113964606,0.912454576963101,0.06872848590776007,-0.6454573550411685
TCGA-E2-A10E,-0.04360811625318339,0.05481628398503312,-0.11439204357322649,-0.4920851217406405
TCGA-OL-A6VO,1.651609710746292,-1.411685586573824,0.19131469634322554,1.4486700008296858
TCGA-D8-A1Y3,1.5877796708643768,-1.3240307294547737,-0.20627356191980797,2.683663879265104
TCGA-E2-A14V,1.4327509002454444,-0.12422323953442588,-0.8040508451103789,0.9363792128578834
TCGA-A2-A0D0,1.9708229120425202,-0.9560374182870566,0.6623996891548394,2.7759748948510996
TCGA-A2-A0T5,-0.04546610164291153,0.6938120740342476,-0.10305990230542583,1.0117640014945555
TCGA-AN-A0XS,-0.8028003526621761,0.9768368963430827,0.09596508509295211,-0.8230085218308282
TCGA-B6-A402,0.8898293086248842,-0.8835950755179343,-0.9334763421392798,1.8915576877210294
TCGA-D8-A1JB,-1.1358286115506662,-0.25677948596613676,0.8516824358130387,-0.8876217008788616
TCGA-E2-A109,1.1808871193535377,-0.029385957381067095,-1.207270680107122,0.4935462990214649
TCGA-B6-A0RE,1.1971932878532083,0.07785184195120759,0.2824240545469165,1.4028113892049996
TCGA-E2-A2P5,0.7112279875845617,-0.038826373826272305,-0.7916315104539334,1.1167064988457411
TCGA-OL-A66K,-0.9194156554163285,0.4470225286373999,-0.25044580200832384,-0.46157468042777255
TCGA-S3-AA11,-0.32995310107245257,-0.6189175041867405,-1.1518459999290491,-0.20415558528953
TCGA-C8-A134,1.7235953255493996,-0.5566543406915895,0.45584572004298557,0.48271955815080897
TCGA-AN-A0AT,2.0107627378473842,-0.46614852560056014,-0.12492571466033577,2.444966816138271
TCGA-BH-A0HN,-0.7045412444567201,-2.3458132959709843,-2.269670075876103,-0.11643667045209823
TCGA-GM-A2DN,0.11509413244868387,0.41772514304651753,1.196238939345395,0.2718617670352174
TCGA-AO-A12D,0.08133432433419371,0.7345350114166214,0.9618647234675156,-0.6465297240718806
TCGA-A8-A08C,-0.5790575468056335,-0.5205863323520857,-1.5873210233186281,0.27872020442870515
TCGA-C8-A274,0.17505150770868763,-0.9902653933688309,-1.176473615964233,-0.3580063186534549
TCGA-BH-A0HX,0.13069405199231626,0.628226404919186,-0.3157384998318347,0.30464604010621565
TCGA-E9-A1NE,0.16304343971577845,0.28137796274789323,1.3426234941166793,-0.9083828486405564
TCGA-BH-A0BP,-0.8986641786436078,1.1134598864939673,0.4968499987798113,-0.6243087096237652
TCGA-AR-A2LM,-1.133441455404739,1.1093750126609803,0.330217000195602,-1.740730429950907
TCGA-BH-A1FR,-0.16040902533177628,-0.883880316570311,-0.6219611185645828,-0.27923458797467177
TCGA-B6-A0I1,0.8689123314660334,-2.0078358949241957,-1.5186462260214402,1.74647375569841
TCGA-W8-A86G,-1.5052869773946354,0.17019366165613367,-0.925969087252895,0.012841804620566988
TCGA-PL-A8LZ,0.956307392323767,0.4659647370678985,1.6808468301471122,0.024320928964519487
TCGA-LD-A7W5,-0.5303853374366476,0.22703120809630678,0.19093718533662546,0.16917634250081706
TCGA-D8-A1XU,-0.8827593468253399,0.7212330444107578,-0.43381251004086185,-0.6904693620973512
TCGA-E2-A15G,-0.8257777394757586,-1.0737296177523568,-1.3679132469435098,-1.3854659205156263
TCGA-A2-A04R,0.971174778632413,0.00943403260217391,-1.004589653854196,0.40932838271746275
TCGA-AO-A126,-0.5242084265395975,0.7457215427480135,-0.5061161161926299,0.33816488784376886
TCGA-AO-A0JM,1.0817923602229034,1.1187960180458083,0.2821656950146743,0.285050612364685
TCGA-EW-A2FS,-0.0869134682532137,-0.2423330160797098,0.21207377989613105,0.8046826947906546
TCGA-E2-A1LH,0.40451736423510526,0.1327635997499402,1.4812218699916773,0.7337405462863394
TCGA-A2-A25D,0.12067221615187587,-0.69666297572445,1.146761731518881,1.623572932911439
TCGA-E9-A243,0.7752905030845425,0.2083282299934736,1.6888040675629596,0.15978092678617825
TCGA-4H-AAAK,-0.3105450597425355,1.3446251401486073,0.06262452480632928,0.048298685803218014
TCGA-E9-A1N6,0.9423536379352344,1.119982287980932,0.21031577849258326,0.24851920555984952
TCGA-BH-A0E9,-0.7644092028929129,-0.15620202500797967,-0.028238574907031175,-1.1533698377329518
TCGA-B6-A1KI,-1.0644903553712457,0.2547106414556125,-1.0365979729491388,-0.7745466832916647
TCGA-D8-A1X9,0.2512786496186789,0.6653454264489844,0.26370102880434343,-0.9223292259335373
TCGA-A1-A0SB,-0.4416380720763958,-0.07738775872793002,-1.0523017804316275,-0.15166218123521658
TCGA-E2-A14P,1.3808870250686496,-1.0766581748913537,-0.35287356530103575,0.6768682928917793
TCGA-BH-A0W5,-0.7923852841621934,0.6063114131010018,0.3791459564786498,-0.5439358770395959
TCGA-E2-A15I,-1.4061439951032777,0.08757636446087251,-0.3071891730027282,-1.865872308796078
TCGA-A2-A3XY,0.5874441195052621,1.4135316666470912,1.7311787249496395,0.7225408182151369
TCGA-BH-A0H5,-0.6395449968531424,0.0006495191647113946,1.4241602393363382,-0.48390503807755086
TCGA-OL-A5RY,0.047986008396967456,1.2037833248267815,1.8320627187488285,1.1167834260535945
TCGA-E9-A227,-0.4096810755064214,0.32596961114242246,0.11476069350353997,0.3899854266575028
TCGA-C8-A8HR,0.02557188390889195,1.1748453144879056,1.204598206954071,0.0506994049181891
TCGA-EW-A2FV,0.7707880798796889,0.15663583649783258,0.841757844457793,0.34219069472532776
TCGA-BH-A0BG,0.3975247576615691,-0.052578731443790494,0.8988991731317045,0.8963724119076688
TCGA-D8-A3Z5,-1.430469251287705,-0.6451684422123749,-0.3082795047272758,-0.5542977251299124
TCGA-BH-A1FD,0.7547976990907201,0.2796249468168103,0.09246831348124268,0.39245726604564724
TCGA-B6-A0RV,0.03483376319473975,-0.633791585278552,0.057523638526731695,0.49147770740908
TCGA-E2-A1LA,0.5512325921829451,0.2917511114442566,0.9250132691557396,0.5777333775629516
TCGA-A2-A04Y,0.2465442351344591,-0.7201333244443812,0.6293017992809351,1.0773207269016716
TCGA-AR-A24O,-0.13140169581952382,1.3778027681648168,1.0026629057174636,-0.8003706496027755
TCGA-EW-A2FW,1.5425446438672206,-0.4620451867192095,-1.549590903467159,0.6489635659038706
TCGA-A2-A0CQ,-0.3592327953843149,-0.8528472306364876,-0.3155465340929555,0.3740765735395564
TCGA-GM-A2DA,-0.29406946685085633,0.8687597763863316,0.9184999036823973,0.3054702856445868
TCGA-E9-A1NH,-1.1180149649205555,1.2205445114508098,0.1694442833097844,-0.6884195072668445
TCGA-AO-A12A,-0.5662934710361158,0.73943024067448,0.35368968103518944,-0.7051497862515794
TCGA-EW-A1IW,0.8110792945895507,0.5360214712887719,0.36759535837941637,0.28235869483975345
TCGA-E2-A14U,-1.8077615518582923,-1.2011754628509659,-0.11144522654679742,-0.33167303080971594
TCGA-C8-A12K,1.722503804185857,-0.04767622121672135,1.8660597525979385,1.7631275732353142
TCGA-OL-A5RU,-1.225987137701185,-0.07776221597132774,0.9635077163210503,-0.41030640669138596
TCGA-LL-A5YM,0.5000742443399653,-0.7475138824538987,-1.0452994312414543,1.6312032629653812
TCGA-BH-A0BS,-0.15117935005165692,-1.2509285137302517,-1.009949332161487,-0.7913218158820103
TCGA-AR-A2LK,0.9572753763531234,-0.011829285644344014,-1.0426541560388314,0.15974922787712165
TCGA-OL-A6VR,-0.8408660379956215,-1.6043009957237004,-0.962121559297789,0.47754748370495587
TCGA-5L-AAT1,-1.2575211259866108,0.327766151419058,0.7187717558013244,0.5701822600329991
TCGA-E9-A1NA,0.23440285171357572,0.7024845475546239,0.327865625054074,0.7691130513208806
TCGA-A8-A091,-0.3725280696553993,-0.6186235623120415,-1.6160123663262684,-1.4976390500175936
TCGA-A8-A07E,0.6054508525931539,1.2046947793578133,0.3387551370711014,-0.09365394437564938
TCGA-BH-A18K,0.04957465854007841,0.8550452109015467,-0.4471292777392889,0.7182919109845949
TCGA-A1-A0SJ,0.23184967884462326,0.5246382041030517,-0.1320995614994832,-0.3172955607556547
TCGA-D8-A1JL,0.9791395599375557,0.7164611545939371,1.2497822976671566,-0.7997711460858854
TCGA-AR-A0TY,1.4098407865434623,-1.3140841230381413,-1.4496960362909208,0.8717324038626225
TCGA-E2-A574,0.8028538425207362,-1.1726937956715524,-1.3974822849301671,2.4414751563477988
TCGA-A8-A097,0.5793440231469694,1.0480543245380816,0.06469483684644461,-0.390232172018231
TCGA-AN-A0FZ,-0.029301212598435596,0.11391316978833563,-1.2894341404377385,-0.3993862749080624
TCGA-BH-A0E6,0.8600893465356254,-0.24569933466435814,-0.219428662800066,1.9379269277576827
TCGA-C8-A132,-0.14667224438980034,1.2846778384807296,0.8823148354034868,-0.7711001526927772
TCGA-BH-A0H6,-0.7686836603687108,0.8553919661545076,-0.3464077621078723,-0.6008412052511315
TCGA-B6-A0RG,0.3334839539140368,0.34024640266050904,-0.5327491548383004,0.18698774817242964
TCGA-PL-A8LY,-0.49502453810108155,-1.5032609679376456,-0.3553712730864081,1.6879296063476121
TCGA-D8-A1XS,0.6753221363570794,0.26698786926401497,-0.5962523830624022,-0.16877728534441283
TCGA-D8-A1JT,0.4781983993371824,-1.7506066224580097,0.03178515208574356,-1.0786292686674515
TCGA-B6-A0RS,0.6877502531945159,0.317991379837494,1.1663256503043706,1.5661838247724305
TCGA-AC-A8OP,-0.6028975774234885,-0.005537426546289609,-0.002939049922475606,-0.7628517892551429
TCGA-E9-A1RG,0.5317832724960918,-0.07351906970048483,-0.5168684677684738,1.559974991326792
TCGA-C8-A12Y,0.08555107152406065,0.22041920422812936,-0.08899121885529042,1.1815268273093067
TCGA-BH-A0DP,-0.7719764884020912,0.8424414381963387,0.731882710886047,-0.09145835039264047
TCGA-E9-A1QZ,0.3010967012579346,-0.008168574507334457,0.5855972988764194,0.31210896714778674
TCGA-GM-A2D9,-0.9988025366409493,0.35066494958584477,-0.03009396593602415,0.9155347947010523
TCGA-GM-A3XL,1.871232407111477,-2.065968888050747,0.2285245091203941,2.7163510164852536
TCGA-LQ-A4E4,0.4947056922538074,-0.8320785191801147,-2.141662429578753,-0.34327430490065125
TCGA-D8-A1X7,-0.12889980826381175,0.12196040182800402,-0.6874169530615496,-1.0801633706713512
TCGA-AN-A0XU,1.6649383237738415,-0.257519956688101,-0.1654489136991319,0.7647923449787309
TCGA-BH-A0BV,-0.225585941475456,0.28229688896256383,0.16119013198610224,-1.3000344177132577
TCGA-BH-A1FJ,1.1292563592314175,-0.7252510954615831,-1.2285283053128528,-0.24692145046272126
TCGA-EW-A1J1,-0.4369657520810052,-1.1520257121694544,-0.4364405654064375,-0.6005425651250224
TCGA-A2-A4RX,0.41151589781951786,1.7864217860804132,1.20437733257377,-0.8770398658428805
TCGA-D8-A142,0.43041091110090646,1.0839055759377967,0.2861404170804732,-0.13870529469693046
TCGA-EW-A1J2,-1.4415232906533544,1.1211278191279537,0.8142847348276798,-1.6652994464821596
TCGA-BH-A0HF,-0.20715939933876212,1.0279667885539907,0.8462185766563055,0.6114210069163581
TCGA-E9-A1N9,1.1912348824642331,0.059328652565450384,-0.9060997131700523,1.0382656812154603
TCGA-E2-A570,-0.30065187588951736,0.9595859328150453,-0.39169673919679415,0.3236977017335288
TCGA-AO-A0JG,-1.254849880940384,-0.04535419269444741,-0.2441954414768646,-1.0845051380785504
TCGA-S3-A6ZH,0.8639914048957421,-1.6233661348580568,-0.9524269503306408,0.28789614352080045
TCGA-D8-A1XC,-0.7496459567035622,-1.8863831015062507,-1.2583274357924938,-1.2801060055715188
TCGA-AQ-A54N,0.47272431217759664,-2.876561505663855,-1.1768658848305704,1.5089009694843771
TCGA-C8-A131,1.0242668265154784,1.0550448452822117,1.0041784922949466,1.021972932806473
TCGA-E2-A1AZ,1.4793003645740836,0.7373407624554673,0.5941737377313466,0.25609695773455077
TCGA-E9-A3HO,0.8822351158500299,-1.263579326660562,-1.7595816154334611,1.454474659612968
TCGA-A7-A5ZX,-1.5838138430109803,0.9310174049056633,-0.3904378684970956,-0.22011539732759247
TCGA-AR-A2LH,0.14245287919194918,0.1647994335950694,1.8689925764018909,0.3863594901565862
TCGA-C8-A138,0.05087819159771356,0.8468184482908261,0.3828264100740819,0.2159768925656033
TCGA-LL-A6FR,0.6254794622453899,0.511580761073864,-0.35172052734294523,0.9978481774864442
TCGA-D8-A1JM,1.5422432623733136,-2.1305693670913053,-0.03482325763020554,1.431818095257575
TCGA-BH-A0BF,-0.022242569789631687,1.2990815766754837,1.4987326345197671,-0.23601118826600354
TCGA-A7-A0CH,-0.5402978319236582,0.41687092705130285,-0.44237775306638,-0.46896724988616495
TCGA-LL-A73Y,-0.35080278480187504,1.1721167184913583,0.6977887591316707,-0.43103312784082953
TCGA-BH-A1FH,-1.3750793121869982,1.407274522540463,0.3182193741050081,-1.9506991814375982
TCGA-AC-A4ZE,-0.01298953392806538,-1.4359598346492275,-1.189226681750961,-0.38420454030191903
TCGA-AR-A24U,0.4620297020060398,0.6899516481414465,1.5306467449381576,-0.10359719574390448
TCGA-A2-A0SX,0.9506103192665022,0.8559977189975274,1.2239043877732225,-0.14576138475159972
TCGA-E9-A1ND,0.8072728714164893,0.0647174717062995,2.1420357973462036,0.376621473933642
TCGA-A8-A084,0.6181172547356572,0.30038405801939183,-0.3767770458506573,-1.3209614343422011
TCGA-A1-A0SG,-0.5990696318139617,0.253992662050998,-0.6529605054849538,-0.9917392787502358
TCGA-B6-A0X0,-0.15637020444325558,-1.1241432480667723,-0.8485888995412781,0.7911158424078492
TCGA-AR-A254,0.8190574014010029,0.6467880374716034,0.7588447384431137,1.0324866167142415
TCGA-LD-A7W6,-0.17569551513078693,-0.2031363569693579,-0.2884040836353034,-0.4290508335415586
TCGA-D8-A1Y0,0.6407696137516024,0.27833138263119284,0.18765463794024187,-0.38368004033184433
TCGA-BH-A18R,1.398620115560314,-0.8301016904773428,-0.6371506813631359,0.8519792758755682
TCGA-LL-A5YO,0.7986734161166714,-0.2279471672134081,0.7544992822240233,1.968397593500452
TCGA-AO-A0J4,1.0667864311751163,0.48418078067913445,0.9806756665227764,0.6112610639812317
TCGA-E9-A1NG,-0.7568001449518205,1.748800769691435,1.4763676757336375,-0.8264518908137871
TCGA-BH-A18M,-0.20018937872556847,0.8812129324366477,0.3266110038172233,-0.3265396521173977
TCGA-A8-A085,0.5986463260423206,-0.16970006885107441,-1.939020227964977,0.12006407414536584
TCGA-E2-A10F,-0.20520340511213148,1.205425956481788,0.7543953641029362,-0.5751118691002914
TCGA-D8-A27H,0.31723492658150915,1.117623387010829,-0.041482254647816345,-1.5205225806688063
TCGA-AN-A0XT,-0.8206122589281257,-0.7813838653349169,-0.8481979820258666,-0.542496630380001
TCGA-A2-A3Y0,1.5229534829118765,-1.2199352096132197,0.7563136506507439,2.824477474268109
TCGA-AN-A0XL,-0.19941156865580195,0.7635400218530096,0.3042134899019255,-1.01186404842251
TCGA-AR-A0U2,1.9300683729223953,-1.5032677614810135,-1.8896542410912958,-1.3332658464209142
TCGA-A7-A5ZW,-1.112718843945405,1.2245183125724504,0.5576034490414152,0.2717850399679465
TCGA-AN-A0AR,1.2254413637426171,-1.5535409340961301,-2.6302664464624534,2.0529258636847625
TCGA-E9-A1RH,1.4482255156128896,0.4852139530067848,0.0030221103219774453,0.33840923255994315
TCGA-LL-A5YL,-0.09006334680495595,-0.23122383687420822,-0.31190112817672233,1.0085937283049833
TCGA-E9-A22G,2.0941490836418457,-1.4561293070265457,-0.500780255050401,1.9749577351119731
TCGA-AR-A1AW,0.20819922204097696,0.062352424882204945,1.1668924988471139,-0.6662754116103778
TCGA-BH-A1EN,-0.016370515413749665,-0.5314328238595634,-1.0443256505565057,-0.36127379165007023
TCGA-B6-A409,0.4637436111094487,-0.47653397184317486,-0.01610637553403512,1.7674199344838106
TCGA-A8-A0A2,-0.6413141090312683,-0.1032640746789446,-0.4944614461157045,-0.6642830759775745
TCGA-AR-A2LJ,-0.6046594373326366,0.4623540895314142,0.6116643667040815,0.8663825181483384
TCGA-A7-A2KD,0.7399632338738604,0.6148358965413137,0.31298322281092056,0.15722630902721157
TCGA-EW-A1P4,1.6915906252077724,0.7506279086539093,1.8463931149447363,1.129025682719104
TCGA-A8-A09M,0.3261228288356277,-1.0590989203180619,-0.6114705850310587,0.31935764223020807
TCGA-E9-A245,-0.54814154184316,-0.8893178964237496,-1.3465791533959015,-0.129055629295711
TCGA-E2-A1IP,0.7836197179166461,0.2600167402828925,1.4622246830018701,0.674247749335928
TCGA-C8-A3M7,-0.4638361522528946,0.06493402250721382,-0.09965600538650977,-0.25143758941677
TCGA-BH-A0DV,-1.408016975562583,1.7280008712074613,1.1491778968033566,-0.8401244452005824
TCGA-D8-A27T,-0.20142010864691995,1.047638976081701,0.5936239929671666,-0.1762157678497558
TCGA-AO-A128,0.8722494314710681,-1.0106960709044488,1.9910104735050251,-0.11677246040766254
TCGA-EW-A1J3,0.5849862144179256,0.2167185573881449,0.2137123148322704,-0.23551369295574362
TCGA-AC-A2BM,0.4673058040586051,-0.7225754832558133,-0.9571791692574947,-0.37423216653107133
TCGA-AN-A0FN,-0.8801690224246265,1.887328298576807,1.9778742429506033,-0.33600946674717885
TCGA-A8-A08O,-0.06710939085853108,0.5969344596054053,-1.0800865381662041,-0.8738826731791054
TCGA-A8-A09A,-0.2661552475765515,0.6857276144935626,-0.4659763197048475,-1.172872217442606
TCGA-AO-A1KQ,1.1124396989811507,-0.09091832933404678,-0.13673356049633525,1.6530709266874801
TCGA-WT-AB44,-1.8039218027190778,0.8922495904451047,0.5959028939985883,0.3649191106560491
TCGA-A2-A0T3,1.2647552204749333,-0.3658457774991483,-0.9298074824492036,0.2194201060217687
TCGA-B6-A0RN,-1.168226558184718,0.7372839516454438,-1.0075058255729605,-0.012951155435167954
TCGA-A7-A3J0,-0.3839021388688318,-1.6262555825593592,-0.6299328510433573,-0.4055948171411999
TCGA-GM-A2DC,-1.4075670250586676,-1.5324635702586171,-1.8828169861072193,-0.5426148332290622
TCGA-BH-A8G0,-1.7031875064151025,1.1069949423458878,0.9671390039946035,-0.6753255959513846
TCGA-A2-A0ET,-0.1274727228494981,-2.859250821181184,-1.2275762414688218,-0.06983401899725572
TCGA-C8-A12Q,0.10476961399799678,0.545339547936499,0.1275619529051433,-1.1876838664862728
TCGA-BH-A0E7,-0.6315276627305564,-0.5113193044214116,-1.5934187083007076,-1.7747490010448617
TCGA-AN-A04A,-0.07604629257769682,1.3472570525283727,0.27425309606408255,0.8002452090100813
TCGA-E9-A2JT,-0.3911684558815992,-0.2361835916200489,0.49637828690774083,-0.7116090129586842
TCGA-E9-A1R7,0.38529900662197936,-1.3311356642956491,-2.379544409859387,-0.9356654921112733
TCGA-E2-A1LL,1.3959615857032406,0.28831659110695834,0.8540500051196368,1.2982807768966742
TCGA-E9-A1R0,-0.19308800295915834,0.31059796004774326,-0.5749136674349401,-0.4359069914607986
TCGA-A8-A07B,0.6370886478164238,0.16919890854409694,-0.9234666226625626,0.5135681907898072
TCGA-EW-A1PE,-0.45134196085349526,0.6298975909154975,1.5547553118103288,-2.1166819907941754
TCGA-A7-A6VY,1.3182341985724624,0.8415984634451369,1.5091258527060687,0.5789025549211972
TCGA-E2-A156,-0.3719795966185538,-1.749587307079339,-1.1990603890639309,-0.8071360566648679
TCGA-A7-A426,-0.9456693087252588,0.45727422464736583,-0.18080597831202752,-0.569125109739297
TCGA-A8-A06Q,0.8233142629103617,-2.955954351038051,-2.3236304739709546,0.8663659886973508
TCGA-D8-A73U,-1.5642530369886534,0.7043881937644142,1.626270669536314,-1.4551152958290623
TCGA-E9-A54X,-0.07740742988897019,-3.421193857545714,-1.8577641891246226,0.6817911620700305
TCGA-A8-A0A7,0.06346356526635541,0.704840445309403,0.9883633303725132,0.6304787564978254
TCGA-E2-A14Y,1.6545890347167016,-0.4004115175269745,0.9275234302276915,1.9865105061727864
TCGA-D8-A1JN,-0.9350923880873055,-2.8335582522019322,-1.8239144738022537,-0.617466607506795
TCGA-AN-A0AJ,1.6572632139613104,-0.04151357725081757,-0.011764023091568408,2.013322872278059
TCGA-A8-A076,0.6428740210039653,0.3949815324286677,-0.5963868731432971,-0.05479283218526095
TCGA-A2-A0ES,-1.241926555395884,0.6705807238385768,1.267106709807979,-1.0524387704687277
TCGA-BH-A1F2,0.671311225537862,1.0380660630495178,0.7373513515833466,-0.7231140618010956
TCGA-B6-A408,-0.7593930794093052,0.12989909005436628,0.26856286290402626,0.08361428136192482
TCGA-E9-A5FK,-1.172864128638087,-0.0005996422659083771,0.8356306321977576,0.672536999916051
TCGA-LL-A7SZ,0.5851498461834291,-0.47123632657440334,-0.30653399974814444,1.9870672159290803
TCGA-E2-A572,-0.9600750784041807,-2.5837764840298973,-1.382305339745755,0.8067439689967625
TCGA-BH-A0B0,-0.7375792616237788,0.9583192459149765,0.6784994365408777,-0.40403791554258944
TCGA-A8-A09D,0.17783251112509224,0.8915046144731829,-0.2893238012901419,0.2506022925545905
TCGA-A2-A0YJ,0.9985217277744398,-0.4300330730252306,-0.5253063927684283,-0.01186083655092345
TCGA-D8-A13Z,1.2338425145909055,0.6733199789471354,0.925358038559407,-0.7673575963761864
TCGA-A1-A0SI,0.7081531843664369,1.2577352422906527,0.7893979903959665,-0.9742938618308226
TCGA-E2-A14O,0.5266412472931922,-0.543347765130393,-0.8019734721174198,0.7970782855028096
TCGA-BH-A0E0,1.0816064922244273,-2.155049815665725,-1.4914586661258658,1.6746023649518844
TCGA-A7-A3IY,-0.44614673178708375,0.606108239941651,1.5061610028069172,0.9522440681265499
TCGA-EW-A1P3,0.1252942193625826,0.26133133084441856,0.2091812590182282,0.43546892319714503
TCGA-AR-A24V,-0.2871782865185088,1.3702598945110513,0.9274467941607516,-0.515773251281021
TCGA-EW-A423,-0.3660502737430387,-1.8045929894908075,-1.2745747337789317,0.24561548373198752
TCGA-LD-A66U,-0.9767974092867004,0.4739102666687776,0.40330722903240646,0.9134109708709102
TCGA-A7-A13F,1.4294102079889042,-0.29471723223907964,-0.3755119483223372,0.17173681850475578
TCGA-BH-A1FB,-1.110487458429908,1.018298253292474,1.3743781848277927,-1.2659911468516316
TCGA-BH-A0BM,-1.7622309698575267,0.46059923043766,0.07786804440409162,0.4897896559949802
TCGA-AR-A1AU,-0.1268378029912447,0.5846377475094393,0.3212366558835403,-0.6863590532945049
TCGA-A2-A0YF,0.4467269571064401,-0.9099728977049358,-0.08904858277952322,-1.1858351092330455
TCGA-E2-A1IE,0.4001159925412752,-1.0082636733101957,-1.9215803413795514,-0.02280825970417154
TCGA-AC-A2FE,-0.79808463607791,0.777055227579708,1.4580621762492894,-0.34378268911384596
TCGA-AC-A3W7,-0.7947023277083668,0.6965943278544042,-0.1305666585837065,-1.2611189270416165
TCGA-A7-A26G,0.49939830593076634,1.1703217635666212,0.8228908141240417,-0.8014537115664477
TCGA-LL-A8F5,1.3831124017575174,-0.05662067578748863,0.4563323688758009,2.009831519387164
TCGA-A2-A4S2,-1.032122993170866,0.436857067548271,0.9113517055786661,-1.7698924362383384
TCGA-BH-A0W3,0.6889916607838243,-1.7161872825854618,-1.1785174447855649,-1.7719869023741566
TCGA-LL-A7T0,1.0651376672377093,-0.5066026227549756,-0.8902664500604525,1.3473055008712478
TCGA-A7-A5ZV,0.7078200801166735,-0.8126566794424157,-0.3240379981463104,-0.5700608899818914
TCGA-AO-A0JB,-0.09991378322779967,-0.300032903028288,-0.19118873225608968,1.7001773359109316
TCGA-B6-A0I5,-0.46304155779700973,0.3728057077205491,0.2720853015126209,1.559240470430641
TCGA-EW-A1IZ,0.2010845511171098,-0.9581139497487973,0.5474314024938162,0.5594916339525314
TCGA-AO-A12H,-0.4847850389479661,-1.3093511435941154,-0.9857841457239807,0.18735082539405223
TCGA-A8-A0A9,0.10495361222569845,0.3184291960234659,0.33987060702520194,0.14475658067541405
TCGA-AC-A2FG,-1.1347853766654807,-0.10376030558447355,0.007369197932421297,-0.22520290691205228
TCGA-A2-A0T1,0.3182783459317845,1.1677458163921324,0.887038386112696,0.39148123538294705
TCGA-AO-A0JJ,-0.13910468311706634,0.7313855794699291,0.7523632396343711,0.13993940976982294
TCGA-BH-A0E1,0.9024707955978772,0.2268865408535071,-0.5222776933338306,0.7668657845050818
TCGA-AC-A3QP,-1.3111169865017196,0.6050280344387218,0.20304625017916658,1.0494261230594828
TCGA-B6-A0IP,-0.03125714374788347,-0.37286622273105924,-0.728067114733824,0.10224401661700602
TCGA-Z7-A8R6,1.3917842714691302,-0.3072419128835982,-0.3424598324668426,1.2805926116228725
TCGA-E2-A154,0.3616968373602229,0.14808064316170927,-0.8695567099194432,0.17152758196676443
TCGA-A2-A0EW,-1.157570072953052,0.9976072770824546,0.7337005371634829,-1.3729421529672927
TCGA-BH-A0AU,0.2683966154542001,0.38698566281784263,-0.6908070508153732,-1.5732319391317002
TCGA-BH-A1ET,-1.0686018067357648,0.12449668170145782,-0.43868761480111573,-1.1866613814551366
TCGA-AO-A03V,-0.4167934789674573,-0.27156326160896915,-0.8198887038498939,-0.3512142050124114
TCGA-GM-A5PX,-1.573844944866684,0.7112415409751169,-0.3789496214581201,0.4407509534019413
TCGA-C8-A135,0.7317647426554079,0.416804265894211,-0.1753847355916853,1.3190665037556728
TCGA-BH-A0AW,0.35862818738680474,0.5210483262191882,0.7075400310562202,1.1373176226017117
TCGA-AR-A24N,0.697861147554522,0.19021736008924325,-0.42123261449082655,-0.2859633026959905
TCGA-A8-A09Q,0.46207898976177164,0.014132050780113757,-0.0873972080289917,1.0208725343747103
TCGA-E9-A22D,1.077955879233976,-0.4716462390772723,0.691722666723389,0.9114954669560631
TCGA-B6-A0I6,1.5795375107446608,0.6888216619748807,-0.2778014500544927,1.1364844456030814
TCGA-D8-A1JH,-1.0153776012189537,0.9525382558531862,0.5548746225123935,-1.4290612032013315
TCGA-E9-A1RE,0.4645937614205111,-0.6784596462541113,-1.9058196912111025,-0.12711015799751763
TCGA-E2-A1BC,-1.4372506697732357,0.7175182151998615,-0.35722803643126283,-1.228390369420725
TCGA-BH-A0C0,0.865504231915799,-1.0103966785722012,0.9269251155130187,1.1517266776824413
TCGA-AR-A24X,-0.12086518357829348,0.7236108713190811,0.1424981234628307,0.5062575752993618
TCGA-EW-A1OW,1.450097156065478,1.0054497350246887,0.36510124673606553,0.7039112887215307
TCGA-A7-A3RF,-0.8630282679219994,-0.9035160729987608,-1.1815161133290848,0.10660038198948027
TCGA-A8-A07G,-0.792654895576511,1.104593130026755,-0.2531200280273558,-0.31217929879166934
TCGA-AC-A23C,-0.1338802798488886,0.30278879239784967,-0.5092057995250278,-1.5919237939420288
TCGA-AC-A23H,0.8452185785586953,0.2401541839895279,-0.6189308404649212,-0.29512282945232887
TCGA-D8-A1XF,1.3729073634877844,-1.919129793347181,-1.877089029405453,0.10014743017525632
TCGA-AR-A0U4,1.0123597677585825,0.35222070621562956,2.807528226806692,0.23451757178740318
TCGA-A8-A09C,0.2688374040719124,-0.2312849264698261,-1.2839760569028182,0.9127318452124888
TCGA-AN-A0XP,-0.6422344823599542,0.08320479438141455,-0.17106626318001075,-1.0560346092200588
TCGA-D8-A1XK,2.272025258550224,-0.5278101108675458,1.484435766621203,1.4601442797775506
TCGA-EW-A6S9,0.13299688612557495,1.0014510598811497,-0.15533923300119037,-0.04391751160911931
TCGA-A8-A08T,-0.5333819704427258,-0.10015347272381334,-0.8755584864185736,0.3435122866195102
TCGA-AR-A0TP,1.0419595236227128,-0.08009000089792008,-1.0990629789919304,0.03897609524580805
TCGA-E2-A15D,-1.1846578849384535,0.47331923278141574,-0.5508600536680701,-0.7019279797376732
TCGA-B6-A0IQ,1.7115283774462067,-1.086018176534531,-0.9900556452849928,1.8346014943708018
TCGA-AN-A0XO,-0.15396274550426273,0.6798001996599654,-0.40606741073812924,0.5699828313628946
TCGA-BH-A0B8,-0.047825055433812706,-0.13115023675706,-0.9415219505491154,0.7668531174872086
TCGA-AO-A129,1.1798206763029429,0.2070319034977584,0.8646876841501419,1.4270603141687221
TCGA-GM-A2DF,0.9508744273703308,0.24209127133284628,1.0593614891031393,1.0590594675449287
TCGA-D8-A27M,0.3268032498954727,1.2767506546622263,1.5028136201469735,-1.4677235036780973
TCGA-AN-A03X,-0.615245045262979,1.4437495010101673,0.17275686562458306,0.17009543788631443
TCGA-OL-A66O,0.7791949447515566,-0.8898243064901626,-1.641524086994679,1.8087905939748814
TCGA-EW-A6SA,1.0468948954315405,-2.025289591681297,-2.8684447006163207,0.3588742411107465
TCGA-BH-A5J0,-0.3457849032646972,0.8408028002273831,0.5590804731184127,0.46564433945274813
TCGA-BH-A0EB,-0.7408012183372448,0.6783818258490698,0.2620018756180434,-0.1963861282079111
TCGA-B6-A0IB,0.4178533677391065,-1.361035485118159,-2.141395839626244,0.12169048591678412
TCGA-B6-A0WY,-0.6199272721856215,0.8070389061500629,0.3711603603782857,0.2804262659471743
TCGA-AC-A3BB,-1.1569850960293022,0.968048521270635,1.0585798151886552,0.2218376281428193
TCGA-AN-A049,0.3878691903816117,0.436006864312404,0.05512619069670763,-0.033976101278701806
TCGA-A8-A06Z,0.4074774146588498,-2.2870004076765116,-1.8425912359358647,-0.006445676755385296
TCGA-C8-A1HI,-0.452899080563053,-0.2068464312614124,-0.8145715091885997,0.17214509655336876
TCGA-BH-A0HL,0.2869230450699202,-1.392385263682996,-2.480436193642457,-0.8745337034164989
TCGA-A1-A0SF,-0.36277731181229345,0.17668843769893536,-0.5233563209731088,0.6434313439208493
TCGA-AR-A2LR,1.350519870175935,1.1496136033919557,-0.6389904984748389,1.0531962636622398
TCGA-E9-A1RF,-0.1947647469934688,0.7670717869574543,0.5893286681627168,0.5422122796589534
TCGA-B6-A0RT,1.0058940340918177,-0.1699124492119385,1.0674085284963668,0.2467806011309475
TCGA-E9-A1RI,-0.8202697121439773,1.160035858829116,-0.021445518395902002,-0.5846551964598724
TCGA-BH-A0DL,1.0994503070485475,-0.7988304780942191,1.9876327294282208,0.5627849549596967
TCGA-AR-A251,1.316954636752594,-0.08016907374646616,0.631245490422829,-0.3827372238775011
TCGA-AC-A3TN,-0.9317876090532563,-0.26145938353407,-1.0711060963905168,0.3857232323850609
TCGA-AC-A2QI,-1.2453444084416578,0.6049002599090161,0.05050661231332406,-1.0392656126723272
TCGA-B6-A0X4,-1.0618139081067532,-2.291092222864907,-1.5944168601712565,0.0895032826789462
TCGA-E2-A1B5,-0.7779888372981453,-0.16288819774118293,1.2920122504723892,0.7949680181791512
TCGA-A2-A0YH,0.47717372968708505,0.44478982462194133,0.6627232682361587,-0.13004611864893054
TCGA-A8-A06T,-0.02535073634526626,-0.7095573315341805,-0.7944249543517119,-0.4833579326517862
TCGA-E9-A22H,0.8890685435644299,-1.2703485523094182,-0.7662032173747255,-0.47361490217373825
TCGA-BH-A0DE,-0.9318668992545533,0.8837735648519701,1.2230453520853009,-0.7861964498898361
TCGA-OL-A5RW,1.0933472158452064,-0.613431317409805,0.4294889403174153,1.4320209754755413
TCGA-A8-A090,0.5359057544846529,0.04193626695557735,0.309330774960456,-0.8378224942887392
TCGA-AO-A03O,1.0990803243476879,-1.3984854484222335,-0.7049679683015997,1.009819649840973
TCGA-BH-A18S,-1.0122714766840504,-1.6483286113607016,-0.9535540920518946,-0.17939942009452556
TCGA-A2-A3KD,-0.44756942669235433,-0.23376679759777744,0.04965077668404154,-0.7402415653632912
TCGA-E2-A56Z,0.25355493523331085,-0.8809912362944369,-1.4512666529715035,0.2918939355550823
TCGA-BH-A0GY,0.2546539425847233,0.45071538767029234,0.5957795552497187,-0.03786801904584724
TCGA-AC-A2FF,-0.6050094320658311,0.7471718050368745,-0.009375315754290616,-0.3736124381465756
TCGA-BH-A0H3,-1.0285841552652695,1.024171211639803,0.3042995462148099,-0.5861348147086787
TCGA-A2-A25F,0.9215861159530644,1.078032870345244,2.3767967519033033,0.4381175744462264
TCGA-A7-A26F,0.7410401896955916,1.020985743555856,2.263496539798,-1.5591727212653088
TCGA-A7-A26H,-0.20045010801795482,0.6563178094399971,0.27024800571097957,-0.8308690074640224
TCGA-B6-A0WT,0.2004530688757841,0.8322421367057803,-0.6517687753928291,-1.3216111122987007
TCGA-BH-A28Q,-0.8540156888410759,0.30907113351382764,-0.07668545450852678,-0.22095772348430134
TCGA-B6-A1KF,1.433675423777795,-0.39666836905350883,-1.7116588437651332,0.6413069613344983
TCGA-S3-A6ZF,0.5282147359196797,-0.06651343223878257,-0.511162276185046,-0.44443027498116733
TCGA-WT-AB41,-0.5977453009673376,-1.028929414907765,-0.02142583823154666,0.493649739971837
TCGA-AC-A62V,0.9071135384219968,-0.2653247054043755,-1.3392067859850394,1.2337267648098487
TCGA-UU-A93S,1.2870040745888935,-1.935286486970182,-0.30846441763140087,1.768327144852958
TCGA-E2-A1LK,0.6795628832163797,-1.2458769165425492,0.008937382601868651,0.7776242378022644
TCGA-S3-AA17,0.17521928629168834,-0.5074224114026278,0.9831249262743994,0.1509228452217561
TCGA-BH-A209,1.42284147046202,-0.407340989144317,0.8053475058147661,1.7077440496963112
TCGA-GI-A2C8,-1.9001981755735111,0.9437007432172223,0.6669211922361953,-2.21517049904105
TCGA-OL-A5D6,-0.8393459693101775,0.8433244099453925,-0.155990896909235,0.15786383988967057
TCGA-BH-A0EA,-1.7324184528108406,0.8796205002936943,0.11658001374611009,-1.215371120262545
TCGA-E9-A1R4,0.06022732915586491,-0.23302907210960247,0.16362618064323836,-1.1070717689571283
TCGA-A8-A092,1.3397698765702073,-0.527379461752637,-1.3308910123359587,1.1606597874786098
TCGA-BH-A18F,0.7240409410206671,0.8926903542384631,0.3628111869052664,0.05408545550559992
TCGA-AC-A3OD,-0.3100313740413493,-0.28708558266849593,0.3557355906589392,0.16251295689497364
TCGA-C8-A12V,0.5767230218227913,-0.156020308593327,1.9610120821683477,-0.1708119533164167
TCGA-A8-A06O,0.9459459623331196,-0.5276249420976081,-0.8774660164806947,1.1822406265221308
TCGA-E9-A1RD,-0.33319967122843985,-0.25598918186119474,-0.7962131303274261,-0.516445390196494
TCGA-A8-A06N,-0.057933520902873015,-4.462801129465654,-2.223883463596068,-1.153552629708849
TCGA-A7-A13D,1.2311296341447586,0.7601299023569251,0.20392495749058548,0.790992946918431
TCGA-D8-A1XQ,0.621187055775452,0.41887358746568143,1.1996884741957567,0.5501963035488601
TCGA-AR-A0TW,-0.13267904267754163,-0.9415974529093466,-0.05429872227617678,-0.15437018098926955
TCGA-JL-A3YX,0.41103486116116394,-0.16795431813892625,-0.5708408227717257,1.5616217695150627
TCGA-BH-A0H7,0.1206274754172295,0.9790879991307326,-0.35431257472560546,0.3600315527416849
TCGA-OK-A5Q2,0.1559636719690614,0.45364265365134515,0.08180960449744668,0.2851280294564445
TCGA-D8-A141,-0.7732203718132664,1.553996677722587,1.5196586443755693,-0.37054846115654877
TCGA-A7-A56D,-0.27405988554962746,0.6637798730404707,0.19248547704015062,0.30003846475961304
TCGA-C8-A26V,0.41170835275488804,-0.14252193142149824,-0.2530734078189067,0.11745585475700503
TCGA-A2-A0YE,1.3060076139289012,0.41361745780851106,-0.5804101204229034,-0.5701168849528777
TCGA-A2-A0CW,1.2453687723655766,-1.5114909998726926,-0.9965033183143964,0.3632735154909343
TCGA-AR-A24K,0.7941564995161919,-0.6765711386066379,-1.2264625509372482,0.9210087837125158
TCGA-A1-A0SQ,0.14375132114923145,-1.1051407743217625,-1.2573280730761884,-0.7644030465298064
TCGA-C8-A27B,1.8581293921865187,-1.100386534428655,1.7293281889383492,0.789479710116225
TCGA-D8-A143,1.9331913621161958,-0.6399695952931145,-0.2282463558661896,0.6497697238468504
TCGA-E9-A248,1.2882455421538042,-0.8134769786799554,-0.15364194497043623,0.27093307024025615
TCGA-A2-A04N,-0.7063714155800708,0.8021141687093399,-0.2798666299722149,-0.32261395215924626
TCGA-A2-A3KC,-0.2535666311094802,0.9185546814842528,0.11424700122702053,-0.8362596206055238
TCGA-A2-A0EM,-0.40758421040224363,0.520140116099696,-0.8201505270160396,0.006787233194085702
TCGA-GM-A2DI,-0.6895135131046894,0.8872009549917078,1.9849801971886305,-0.19752978877853994
TCGA-AO-A12B,-0.209319587464081,-1.6866286283001999,-1.4890619566750327,0.6063235907633708
TCGA-BH-A0DT,-0.6859171290330035,0.9221369420286896,0.715296226848784,-0.7425557142642575
TCGA-A7-A4SC,-0.991845984703467,0.3419057505698706,0.12089182401167721,-1.4878189336616123
TCGA-D8-A140,-0.15340778642496072,-0.6915065265371947,-0.45850174633676416,-1.5059548737388324
TCGA-A8-A07O,1.8432953068805789,-0.5534410972734025,0.5214597790520207,1.645166845018089
TCGA-BH-A208,-0.7970485695701346,1.8799498709588343,0.5887909653737876,-0.6415733767147135
TCGA-B6-A0IA,0.4191267698717365,-1.760683816272255,-0.6470706856475649,0.9438238221485684
TCGA-AR-A0TZ,1.0869861925237827,-0.25283365290810084,-0.4571663804713531,-1.3061614796909835
TCGA-E2-A10A,0.7383575195281473,0.012952124020778477,-0.20205853512128494,-1.200393310530047
TCGA-A7-A6VW,1.5580383070440218,-0.21524206465340695,1.2611985808195816,2.376956779403133
TCGA-C8-A26Y,1.1597250743834409,-1.5569317112119474,-0.0016297254178783004,-0.6711332946886368
TCGA-AO-A0J5,-0.3333825493929496,1.1036559116733502,-0.5850699329896363,-1.3167022360009342
TCGA-B6-A2IU,0.06566518089665098,-1.1086832825990283,-0.8219735961876651,-0.37920020513107744
TCGA-C8-A26Z,0.061719095787383334,-0.4178286900228249,-1.6135979371668963,-0.9020495473662868
TCGA-D8-A27N,0.25040854213880076,0.8242635176730934,0.6210049172609413,0.6061061952951678
TCGA-D8-A27K,-0.7498327287104766,0.49295827960043015,0.1401048220407283,-1.1653990989721823
TCGA-E2-A14X,0.8169933911941909,-0.5051725117480307,-0.022951820852212333,0.6654607281402586
TCGA-A2-A1G1,1.237382801015688,0.603811978371844,1.2478204782734375,0.36201722641286477
TCGA-A7-A26I,1.2763518395491558,0.6550971953296801,-0.1724522998843191,-0.02566697303574801
TCGA-BH-A6R9,-0.8195013027024753,2.480708956221685,2.3352206471271644,-0.2639621292614757
TCGA-A7-A0DA,0.25515607872718993,0.7620466643380963,-0.09893001693021565,-0.34830349311400566
TCGA-A8-A09E,0.7976309743191241,-0.9507898390081148,-1.038895196494974,0.4140443033172191
TCGA-AN-A0G0,1.4748990723557773,-0.1778814528370693,-0.22939240282025586,0.588806458971651
TCGA-E2-A15E,-0.30857463040641964,0.3004903416565459,-0.4298353750079739,-0.3376408662339037
TCGA-LL-A73Z,-0.06161223753815802,0.7061399978877579,0.4836155304571648,1.213376403465155
TCGA-E2-A9RU,1.007285307134267,0.16315089299433028,0.0770679497669339,2.4213141000850085
TCGA-LD-A9QF,-0.40671000814237357,1.0090798334656514,2.2600407865277443,0.609750720967094
TCGA-OL-A66P,-0.14090390116003595,0.196787869959559,1.1895021314720913,1.46919166706092
TCGA-E2-A1LG,1.5020483916580007,-2.31417399602744,-0.2873345721348015,0.9517527425427218
TCGA-A8-A081,1.0419330031765526,-2.240959229544852,-1.0939787513714483,-0.13412920227862263
TCGA-A8-A0A6,-0.8474518063458839,-0.063311184764741,0.4842049422385222,-0.6147040972564428
TCGA-BH-A0HB,0.683260992215645,0.06762429208020983,0.4343772338932593,1.551826880988382
TCGA-A8-A08B,1.1599426331635765,-1.2808164049247548,-0.1665960083989929,1.6563755152296635
TCGA-E2-A15L,0.42856185055814383,0.7667111197336941,-0.35681613364893644,-0.40290130769205645
TCGA-B6-A1KC,0.2916412931360978,-1.669170659206533,-2.3185846252551623,-0.6756765859664852
TCGA-E2-A15S,1.4136926910126888,-2.126039208699197,-2.8837654330344193,-0.20447288574594555
TCGA-A2-A0YD,-0.8960267593818274,1.5044128219494435,1.6116727133586397,-1.3395399950715723
TCGA-E2-A1B1,-0.1397295951415237,1.1715943810346725,1.3880643103422596,-0.8033731539047192
TCGA-C8-A27A,1.4999366039559316,-1.396272536543626,-2.045751222951521,-0.1628308806849374
TCGA-A8-A082,0.8498295056840386,-0.03832686335297732,-1.227432628295388,-0.7758194247350088
TCGA-D8-A1JI,-0.7281759929457222,-1.9499890727900833,-1.168619487856949,-0.6555517952450919
TCGA-A2-A0T7,-0.1718467627748528,0.9936273317994464,0.30059669277783047,-0.904004202292046
TCGA-E9-A1N3,-0.2276537240826067,-1.8722405514357547,-1.9462629159351865,0.07269243122318705
TCGA-OL-A6VQ,-1.0207092257938717,1.2403742938310776,1.6807901237893412,-0.8999758921083787
TCGA-AN-A0FK,0.040457631875582885,-0.41232965358951307,-0.9471675639575172,0.378526521328734
TCGA-LL-A442,-0.08636036189922267,-2.373246311548957,-1.2885830667533897,-1.4610307647879817
TCGA-D8-A1JC,0.6961093073578045,0.2885888850656489,-0.3057798867268284,-1.5053262608163596
TCGA-EW-A6SD,0.3116775422579255,0.004175730092308553,0.6570548165401338,0.32807528518902374
TCGA-A1-A0SP,1.6182218800084143,-0.05566829191756912,0.3428936877760304,1.8147752524740228
TCGA-E2-A15P,-0.7596591229768084,-0.17874217248318164,-0.8180559571537631,-1.4409464588933814
TCGA-AC-A6IV,-0.5428207977551817,1.2615115006690811,0.6473865127295642,-0.5382804091299764
TCGA-C8-A1HE,-0.33339718460576534,-0.5598443870471309,-0.7584313578034808,-1.2407992797728082
TCGA-A8-A086,0.4444394020288473,0.7591888440896165,-0.6626432374231955,0.44980961796404184
TCGA-OL-A66I,1.2815264687256054,0.6581252716217535,1.5635967467264806,1.2707653830005414
TCGA-E2-A1IG,-0.3619030036826763,1.1407707921799417,0.10221249569984528,-0.5517842424734575
TCGA-AR-A24Q,1.0797846135239944,1.019144634655168,0.10518548049286161,0.8761007515655261
TCGA-E2-A1B4,-1.3045998865982065,-0.21589898827110596,-1.1265178738442203,0.0043238286464975986
TCGA-B6-A0IM,0.43797893883946637,0.3381183231139812,-0.8204170565129123,-0.9538215549942064
TCGA-C8-A12T,1.2115716504824017,1.0302669080480904,0.08114297227183745,1.4119133950569704
TCGA-A1-A0SK,2.263364140583243,-1.8157224716509412,-2.9620413090101256,1.9806263680239595
TCGA-D8-A147,1.3775122393935306,-0.23702833186913752,-0.1724573294701889,-0.023522258473876345
TCGA-A8-A06P,-0.881054919422969,1.0704641350634954,-0.2625648697487572,-0.21742210903100329
TCGA-A8-A07J,-1.0862402716307324,1.0315663463562617,-0.09494829895452707,-1.5847001106567047
TCGA-OL-A66L,-1.233855682388391,0.41297247570874707,0.7903575277897992,0.9416430262531701
TCGA-A2-A4S3,1.3884187985217733,-0.5090142201391585,-0.7132028437133244,1.0439416068808498
TCGA-AR-A5QM,-0.5723799863219959,0.7190327306951039,0.9802460008162422,-0.3386442129858889
TCGA-AR-A0TR,-0.7529955186977849,-3.589885262136323,-2.2233236263821574,-0.8569645857493909
TCGA-D8-A27V,-0.6393347989204416,0.21049396222942612,-0.37335216175349123,-0.6278659575015558
TCGA-A2-A3XS,0.7087166168505358,-0.19326454902953297,-0.5798037854051726,0.8944491973889289
TCGA-A8-A07W,1.186553892549526,0.11218017935904252,-0.4388995835422839,-0.01960752466438716
TCGA-EW-A424,-0.37451154745552184,0.4087360305190048,-0.9590945108294695,0.9753017364789309
TCGA-A7-A0CJ,0.8452247018595609,-1.036786260814115,-0.295303875433633,1.459416808401372
TCGA-S3-AA12,0.16526954128185287,-1.3551152129181196,-1.8803420238929085,-0.10890940610069232
TCGA-A2-A04V,0.20938906331123622,0.7840297196027808,-0.3845014468853638,0.5408270079360884
TCGA-AC-A2QJ,-0.07985486542960282,1.0498358654076099,1.0417900441874848,0.8640355392704224
TCGA-A2-A0EV,0.08172148878925731,0.512626814638383,0.20878571247137218,-0.6574589186149654
TCGA-EW-A3U0,0.8166345567484857,0.6553455903271743,1.5621098069863122,0.06774964836110287
TCGA-E9-A228,1.3424674496692905,-1.1003201855483982,-1.7177413506300434,1.006617125549801
TCGA-AO-A12C,-1.064996701396702,1.1309635408637355,-0.5140862161910584,-0.07802711787810805
TCGA-D8-A1XM,0.0041346657996677765,0.7880733508754252,0.2678835440748737,-0.781481923925628
TCGA-AO-A125,-0.5864853858253742,-2.7429602803005584,-0.982976454056515,-0.238791030589895
TCGA-BH-A0B2,-0.9196825951602393,1.0449294266333153,0.7770011080270169,0.05327904270409973
TCGA-E2-A1IL,-0.9421047014084223,0.2706732591433935,-0.977103251792153,-1.7360233623259047
TCGA-E2-A150,0.5229777709547014,0.2991880508219835,0.8076632778113954,-0.656308481897433
TCGA-BH-A0BO,-1.561933507918299,1.48898508534496,3.017630690355952,-1.0248797430209307
TCGA-AO-A0J8,-0.5717388602909541,0.32064478883942804,0.053875304690377705,-0.721273962117005
TCGA-E2-A576,0.21936564051835775,-1.3137661693130702,-1.5050369171793945,1.3043088780793244
TCGA-3C-AALK,-0.28872060946404876,1.2082809521377393,0.4082127450125661,0.3058112470022111
TCGA-AR-A1AT,0.68779067918524,-0.22533885308195434,0.5886943328828028,0.8782077532075263
TCGA-A2-A1G4,0.8776091909301034,-1.4231384781433887,-1.2252420164396216,0.057093167695776145
TCGA-BH-A1F0,0.598633119465783,0.6796082048093518,2.660140227164035,-0.18015246746612243
TCGA-A2-A0CS,-0.579513299343563,0.6338054339751352,-0.20881149955535408,0.10961228531687633
TCGA-EW-A2FR,-0.19702972439220684,1.8539727574995788,0.5107814082027787,0.00988033094109652
TCGA-A8-A09X,0.8246532246947685,-0.008119585186594136,-0.11557619814511776,1.734780143914597
TCGA-BH-A203,1.010227756581394,-0.035322257783188385,0.1266149315976563,1.0904700340040059
TCGA-A2-A1FX,0.9525021400592547,-0.22830559058531633,-0.4338550629667777,0.07080154267247771
TCGA-BH-A1EX,-0.5396535796408691,0.9154076415271615,0.4827994490345751,-2.084436063062653
TCGA-HN-A2NL,1.9311990514995157,-1.7666654789937215,-1.4471411131211995,2.000062102866382
TCGA-A2-A0SY,-0.33112330383123606,0.7486307190618322,0.5220793529039519,0.4649915937590547
TCGA-A2-A0YT,1.0054611704526333,-1.0314343214635315,-0.47354208779994994,-0.08663847815668506
TCGA-E2-A1IO,-0.8843527288405834,1.4426554182864442,0.4198218544890116,-1.9217442558552527
TCGA-B6-A400,1.3995935940547266,0.8597350068889215,0.7678222887190329,1.1443125522359738
TCGA-B6-A0IK,0.7999575655369138,-0.16030883818861374,-0.07258480078941283,1.2794629289835586
TCGA-B6-A0IO,0.013778760130165418,-1.0929516279223752,-0.8798599054519382,0.4041569695900609
TCGA-BH-A1FM,0.8958304933584839,0.571687045518279,-0.9436632440761236,-0.5661837030478856
TCGA-E2-A3DX,-1.3240863075812095,1.2810762920549088,1.335205685404246,-1.2115477861364636
TCGA-D8-A1J8,1.0902624273142278,0.2304619382428951,1.3867129677168346,-1.534894883187454
TCGA-A8-A09B,-0.4041444236996901,0.1789128694735638,-0.4762744236704859,-0.24157386199767816
TCGA-A8-A09Z,-0.34950006762566055,-1.4770323046121998,0.4571720028695306,-0.23837700651410687
TCGA-B6-A0IG,0.7145239141315249,-0.24650487890683156,-0.5926372894854914,0.4364964320632677
TCGA-A7-A6VV,1.2735832029491305,1.254270258244991,0.8022510483085503,0.45277363027993556
TCGA-BH-A1F8,0.8537633875061529,-0.33158744156050496,-0.9212289181413954,-1.1930226006202322
TCGA-A2-A0CV,-1.4571979705479925,0.7150885853981013,1.249815099667391,0.1988663648783111
TCGA-B6-A0WS,0.04174530641447416,0.4230553760165269,0.4171413000060744,-0.5564826255603581
TCGA-OL-A5RZ,0.7348677449164606,-1.5978389787734564,-1.9155562070255452,1.3474983952851998
TCGA-BH-A1EV,0.44257673744553694,0.44709723751504604,-0.917131961855205,-0.6416143941110115
TCGA-AR-A0TU,2.0566377590313816,-2.083631394062286,-0.033506955408548866,2.73961528602377
TCGA-EW-A1IX,-1.3215248713968941,1.0448785038576458,0.16586804937262786,-1.6539421314689466
TCGA-E2-A15K,0.9146709726585602,-0.1116804511220509,-0.20418582930554377,-0.6145882865324834
TCGA-AR-A1AR,1.54853452099645,0.3449970246950805,1.7025912283601756,0.9822930864471012
TCGA-E9-A1R2,-0.2923270474900059,-0.13462968530760958,-0.886386252366714,0.30258234324858513
TCGA-E2-A1B6,0.9131398409545898,-1.1504299430261362,0.5140595113778407,1.7352161307757743
TCGA-AC-A5XS,-0.21434630507157523,-0.19230804537591842,0.900173806149863,0.6920726685962425
TCGA-AQ-A1H2,-0.9499398381784967,-1.058655596900524,-0.5823433847744348,-0.4496935193687244
TCGA-AR-A1AO,-0.15049482578063675,0.9903708177892616,2.2463563527600874,0.4843417578535053
TCGA-E2-A15H,0.5083982432147216,0.23837989768730877,-0.6743848914134822,0.1654234747825912
TCGA-B6-A0WZ,0.0040748510618056856,-0.09153451414983024,-0.5242655772763496,0.2480269254680184
TCGA-GM-A2DD,-0.022443908929061677,0.6567356871706742,1.6567828906747704,0.9895806020272843
TCGA-AR-A1AV,-0.05678115781503081,-0.04818669986611159,-0.5687359505417744,-1.1558145855243365
TCGA-C8-A12P,0.8537954702685594,0.5178180125849612,-0.28301712343076957,0.07321721755388398
TCGA-AN-A0XN,-0.346053621602331,1.7672422234017549,1.4675164815711537,0.04240331566325383
TCGA-AN-A0AL,1.1474331206337705,1.0037461417778812,1.4479484533213733,0.4631835431659277
TCGA-C8-A12X,0.1525199910821155,-0.6410706245783583,-0.9719487301855776,-0.02728751445901028
TCGA-AO-A03T,0.1894852714267045,-0.7605236958356595,-0.3374458299562444,1.236844864616266
TCGA-GI-A2C9,0.2811942097809556,0.41055678980592303,0.5329441760251677,0.8495282555281115
TCGA-BH-A1FU,0.3838034344184961,1.4496909963504638,0.7570688291551986,0.34080720327794706
TCGA-E9-A226,0.46745542562583625,0.9745545246026938,-0.5431248486229032,-2.5867101097300997
TCGA-A8-A095,1.0666333328648994,-0.0108078802592902,-0.6783729856198635,0.30135484838928506
TCGA-E2-A2P6,0.17708882814513358,-1.0172356828778937,-0.8447196791333755,-0.7663392657690539
TCGA-E2-A158,0.4269019751973475,-2.367702749411195,-1.8610052017816152,0.08593938997894096
TCGA-C8-A137,1.1396541599129102,0.16277406907362532,-1.457397949877904,1.2656052024162423
TCGA-BH-A0DD,1.6296021368689608,-0.46887270603165265,-0.7516254505830352,-0.08379074203815023
TCGA-A2-A259,-0.9889047125613429,0.407729201543446,1.388650798003116,0.18467781577475775
TCGA-BH-A0RX,0.7695733932267174,0.8240891970027437,1.754868163003726,1.6555868081921536
TCGA-E9-A1RA,-0.31097900780498106,0.35226531581589454,-0.41692727575668215,0.7371492619048032
TCGA-EW-A1PA,0.47542653554094777,-0.20764682785763833,-0.39597362059128804,-0.47290608245004434
TCGA-A8-A07R,1.7456371839168707,-0.8917366178019461,-0.6311228924166055,1.5316921307758593
TCGA-C8-A8HQ,0.8778748135340058,1.3025873520532325,0.663010775599789,0.15581460032355277
TCGA-E9-A24A,-0.5350901328664077,0.4414699882783425,0.0597061486303014,-1.6447418091980959
TCGA-BH-A204,1.1563262082455725,-0.8687427210712506,-1.9631587652458664,-0.48220874757335386
TCGA-A2-A0EN,-1.096446045581136,1.2168127432518712,1.4393788860364407,-0.3366249953444266
TCGA-B6-A40B,-0.2003292052601885,0.893346559059747,0.6422941094827542,0.5416138343607374
TCGA-A8-A094,0.9182252839172125,0.18681256627034357,0.7387396379980036,-0.06876659757280437
TCGA-A2-A0D1,0.9067874181330545,-0.5753025432469581,-1.7661497874286798,1.338591944942787
TCGA-PL-A8LV,1.0622494611437863,-0.25320622809599463,0.34657379843815606,0.9735112445658971
TCGA-AN-A0FD,-0.04942830570847432,1.0660118701796315,0.13772135809331804,0.90617201294963
TCGA-A7-A0CD,0.0800495268864223,-0.8487936654503595,-1.0546037951290503,0.06019778006233292
TCGA-A1-A0SD,-0.6393898176405123,0.8926744308497333,0.40554208379799944,-0.9968206796598881
TCGA-BH-A0BJ,-0.6466451544473388,0.7044090708909241,0.0427187842020562,-0.1424446833955256
TCGA-A8-A08J,0.4484570697611922,0.42478139409570453,-0.572199682317231,0.11963336952851107
TCGA-E2-A1IN,-0.41443595702088937,1.0784802904653426,-0.6990255059260941,0.6243902628690985
TCGA-BH-A0BD,0.7960101627127754,0.5720593683953328,0.8275211514711042,-0.04069107326503008
TCGA-BH-A18U,1.5597886676098058,0.16199013212688626,-0.0710473835908781,1.252864278966854
TCGA-A1-A0SM,0.04890727101889222,1.0929016618336125,0.3244551932517513,-0.769362445426068
TCGA-A8-A09I,1.3691611335819993,-0.15568955114134447,0.3286598052721196,0.34440676123830055
TCGA-D8-A1JF,-0.09026106324273765,0.09271325851546833,-0.7932527664636627,-1.4287746838140296
TCGA-E9-A5UP,-1.1223180583164203,-3.5403315163490485,0.09641543136332505,-1.0177266602004424
TCGA-E2-A1IH,-0.23205106609909054,1.4204195830764694,1.4720168500749173,0.5059922844283448
TCGA-PE-A5DD,-0.2759629906474614,0.308953249231616,-0.33927494592297736,-0.9188507714790997
TCGA-AO-A03N,0.4669341925436662,0.5177454203239346,-0.8585859817375293,0.5491528410856648
TCGA-AR-A1AH,1.633275703329977,-0.5582198216567973,-0.6020077981949118,1.224467315661291
TCGA-AO-A0JI,0.16614174804545004,-1.9781330590571577,-1.6993523542323439,-0.3881676291716192
TCGA-OL-A97C,-0.460013423524753,1.388593973431188,0.47396787489402253,-0.4918676229607478
TCGA-AR-A250,0.6600188041559496,1.1170646419708694,0.2610447453649141,-0.5959460705789117
TCGA-BH-A0HQ,-0.6905554510172299,0.6717625317536738,-0.8418299914276504,-0.37626999626311897
TCGA-JL-A3YW,-0.08950003786302883,1.6837432009517443,2.2478044569246545,0.8783453131578403
TCGA-AC-A3YI,-1.3959191594606273,1.5126900908271013,2.36547381665557,0.07297712421392538
TCGA-C8-A12U,1.2834743071630856,-2.547492655674119,-1.225047492227444,1.0391722404779313
TCGA-AO-A0JL,0.5048110103607714,-0.3014604837812368,-0.8777448158313361,1.578778139110089
TCGA-AO-A0JF,-0.9251817523973789,1.1962608264878203,0.5219995724809812,-1.1627415547703788
TCGA-EW-A1P6,0.15525980118192154,0.0693482624329168,-1.402757734102987,-0.09251216003036873
TCGA-A2-A3XZ,0.1410532430974908,-0.5501630370094298,0.1640319439949344,0.4345640619845165
TCGA-BH-A0C1,0.0983549082508504,0.7485132870262838,0.12963933923254364,-0.29545064605014126
TCGA-BH-A0AV,1.2772016887573374,1.5378822861774242,0.7617705603257792,-0.20300096676310425
TCGA-D8-A1JD,0.854263389157946,0.6708656861882136,-0.04017386228368345,0.10797496676581637
TCGA-A2-A4RW,-0.7874083665043345,0.48706544610893393,-0.3013340962119907,-1.7296194991989526
TCGA-AC-A2FO,-1.105604214067585,0.4735286618750138,1.1356779834646706,-0.8913315171027238
TCGA-AR-A2LN,-1.8547271136594563,1.21739336811952,1.451605665011174,-1.5779582508419445
TCGA-E2-A1BD,-0.22891150942883004,-0.09319137586320399,-0.9431342552647407,0.06473196467037132
TCGA-S3-AA14,-0.17726324737438182,0.7329246427348658,-0.7429303475218757,-0.46500433036657557
TCGA-A8-A07L,1.5223683030799269,-0.039676227236331796,-1.920554738310916,0.9860553955432134
TCGA-LL-A5YN,-0.3739761742853126,-0.5732120746891316,0.21562829404303216,1.0383134303215964
TCGA-AR-A24R,0.4342052995483943,-0.38059058596643225,-0.8299030150769845,-0.7700624858317775
TCGA-BH-A0DH,0.05656264583791562,-0.5594610149648819,-0.8430955516910191,-0.8271231938210789
TCGA-D8-A1XT,0.6331143707823491,1.0826286400100074,0.8954108172992996,-0.9411530500503942
TCGA-EW-A1IY,0.43572712651117146,0.770441069846194,0.9643706898870125,-1.0334471478532246
TCGA-A7-A4SE,1.1144081143407454,1.3232474192595174,0.9241764312653569,0.4533171970297098
TCGA-A2-A1FW,0.6125784406083306,-0.71856197405441,-1.8838919526901823,-0.815957146247978
TCGA-E2-A155,0.8375408424660256,-1.5921361440450532,-1.5899923077642033,-0.977905239415885
TCGA-B6-A3ZX,0.5027840872862444,-0.360490637600001,-0.10970472479300222,0.5720275217807377
TCGA-EW-A1PB,1.0000756942591726,-1.8493999300936708,1.847446031682035,1.0262856813865944
TCGA-A7-A425,-0.20015871248584646,0.14242327726541068,0.23678944868155552,-0.4547197928346696
TCGA-LL-A9Q3,-0.824771465167281,-0.5261161488040665,-0.4664138943412801,0.6088421198177303
TCGA-AN-A0FJ,1.3021625693750052,0.34140203522458973,-0.7047527565667515,0.6839986757915595
TCGA-AN-A03Y,0.7457813565898455,-0.7225324184967606,-1.5050052777894325,1.5035577966229672
TCGA-E2-A15M,0.4733161058511002,0.8443394549623664,0.9150805576413383,-0.470954739988834
TCGA-OL-A66J,-0.9830880942910367,0.59062392121027,0.2525451284418895,-0.3449570323399657
TCGA-AN-A04D,1.9214751888014598,-2.1114040486910772,-2.434022676784594,1.2367824908300733
TCGA-A8-A08I,0.6629102009268099,-1.7686631982559948,0.38586576322594957,-1.2763531572632252
TCGA-B6-A40C,0.2681845325853048,0.5917591535221784,-0.4456184824734642,0.5241409126236379
TCGA-A8-A08F,1.2566458822594249,0.5253810119703398,0.34997478978798674,0.5101096228617841
TCGA-BH-A0B3,1.6409643644529444,0.6168604821708122,1.111283494141461,0.7509663598018862
TCGA-AO-A12G,-0.33304469564635814,0.292197185594044,-0.7259504704342225,0.9717188290477538
TCGA-AQ-A04J,1.032163730273954,0.7236917188718541,0.7623615108228311,0.8706513036397758
TCGA-C8-A1HM,1.7385788525475012,-1.4605864556675636,0.3578888528863903,0.892067431929622
TCGA-A2-A3XX,1.0837764561849375,-0.2450160671015169,-0.28175291284461146,1.097915115253815
TCGA-EW-A1P1,-0.8076027250552669,1.6764985454229644,2.467773638587668,0.03523498894480257
TCGA-A2-A0YM,1.7564175911094384,-0.13679286301733065,1.4034612642461923,0.5384904247971958
TCGA-E9-A3X8,-0.7796820126980104,0.42903626792306493,0.1197223365100197,0.9360349233847983
TCGA-A8-A08Z,-0.33218630171405583,1.3291756836914712,0.816346220055642,-0.8087726087404264
TCGA-D8-A27F,1.7219126742644195,0.8123953906452714,0.8205784150678747,0.06305327048454042
TCGA-AN-A041,0.021834625063891458,0.7061999090183297,-0.8110417012959389,-0.8407441589709644
TCGA-AR-A0U3,0.983113391011623,-1.2538243761333254,-0.7970981104028886,-0.6619893203977194
TCGA-A2-A0CL,0.5353633866645833,0.7432212802612247,1.667255985714947,-0.09327946524013678
TCGA-LL-A5YP,0.8965788024466984,1.487446104276461,0.9542270533237176,0.7930050749516298
TCGA-AC-A3EH,-0.34274804686696503,0.36788285459984876,-0.46832119402883116,-0.6481532760663624
TCGA-AN-A04C,1.0303061909149716,-1.058190552455315,-0.7392487683115833,2.386985687522433
TCGA-E9-A1RC,0.3616785787826699,-0.08332612278698528,-1.1738124788880622,-0.44151483579855
TCGA-AC-A2FK,-1.8145030933115973,-0.11063834146575764,0.4141465566480361,-1.4904469384289072
TCGA-D8-A1XB,-0.3939659850015848,1.071319717542593,-0.5076076727417775,-0.9417165563927203
TCGA-A2-A0D3,-1.1851434054497854,-0.8489723143458289,-0.6780684047192413,-0.05499918995672805
TCGA-E2-A152,0.07479862857792262,1.0278576259827437,0.06063029585162233,-1.1370751287844167
TCGA-GM-A3NY,-0.7373212306808642,-0.11863719176946746,-0.6551835263696424,0.2642294230072472
TCGA-AC-A2B8,-0.8244208903887666,0.9489916187026014,0.9559897577210221,-1.084839184948379
TCGA-E2-A1B0,0.9464372048005424,0.6965656679171118,0.72852044484435,0.18727305387471893
TCGA-BH-A1EU,-1.0023956356114039,0.6099972187668682,1.0160335259717024,-1.8013889290438505
TCGA-AR-A1AK,-0.2985502958059511,0.07915554623501864,1.3119845383285413,-0.7535289052982863
TCGA-E9-A2JS,0.9114164911468868,-0.1769508520232777,-1.3039638258207122,1.1822903794437059
TCGA-GM-A5PV,-1.081430225425828,-1.8306263041053217,-0.2821553598658561,0.9151499386583264
TCGA-AQ-A54O,-0.5926734583685125,-0.6498009038426449,-0.9715532052103014,-0.5326133883555448
TCGA-AC-A6IX,-0.6909706122592894,0.7028486179748012,0.22054081561105926,-0.7574029238602936
TCGA-C8-A1HK,0.9494077177543379,-1.0985188681503475,-1.3191887389312773,0.3403419943289992
TCGA-AN-A0FL,0.04464850591599668,-1.3579221204103187,-1.0602601704566355,1.1157386695805076
TCGA-BH-A1FN,1.0686372853611625,0.7183492773876949,0.5072408171693141,0.5132057919335448
TCGA-A2-A25E,0.9624910894452062,-0.4597180290609918,-0.606637471091812,0.3818633890323341
TCGA-A2-A0YC,-0.2501973773760899,0.015800781152863312,-0.015229704517234455,-0.809528115211412
TCGA-A8-A09V,-0.26771768027919346,0.23900015647059258,-1.4130737707078997,-1.9282864519524234
TCGA-A2-A0CT,0.43593031116746606,-1.1198469097454826,-1.0225334622023021,0.5198751972162026
TCGA-E9-A22E,-0.5547223819650557,1.8854131234065288,0.674164531217675,0.14360591748822316
TCGA-BH-A18Q,1.2351039898375282,-0.7068322096989264,0.02997241630041026,0.3532169867027319
TCGA-A2-A1FV,-0.4040474068507565,-0.5148836908690836,-1.3595853657829495,-0.296152068510207
TCGA-AO-A03L,1.1529340842940647,0.49705069926883044,0.15219202960661407,0.7327370194799511
TCGA-B6-A0WV,0.9024092080536881,-0.986389667721613,-1.6372004012738117,-0.04660985212968244
TCGA-AN-A0XW,0.4742680976143914,1.4931784853843006,1.288059232656081,0.0025462719280389943
TCGA-AC-A23G,-0.9219879622302668,1.8882543128745026,1.7451410190137282,-0.32243802955946493
TCGA-AC-A3QQ,0.2979673895411848,-0.4349980852277659,-0.2746828048822134,1.3151467398637406
TCGA-EW-A1P8,1.6592692891528988,-0.28710852118215585,0.4672987481731352,1.1118815998685185
TCGA-B6-A0I2,0.93972845913562,-2.070749960141874,0.6123763484449248,1.9810880238947457
TCGA-A2-A0CX,0.7073617006042332,0.6879280502944983,0.21557769054802392,1.4790225941905821
TCGA-B6-A0RI,0.5610072826412448,0.9656672733936761,0.3742233768019652,-0.06321262486894938
TCGA-B6-A0WX,0.11113000828932544,1.2647980948933872,-0.24002302855667296,0.8422464272567936
TCGA-BH-A42U,-1.5457712843053528,0.5185147008210139,1.386109899510349,0.5624611943517077
TCGA-A8-A09G,0.7328173076605207,-0.9305995792924749,-0.7240368848822762,-0.23472719662088126
TCGA-C8-A26W,1.1261700893497884,0.1990462164269739,-0.25273897196205547,0.489706662284313
TCGA-AO-A03M,0.6176822937819032,-0.13780665093494,0.35782694421542843,0.6072600562077668
TCGA-E2-A1LB,-0.0861829786305914,-0.014612586145335888,-0.9318367509175002,-0.03552850289331761
TCGA-BH-A0DX,-0.17817085889875756,1.0771498924557383,0.7714511125222556,-0.4752752537957496
TCGA-AC-A6NO,0.08229224164952895,-0.17886169372072644,-1.2092866444519597,1.009416334966555
TCGA-EW-A1J5,0.0794020662689884,-0.4733617461112269,0.6556129337778343,-1.304216268069471
TCGA-AN-A0XV,-0.12361123568317425,0.4702310007410349,0.08858653300055151,-0.22939259480089022
TCGA-BH-A1F5,-0.4707399484527608,-0.7142007699878892,-0.9005064265792134,-1.9874133437379269
TCGA-A8-A07I,0.7884688661381823,0.9721321269786038,0.5500328883362915,-1.2292153706761775
TCGA-C8-A12W,1.063793258772602,0.7537460542282772,-0.33346310729467027,-0.24434712226603075
TCGA-AC-A8OQ,0.8237232787899662,0.7281740678222063,0.7711963113787159,0.35523317874600335
TCGA-A7-A4SF,0.8429318051323861,-0.997478791885626,-1.5064881263053103,-0.4657424438799484
TCGA-EW-A6SC,0.31826060678791124,1.2195171084343628,1.3825088348835346,0.06277494172343255
TCGA-AO-A1KR,1.4100322347195768,-1.5597393593983577,-0.3635654229241482,2.4848756001489454
TCGA-EW-A1PD,0.7536947827739027,0.7700805675751252,-0.23440317085676574,-0.16781328022362274
TCGA-EW-A1PC,1.929993499963275,-0.4884099354315023,-1.1377656740069102,1.2153692400441636
TCGA-E2-A10B,0.005362990344966001,0.4283862381131168,-0.7706454730509763,-0.9691169730140116
TCGA-AR-A0TQ,1.2087355398145727,-0.33828423779984085,0.0688632282519462,0.05133808950082606
TCGA-A2-A0EX,-1.0432185176799595,0.6999319051592255,-0.5106781475681487,1.0224330184899786
TCGA-E2-A14N,1.7445836529323084,-1.3795751710082256,0.4891800100988707,2.426569495681188
TCGA-5L-AAT0,-0.9899003651027279,0.8704249242223613,-0.16235706857140764,0.08395649430983369
TCGA-AR-A1AN,-0.4641257350916786,1.2608765728188225,0.37715155775455095,0.1377789425269629
TCGA-D8-A1X5,-0.20085442295921715,0.10382647227312314,-0.08858162441482358,-1.1831450655747722
TCGA-A2-A1G6,-1.6929621174563374,0.023005140125256087,0.4218190149531208,-0.5655569353873812
TCGA-A2-A04T,1.7776564876650034,-0.7731757858933376,-0.37275756401090476,1.7584357442898217
TCGA-B6-A0IJ,1.8679771474885907,-1.3080674878951013,1.2843606088649404,1.9165240796037126
TCGA-AR-A256,1.6431288456624815,-0.14967624532989224,0.3403582107728072,1.6888808613422202
TCGA-A7-A3J1,-0.9726578516079888,-0.09281939097318297,0.05953570825065105,-1.7327729205868696
TCGA-C8-A12O,0.45196487383171013,1.0346330902710772,0.4899811391492476,-0.4339419739260512
TCGA-E9-A249,0.4000724288382983,-0.7916444016414321,-0.5169924029546266,1.078467919436275
TCGA-UL-AAZ6,0.38299798866447404,-1.550529349139134,-0.741065509137261,1.2612783448398346
TCGA-A8-A08R,1.4796240516433214,0.17959269287560778,0.7163938685625438,0.24503961875668417
TCGA-A2-A0T4,0.39376680430733824,0.9071444572851016,0.620588121549328,0.31423874730998225
TCGA-BH-A0AZ,-0.8510089756609326,1.7113844240966998,0.45803051877410994,-0.6387337824095699
TCGA-AO-A03U,-0.9853150665892756,0.9695202926412089,1.534725295912544,-1.329881827438175
TCGA-A2-A0CO,-1.7834995003469043,0.8039291695340418,2.2691041989360907,-0.8657878068309459
TCGA-D8-A1JE,0.24418402360841265,0.815711109746241,-0.09156490111820911,-1.3328080366831703
TCGA-BH-A0H0,0.9673544824932305,-2.2505478767255074,-1.890343593504755,0.042991447482607845
TCGA-AR-A5QP,-0.35482311412721684,0.3681867102741968,-0.1357850122225472,0.6495829895355655
TCGA-D8-A27R,0.6411842331617909,-0.17595451907256357,-0.6138839682784591,1.4080905357356577
TCGA-C8-A278,0.8571432611974519,0.5323817543354342,0.5474283603312501,1.1388859338921271
TCGA-A7-A13G,-0.8107310204874988,-0.4822225665524329,-1.5893837897071357,-1.2814040372083053
TCGA-A8-A079,1.5398767320208695,-1.1234130441146684,-1.0134975976116787,1.0598807090311488
TCGA-A2-A0EP,-0.7573995506436272,1.4019105832779581,2.842686877371402,-0.298934821864272
TCGA-A2-A0T0,1.059343869492266,0.10309228638626193,0.06714898832694906,1.8919512118835469
TCGA-D8-A27I,-0.7912240212168781,0.9212734428681034,0.751577331474164,-0.4557297896774088
TCGA-BH-A0EI,-0.36391486384185784,0.9242086078644248,-1.1677134218394578,-1.0902352866196359
TCGA-E2-A15A,0.8646143263212378,0.005748410168752878,-0.3900753495260495,-0.3426258350221521
TCGA-AC-A2FM,0.07271864413493266,-1.2479582005704228,-1.7055605816117783,-1.0830873007567579
TCGA-BH-A1EY,-0.6878177420322392,0.9390079122725019,0.5455859384759068,-1.8040070986970527
TCGA-AN-A0FT,-0.5022787145920664,0.36691215874183225,-0.09837636972071837,0.9004859823838948
TCGA-E9-A1NF,-0.463494989995955,1.6553791544177907,0.6232143898706878,0.3035357649704812
TCGA-BH-A0B6,-0.9865056020387334,0.30729975524920167,0.8742919122127487,-0.3552772253584647
TCGA-C8-A130,1.1582641623297987,0.22626647765121097,-1.1356332667179847,0.9744094758875838
TCGA-A2-A0ER,0.6460984607551834,-0.904434977369072,-0.621922209490028,-0.5078974783648952
TCGA-A2-A0EQ,1.1555246126843683,-0.6198801139143845,0.60729197005771,1.7088565949113899
TCGA-D8-A1XL,0.8869074434317344,-0.8630814616086242,0.44868371870281243,1.9405809081883303
TCGA-C8-A12N,-0.9748370387721698,1.0883519624772222,0.011249454031252118,0.31463387381001867
TCGA-GM-A2DO,0.3586530745798309,-1.2010742603760665,0.7106786010019274,0.5304187920812394
TCGA-A8-A0AD,-0.15389811720950794,0.5203227650627019,-0.23635434012567658,-0.9098277902564332
TCGA-Z7-A8R5,-1.4161968988193943,0.34389633338866354,0.8344591417670193,1.0355995309248256
TCGA-A8-A07S,0.3620559281518762,-0.33293903861245616,-0.806061541208867,0.15231219209304264
TCGA-BH-A0HI,-0.7009358961806216,0.5008726256256213,0.4725231434665803,-0.3486414123854314
TCGA-AN-A0FV,0.26492462326963123,0.45418921744864005,-1.2522233277497565,-0.425123084804955
TCGA-AC-A23E,-0.5966223909581687,1.4667981426927463,0.6529124206077092,-0.051117570085688506
TCGA-AQ-A7U7,-0.8287253980745318,1.0909239894660394,1.5168117145032705,-0.892050776047798
TCGA-C8-A26X,0.37959027177413535,0.6255387967009771,1.5609525559582045,1.1220969964412828
TCGA-D8-A1XJ,1.3643568724156412,0.08932994602640175,-0.82013449305714,0.9756278568871569
TCGA-A8-A08X,0.7980365086316225,0.8983420081582963,0.5147788658654345,1.0223495088523602
TCGA-B6-A1KN,1.0858167759323016,-0.10494845893925578,0.21167113957594386,0.0721652729259786
TCGA-AR-A1AM,-1.3572123701003174,0.448210541245588,0.005548460039256995,-0.36462461663951423
TCGA-A2-A4S0,-1.3543099182084348,-1.4500468506251,-1.5324439798002536,-1.5494198101646899
TCGA-AO-A1KP,0.41451825885731614,-0.6816752967705039,-1.8885984313870496,-0.3028768236367689
TCGA-EW-A1OX,-0.1399000945677856,-2.665178263947762,-2.422689948045762,-0.7919448643964965
TCGA-E9-A1NC,0.22017660410131829,1.0169473983623065,1.456525744015529,1.382528785148493
TCGA-LL-A740,-0.4637378779394875,1.0066243606947602,0.4758473782557453,-0.15297217612804137
TCGA-BH-A0C3,-0.021340879175875332,0.7990091072497022,0.42356265510151075,-0.3684289840502543
TCGA-BH-A0H9,0.15713696781632247,-0.5274441275152512,-1.1280094756889008,0.3888007876643415
TCGA-D8-A1X8,-0.2549239236962022,0.06899975395629851,-0.1098123561676452,-0.2590207656552631
TCGA-E9-A22A,0.5216605288311723,1.5054147289967947,0.8517248877216741,0.5569765943874458
TCGA-AR-A1AI,1.6096817587578758,-1.2949704456109934,0.577686253017801,0.7834366156567005
TCGA-AC-A2BK,1.5757890474318093,-2.1180791906941336,-1.417882032188018,1.5345328014658068
TCGA-A7-A13H,-1.2125076358944467,0.467745722420649,0.7752442722502125,-1.4647268852409903
TCGA-LL-A6FQ,-0.2556230287487399,-0.641951449364845,-0.6533310777785718,1.26047860585279
TCGA-C8-A1HO,0.3848949764616645,-1.1574176455111556,-1.2336783555620716,0.27815024726561133
TCGA-D8-A1XO,-0.6199908991413473,0.6252918023626762,-0.4097108846832679,-0.8081310083998461
TCGA-E2-A1LE,0.4159241946024707,1.0267117132432368,0.5444461634731097,0.6910677772950622
TCGA-E2-A15J,-0.26391180881140064,-0.5489636475176072,-0.10349128664134637,0.8044918233145381
TCGA-A7-A0DB,-0.4894583589469706,0.3809800331079273,-0.5683254946190907,0.2748359463463425
TCGA-BH-A1FE,0.513399282337617,0.9936329674413217,0.9050217790526491,-0.37975119941063606
TCGA-D8-A27G,-0.05860979571021694,0.7653437719019498,0.09829872173748687,-0.16806345274730836
TCGA-BH-A42T,0.98640816678161,-0.21195656720045028,0.20126088107076678,1.8400350598424169
TCGA-AN-A0FY,1.3313427459898877,0.3652794741630123,-1.2030794029464873,0.41300515798349274
TCGA-B6-A0X5,1.5050091383858024,-1.3603282048550764,-1.9063262618574333,0.9123891189318158
TCGA-A2-A0YK,-0.9653161139129157,0.6826279921868919,1.3446297970399572,-1.4357411513140226
TCGA-A7-A0CG,-0.34328073147113314,0.7569803585479163,0.547535025286685,-0.42694937334068733
TCGA-AN-A0FW,0.4171372107918247,-0.5005031618852546,-1.3690308566337224,1.0614433114151511
TCGA-D8-A27P,-0.7928805295659984,0.3688259216205801,-0.636666474900679,-1.2496611270032065
TCGA-BH-A0DS,-0.9891099058306397,0.49265522961896696,0.1549516897240389,0.1870000962163218
TCGA-E2-A1L6,-0.3983150547018604,0.4275104941199831,0.12020207052520557,-0.2622866995429138
TCGA-BH-A0DG,-0.21117924632583424,1.0600854950035248,0.2062268454027155,-0.6061418866412258
TCGA-A2-A0CP,-1.5448674304736782,1.109306758316365,0.08012698391233372,0.6245236941811004
TCGA-BH-A5IZ,1.564010386236374,-0.35400028584581195,0.6267445987832119,0.5173641351450333
TCGA-A8-A09W,1.3414252788832965,-0.17835430308652844,-0.9079544381471492,0.7618770848101786
TCGA-E2-A107,0.9684518409799863,-1.5837331810971265,-1.4596745850478594,0.061740090446549906
TCGA-AR-A252,-0.24345804725562703,0.13942960281903655,0.8103474219343454,-1.1200857763174068
TCGA-C8-A12Z,0.7845531406550171,-0.09606864951115947,-0.64694072708745,0.41369522250703433
TCGA-BH-A202,1.1907161270975577,-0.14360724930470095,-0.05449582764238406,0.9961139173684282
TCGA-AO-A1KT,0.7089385161362403,0.6139392721614253,0.4458087670140758,0.6552393931910468
TCGA-D8-A1XW,-0.4612519024818681,-0.0439036872544983,0.17000768065643648,-1.7417963130442884
TCGA-D8-A1JU,-1.8040787129343723,1.343716250029789,0.4816272789979698,-0.7491219119496658
TCGA-E9-A1N5,0.19111823294785196,1.0801517871042434,0.3144323429936059,-0.738589669500749
TCGA-A2-A4S1,-0.7252224385924041,1.2866086798297671,0.9573541569918284,-0.5777741244579951
TCGA-E2-A153,-1.1258184142485046,1.5926190124363673,1.072837396664834,-0.47051033514990975
TCGA-A2-A0YG,1.25522354779104,-0.8274562597546989,-1.2597880469341334,-0.2508031972234087
TCGA-BH-A0B7,0.047071025610857714,0.9474843584479058,1.0400117406593088,-0.27766346298615396
TCGA-D8-A1X6,0.4082256969479001,-1.4601178673530466,-0.9014139915496695,0.7428376934542108
TCGA-BH-A0BL,0.8342014340015852,1.5307952889049956,1.4864623175894192,-0.11754340891850408
TCGA-BH-A0DO,-1.2854131759789942,-0.16500710959651183,-0.2471317634178786,-1.0303411972716923
TCGA-A2-A04Q,0.6650261721800373,0.4869741245172299,1.6214995183813872,1.5524713132294126
TCGA-E9-A1NI,0.39421414739679883,0.6929025230500101,-0.1942508172077987,0.9220245092047246
TCGA-BH-A0HY,0.7779986515188921,0.263952672211303,-1.0081263492533212,0.33283048663338877
TCGA-AR-A24T,-0.9816096581540596,1.0003266669604134,0.0027336225755393282,-0.7037637773438855
TCGA-AO-A0JA,0.1654425382005215,0.8093798794619537,-0.05843612083278676,-0.8710805622292187
TCGA-D8-A1XZ,0.4982445310930021,0.15477336614829212,-0.5470715068968979,1.0228085722830327
TCGA-C8-A8HP,0.4998390266437142,-0.15515671690256527,0.29538290166994124,0.3153275997853538
TCGA-E9-A5FL,0.17156186470883789,0.574976531365281,0.8403111060023017,1.2771847995702568
TCGA-E2-A15F,0.20579685758244318,-0.30089662758154795,-0.09935958381169456,-2.016537164648772
TCGA-A2-A3XT,1.2811701067224384,-0.36450758069187633,0.9521288521559162,1.7141329219364456
TCGA-B6-A0X7,-1.0113756387007546,0.3959584803563492,-1.268547164317093,0.017009306518410015
TCGA-3C-AALJ,0.5541630071697505,0.5095343707033624,-0.3182313480126506,0.6393555628358962
TCGA-B6-A0X1,1.6115432092542374,-1.854316637130099,0.4705931837759975,0.44528447941396876
