==============================
Running: 3plus_cellcycle | dim=4
==============================
MLP Bio-Anchor Head (bio_dim -> 64 -> bio_dim)
Cancer: BRCA | bio_dim: 4 | lambda_bio: 0.1
Bio anchor file: bio_anchors_BRCA_combo_3plus_cellcycle_score.csv
[dataloader] Loaded bio-anchors from bio_anchors_BRCA_combo_3plus_cellcycle_score.csv: torch.Size([1031, 4])
Cluster number: 5
Epoch [0/200] Step [0/17] Loss: 7.1386 Bio: 1.0480
Epoch [0/200] Total Loss: 118.9167
Epoch [1/200] Step [0/17] Loss: 7.1454 Bio: 1.1133
Epoch [1/200] Total Loss: 118.7032
Epoch [2/200] Step [0/17] Loss: 7.1417 Bio: 1.0898
Epoch [2/200] Total Loss: 118.9466
Epoch [3/200] Step [0/17] Loss: 7.1373 Bio: 1.0482
Epoch [3/200] Total Loss: 118.4579
Epoch [4/200] Step [0/17] Loss: 7.0129 Bio: 0.8821
Epoch [4/200] Total Loss: 115.2336
Epoch [5/200] Step [0/17] Loss: 7.0495 Bio: 0.9939
Epoch [5/200] Total Loss: 114.2520
Epoch [6/200] Step [0/17] Loss: 6.7236 Bio: 1.0643
Epoch [6/200] Total Loss: 112.5011
Epoch [7/200] Step [0/17] Loss: 6.8518 Bio: 1.0490
Epoch [7/200] Total Loss: 112.6916
Epoch [8/200] Step [0/17] Loss: 6.5604 Bio: 0.9988
Epoch [8/200] Total Loss: 111.8276
Epoch [9/200] Step [0/17] Loss: 6.7807 Bio: 0.9806
Epoch [9/200] Total Loss: 113.0967
Epoch [10/200] Step [0/17] Loss: 7.0383 Bio: 0.9392
Epoch [10/200] Total Loss: 110.9939
Epoch [11/200] Step [0/17] Loss: 6.7693 Bio: 0.9471
Epoch [11/200] Total Loss: 111.2828
Epoch [12/200] Step [0/17] Loss: 6.4726 Bio: 0.9431
Epoch [12/200] Total Loss: 110.0533
Epoch [13/200] Step [0/17] Loss: 6.6217 Bio: 0.9778
Epoch [13/200] Total Loss: 108.8719
Epoch [14/200] Step [0/17] Loss: 6.5869 Bio: 0.9352
Epoch [14/200] Total Loss: 108.9133
Epoch [15/200] Step [0/17] Loss: 6.5059 Bio: 0.9730
Epoch [15/200] Total Loss: 110.9691
Epoch [16/200] Step [0/17] Loss: 6.6209 Bio: 0.8963
Epoch [16/200] Total Loss: 107.5048
Epoch [17/200] Step [0/17] Loss: 6.5294 Bio: 0.8272
Epoch [17/200] Total Loss: 107.7455
Epoch [18/200] Step [0/17] Loss: 6.5671 Bio: 0.8641
Epoch [18/200] Total Loss: 108.8206
Epoch [19/200] Step [0/17] Loss: 6.5559 Bio: 0.9600
Epoch [19/200] Total Loss: 108.3106
Epoch [20/200] Step [0/17] Loss: 6.6213 Bio: 1.2251
Epoch [20/200] Total Loss: 107.3337
Epoch [21/200] Step [0/17] Loss: 6.3180 Bio: 1.1289
Epoch [21/200] Total Loss: 107.7989
Epoch [22/200] Step [0/17] Loss: 6.5274 Bio: 0.8949
Epoch [22/200] Total Loss: 107.2382
Epoch [23/200] Step [0/17] Loss: 6.5064 Bio: 0.9200
Epoch [23/200] Total Loss: 106.9702
Epoch [24/200] Step [0/17] Loss: 6.3703 Bio: 1.1655
Epoch [24/200] Total Loss: 106.0172
Epoch [25/200] Step [0/17] Loss: 6.2594 Bio: 1.1210
Epoch [25/200] Total Loss: 106.0459
Epoch [26/200] Step [0/17] Loss: 6.2517 Bio: 1.0732
Epoch [26/200] Total Loss: 105.5136
Epoch [27/200] Step [0/17] Loss: 6.0575 Bio: 1.0332
Epoch [27/200] Total Loss: 103.4441
Epoch [28/200] Step [0/17] Loss: 6.2403 Bio: 1.0973
Epoch [28/200] Total Loss: 105.9691
Epoch [29/200] Step [0/17] Loss: 6.3771 Bio: 1.0241
Epoch [29/200] Total Loss: 105.3241
Epoch [30/200] Step [0/17] Loss: 6.4244 Bio: 0.9355
Epoch [30/200] Total Loss: 104.7723
Epoch [31/200] Step [0/17] Loss: 6.1283 Bio: 0.9384
Epoch [31/200] Total Loss: 104.4997
Epoch [32/200] Step [0/17] Loss: 6.5614 Bio: 0.8749
Epoch [32/200] Total Loss: 104.5173
Epoch [33/200] Step [0/17] Loss: 6.0268 Bio: 0.9060
Epoch [33/200] Total Loss: 105.7613
Epoch [34/200] Step [0/17] Loss: 6.1034 Bio: 1.0710
Epoch [34/200] Total Loss: 103.5551
Epoch [35/200] Step [0/17] Loss: 6.2207 Bio: 1.1739
Epoch [35/200] Total Loss: 104.2387
Epoch [36/200] Step [0/17] Loss: 6.1751 Bio: 1.0140
Epoch [36/200] Total Loss: 104.4503
Epoch [37/200] Step [0/17] Loss: 6.0368 Bio: 0.8996
Epoch [37/200] Total Loss: 105.3096
Epoch [38/200] Step [0/17] Loss: 5.9868 Bio: 0.9642
Epoch [38/200] Total Loss: 103.5535
Epoch [39/200] Step [0/17] Loss: 6.5185 Bio: 1.0190
Epoch [39/200] Total Loss: 103.3693
Epoch [40/200] Step [0/17] Loss: 5.9411 Bio: 0.9481
Epoch [40/200] Total Loss: 102.9311
Epoch [41/200] Step [0/17] Loss: 6.4578 Bio: 0.8144
Epoch [41/200] Total Loss: 103.0597
Epoch [42/200] Step [0/17] Loss: 6.1114 Bio: 1.0297
Epoch [42/200] Total Loss: 104.7197
Epoch [43/200] Step [0/17] Loss: 6.1869 Bio: 0.9169
Epoch [43/200] Total Loss: 104.6169
Epoch [44/200] Step [0/17] Loss: 5.9640 Bio: 1.0044
Epoch [44/200] Total Loss: 104.1131
Epoch [45/200] Step [0/17] Loss: 6.4246 Bio: 0.8994
Epoch [45/200] Total Loss: 104.1548
Epoch [46/200] Step [0/17] Loss: 6.2749 Bio: 1.0125
Epoch [46/200] Total Loss: 103.6389
Epoch [47/200] Step [0/17] Loss: 6.1881 Bio: 1.0049
Epoch [47/200] Total Loss: 104.2699
Epoch [48/200] Step [0/17] Loss: 6.0601 Bio: 0.8884
Epoch [48/200] Total Loss: 102.7954
Epoch [49/200] Step [0/17] Loss: 6.2025 Bio: 1.0215
Epoch [49/200] Total Loss: 102.8212
Epoch [50/200] Step [0/17] Loss: 6.2771 Bio: 0.9821
Epoch [50/200] Total Loss: 104.2060
Epoch [51/200] Step [0/17] Loss: 6.2134 Bio: 0.8776
Epoch [51/200] Total Loss: 101.6104
Epoch [52/200] Step [0/17] Loss: 6.3300 Bio: 0.9703
Epoch [52/200] Total Loss: 103.5748
Epoch [53/200] Step [0/17] Loss: 6.1065 Bio: 0.9075
Epoch [53/200] Total Loss: 103.1919
Epoch [54/200] Step [0/17] Loss: 6.4082 Bio: 0.9440
Epoch [54/200] Total Loss: 101.4315
Epoch [55/200] Step [0/17] Loss: 6.2086 Bio: 0.9222
Epoch [55/200] Total Loss: 103.5050
Epoch [56/200] Step [0/17] Loss: 5.9036 Bio: 1.0525
Epoch [56/200] Total Loss: 101.3596
Epoch [57/200] Step [0/17] Loss: 6.2929 Bio: 0.9971
Epoch [57/200] Total Loss: 102.6317
Epoch [58/200] Step [0/17] Loss: 6.0914 Bio: 1.0139
Epoch [58/200] Total Loss: 102.5038
Epoch [59/200] Step [0/17] Loss: 6.2489 Bio: 1.2586
Epoch [59/200] Total Loss: 102.3440
Epoch [60/200] Step [0/17] Loss: 5.8207 Bio: 0.9824
Epoch [60/200] Total Loss: 101.6683
Epoch [61/200] Step [0/17] Loss: 6.0640 Bio: 1.0747
Epoch [61/200] Total Loss: 101.3176
Epoch [62/200] Step [0/17] Loss: 6.0240 Bio: 0.9378
Epoch [62/200] Total Loss: 100.9750
Epoch [63/200] Step [0/17] Loss: 6.2813 Bio: 1.0294
Epoch [63/200] Total Loss: 101.0144
Epoch [64/200] Step [0/17] Loss: 6.2746 Bio: 0.8761
Epoch [64/200] Total Loss: 99.7232
Epoch [65/200] Step [0/17] Loss: 6.1552 Bio: 0.8827
Epoch [65/200] Total Loss: 101.3048
Epoch [66/200] Step [0/17] Loss: 6.1746 Bio: 1.0172
Epoch [66/200] Total Loss: 100.5997
Epoch [67/200] Step [0/17] Loss: 6.1794 Bio: 1.1155
Epoch [67/200] Total Loss: 100.9766
Epoch [68/200] Step [0/17] Loss: 5.9637 Bio: 0.9493
Epoch [68/200] Total Loss: 101.1085
Epoch [69/200] Step [0/17] Loss: 5.9538 Bio: 1.0288
Epoch [69/200] Total Loss: 99.9282
Epoch [70/200] Step [0/17] Loss: 6.1190 Bio: 0.8859
Epoch [70/200] Total Loss: 99.3995
Epoch [71/200] Step [0/17] Loss: 5.9087 Bio: 1.1000
Epoch [71/200] Total Loss: 100.3286
Epoch [72/200] Step [0/17] Loss: 5.9964 Bio: 1.1099
Epoch [72/200] Total Loss: 101.2460
Epoch [73/200] Step [0/17] Loss: 5.9477 Bio: 0.9415
Epoch [73/200] Total Loss: 101.4148
Epoch [74/200] Step [0/17] Loss: 5.9571 Bio: 0.9408
Epoch [74/200] Total Loss: 99.5960
Epoch [75/200] Step [0/17] Loss: 5.9547 Bio: 1.0522
Epoch [75/200] Total Loss: 100.2819
Epoch [76/200] Step [0/17] Loss: 5.9685 Bio: 0.9098
Epoch [76/200] Total Loss: 99.5877
Epoch [77/200] Step [0/17] Loss: 6.0626 Bio: 1.0965
Epoch [77/200] Total Loss: 99.8968
Epoch [78/200] Step [0/17] Loss: 5.9422 Bio: 1.0231
Epoch [78/200] Total Loss: 100.0660
Epoch [79/200] Step [0/17] Loss: 6.2831 Bio: 0.9467
Epoch [79/200] Total Loss: 99.4673
Epoch [80/200] Step [0/17] Loss: 5.7383 Bio: 0.8597
Epoch [80/200] Total Loss: 99.1897
Epoch [81/200] Step [0/17] Loss: 6.2406 Bio: 0.9964
Epoch [81/200] Total Loss: 100.6118
Epoch [82/200] Step [0/17] Loss: 5.7727 Bio: 1.0668
Epoch [82/200] Total Loss: 99.6578
Epoch [83/200] Step [0/17] Loss: 6.2044 Bio: 0.8844
Epoch [83/200] Total Loss: 98.9012
Epoch [84/200] Step [0/17] Loss: 5.7261 Bio: 1.1073
Epoch [84/200] Total Loss: 99.9709
Epoch [85/200] Step [0/17] Loss: 6.3738 Bio: 0.9917
Epoch [85/200] Total Loss: 99.1014
Epoch [86/200] Step [0/17] Loss: 5.8836 Bio: 0.9950
Epoch [86/200] Total Loss: 100.6930
Epoch [87/200] Step [0/17] Loss: 5.8648 Bio: 0.9610
Epoch [87/200] Total Loss: 100.1826
Epoch [88/200] Step [0/17] Loss: 5.8985 Bio: 0.9363
Epoch [88/200] Total Loss: 99.5456
Epoch [89/200] Step [0/17] Loss: 6.0031 Bio: 0.9454
Epoch [89/200] Total Loss: 99.8181
Epoch [90/200] Step [0/17] Loss: 5.7611 Bio: 0.9522
Epoch [90/200] Total Loss: 98.8368
Epoch [91/200] Step [0/17] Loss: 5.8094 Bio: 0.8193
Epoch [91/200] Total Loss: 100.4584
Epoch [92/200] Step [0/17] Loss: 5.8367 Bio: 0.9406
Epoch [92/200] Total Loss: 98.2237
Epoch [93/200] Step [0/17] Loss: 6.1136 Bio: 1.3916
Epoch [93/200] Total Loss: 98.8621
Epoch [94/200] Step [0/17] Loss: 5.8748 Bio: 1.0499
Epoch [94/200] Total Loss: 99.6553
Epoch [95/200] Step [0/17] Loss: 5.8960 Bio: 0.9342
Epoch [95/200] Total Loss: 98.9566
Epoch [96/200] Step [0/17] Loss: 5.9480 Bio: 1.0596
Epoch [96/200] Total Loss: 100.0001
Epoch [97/200] Step [0/17] Loss: 5.7756 Bio: 1.1553
Epoch [97/200] Total Loss: 97.0048
Epoch [98/200] Step [0/17] Loss: 6.1431 Bio: 1.0309
Epoch [98/200] Total Loss: 97.1722
Epoch [99/200] Step [0/17] Loss: 5.8562 Bio: 0.9916
Epoch [99/200] Total Loss: 97.5459
Epoch [100/200] Step [0/17] Loss: 6.0743 Bio: 0.9644
Epoch [100/200] Total Loss: 97.0340
Epoch [101/200] Step [0/17] Loss: 5.9651 Bio: 1.0618
Epoch [101/200] Total Loss: 97.3842
Epoch [102/200] Step [0/17] Loss: 5.8579 Bio: 0.9915
Epoch [102/200] Total Loss: 99.5403
Epoch [103/200] Step [0/17] Loss: 5.9252 Bio: 1.0144
Epoch [103/200] Total Loss: 99.1358
Epoch [104/200] Step [0/17] Loss: 5.8238 Bio: 0.8768
Epoch [104/200] Total Loss: 96.3415
Epoch [105/200] Step [0/17] Loss: 6.1453 Bio: 0.8958
Epoch [105/200] Total Loss: 98.5830
Epoch [106/200] Step [0/17] Loss: 6.1671 Bio: 0.9969
Epoch [106/200] Total Loss: 96.9188
Epoch [107/200] Step [0/17] Loss: 5.7961 Bio: 1.0822
Epoch [107/200] Total Loss: 97.2810
Epoch [108/200] Step [0/17] Loss: 5.7372 Bio: 0.9796
Epoch [108/200] Total Loss: 98.0115
Epoch [109/200] Step [0/17] Loss: 6.1307 Bio: 0.9948
Epoch [109/200] Total Loss: 97.2431
Epoch [110/200] Step [0/17] Loss: 5.9606 Bio: 1.1135
Epoch [110/200] Total Loss: 97.3256
Epoch [111/200] Step [0/17] Loss: 5.8560 Bio: 0.8761
Epoch [111/200] Total Loss: 97.5764
Epoch [112/200] Step [0/17] Loss: 5.9828 Bio: 1.0048
Epoch [112/200] Total Loss: 97.3717
Epoch [113/200] Step [0/17] Loss: 6.1510 Bio: 0.8582
Epoch [113/200] Total Loss: 97.5678
Epoch [114/200] Step [0/17] Loss: 5.9127 Bio: 1.1317
Epoch [114/200] Total Loss: 97.7625
Epoch [115/200] Step [0/17] Loss: 5.7839 Bio: 0.9177
Epoch [115/200] Total Loss: 97.4276
Epoch [116/200] Step [0/17] Loss: 5.8242 Bio: 1.0237
Epoch [116/200] Total Loss: 97.2532
Epoch [117/200] Step [0/17] Loss: 5.7142 Bio: 1.0212
Epoch [117/200] Total Loss: 97.4747
Epoch [118/200] Step [0/17] Loss: 5.8031 Bio: 1.0714
Epoch [118/200] Total Loss: 97.1057
Epoch [119/200] Step [0/17] Loss: 5.7668 Bio: 1.1104
Epoch [119/200] Total Loss: 97.2678
Epoch [120/200] Step [0/17] Loss: 5.8468 Bio: 1.0725
Epoch [120/200] Total Loss: 98.1585
Epoch [121/200] Step [0/17] Loss: 5.8358 Bio: 1.0203
Epoch [121/200] Total Loss: 97.8267
Epoch [122/200] Step [0/17] Loss: 5.6931 Bio: 1.0547
Epoch [122/200] Total Loss: 97.2094
Epoch [123/200] Step [0/17] Loss: 5.9037 Bio: 1.0327
Epoch [123/200] Total Loss: 96.4293
Epoch [124/200] Step [0/17] Loss: 5.9802 Bio: 0.9409
Epoch [124/200] Total Loss: 97.4077
Epoch [125/200] Step [0/17] Loss: 5.8655 Bio: 1.0850
Epoch [125/200] Total Loss: 97.3837
Epoch [126/200] Step [0/17] Loss: 5.7891 Bio: 0.9027
Epoch [126/200] Total Loss: 97.0961
Epoch [127/200] Step [0/17] Loss: 5.8635 Bio: 0.9155
Epoch [127/200] Total Loss: 98.5746
Epoch [128/200] Step [0/17] Loss: 5.7945 Bio: 1.3738
Epoch [128/200] Total Loss: 98.8792
Epoch [129/200] Step [0/17] Loss: 5.8402 Bio: 0.9300
Epoch [129/200] Total Loss: 96.7807
Epoch [130/200] Step [0/17] Loss: 5.6003 Bio: 1.0188
Epoch [130/200] Total Loss: 97.3154
Epoch [131/200] Step [0/17] Loss: 5.8251 Bio: 0.8450
Epoch [131/200] Total Loss: 97.6940
Epoch [132/200] Step [0/17] Loss: 5.9007 Bio: 1.0257
Epoch [132/200] Total Loss: 97.5978
Epoch [133/200] Step [0/17] Loss: 6.2155 Bio: 0.9861
Epoch [133/200] Total Loss: 98.4841
Epoch [134/200] Step [0/17] Loss: 5.6614 Bio: 1.1638
Epoch [134/200] Total Loss: 97.6091
Epoch [135/200] Step [0/17] Loss: 5.7855 Bio: 1.0622
Epoch [135/200] Total Loss: 97.5270
Epoch [136/200] Step [0/17] Loss: 5.8239 Bio: 0.8298
Epoch [136/200] Total Loss: 95.8654
Epoch [137/200] Step [0/17] Loss: 6.0233 Bio: 1.0695
Epoch [137/200] Total Loss: 97.6112
Epoch [138/200] Step [0/17] Loss: 5.9481 Bio: 0.8142
Epoch [138/200] Total Loss: 97.6348
Epoch [139/200] Step [0/17] Loss: 5.7728 Bio: 0.9352
Epoch [139/200] Total Loss: 96.8926
Epoch [140/200] Step [0/17] Loss: 6.0244 Bio: 0.9070
Epoch [140/200] Total Loss: 97.7063
Epoch [141/200] Step [0/17] Loss: 5.8067 Bio: 0.8976
Epoch [141/200] Total Loss: 96.6378
Epoch [142/200] Step [0/17] Loss: 5.6387 Bio: 1.0989
Epoch [142/200] Total Loss: 94.7943
Epoch [143/200] Step [0/17] Loss: 6.0277 Bio: 0.9810
Epoch [143/200] Total Loss: 97.4413
Epoch [144/200] Step [0/17] Loss: 5.9833 Bio: 0.9883
Epoch [144/200] Total Loss: 96.3275
Epoch [145/200] Step [0/17] Loss: 5.6684 Bio: 1.0248
Epoch [145/200] Total Loss: 96.9381
Epoch [146/200] Step [0/17] Loss: 5.6996 Bio: 0.9871
Epoch [146/200] Total Loss: 97.6606
Epoch [147/200] Step [0/17] Loss: 5.7141 Bio: 1.0307
Epoch [147/200] Total Loss: 96.7854
Epoch [148/200] Step [0/17] Loss: 5.8373 Bio: 0.9840
Epoch [148/200] Total Loss: 97.3390
Epoch [149/200] Step [0/17] Loss: 5.7353 Bio: 0.9311
Epoch [149/200] Total Loss: 97.1147
Epoch [150/200] Step [0/17] Loss: 5.8292 Bio: 0.9260
Epoch [150/200] Total Loss: 96.5331
Epoch [151/200] Step [0/17] Loss: 5.7782 Bio: 0.9611
Epoch [151/200] Total Loss: 97.2084
Epoch [152/200] Step [0/17] Loss: 5.9368 Bio: 1.1608
Epoch [152/200] Total Loss: 96.1522
Epoch [153/200] Step [0/17] Loss: 5.7778 Bio: 1.0665
Epoch [153/200] Total Loss: 97.3478
Epoch [154/200] Step [0/17] Loss: 5.7663 Bio: 0.9686
Epoch [154/200] Total Loss: 96.5124
Epoch [155/200] Step [0/17] Loss: 5.9499 Bio: 0.9149
Epoch [155/200] Total Loss: 96.0312
Epoch [156/200] Step [0/17] Loss: 5.8438 Bio: 1.0336
Epoch [156/200] Total Loss: 95.7917
Epoch [157/200] Step [0/17] Loss: 5.7642 Bio: 0.8619
Epoch [157/200] Total Loss: 96.5699
Epoch [158/200] Step [0/17] Loss: 5.7999 Bio: 1.0017
Epoch [158/200] Total Loss: 96.6331
Epoch [159/200] Step [0/17] Loss: 5.7355 Bio: 1.1283
Epoch [159/200] Total Loss: 96.2386
Epoch [160/200] Step [0/17] Loss: 5.8928 Bio: 1.0083
Epoch [160/200] Total Loss: 96.4928
Epoch [161/200] Step [0/17] Loss: 5.6263 Bio: 1.1340
Epoch [161/200] Total Loss: 96.8218
Epoch [162/200] Step [0/17] Loss: 5.7610 Bio: 0.9667
Epoch [162/200] Total Loss: 96.3604
Epoch [163/200] Step [0/17] Loss: 5.8620 Bio: 0.9724
Epoch [163/200] Total Loss: 95.8100
Epoch [164/200] Step [0/17] Loss: 5.9168 Bio: 1.0495
Epoch [164/200] Total Loss: 98.3357
Epoch [165/200] Step [0/17] Loss: 5.5131 Bio: 1.1567
Epoch [165/200] Total Loss: 95.4619
Epoch [166/200] Step [0/17] Loss: 5.8494 Bio: 1.2136
Epoch [166/200] Total Loss: 96.0369
Epoch [167/200] Step [0/17] Loss: 5.7746 Bio: 1.1441
Epoch [167/200] Total Loss: 97.0693
Epoch [168/200] Step [0/17] Loss: 5.6524 Bio: 1.1484
Epoch [168/200] Total Loss: 96.5934
Epoch [169/200] Step [0/17] Loss: 5.8493 Bio: 0.8552
Epoch [169/200] Total Loss: 95.6043
Epoch [170/200] Step [0/17] Loss: 5.9762 Bio: 0.9495
Epoch [170/200] Total Loss: 97.2914
Epoch [171/200] Step [0/17] Loss: 5.7435 Bio: 0.9844
Epoch [171/200] Total Loss: 96.8279
Epoch [172/200] Step [0/17] Loss: 5.6605 Bio: 0.8694
Epoch [172/200] Total Loss: 96.4391
Epoch [173/200] Step [0/17] Loss: 5.6812 Bio: 0.8849
Epoch [173/200] Total Loss: 95.3297
Epoch [174/200] Step [0/17] Loss: 5.6010 Bio: 1.0660
Epoch [174/200] Total Loss: 96.3488
Epoch [175/200] Step [0/17] Loss: 5.7280 Bio: 0.8978
Epoch [175/200] Total Loss: 96.3092
Epoch [176/200] Step [0/17] Loss: 5.7795 Bio: 0.9666
Epoch [176/200] Total Loss: 96.6024
Epoch [177/200] Step [0/17] Loss: 5.6327 Bio: 0.8620
Epoch [177/200] Total Loss: 95.6010
Epoch [178/200] Step [0/17] Loss: 5.8266 Bio: 1.2188
Epoch [178/200] Total Loss: 96.1915
Epoch [179/200] Step [0/17] Loss: 5.7428 Bio: 0.9157
Epoch [179/200] Total Loss: 97.0163
Epoch [180/200] Step [0/17] Loss: 5.8757 Bio: 0.8900
Epoch [180/200] Total Loss: 96.6752
Epoch [181/200] Step [0/17] Loss: 5.8384 Bio: 0.9557
Epoch [181/200] Total Loss: 96.5255
Epoch [182/200] Step [0/17] Loss: 5.7014 Bio: 1.0600
Epoch [182/200] Total Loss: 95.6364
Epoch [183/200] Step [0/17] Loss: 5.5706 Bio: 0.9846
Epoch [183/200] Total Loss: 96.6116
Epoch [184/200] Step [0/17] Loss: 5.7412 Bio: 1.1445
Epoch [184/200] Total Loss: 95.9324
Epoch [185/200] Step [0/17] Loss: 5.7726 Bio: 1.0176
Epoch [185/200] Total Loss: 96.9939
Epoch [186/200] Step [0/17] Loss: 5.7385 Bio: 0.9272
Epoch [186/200] Total Loss: 95.8433
Epoch [187/200] Step [0/17] Loss: 5.5855 Bio: 0.9146
Epoch [187/200] Total Loss: 97.2311
Epoch [188/200] Step [0/17] Loss: 5.6173 Bio: 1.1310
Epoch [188/200] Total Loss: 94.9872
Epoch [189/200] Step [0/17] Loss: 5.8782 Bio: 0.8728
Epoch [189/200] Total Loss: 95.6613
Epoch [190/200] Step [0/17] Loss: 6.1361 Bio: 0.8877
Epoch [190/200] Total Loss: 95.9119
Epoch [191/200] Step [0/17] Loss: 5.6436 Bio: 0.9514
Epoch [191/200] Total Loss: 96.4757
Epoch [192/200] Step [0/17] Loss: 5.8047 Bio: 1.0595
Epoch [192/200] Total Loss: 94.6998
Epoch [193/200] Step [0/17] Loss: 5.8052 Bio: 0.9065
Epoch [193/200] Total Loss: 96.5626
Epoch [194/200] Step [0/17] Loss: 5.6324 Bio: 1.0216
Epoch [194/200] Total Loss: 96.1875
Epoch [195/200] Step [0/17] Loss: 5.8530 Bio: 0.8788
Epoch [195/200] Total Loss: 95.2734
Epoch [196/200] Step [0/17] Loss: 5.6395 Bio: 1.0069
Epoch [196/200] Total Loss: 95.3083
Epoch [197/200] Step [0/17] Loss: 5.6920 Bio: 0.8770
Epoch [197/200] Total Loss: 96.2713
Epoch [198/200] Step [0/17] Loss: 5.6946 Bio: 1.1375
Epoch [198/200] Total Loss: 96.5499
Epoch [199/200] Step [0/17] Loss: 5.6986 Bio: 0.9774
Epoch [199/200] Total Loss: 95.7180
MLP training complete.
--- MLP 3plus_cellcycle RESULTS ---
============================================================
CLUSTERING EVALUATION
============================================================
✅ Loaded ground truth from ground_truth_BRCA.csv
   Total patients with labels: 803

📂 Loading model from save/model_combo_mlp_3plus_cellcycle/checkpoint_200.tar...
✅ Model loaded successfully

📊 Loading data for BRCA...
[dataloader] No bio_anchor_file specified — loading omics only
✅ Data loaded successfully

🔮 Getting predictions...
✅ Predictions obtained: 1031 samples

🔍 Filtering to patients with ground truth...
   Patients with both predictions and ground truth: 803
   Final evaluation size: 803 patients

📈 Computing metrics...

============================================================
RESULTS
============================================================
ARI                 : 0.3523
NMI                 : 0.4814
V-measure           : 0.4814
============================================================

📊 Creating visualizations...
Saved confusion matrix to results/BRCA_confusion_matrix.png
Saved distribution plot to results/BRCA_cluster_distribution.png
Computing t-SNE (this may take a minute)...
Saved t-SNE plot to results/BRCA_tsne.png

💾 Saved results to results/BRCA_evaluation.csv

✅ Evaluation complete!
Linear Bio-Anchor Head
Cancer: BRCA | bio_dim: 4 | lambda_bio: 0.1
Bio anchor file: bio_anchors_BRCA_combo_3plus_cellcycle_score.csv
[dataloader] Loaded bio-anchors from bio_anchors_BRCA_combo_3plus_cellcycle_score.csv: torch.Size([1031, 4])
Cluster number: 5
Epoch [0/200] Step [0/17] Loss: 7.1425 Bio: 1.0853
Epoch [0/200] Total Loss: 118.9624
Epoch [1/200] Step [0/17] Loss: 7.1371 Bio: 1.0275
Epoch [1/200] Total Loss: 118.9250
Epoch [2/200] Step [0/17] Loss: 7.1036 Bio: 1.0864
Epoch [2/200] Total Loss: 117.8126
Epoch [3/200] Step [0/17] Loss: 7.0035 Bio: 1.0890
Epoch [3/200] Total Loss: 117.0123
Epoch [4/200] Step [0/17] Loss: 7.0167 Bio: 1.0549
Epoch [4/200] Total Loss: 112.6726
Epoch [5/200] Step [0/17] Loss: 6.7291 Bio: 1.0041
Epoch [5/200] Total Loss: 110.8164
Epoch [6/200] Step [0/17] Loss: 6.8087 Bio: 1.0714
Epoch [6/200] Total Loss: 111.7940
Epoch [7/200] Step [0/17] Loss: 6.8739 Bio: 0.9746
Epoch [7/200] Total Loss: 112.5954
Epoch [8/200] Step [0/17] Loss: 6.6923 Bio: 1.1040
Epoch [8/200] Total Loss: 111.1243
Epoch [9/200] Step [0/17] Loss: 6.6938 Bio: 1.1750
Epoch [9/200] Total Loss: 109.8614
Epoch [10/200] Step [0/17] Loss: 6.6121 Bio: 1.0319
Epoch [10/200] Total Loss: 109.7452
Epoch [11/200] Step [0/17] Loss: 6.7272 Bio: 1.0723
Epoch [11/200] Total Loss: 108.7062
Epoch [12/200] Step [0/17] Loss: 6.8464 Bio: 0.8392
Epoch [12/200] Total Loss: 108.5430
Epoch [13/200] Step [0/17] Loss: 6.5154 Bio: 0.9935
Epoch [13/200] Total Loss: 109.8423
Epoch [14/200] Step [0/17] Loss: 6.4848 Bio: 1.1273
Epoch [14/200] Total Loss: 108.9414
Epoch [15/200] Step [0/17] Loss: 6.6820 Bio: 0.9068
Epoch [15/200] Total Loss: 109.3694
Epoch [16/200] Step [0/17] Loss: 6.4082 Bio: 0.9947
Epoch [16/200] Total Loss: 107.2308
Epoch [17/200] Step [0/17] Loss: 6.4808 Bio: 0.9257
Epoch [17/200] Total Loss: 107.1406
Epoch [18/200] Step [0/17] Loss: 6.6020 Bio: 0.8437
Epoch [18/200] Total Loss: 106.4648
Epoch [19/200] Step [0/17] Loss: 6.2637 Bio: 0.9167
Epoch [19/200] Total Loss: 107.3734
Epoch [20/200] Step [0/17] Loss: 6.7444 Bio: 0.9753
Epoch [20/200] Total Loss: 107.1465
Epoch [21/200] Step [0/17] Loss: 6.5395 Bio: 1.1059
Epoch [21/200] Total Loss: 105.8426
Epoch [22/200] Step [0/17] Loss: 6.3872 Bio: 1.0302
Epoch [22/200] Total Loss: 106.9626
Epoch [23/200] Step [0/17] Loss: 6.5092 Bio: 0.9701
Epoch [23/200] Total Loss: 105.8676
Epoch [24/200] Step [0/17] Loss: 6.2104 Bio: 1.1131
Epoch [24/200] Total Loss: 106.4844
Epoch [25/200] Step [0/17] Loss: 6.3793 Bio: 0.9424
Epoch [25/200] Total Loss: 105.1685
Epoch [26/200] Step [0/17] Loss: 6.3634 Bio: 1.1114
Epoch [26/200] Total Loss: 104.9500
Epoch [27/200] Step [0/17] Loss: 6.2956 Bio: 1.0803
Epoch [27/200] Total Loss: 104.1925
Epoch [28/200] Step [0/17] Loss: 6.5462 Bio: 0.9525
Epoch [28/200] Total Loss: 106.3034
Epoch [29/200] Step [0/17] Loss: 6.3045 Bio: 0.9852
Epoch [29/200] Total Loss: 107.0434
Epoch [30/200] Step [0/17] Loss: 6.5593 Bio: 1.0193
Epoch [30/200] Total Loss: 105.2868
Epoch [31/200] Step [0/17] Loss: 6.3423 Bio: 1.1408
Epoch [31/200] Total Loss: 105.0155
Epoch [32/200] Step [0/17] Loss: 6.1564 Bio: 1.0653
Epoch [32/200] Total Loss: 104.0956
Epoch [33/200] Step [0/17] Loss: 6.2735 Bio: 0.9562
Epoch [33/200] Total Loss: 104.2372
Epoch [34/200] Step [0/17] Loss: 6.2549 Bio: 0.9921
Epoch [34/200] Total Loss: 104.0714
Epoch [35/200] Step [0/17] Loss: 6.2637 Bio: 0.9363
Epoch [35/200] Total Loss: 104.6534
Epoch [36/200] Step [0/17] Loss: 6.3534 Bio: 0.9610
Epoch [36/200] Total Loss: 103.3412
Epoch [37/200] Step [0/17] Loss: 6.2238 Bio: 1.0799
Epoch [37/200] Total Loss: 103.7415
Epoch [38/200] Step [0/17] Loss: 6.1115 Bio: 0.8972
Epoch [38/200] Total Loss: 103.1374
Epoch [39/200] Step [0/17] Loss: 6.1494 Bio: 0.9859
Epoch [39/200] Total Loss: 103.5963
Epoch [40/200] Step [0/17] Loss: 6.5118 Bio: 1.1057
Epoch [40/200] Total Loss: 103.3349
Epoch [41/200] Step [0/17] Loss: 6.1469 Bio: 1.1350
Epoch [41/200] Total Loss: 102.7262
Epoch [42/200] Step [0/17] Loss: 6.0495 Bio: 0.9518
Epoch [42/200] Total Loss: 103.3711
Epoch [43/200] Step [0/17] Loss: 6.1983 Bio: 1.1052
Epoch [43/200] Total Loss: 103.4767
Epoch [44/200] Step [0/17] Loss: 5.9157 Bio: 0.8818
Epoch [44/200] Total Loss: 102.7295
Epoch [45/200] Step [0/17] Loss: 6.2111 Bio: 0.9948
Epoch [45/200] Total Loss: 102.8230
Epoch [46/200] Step [0/17] Loss: 6.0793 Bio: 1.2099
Epoch [46/200] Total Loss: 103.4013
Epoch [47/200] Step [0/17] Loss: 6.2696 Bio: 1.1214
Epoch [47/200] Total Loss: 102.0301
Epoch [48/200] Step [0/17] Loss: 6.0635 Bio: 1.0077
Epoch [48/200] Total Loss: 102.5882
Epoch [49/200] Step [0/17] Loss: 6.1227 Bio: 1.1230
Epoch [49/200] Total Loss: 103.5642
Epoch [50/200] Step [0/17] Loss: 6.2054 Bio: 1.0752
Epoch [50/200] Total Loss: 102.5548
Epoch [51/200] Step [0/17] Loss: 6.2050 Bio: 0.8479
Epoch [51/200] Total Loss: 101.1897
Epoch [52/200] Step [0/17] Loss: 5.8946 Bio: 0.8696
Epoch [52/200] Total Loss: 100.8022
Epoch [53/200] Step [0/17] Loss: 5.9397 Bio: 0.9727
Epoch [53/200] Total Loss: 102.2092
Epoch [54/200] Step [0/17] Loss: 6.2875 Bio: 0.9354
Epoch [54/200] Total Loss: 100.8965
Epoch [55/200] Step [0/17] Loss: 6.0842 Bio: 1.0137
Epoch [55/200] Total Loss: 102.7617
Epoch [56/200] Step [0/17] Loss: 5.7370 Bio: 1.0923
Epoch [56/200] Total Loss: 101.6646
Epoch [57/200] Step [0/17] Loss: 6.0608 Bio: 1.0051
Epoch [57/200] Total Loss: 100.4449
Epoch [58/200] Step [0/17] Loss: 6.0157 Bio: 1.0669
Epoch [58/200] Total Loss: 101.1621
Epoch [59/200] Step [0/17] Loss: 6.0751 Bio: 0.9449
Epoch [59/200] Total Loss: 100.5447
Epoch [60/200] Step [0/17] Loss: 5.7835 Bio: 0.9538
Epoch [60/200] Total Loss: 101.1809
Epoch [61/200] Step [0/17] Loss: 5.8908 Bio: 0.9862
Epoch [61/200] Total Loss: 99.9401
Epoch [62/200] Step [0/17] Loss: 5.9037 Bio: 0.9706
Epoch [62/200] Total Loss: 99.8382
Epoch [63/200] Step [0/17] Loss: 6.1653 Bio: 0.9392
Epoch [63/200] Total Loss: 101.4279
Epoch [64/200] Step [0/17] Loss: 6.0792 Bio: 0.8872
Epoch [64/200] Total Loss: 99.8278
Epoch [65/200] Step [0/17] Loss: 6.1258 Bio: 1.1408
Epoch [65/200] Total Loss: 101.6194
Epoch [66/200] Step [0/17] Loss: 5.9441 Bio: 0.9163
Epoch [66/200] Total Loss: 100.9984
Epoch [67/200] Step [0/17] Loss: 6.0260 Bio: 1.1134
Epoch [67/200] Total Loss: 99.3881
Epoch [68/200] Step [0/17] Loss: 5.9910 Bio: 0.9795
Epoch [68/200] Total Loss: 100.4086
Epoch [69/200] Step [0/17] Loss: 5.9861 Bio: 1.1277
Epoch [69/200] Total Loss: 99.5833
Epoch [70/200] Step [0/17] Loss: 5.9797 Bio: 0.9698
Epoch [70/200] Total Loss: 99.6250
Epoch [71/200] Step [0/17] Loss: 6.0243 Bio: 0.9329
Epoch [71/200] Total Loss: 97.9920
Epoch [72/200] Step [0/17] Loss: 5.9440 Bio: 0.8466
Epoch [72/200] Total Loss: 98.7005
Epoch [73/200] Step [0/17] Loss: 5.9645 Bio: 1.1446
Epoch [73/200] Total Loss: 100.2175
Epoch [74/200] Step [0/17] Loss: 6.1554 Bio: 1.0853
Epoch [74/200] Total Loss: 99.5317
Epoch [75/200] Step [0/17] Loss: 6.0425 Bio: 1.0394
Epoch [75/200] Total Loss: 100.0872
Epoch [76/200] Step [0/17] Loss: 6.1018 Bio: 1.0438
Epoch [76/200] Total Loss: 98.6945
Epoch [77/200] Step [0/17] Loss: 6.1004 Bio: 0.8021
Epoch [77/200] Total Loss: 98.4205
Epoch [78/200] Step [0/17] Loss: 6.0499 Bio: 0.9831
Epoch [78/200] Total Loss: 99.1891
Epoch [79/200] Step [0/17] Loss: 5.7674 Bio: 1.0180
Epoch [79/200] Total Loss: 99.9677
Epoch [80/200] Step [0/17] Loss: 5.8497 Bio: 0.8836
Epoch [80/200] Total Loss: 99.9222
Epoch [81/200] Step [0/17] Loss: 6.1324 Bio: 1.2046
Epoch [81/200] Total Loss: 99.8329
Epoch [82/200] Step [0/17] Loss: 6.0544 Bio: 1.0034
Epoch [82/200] Total Loss: 98.7406
Epoch [83/200] Step [0/17] Loss: 5.9683 Bio: 0.8647
Epoch [83/200] Total Loss: 98.5301
Epoch [84/200] Step [0/17] Loss: 5.8589 Bio: 0.9402
Epoch [84/200] Total Loss: 99.2897
Epoch [85/200] Step [0/17] Loss: 6.0697 Bio: 0.9657
Epoch [85/200] Total Loss: 98.4308
Epoch [86/200] Step [0/17] Loss: 6.0304 Bio: 1.1236
Epoch [86/200] Total Loss: 99.2311
Epoch [87/200] Step [0/17] Loss: 5.8607 Bio: 0.9796
Epoch [87/200] Total Loss: 97.9157
Epoch [88/200] Step [0/17] Loss: 5.7538 Bio: 0.9287
Epoch [88/200] Total Loss: 99.0500
Epoch [89/200] Step [0/17] Loss: 5.8688 Bio: 0.8719
Epoch [89/200] Total Loss: 99.6335
Epoch [90/200] Step [0/17] Loss: 5.8898 Bio: 0.9794
Epoch [90/200] Total Loss: 97.6825
Epoch [91/200] Step [0/17] Loss: 5.9730 Bio: 0.9899
Epoch [91/200] Total Loss: 98.6978
Epoch [92/200] Step [0/17] Loss: 5.8782 Bio: 0.8856
Epoch [92/200] Total Loss: 98.4052
Epoch [93/200] Step [0/17] Loss: 5.8857 Bio: 0.9983
Epoch [93/200] Total Loss: 97.6642
Epoch [94/200] Step [0/17] Loss: 5.7266 Bio: 0.8290
Epoch [94/200] Total Loss: 97.1233
Epoch [95/200] Step [0/17] Loss: 5.7890 Bio: 0.8146
Epoch [95/200] Total Loss: 98.9718
Epoch [96/200] Step [0/17] Loss: 5.9065 Bio: 1.0802
Epoch [96/200] Total Loss: 98.0177
Epoch [97/200] Step [0/17] Loss: 6.0163 Bio: 0.8463
Epoch [97/200] Total Loss: 98.4678
Epoch [98/200] Step [0/17] Loss: 5.7271 Bio: 1.1569
Epoch [98/200] Total Loss: 96.9311
Epoch [99/200] Step [0/17] Loss: 5.8868 Bio: 0.9321
Epoch [99/200] Total Loss: 97.2159
Epoch [100/200] Step [0/17] Loss: 5.8070 Bio: 1.0488
Epoch [100/200] Total Loss: 97.6039
Epoch [101/200] Step [0/17] Loss: 5.8806 Bio: 0.9491
Epoch [101/200] Total Loss: 96.5002
Epoch [102/200] Step [0/17] Loss: 5.7570 Bio: 1.1328
Epoch [102/200] Total Loss: 98.1342
Epoch [103/200] Step [0/17] Loss: 6.3249 Bio: 0.8449
Epoch [103/200] Total Loss: 97.8877
Epoch [104/200] Step [0/17] Loss: 5.9490 Bio: 0.9368
Epoch [104/200] Total Loss: 97.4433
Epoch [105/200] Step [0/17] Loss: 5.8036 Bio: 0.9485
Epoch [105/200] Total Loss: 98.4917
Epoch [106/200] Step [0/17] Loss: 5.9046 Bio: 0.8414
Epoch [106/200] Total Loss: 96.7269
Epoch [107/200] Step [0/17] Loss: 5.9925 Bio: 0.9329
Epoch [107/200] Total Loss: 97.9034
Epoch [108/200] Step [0/17] Loss: 6.0040 Bio: 1.2152
Epoch [108/200] Total Loss: 99.3872
Epoch [109/200] Step [0/17] Loss: 5.8308 Bio: 0.8183
Epoch [109/200] Total Loss: 97.5392
Epoch [110/200] Step [0/17] Loss: 5.7873 Bio: 1.1682
Epoch [110/200] Total Loss: 97.8237
Epoch [111/200] Step [0/17] Loss: 5.9976 Bio: 1.0249
Epoch [111/200] Total Loss: 97.2069
Epoch [112/200] Step [0/17] Loss: 5.6293 Bio: 1.0486
Epoch [112/200] Total Loss: 97.9777
Epoch [113/200] Step [0/17] Loss: 5.8976 Bio: 0.9693
Epoch [113/200] Total Loss: 98.6091
Epoch [114/200] Step [0/17] Loss: 5.8790 Bio: 0.9837
Epoch [114/200] Total Loss: 98.3770
Epoch [115/200] Step [0/17] Loss: 5.7401 Bio: 0.9247
Epoch [115/200] Total Loss: 97.6224
Epoch [116/200] Step [0/17] Loss: 5.9499 Bio: 1.1784
Epoch [116/200] Total Loss: 97.5070
Epoch [117/200] Step [0/17] Loss: 5.7276 Bio: 0.8615
Epoch [117/200] Total Loss: 97.4265
Epoch [118/200] Step [0/17] Loss: 5.9691 Bio: 1.0337
Epoch [118/200] Total Loss: 97.1799
Epoch [119/200] Step [0/17] Loss: 5.7848 Bio: 1.0779
Epoch [119/200] Total Loss: 96.7449
Epoch [120/200] Step [0/17] Loss: 5.8184 Bio: 1.1234
Epoch [120/200] Total Loss: 99.0984
Epoch [121/200] Step [0/17] Loss: 5.6688 Bio: 0.8825
Epoch [121/200] Total Loss: 96.9227
Epoch [122/200] Step [0/17] Loss: 5.8451 Bio: 0.9482
Epoch [122/200] Total Loss: 96.1457
Epoch [123/200] Step [0/17] Loss: 5.8279 Bio: 1.0003
Epoch [123/200] Total Loss: 97.0109
Epoch [124/200] Step [0/17] Loss: 5.8579 Bio: 0.9511
Epoch [124/200] Total Loss: 96.2442
Epoch [125/200] Step [0/17] Loss: 5.7989 Bio: 0.9181
Epoch [125/200] Total Loss: 97.0131
Epoch [126/200] Step [0/17] Loss: 5.9024 Bio: 0.8745
Epoch [126/200] Total Loss: 97.2454
Epoch [127/200] Step [0/17] Loss: 5.5704 Bio: 1.1612
Epoch [127/200] Total Loss: 95.5842
Epoch [128/200] Step [0/17] Loss: 5.6013 Bio: 0.8724
Epoch [128/200] Total Loss: 96.4153
Epoch [129/200] Step [0/17] Loss: 5.8706 Bio: 0.9447
Epoch [129/200] Total Loss: 96.4475
Epoch [130/200] Step [0/17] Loss: 5.7894 Bio: 0.8456
Epoch [130/200] Total Loss: 97.1856
Epoch [131/200] Step [0/17] Loss: 6.0146 Bio: 0.9224
Epoch [131/200] Total Loss: 96.5767
Epoch [132/200] Step [0/17] Loss: 5.7011 Bio: 1.0737
Epoch [132/200] Total Loss: 96.7954
Epoch [133/200] Step [0/17] Loss: 5.7862 Bio: 1.0689
Epoch [133/200] Total Loss: 98.5687
Epoch [134/200] Step [0/17] Loss: 5.7918 Bio: 0.9172
Epoch [134/200] Total Loss: 97.1952
Epoch [135/200] Step [0/17] Loss: 5.7039 Bio: 1.1094
Epoch [135/200] Total Loss: 96.5820
Epoch [136/200] Step [0/17] Loss: 5.8111 Bio: 0.9355
Epoch [136/200] Total Loss: 95.6349
Epoch [137/200] Step [0/17] Loss: 5.8957 Bio: 0.8164
Epoch [137/200] Total Loss: 97.6825
Epoch [138/200] Step [0/17] Loss: 5.6958 Bio: 1.1891
Epoch [138/200] Total Loss: 96.9124
Epoch [139/200] Step [0/17] Loss: 6.0924 Bio: 0.8618
Epoch [139/200] Total Loss: 96.5623
Epoch [140/200] Step [0/17] Loss: 5.7246 Bio: 1.1810
Epoch [140/200] Total Loss: 98.3666
Epoch [141/200] Step [0/17] Loss: 5.9487 Bio: 1.0487
Epoch [141/200] Total Loss: 98.7351
Epoch [142/200] Step [0/17] Loss: 5.9469 Bio: 0.7493
Epoch [142/200] Total Loss: 97.5968
Epoch [143/200] Step [0/17] Loss: 5.7963 Bio: 0.8901
Epoch [143/200] Total Loss: 98.1144
Epoch [144/200] Step [0/17] Loss: 5.7904 Bio: 0.9608
Epoch [144/200] Total Loss: 96.8935
Epoch [145/200] Step [0/17] Loss: 6.0274 Bio: 1.1690
Epoch [145/200] Total Loss: 96.5303
Epoch [146/200] Step [0/17] Loss: 5.6646 Bio: 1.0542
Epoch [146/200] Total Loss: 95.5542
Epoch [147/200] Step [0/17] Loss: 6.0557 Bio: 0.9574
Epoch [147/200] Total Loss: 96.6200
Epoch [148/200] Step [0/17] Loss: 5.5980 Bio: 0.9366
Epoch [148/200] Total Loss: 97.1462
Epoch [149/200] Step [0/17] Loss: 5.8059 Bio: 1.1083
Epoch [149/200] Total Loss: 95.6709
Epoch [150/200] Step [0/17] Loss: 5.7528 Bio: 1.2339
Epoch [150/200] Total Loss: 96.1739
Epoch [151/200] Step [0/17] Loss: 5.6095 Bio: 0.9178
Epoch [151/200] Total Loss: 95.5744
Epoch [152/200] Step [0/17] Loss: 5.9469 Bio: 0.9893
Epoch [152/200] Total Loss: 96.6327
Epoch [153/200] Step [0/17] Loss: 5.6499 Bio: 1.0236
Epoch [153/200] Total Loss: 97.3672
Epoch [154/200] Step [0/17] Loss: 5.7163 Bio: 0.9078
Epoch [154/200] Total Loss: 97.2756
Epoch [155/200] Step [0/17] Loss: 6.0195 Bio: 0.9680
Epoch [155/200] Total Loss: 95.9603
Epoch [156/200] Step [0/17] Loss: 5.8331 Bio: 1.0600
Epoch [156/200] Total Loss: 95.6490
Epoch [157/200] Step [0/17] Loss: 5.8028 Bio: 1.3267
Epoch [157/200] Total Loss: 97.2513
Epoch [158/200] Step [0/17] Loss: 5.6166 Bio: 1.0634
Epoch [158/200] Total Loss: 97.2029
Epoch [159/200] Step [0/17] Loss: 5.8299 Bio: 1.2034
Epoch [159/200] Total Loss: 96.5579
Epoch [160/200] Step [0/17] Loss: 5.8966 Bio: 0.9887
Epoch [160/200] Total Loss: 97.3047
Epoch [161/200] Step [0/17] Loss: 5.6007 Bio: 0.9636
Epoch [161/200] Total Loss: 95.1232
Epoch [162/200] Step [0/17] Loss: 5.7859 Bio: 0.8463
Epoch [162/200] Total Loss: 97.4003
Epoch [163/200] Step [0/17] Loss: 5.7403 Bio: 0.9961
Epoch [163/200] Total Loss: 97.5265
Epoch [164/200] Step [0/17] Loss: 6.0753 Bio: 0.8206
Epoch [164/200] Total Loss: 97.2833
Epoch [165/200] Step [0/17] Loss: 5.6005 Bio: 1.0191
Epoch [165/200] Total Loss: 96.5496
Epoch [166/200] Step [0/17] Loss: 5.8323 Bio: 1.1099
Epoch [166/200] Total Loss: 96.0641
Epoch [167/200] Step [0/17] Loss: 5.6992 Bio: 1.0230
Epoch [167/200] Total Loss: 97.0115
Epoch [168/200] Step [0/17] Loss: 5.7411 Bio: 1.0239
Epoch [168/200] Total Loss: 95.3453
Epoch [169/200] Step [0/17] Loss: 5.6984 Bio: 1.2190
Epoch [169/200] Total Loss: 96.6255
Epoch [170/200] Step [0/17] Loss: 5.6192 Bio: 1.0795
Epoch [170/200] Total Loss: 95.2717
Epoch [171/200] Step [0/17] Loss: 5.8079 Bio: 0.9535
Epoch [171/200] Total Loss: 96.2234
Epoch [172/200] Step [0/17] Loss: 5.8586 Bio: 0.9413
Epoch [172/200] Total Loss: 95.9791
Epoch [173/200] Step [0/17] Loss: 5.6709 Bio: 1.1802
Epoch [173/200] Total Loss: 96.4647
Epoch [174/200] Step [0/17] Loss: 5.5856 Bio: 1.0702
Epoch [174/200] Total Loss: 97.4037
Epoch [175/200] Step [0/17] Loss: 5.8032 Bio: 1.0489
Epoch [175/200] Total Loss: 96.3368
Epoch [176/200] Step [0/17] Loss: 5.8994 Bio: 1.0470
Epoch [176/200] Total Loss: 94.5910
Epoch [177/200] Step [0/17] Loss: 5.9932 Bio: 1.0431
Epoch [177/200] Total Loss: 94.7107
Epoch [178/200] Step [0/17] Loss: 5.8119 Bio: 1.0270
Epoch [178/200] Total Loss: 96.1423
Epoch [179/200] Step [0/17] Loss: 5.7542 Bio: 0.8668
Epoch [179/200] Total Loss: 95.2252
Epoch [180/200] Step [0/17] Loss: 5.7247 Bio: 0.9831
Epoch [180/200] Total Loss: 95.6679
Epoch [181/200] Step [0/17] Loss: 5.8166 Bio: 0.9549
Epoch [181/200] Total Loss: 94.8479
Epoch [182/200] Step [0/17] Loss: 5.7235 Bio: 0.9168
Epoch [182/200] Total Loss: 95.4850
Epoch [183/200] Step [0/17] Loss: 5.9494 Bio: 0.8665
Epoch [183/200] Total Loss: 95.7366
Epoch [184/200] Step [0/17] Loss: 5.8073 Bio: 1.1139
Epoch [184/200] Total Loss: 96.9091
Epoch [185/200] Step [0/17] Loss: 5.6894 Bio: 0.9212
Epoch [185/200] Total Loss: 94.8039
Epoch [186/200] Step [0/17] Loss: 5.6604 Bio: 1.1011
Epoch [186/200] Total Loss: 96.0497
Epoch [187/200] Step [0/17] Loss: 5.6836 Bio: 1.2496
Epoch [187/200] Total Loss: 95.6588
Epoch [188/200] Step [0/17] Loss: 5.7556 Bio: 1.0569
Epoch [188/200] Total Loss: 94.9169
Epoch [189/200] Step [0/17] Loss: 5.6336 Bio: 0.9505
Epoch [189/200] Total Loss: 96.6447
Epoch [190/200] Step [0/17] Loss: 5.7122 Bio: 1.1107
Epoch [190/200] Total Loss: 96.6254
Epoch [191/200] Step [0/17] Loss: 5.7528 Bio: 1.0075
Epoch [191/200] Total Loss: 95.1944
Epoch [192/200] Step [0/17] Loss: 5.7237 Bio: 1.0821
Epoch [192/200] Total Loss: 95.2323
Epoch [193/200] Step [0/17] Loss: 5.6672 Bio: 0.9972
Epoch [193/200] Total Loss: 94.9432
Epoch [194/200] Step [0/17] Loss: 5.9999 Bio: 0.9553
Epoch [194/200] Total Loss: 97.3599
Epoch [195/200] Step [0/17] Loss: 5.5919 Bio: 0.9798
Epoch [195/200] Total Loss: 95.5108
Epoch [196/200] Step [0/17] Loss: 5.6805 Bio: 1.1008
Epoch [196/200] Total Loss: 96.0072
Epoch [197/200] Step [0/17] Loss: 5.6227 Bio: 1.0742
Epoch [197/200] Total Loss: 94.5080
Epoch [198/200] Step [0/17] Loss: 5.6845 Bio: 0.9203
Epoch [198/200] Total Loss: 95.4044
Epoch [199/200] Step [0/17] Loss: 5.8776 Bio: 0.7844
Epoch [199/200] Total Loss: 94.9015
Linear training complete.
--- Linear 3plus_cellcycle RESULTS ---
============================================================
CLUSTERING EVALUATION
============================================================
✅ Loaded ground truth from ground_truth_BRCA.csv
   Total patients with labels: 803

📂 Loading model from save/model_combo_linear_3plus_cellcycle/checkpoint_200.tar...
✅ Model loaded successfully

📊 Loading data for BRCA...
[dataloader] No bio_anchor_file specified — loading omics only
✅ Data loaded successfully

🔮 Getting predictions...
✅ Predictions obtained: 1031 samples

🔍 Filtering to patients with ground truth...
   Patients with both predictions and ground truth: 803
   Final evaluation size: 803 patients

📈 Computing metrics...

============================================================
RESULTS
============================================================
ARI                 : 0.3291
NMI                 : 0.4706
V-measure           : 0.4706
============================================================

📊 Creating visualizations...
Saved confusion matrix to results/BRCA_confusion_matrix.png
Saved distribution plot to results/BRCA_cluster_distribution.png
Computing t-SNE (this may take a minute)...
Saved t-SNE plot to results/BRCA_tsne.png

💾 Saved results to results/BRCA_evaluation.csv

✅ Evaluation complete!
==============================
Running: 3plus_apoptosis | dim=4
==============================
MLP Bio-Anchor Head (bio_dim -> 64 -> bio_dim)
Cancer: BRCA | bio_dim: 4 | lambda_bio: 0.1
Bio anchor file: bio_anchors_BRCA_combo_3plus_apoptosis_score.csv
[dataloader] Loaded bio-anchors from bio_anchors_BRCA_combo_3plus_apoptosis_score.csv: torch.Size([1031, 4])
Cluster number: 5
Epoch [0/200] Step [0/17] Loss: 7.1378 Bio: 1.0393
Epoch [0/200] Total Loss: 118.9394
Epoch [1/200] Step [0/17] Loss: 7.1457 Bio: 1.1193
Epoch [1/200] Total Loss: 119.0161
Epoch [2/200] Step [0/17] Loss: 7.1401 Bio: 1.0901
Epoch [2/200] Total Loss: 117.9886
Epoch [3/200] Step [0/17] Loss: 7.0390 Bio: 1.1269
Epoch [3/200] Total Loss: 116.7934
Epoch [4/200] Step [0/17] Loss: 7.0725 Bio: 1.0886
Epoch [4/200] Total Loss: 114.2908
Epoch [5/200] Step [0/17] Loss: 6.6196 Bio: 1.1112
Epoch [5/200] Total Loss: 112.6922
Epoch [6/200] Step [0/17] Loss: 6.7324 Bio: 1.0837
Epoch [6/200] Total Loss: 111.7886
Epoch [7/200] Step [0/17] Loss: 6.6288 Bio: 0.9975
Epoch [7/200] Total Loss: 111.8963
Epoch [8/200] Step [0/17] Loss: 6.5842 Bio: 0.9957
Epoch [8/200] Total Loss: 111.3805
Epoch [9/200] Step [0/17] Loss: 6.6443 Bio: 0.8830
Epoch [9/200] Total Loss: 110.9672
Epoch [10/200] Step [0/17] Loss: 6.6863 Bio: 1.0112
Epoch [10/200] Total Loss: 109.1633
Epoch [11/200] Step [0/17] Loss: 6.6834 Bio: 0.9498
Epoch [11/200] Total Loss: 109.2381
Epoch [12/200] Step [0/17] Loss: 6.6181 Bio: 0.8392
Epoch [12/200] Total Loss: 108.7679
Epoch [13/200] Step [0/17] Loss: 6.6186 Bio: 0.9020
Epoch [13/200] Total Loss: 108.7327
Epoch [14/200] Step [0/17] Loss: 6.5441 Bio: 1.0007
Epoch [14/200] Total Loss: 108.2698
Epoch [15/200] Step [0/17] Loss: 6.4023 Bio: 1.0112
Epoch [15/200] Total Loss: 109.3099
Epoch [16/200] Step [0/17] Loss: 6.6248 Bio: 1.0181
Epoch [16/200] Total Loss: 108.0511
Epoch [17/200] Step [0/17] Loss: 6.4502 Bio: 0.9621
Epoch [17/200] Total Loss: 108.3908
Epoch [18/200] Step [0/17] Loss: 6.6002 Bio: 0.9425
Epoch [18/200] Total Loss: 108.1046
Epoch [19/200] Step [0/17] Loss: 6.5610 Bio: 0.8922
Epoch [19/200] Total Loss: 106.5099
Epoch [20/200] Step [0/17] Loss: 6.3953 Bio: 1.2155
Epoch [20/200] Total Loss: 107.3618
Epoch [21/200] Step [0/17] Loss: 6.1293 Bio: 1.0984
Epoch [21/200] Total Loss: 106.8393
Epoch [22/200] Step [0/17] Loss: 6.5296 Bio: 0.8763
Epoch [22/200] Total Loss: 105.5866
Epoch [23/200] Step [0/17] Loss: 6.4330 Bio: 1.0156
Epoch [23/200] Total Loss: 106.5848
Epoch [24/200] Step [0/17] Loss: 6.2487 Bio: 1.0123
Epoch [24/200] Total Loss: 105.9087
Epoch [25/200] Step [0/17] Loss: 6.3090 Bio: 1.1990
Epoch [25/200] Total Loss: 105.7362
Epoch [26/200] Step [0/17] Loss: 6.1631 Bio: 1.0389
Epoch [26/200] Total Loss: 104.5514
Epoch [27/200] Step [0/17] Loss: 6.2250 Bio: 1.0082
Epoch [27/200] Total Loss: 104.9235
Epoch [28/200] Step [0/17] Loss: 6.1541 Bio: 1.1127
Epoch [28/200] Total Loss: 104.4413
Epoch [29/200] Step [0/17] Loss: 6.4494 Bio: 0.9175
Epoch [29/200] Total Loss: 105.4377
Epoch [30/200] Step [0/17] Loss: 6.3747 Bio: 0.9330
Epoch [30/200] Total Loss: 105.0488
Epoch [31/200] Step [0/17] Loss: 6.3327 Bio: 0.8910
Epoch [31/200] Total Loss: 104.4896
Epoch [32/200] Step [0/17] Loss: 6.2509 Bio: 0.8972
Epoch [32/200] Total Loss: 104.1951
Epoch [33/200] Step [0/17] Loss: 6.1223 Bio: 0.9227
Epoch [33/200] Total Loss: 105.0872
Epoch [34/200] Step [0/17] Loss: 6.0075 Bio: 0.9417
Epoch [34/200] Total Loss: 103.9364
Epoch [35/200] Step [0/17] Loss: 6.2417 Bio: 1.1057
Epoch [35/200] Total Loss: 103.5405
Epoch [36/200] Step [0/17] Loss: 6.1483 Bio: 0.9754
Epoch [36/200] Total Loss: 103.7465
Epoch [37/200] Step [0/17] Loss: 6.0577 Bio: 0.8719
Epoch [37/200] Total Loss: 104.5467
Epoch [38/200] Step [0/17] Loss: 6.0206 Bio: 0.9456
Epoch [38/200] Total Loss: 103.1050
Epoch [39/200] Step [0/17] Loss: 6.7437 Bio: 1.0397
Epoch [39/200] Total Loss: 103.6929
Epoch [40/200] Step [0/17] Loss: 5.9499 Bio: 1.0117
Epoch [40/200] Total Loss: 103.7340
Epoch [41/200] Step [0/17] Loss: 6.5500 Bio: 0.8943
Epoch [41/200] Total Loss: 103.7157
Epoch [42/200] Step [0/17] Loss: 5.9981 Bio: 0.9451
Epoch [42/200] Total Loss: 104.1156
Epoch [43/200] Step [0/17] Loss: 6.1372 Bio: 1.0724
Epoch [43/200] Total Loss: 104.5273
Epoch [44/200] Step [0/17] Loss: 5.9741 Bio: 1.0204
Epoch [44/200] Total Loss: 103.5282
Epoch [45/200] Step [0/17] Loss: 6.2301 Bio: 1.0167
Epoch [45/200] Total Loss: 101.9522
Epoch [46/200] Step [0/17] Loss: 6.2867 Bio: 0.9569
Epoch [46/200] Total Loss: 102.1309
Epoch [47/200] Step [0/17] Loss: 6.0578 Bio: 0.9020
Epoch [47/200] Total Loss: 102.3355
Epoch [48/200] Step [0/17] Loss: 6.0589 Bio: 1.0504
Epoch [48/200] Total Loss: 101.7323
Epoch [49/200] Step [0/17] Loss: 6.1824 Bio: 0.8914
Epoch [49/200] Total Loss: 102.4723
Epoch [50/200] Step [0/17] Loss: 6.1528 Bio: 0.9194
Epoch [50/200] Total Loss: 102.6076
Epoch [51/200] Step [0/17] Loss: 6.3289 Bio: 0.8985
Epoch [51/200] Total Loss: 101.1727
Epoch [52/200] Step [0/17] Loss: 6.1760 Bio: 1.0371
Epoch [52/200] Total Loss: 102.7851
Epoch [53/200] Step [0/17] Loss: 5.9759 Bio: 0.9309
Epoch [53/200] Total Loss: 101.2416
Epoch [54/200] Step [0/17] Loss: 6.4305 Bio: 0.9348
Epoch [54/200] Total Loss: 100.9273
Epoch [55/200] Step [0/17] Loss: 6.2176 Bio: 0.9766
Epoch [55/200] Total Loss: 102.7167
Epoch [56/200] Step [0/17] Loss: 5.9705 Bio: 1.1291
Epoch [56/200] Total Loss: 100.2228
Epoch [57/200] Step [0/17] Loss: 6.2051 Bio: 0.9637
Epoch [57/200] Total Loss: 101.5736
Epoch [58/200] Step [0/17] Loss: 5.9519 Bio: 1.1538
Epoch [58/200] Total Loss: 100.2195
Epoch [59/200] Step [0/17] Loss: 6.1781 Bio: 1.1626
Epoch [59/200] Total Loss: 100.8767
Epoch [60/200] Step [0/17] Loss: 5.9303 Bio: 1.0399
Epoch [60/200] Total Loss: 100.8182
Epoch [61/200] Step [0/17] Loss: 6.0075 Bio: 1.0301
Epoch [61/200] Total Loss: 99.7631
Epoch [62/200] Step [0/17] Loss: 5.8578 Bio: 0.8804
Epoch [62/200] Total Loss: 99.4348
Epoch [63/200] Step [0/17] Loss: 6.1725 Bio: 0.9029
Epoch [63/200] Total Loss: 100.4997
Epoch [64/200] Step [0/17] Loss: 6.4417 Bio: 0.9337
Epoch [64/200] Total Loss: 98.9047
Epoch [65/200] Step [0/17] Loss: 6.2420 Bio: 0.9796
Epoch [65/200] Total Loss: 99.7077
Epoch [66/200] Step [0/17] Loss: 5.9842 Bio: 0.9955
Epoch [66/200] Total Loss: 99.7295
Epoch [67/200] Step [0/17] Loss: 6.1096 Bio: 1.0929
Epoch [67/200] Total Loss: 99.5821
Epoch [68/200] Step [0/17] Loss: 5.8162 Bio: 0.8939
Epoch [68/200] Total Loss: 100.4392
Epoch [69/200] Step [0/17] Loss: 5.9788 Bio: 0.9937
Epoch [69/200] Total Loss: 98.9362
Epoch [70/200] Step [0/17] Loss: 6.0959 Bio: 0.9385
Epoch [70/200] Total Loss: 99.0436
Epoch [71/200] Step [0/17] Loss: 6.0002 Bio: 1.0431
Epoch [71/200] Total Loss: 100.4558
Epoch [72/200] Step [0/17] Loss: 5.9898 Bio: 1.0365
Epoch [72/200] Total Loss: 100.8263
Epoch [73/200] Step [0/17] Loss: 5.9470 Bio: 0.9274
Epoch [73/200] Total Loss: 100.2979
Epoch [74/200] Step [0/17] Loss: 5.8989 Bio: 0.9306
Epoch [74/200] Total Loss: 98.7689
Epoch [75/200] Step [0/17] Loss: 6.0152 Bio: 1.0801
Epoch [75/200] Total Loss: 98.8483
Epoch [76/200] Step [0/17] Loss: 5.9423 Bio: 0.9645
Epoch [76/200] Total Loss: 98.9868
Epoch [77/200] Step [0/17] Loss: 6.0739 Bio: 1.0766
Epoch [77/200] Total Loss: 100.7309
Epoch [78/200] Step [0/17] Loss: 6.0669 Bio: 0.9889
Epoch [78/200] Total Loss: 99.9092
Epoch [79/200] Step [0/17] Loss: 6.0642 Bio: 0.8990
Epoch [79/200] Total Loss: 99.0173
Epoch [80/200] Step [0/17] Loss: 5.7370 Bio: 0.9706
Epoch [80/200] Total Loss: 99.4151
Epoch [81/200] Step [0/17] Loss: 6.2805 Bio: 0.9074
Epoch [81/200] Total Loss: 100.3597
Epoch [82/200] Step [0/17] Loss: 5.8859 Bio: 1.0489
Epoch [82/200] Total Loss: 101.4050
Epoch [83/200] Step [0/17] Loss: 6.2276 Bio: 0.9253
Epoch [83/200] Total Loss: 99.5156
Epoch [84/200] Step [0/17] Loss: 5.6733 Bio: 1.0413
Epoch [84/200] Total Loss: 99.2605
Epoch [85/200] Step [0/17] Loss: 6.1625 Bio: 0.9968
Epoch [85/200] Total Loss: 99.5013
Epoch [86/200] Step [0/17] Loss: 5.8992 Bio: 1.0370
Epoch [86/200] Total Loss: 101.8817
Epoch [87/200] Step [0/17] Loss: 5.8871 Bio: 1.0071
Epoch [87/200] Total Loss: 100.1621
Epoch [88/200] Step [0/17] Loss: 5.8408 Bio: 0.9137
Epoch [88/200] Total Loss: 99.7839
Epoch [89/200] Step [0/17] Loss: 5.9286 Bio: 0.9718
Epoch [89/200] Total Loss: 99.4902
Epoch [90/200] Step [0/17] Loss: 5.8529 Bio: 0.9293
Epoch [90/200] Total Loss: 98.9487
Epoch [91/200] Step [0/17] Loss: 5.9711 Bio: 1.0073
Epoch [91/200] Total Loss: 100.1866
Epoch [92/200] Step [0/17] Loss: 5.7638 Bio: 0.9400
Epoch [92/200] Total Loss: 98.3750
Epoch [93/200] Step [0/17] Loss: 5.9871 Bio: 1.5101
Epoch [93/200] Total Loss: 98.1795
Epoch [94/200] Step [0/17] Loss: 5.8814 Bio: 1.0735
Epoch [94/200] Total Loss: 99.3552
Epoch [95/200] Step [0/17] Loss: 5.8882 Bio: 0.9398
Epoch [95/200] Total Loss: 99.2313
Epoch [96/200] Step [0/17] Loss: 5.8991 Bio: 0.9681
Epoch [96/200] Total Loss: 99.4783
Epoch [97/200] Step [0/17] Loss: 5.7902 Bio: 1.0779
Epoch [97/200] Total Loss: 97.2258
Epoch [98/200] Step [0/17] Loss: 6.1336 Bio: 0.9986
Epoch [98/200] Total Loss: 97.0328
Epoch [99/200] Step [0/17] Loss: 5.9000 Bio: 0.9707
Epoch [99/200] Total Loss: 98.1329
Epoch [100/200] Step [0/17] Loss: 5.9334 Bio: 0.9223
Epoch [100/200] Total Loss: 97.1724
Epoch [101/200] Step [0/17] Loss: 5.9954 Bio: 1.0213
Epoch [101/200] Total Loss: 96.9928
Epoch [102/200] Step [0/17] Loss: 5.8653 Bio: 0.9225
Epoch [102/200] Total Loss: 98.8987
Epoch [103/200] Step [0/17] Loss: 6.0127 Bio: 1.0589
Epoch [103/200] Total Loss: 100.2001
Epoch [104/200] Step [0/17] Loss: 5.8073 Bio: 0.9377
Epoch [104/200] Total Loss: 96.5984
Epoch [105/200] Step [0/17] Loss: 6.1418 Bio: 0.9289
Epoch [105/200] Total Loss: 98.9542
Epoch [106/200] Step [0/17] Loss: 6.1549 Bio: 1.0176
Epoch [106/200] Total Loss: 98.0867
Epoch [107/200] Step [0/17] Loss: 5.7113 Bio: 0.9425
Epoch [107/200] Total Loss: 98.2465
Epoch [108/200] Step [0/17] Loss: 5.6492 Bio: 0.9801
Epoch [108/200] Total Loss: 97.9213
Epoch [109/200] Step [0/17] Loss: 6.0731 Bio: 1.0787
Epoch [109/200] Total Loss: 96.6270
Epoch [110/200] Step [0/17] Loss: 5.8134 Bio: 1.1192
Epoch [110/200] Total Loss: 98.0660
Epoch [111/200] Step [0/17] Loss: 6.0338 Bio: 0.8678
Epoch [111/200] Total Loss: 97.7253
Epoch [112/200] Step [0/17] Loss: 5.9690 Bio: 0.9944
Epoch [112/200] Total Loss: 97.5204
Epoch [113/200] Step [0/17] Loss: 6.0770 Bio: 0.8651
Epoch [113/200] Total Loss: 97.8172
Epoch [114/200] Step [0/17] Loss: 5.9444 Bio: 1.0898
Epoch [114/200] Total Loss: 98.7359
Epoch [115/200] Step [0/17] Loss: 5.8392 Bio: 0.9135
Epoch [115/200] Total Loss: 98.2546
Epoch [116/200] Step [0/17] Loss: 5.9660 Bio: 1.1280
Epoch [116/200] Total Loss: 97.7853
Epoch [117/200] Step [0/17] Loss: 5.6340 Bio: 1.0339
Epoch [117/200] Total Loss: 97.8391
Epoch [118/200] Step [0/17] Loss: 5.7553 Bio: 1.0710
Epoch [118/200] Total Loss: 96.3256
Epoch [119/200] Step [0/17] Loss: 5.8054 Bio: 1.2379
Epoch [119/200] Total Loss: 97.0117
Epoch [120/200] Step [0/17] Loss: 5.9522 Bio: 1.1029
Epoch [120/200] Total Loss: 98.0933
Epoch [121/200] Step [0/17] Loss: 5.8308 Bio: 1.0359
Epoch [121/200] Total Loss: 97.1121
Epoch [122/200] Step [0/17] Loss: 5.7056 Bio: 1.0917
Epoch [122/200] Total Loss: 97.3165
Epoch [123/200] Step [0/17] Loss: 5.9611 Bio: 1.0595
Epoch [123/200] Total Loss: 96.6553
Epoch [124/200] Step [0/17] Loss: 6.0355 Bio: 0.9571
Epoch [124/200] Total Loss: 97.7254
Epoch [125/200] Step [0/17] Loss: 5.8239 Bio: 0.9915
Epoch [125/200] Total Loss: 96.5181
Epoch [126/200] Step [0/17] Loss: 5.7776 Bio: 0.9147
Epoch [126/200] Total Loss: 97.1574
Epoch [127/200] Step [0/17] Loss: 5.7072 Bio: 0.9172
Epoch [127/200] Total Loss: 98.0321
Epoch [128/200] Step [0/17] Loss: 5.7834 Bio: 1.4526
Epoch [128/200] Total Loss: 98.8199
Epoch [129/200] Step [0/17] Loss: 5.7834 Bio: 0.9223
Epoch [129/200] Total Loss: 96.2730
Epoch [130/200] Step [0/17] Loss: 5.6003 Bio: 0.9788
Epoch [130/200] Total Loss: 96.8597
Epoch [131/200] Step [0/17] Loss: 5.7472 Bio: 0.8594
Epoch [131/200] Total Loss: 97.2875
Epoch [132/200] Step [0/17] Loss: 5.8039 Bio: 0.9809
Epoch [132/200] Total Loss: 97.4030
Epoch [133/200] Step [0/17] Loss: 6.1270 Bio: 1.0100
Epoch [133/200] Total Loss: 98.9257
Epoch [134/200] Step [0/17] Loss: 5.6975 Bio: 1.0609
Epoch [134/200] Total Loss: 97.8763
Epoch [135/200] Step [0/17] Loss: 5.8682 Bio: 1.0979
Epoch [135/200] Total Loss: 97.2319
Epoch [136/200] Step [0/17] Loss: 5.9511 Bio: 0.8905
Epoch [136/200] Total Loss: 96.5414
Epoch [137/200] Step [0/17] Loss: 6.1427 Bio: 0.9929
Epoch [137/200] Total Loss: 98.7489
Epoch [138/200] Step [0/17] Loss: 5.9899 Bio: 0.9579
Epoch [138/200] Total Loss: 96.5176
Epoch [139/200] Step [0/17] Loss: 5.7046 Bio: 0.9514
Epoch [139/200] Total Loss: 97.1719
Epoch [140/200] Step [0/17] Loss: 6.0273 Bio: 0.8732
Epoch [140/200] Total Loss: 97.2204
Epoch [141/200] Step [0/17] Loss: 5.8419 Bio: 1.0195
Epoch [141/200] Total Loss: 96.3502
Epoch [142/200] Step [0/17] Loss: 5.6559 Bio: 1.0875
Epoch [142/200] Total Loss: 94.8384
Epoch [143/200] Step [0/17] Loss: 5.9869 Bio: 0.8521
Epoch [143/200] Total Loss: 97.4193
Epoch [144/200] Step [0/17] Loss: 5.9332 Bio: 0.9800
Epoch [144/200] Total Loss: 95.3327
Epoch [145/200] Step [0/17] Loss: 5.6668 Bio: 0.8691
Epoch [145/200] Total Loss: 97.1170
Epoch [146/200] Step [0/17] Loss: 5.6943 Bio: 1.0266
Epoch [146/200] Total Loss: 97.9003
Epoch [147/200] Step [0/17] Loss: 5.7202 Bio: 0.8829
Epoch [147/200] Total Loss: 97.0858
Epoch [148/200] Step [0/17] Loss: 5.7662 Bio: 0.8250
Epoch [148/200] Total Loss: 96.7009
Epoch [149/200] Step [0/17] Loss: 5.7492 Bio: 0.9451
Epoch [149/200] Total Loss: 96.3268
Epoch [150/200] Step [0/17] Loss: 5.8289 Bio: 0.8763
Epoch [150/200] Total Loss: 96.9514
Epoch [151/200] Step [0/17] Loss: 5.7947 Bio: 0.9285
Epoch [151/200] Total Loss: 97.3328
Epoch [152/200] Step [0/17] Loss: 5.8855 Bio: 1.0779
Epoch [152/200] Total Loss: 95.6587
Epoch [153/200] Step [0/17] Loss: 5.8009 Bio: 1.0498
Epoch [153/200] Total Loss: 97.2290
Epoch [154/200] Step [0/17] Loss: 5.8012 Bio: 0.9603
Epoch [154/200] Total Loss: 96.3104
Epoch [155/200] Step [0/17] Loss: 5.8929 Bio: 0.9484
Epoch [155/200] Total Loss: 96.3168
Epoch [156/200] Step [0/17] Loss: 5.7889 Bio: 1.0787
Epoch [156/200] Total Loss: 95.5004
Epoch [157/200] Step [0/17] Loss: 5.8785 Bio: 0.9363
Epoch [157/200] Total Loss: 95.7636
Epoch [158/200] Step [0/17] Loss: 5.7796 Bio: 1.0151
Epoch [158/200] Total Loss: 96.4035
Epoch [159/200] Step [0/17] Loss: 5.7811 Bio: 1.0065
Epoch [159/200] Total Loss: 96.3494
Epoch [160/200] Step [0/17] Loss: 5.9616 Bio: 1.0327
Epoch [160/200] Total Loss: 96.8369
Epoch [161/200] Step [0/17] Loss: 5.6003 Bio: 1.0826
Epoch [161/200] Total Loss: 97.1057
Epoch [162/200] Step [0/17] Loss: 5.7501 Bio: 0.9724
Epoch [162/200] Total Loss: 96.6795
Epoch [163/200] Step [0/17] Loss: 5.8839 Bio: 1.0558
Epoch [163/200] Total Loss: 95.2505
Epoch [164/200] Step [0/17] Loss: 5.8664 Bio: 0.9338
Epoch [164/200] Total Loss: 98.1009
Epoch [165/200] Step [0/17] Loss: 5.4377 Bio: 1.0098
Epoch [165/200] Total Loss: 95.7372
Epoch [166/200] Step [0/17] Loss: 5.8553 Bio: 1.2717
Epoch [166/200] Total Loss: 95.8192
Epoch [167/200] Step [0/17] Loss: 5.7525 Bio: 1.0673
Epoch [167/200] Total Loss: 97.5718
Epoch [168/200] Step [0/17] Loss: 5.6175 Bio: 1.0458
Epoch [168/200] Total Loss: 96.7235
Epoch [169/200] Step [0/17] Loss: 5.8352 Bio: 0.9359
Epoch [169/200] Total Loss: 95.1163
Epoch [170/200] Step [0/17] Loss: 6.0259 Bio: 0.9884
Epoch [170/200] Total Loss: 97.4316
Epoch [171/200] Step [0/17] Loss: 5.8249 Bio: 1.0118
Epoch [171/200] Total Loss: 96.4575
Epoch [172/200] Step [0/17] Loss: 5.6993 Bio: 0.9123
Epoch [172/200] Total Loss: 96.6019
Epoch [173/200] Step [0/17] Loss: 5.7320 Bio: 0.8721
Epoch [173/200] Total Loss: 95.7751
Epoch [174/200] Step [0/17] Loss: 5.6991 Bio: 1.0882
Epoch [174/200] Total Loss: 96.1959
Epoch [175/200] Step [0/17] Loss: 5.8119 Bio: 0.9473
Epoch [175/200] Total Loss: 95.8970
Epoch [176/200] Step [0/17] Loss: 5.8393 Bio: 1.1061
Epoch [176/200] Total Loss: 96.5314
Epoch [177/200] Step [0/17] Loss: 5.5617 Bio: 0.8973
Epoch [177/200] Total Loss: 95.4617
Epoch [178/200] Step [0/17] Loss: 5.8194 Bio: 1.1996
Epoch [178/200] Total Loss: 95.7780
Epoch [179/200] Step [0/17] Loss: 5.6959 Bio: 0.8332
Epoch [179/200] Total Loss: 96.4985
Epoch [180/200] Step [0/17] Loss: 5.8844 Bio: 0.9063
Epoch [180/200] Total Loss: 96.8012
Epoch [181/200] Step [0/17] Loss: 5.9409 Bio: 1.0143
Epoch [181/200] Total Loss: 95.9948
Epoch [182/200] Step [0/17] Loss: 5.7047 Bio: 1.0920
Epoch [182/200] Total Loss: 95.1653
Epoch [183/200] Step [0/17] Loss: 5.6333 Bio: 0.9846
Epoch [183/200] Total Loss: 96.4743
Epoch [184/200] Step [0/17] Loss: 5.7155 Bio: 1.0202
Epoch [184/200] Total Loss: 95.7757
Epoch [185/200] Step [0/17] Loss: 5.7937 Bio: 1.0452
Epoch [185/200] Total Loss: 97.4748
Epoch [186/200] Step [0/17] Loss: 5.8564 Bio: 0.8111
Epoch [186/200] Total Loss: 96.0472
Epoch [187/200] Step [0/17] Loss: 5.7801 Bio: 0.9784
Epoch [187/200] Total Loss: 97.5974
Epoch [188/200] Step [0/17] Loss: 5.7217 Bio: 1.0793
Epoch [188/200] Total Loss: 95.0752
Epoch [189/200] Step [0/17] Loss: 5.9287 Bio: 0.8338
Epoch [189/200] Total Loss: 95.7309
Epoch [190/200] Step [0/17] Loss: 6.0187 Bio: 0.9491
Epoch [190/200] Total Loss: 95.8160
Epoch [191/200] Step [0/17] Loss: 5.5918 Bio: 0.9716
Epoch [191/200] Total Loss: 96.9344
Epoch [192/200] Step [0/17] Loss: 5.8304 Bio: 1.0955
Epoch [192/200] Total Loss: 95.3507
Epoch [193/200] Step [0/17] Loss: 5.8478 Bio: 0.9251
Epoch [193/200] Total Loss: 96.4217
Epoch [194/200] Step [0/17] Loss: 5.6189 Bio: 1.0940
Epoch [194/200] Total Loss: 95.0828
Epoch [195/200] Step [0/17] Loss: 5.8939 Bio: 0.9658
Epoch [195/200] Total Loss: 95.2778
Epoch [196/200] Step [0/17] Loss: 5.5866 Bio: 0.9772
Epoch [196/200] Total Loss: 95.3649
Epoch [197/200] Step [0/17] Loss: 5.7034 Bio: 0.9887
Epoch [197/200] Total Loss: 96.4844
Epoch [198/200] Step [0/17] Loss: 5.6603 Bio: 1.1258
Epoch [198/200] Total Loss: 96.0937
Epoch [199/200] Step [0/17] Loss: 5.6318 Bio: 0.9519
Epoch [199/200] Total Loss: 95.6356
MLP training complete.
--- MLP 3plus_apoptosis RESULTS ---
============================================================
CLUSTERING EVALUATION
============================================================
✅ Loaded ground truth from ground_truth_BRCA.csv
   Total patients with labels: 803

📂 Loading model from save/model_combo_mlp_3plus_apoptosis/checkpoint_200.tar...
✅ Model loaded successfully

📊 Loading data for BRCA...
[dataloader] No bio_anchor_file specified — loading omics only
✅ Data loaded successfully

🔮 Getting predictions...
✅ Predictions obtained: 1031 samples

🔍 Filtering to patients with ground truth...
   Patients with both predictions and ground truth: 803
   Final evaluation size: 803 patients

📈 Computing metrics...

============================================================
RESULTS
============================================================
ARI                 : 0.3640
NMI                 : 0.4782
V-measure           : 0.4782
============================================================

📊 Creating visualizations...
Saved confusion matrix to results/BRCA_confusion_matrix.png
Saved distribution plot to results/BRCA_cluster_distribution.png
Computing t-SNE (this may take a minute)...
Saved t-SNE plot to results/BRCA_tsne.png

💾 Saved results to results/BRCA_evaluation.csv

✅ Evaluation complete!
Linear Bio-Anchor Head
Cancer: BRCA | bio_dim: 4 | lambda_bio: 0.1
Bio anchor file: bio_anchors_BRCA_combo_3plus_apoptosis_score.csv
[dataloader] Loaded bio-anchors from bio_anchors_BRCA_combo_3plus_apoptosis_score.csv: torch.Size([1031, 4])
Cluster number: 5
Epoch [0/200] Step [0/17] Loss: 7.1413 Bio: 1.0736
Epoch [0/200] Total Loss: 118.9495
Epoch [1/200] Step [0/17] Loss: 7.1315 Bio: 0.9817
Epoch [1/200] Total Loss: 118.3904
Epoch [2/200] Step [0/17] Loss: 7.0463 Bio: 0.9968
Epoch [2/200] Total Loss: 117.6112
Epoch [3/200] Step [0/17] Loss: 6.9601 Bio: 0.8724
Epoch [3/200] Total Loss: 114.4949
Epoch [4/200] Step [0/17] Loss: 7.0028 Bio: 1.0307
Epoch [4/200] Total Loss: 112.3318
Epoch [5/200] Step [0/17] Loss: 6.6977 Bio: 0.8689
Epoch [5/200] Total Loss: 111.6632
Epoch [6/200] Step [0/17] Loss: 6.7608 Bio: 1.0280
Epoch [6/200] Total Loss: 111.2677
Epoch [7/200] Step [0/17] Loss: 6.5850 Bio: 0.8491
Epoch [7/200] Total Loss: 110.1279
Epoch [8/200] Step [0/17] Loss: 6.7435 Bio: 1.0102
Epoch [8/200] Total Loss: 111.3017
Epoch [9/200] Step [0/17] Loss: 6.6267 Bio: 1.1043
Epoch [9/200] Total Loss: 109.2227
Epoch [10/200] Step [0/17] Loss: 6.4223 Bio: 1.0591
Epoch [10/200] Total Loss: 109.0683
Epoch [11/200] Step [0/17] Loss: 6.6708 Bio: 0.9034
Epoch [11/200] Total Loss: 109.4736
Epoch [12/200] Step [0/17] Loss: 6.7881 Bio: 0.7920
Epoch [12/200] Total Loss: 107.7009
Epoch [13/200] Step [0/17] Loss: 6.5523 Bio: 1.0071
Epoch [13/200] Total Loss: 107.9875
Epoch [14/200] Step [0/17] Loss: 6.5861 Bio: 0.9787
Epoch [14/200] Total Loss: 108.8015
Epoch [15/200] Step [0/17] Loss: 6.7154 Bio: 0.9121
Epoch [15/200] Total Loss: 108.6790
Epoch [16/200] Step [0/17] Loss: 6.4758 Bio: 0.8856
Epoch [16/200] Total Loss: 106.8101
Epoch [17/200] Step [0/17] Loss: 6.2864 Bio: 0.9468
Epoch [17/200] Total Loss: 105.5056
Epoch [18/200] Step [0/17] Loss: 6.4673 Bio: 0.8203
Epoch [18/200] Total Loss: 105.7314
Epoch [19/200] Step [0/17] Loss: 6.4132 Bio: 0.9636
Epoch [19/200] Total Loss: 106.5913
Epoch [20/200] Step [0/17] Loss: 7.0109 Bio: 0.8644
Epoch [20/200] Total Loss: 106.7864
Epoch [21/200] Step [0/17] Loss: 6.4847 Bio: 1.0995
Epoch [21/200] Total Loss: 105.2333
Epoch [22/200] Step [0/17] Loss: 6.2323 Bio: 0.9526
Epoch [22/200] Total Loss: 105.4499
Epoch [23/200] Step [0/17] Loss: 6.4542 Bio: 0.9501
Epoch [23/200] Total Loss: 105.4021
Epoch [24/200] Step [0/17] Loss: 6.3363 Bio: 0.9542
Epoch [24/200] Total Loss: 106.4933
Epoch [25/200] Step [0/17] Loss: 6.5746 Bio: 0.9709
Epoch [25/200] Total Loss: 104.8520
Epoch [26/200] Step [0/17] Loss: 6.3724 Bio: 1.0681
Epoch [26/200] Total Loss: 106.6934
Epoch [27/200] Step [0/17] Loss: 6.4734 Bio: 0.9322
Epoch [27/200] Total Loss: 103.9934
Epoch [28/200] Step [0/17] Loss: 6.3759 Bio: 0.8767
Epoch [28/200] Total Loss: 104.7040
Epoch [29/200] Step [0/17] Loss: 6.2175 Bio: 1.0876
Epoch [29/200] Total Loss: 106.5518
Epoch [30/200] Step [0/17] Loss: 6.3491 Bio: 0.9030
Epoch [30/200] Total Loss: 104.2595
Epoch [31/200] Step [0/17] Loss: 6.3631 Bio: 1.2135
Epoch [31/200] Total Loss: 103.5211
Epoch [32/200] Step [0/17] Loss: 6.2817 Bio: 1.0586
Epoch [32/200] Total Loss: 103.8062
Epoch [33/200] Step [0/17] Loss: 6.2649 Bio: 0.7980
Epoch [33/200] Total Loss: 103.8777
Epoch [34/200] Step [0/17] Loss: 6.2384 Bio: 0.8832
Epoch [34/200] Total Loss: 104.0607
Epoch [35/200] Step [0/17] Loss: 6.2045 Bio: 0.9604
Epoch [35/200] Total Loss: 104.0332
Epoch [36/200] Step [0/17] Loss: 6.1567 Bio: 0.9526
Epoch [36/200] Total Loss: 102.7544
Epoch [37/200] Step [0/17] Loss: 6.1593 Bio: 0.9425
Epoch [37/200] Total Loss: 103.2187
Epoch [38/200] Step [0/17] Loss: 6.0137 Bio: 0.9519
Epoch [38/200] Total Loss: 103.6810
Epoch [39/200] Step [0/17] Loss: 6.1789 Bio: 0.9788
Epoch [39/200] Total Loss: 102.8804
Epoch [40/200] Step [0/17] Loss: 6.6334 Bio: 1.0940
Epoch [40/200] Total Loss: 101.5158
Epoch [41/200] Step [0/17] Loss: 6.0691 Bio: 0.9250
Epoch [41/200] Total Loss: 101.4702
Epoch [42/200] Step [0/17] Loss: 6.0351 Bio: 0.9019
Epoch [42/200] Total Loss: 102.2337
Epoch [43/200] Step [0/17] Loss: 6.1965 Bio: 1.0209
Epoch [43/200] Total Loss: 102.7061
Epoch [44/200] Step [0/17] Loss: 6.0036 Bio: 0.9302
Epoch [44/200] Total Loss: 102.2541
Epoch [45/200] Step [0/17] Loss: 6.3212 Bio: 0.9890
Epoch [45/200] Total Loss: 103.8221
Epoch [46/200] Step [0/17] Loss: 6.0639 Bio: 1.2036
Epoch [46/200] Total Loss: 103.6092
Epoch [47/200] Step [0/17] Loss: 6.2476 Bio: 1.0013
Epoch [47/200] Total Loss: 101.7329
Epoch [48/200] Step [0/17] Loss: 6.0609 Bio: 0.8420
Epoch [48/200] Total Loss: 102.3964
Epoch [49/200] Step [0/17] Loss: 6.0263 Bio: 1.0003
Epoch [49/200] Total Loss: 103.3116
Epoch [50/200] Step [0/17] Loss: 6.2919 Bio: 1.0099
Epoch [50/200] Total Loss: 103.2851
Epoch [51/200] Step [0/17] Loss: 6.1889 Bio: 0.8009
Epoch [51/200] Total Loss: 100.5478
Epoch [52/200] Step [0/17] Loss: 5.8194 Bio: 0.9077
Epoch [52/200] Total Loss: 100.3024
Epoch [53/200] Step [0/17] Loss: 5.9832 Bio: 0.9898
Epoch [53/200] Total Loss: 101.8431
Epoch [54/200] Step [0/17] Loss: 6.3442 Bio: 0.8900
Epoch [54/200] Total Loss: 101.2758
Epoch [55/200] Step [0/17] Loss: 5.9107 Bio: 0.8253
Epoch [55/200] Total Loss: 102.7218
Epoch [56/200] Step [0/17] Loss: 5.8902 Bio: 1.0298
Epoch [56/200] Total Loss: 101.9086
Epoch [57/200] Step [0/17] Loss: 6.1736 Bio: 0.9891
Epoch [57/200] Total Loss: 100.7354
Epoch [58/200] Step [0/17] Loss: 5.9688 Bio: 0.9911
Epoch [58/200] Total Loss: 101.0826
Epoch [59/200] Step [0/17] Loss: 6.1258 Bio: 0.8978
Epoch [59/200] Total Loss: 100.4818
Epoch [60/200] Step [0/17] Loss: 5.9693 Bio: 0.9800
Epoch [60/200] Total Loss: 100.6921
Epoch [61/200] Step [0/17] Loss: 5.8074 Bio: 1.0078
Epoch [61/200] Total Loss: 99.9510
Epoch [62/200] Step [0/17] Loss: 5.9896 Bio: 0.8326
Epoch [62/200] Total Loss: 100.5325
Epoch [63/200] Step [0/17] Loss: 6.1220 Bio: 0.9915
Epoch [63/200] Total Loss: 101.4050
Epoch [64/200] Step [0/17] Loss: 6.0232 Bio: 0.8467
Epoch [64/200] Total Loss: 98.9079
Epoch [65/200] Step [0/17] Loss: 6.2428 Bio: 1.0752
Epoch [65/200] Total Loss: 100.8154
Epoch [66/200] Step [0/17] Loss: 5.9588 Bio: 0.9243
Epoch [66/200] Total Loss: 100.4811
Epoch [67/200] Step [0/17] Loss: 5.8996 Bio: 0.9379
Epoch [67/200] Total Loss: 100.1255
Epoch [68/200] Step [0/17] Loss: 5.8112 Bio: 0.9694
Epoch [68/200] Total Loss: 100.1039
Epoch [69/200] Step [0/17] Loss: 6.0129 Bio: 1.1093
Epoch [69/200] Total Loss: 98.9393
Epoch [70/200] Step [0/17] Loss: 5.9368 Bio: 0.8120
Epoch [70/200] Total Loss: 99.0211
Epoch [71/200] Step [0/17] Loss: 5.8533 Bio: 0.8181
Epoch [71/200] Total Loss: 98.0944
Epoch [72/200] Step [0/17] Loss: 6.0345 Bio: 0.8402
Epoch [72/200] Total Loss: 97.6178
Epoch [73/200] Step [0/17] Loss: 5.8779 Bio: 0.9025
Epoch [73/200] Total Loss: 99.1402
Epoch [74/200] Step [0/17] Loss: 5.9971 Bio: 0.8985
Epoch [74/200] Total Loss: 98.5393
Epoch [75/200] Step [0/17] Loss: 6.0408 Bio: 0.9988
Epoch [75/200] Total Loss: 99.5220
Epoch [76/200] Step [0/17] Loss: 6.1059 Bio: 1.0123
Epoch [76/200] Total Loss: 98.3457
Epoch [77/200] Step [0/17] Loss: 6.1275 Bio: 0.8357
Epoch [77/200] Total Loss: 98.0117
Epoch [78/200] Step [0/17] Loss: 6.0694 Bio: 0.8709
Epoch [78/200] Total Loss: 98.5819
Epoch [79/200] Step [0/17] Loss: 5.7751 Bio: 0.9670
Epoch [79/200] Total Loss: 99.4716
Epoch [80/200] Step [0/17] Loss: 5.8368 Bio: 0.7918
Epoch [80/200] Total Loss: 99.7004
Epoch [81/200] Step [0/17] Loss: 6.1246 Bio: 1.1407
Epoch [81/200] Total Loss: 99.5703
Epoch [82/200] Step [0/17] Loss: 6.0510 Bio: 0.8532
Epoch [82/200] Total Loss: 98.4504
Epoch [83/200] Step [0/17] Loss: 5.9931 Bio: 0.7540
Epoch [83/200] Total Loss: 97.9522
Epoch [84/200] Step [0/17] Loss: 5.8351 Bio: 0.8528
Epoch [84/200] Total Loss: 98.6036
Epoch [85/200] Step [0/17] Loss: 5.9850 Bio: 0.8742
Epoch [85/200] Total Loss: 97.6986
Epoch [86/200] Step [0/17] Loss: 5.9496 Bio: 1.0462
Epoch [86/200] Total Loss: 99.1212
Epoch [87/200] Step [0/17] Loss: 5.8295 Bio: 0.9391
Epoch [87/200] Total Loss: 98.1314
Epoch [88/200] Step [0/17] Loss: 5.8508 Bio: 0.8519
Epoch [88/200] Total Loss: 98.7877
Epoch [89/200] Step [0/17] Loss: 5.9175 Bio: 0.8652
Epoch [89/200] Total Loss: 100.3386
Epoch [90/200] Step [0/17] Loss: 5.9204 Bio: 0.9589
Epoch [90/200] Total Loss: 98.4012
Epoch [91/200] Step [0/17] Loss: 6.0620 Bio: 0.9148
Epoch [91/200] Total Loss: 99.5603
Epoch [92/200] Step [0/17] Loss: 5.8338 Bio: 0.7877
Epoch [92/200] Total Loss: 98.8972
Epoch [93/200] Step [0/17] Loss: 5.8329 Bio: 0.8435
Epoch [93/200] Total Loss: 97.4268
Epoch [94/200] Step [0/17] Loss: 5.8529 Bio: 0.7817
Epoch [94/200] Total Loss: 96.9754
Epoch [95/200] Step [0/17] Loss: 5.8646 Bio: 0.7518
Epoch [95/200] Total Loss: 98.4467
Epoch [96/200] Step [0/17] Loss: 5.8989 Bio: 0.9841
Epoch [96/200] Total Loss: 98.1304
Epoch [97/200] Step [0/17] Loss: 5.9513 Bio: 0.6961
Epoch [97/200] Total Loss: 99.0882
Epoch [98/200] Step [0/17] Loss: 5.7331 Bio: 1.0961
Epoch [98/200] Total Loss: 97.0990
Epoch [99/200] Step [0/17] Loss: 5.9420 Bio: 0.9392
Epoch [99/200] Total Loss: 97.8283
Epoch [100/200] Step [0/17] Loss: 5.7810 Bio: 1.1792
Epoch [100/200] Total Loss: 97.2151
Epoch [101/200] Step [0/17] Loss: 5.8909 Bio: 0.9014
Epoch [101/200] Total Loss: 96.6556
Epoch [102/200] Step [0/17] Loss: 5.7458 Bio: 1.0181
Epoch [102/200] Total Loss: 97.8062
Epoch [103/200] Step [0/17] Loss: 6.2331 Bio: 0.7448
Epoch [103/200] Total Loss: 97.9273
Epoch [104/200] Step [0/17] Loss: 5.9571 Bio: 0.8849
Epoch [104/200] Total Loss: 97.6519
Epoch [105/200] Step [0/17] Loss: 5.7666 Bio: 1.0149
Epoch [105/200] Total Loss: 98.4791
Epoch [106/200] Step [0/17] Loss: 5.9029 Bio: 0.7333
Epoch [106/200] Total Loss: 97.4540
Epoch [107/200] Step [0/17] Loss: 5.9466 Bio: 0.8145
Epoch [107/200] Total Loss: 98.0512
Epoch [108/200] Step [0/17] Loss: 6.0926 Bio: 1.0862
Epoch [108/200] Total Loss: 98.4865
Epoch [109/200] Step [0/17] Loss: 5.6455 Bio: 0.7585
Epoch [109/200] Total Loss: 96.9700
Epoch [110/200] Step [0/17] Loss: 5.7362 Bio: 0.9570
Epoch [110/200] Total Loss: 97.6940
Epoch [111/200] Step [0/17] Loss: 6.0060 Bio: 1.0128
Epoch [111/200] Total Loss: 96.7584
Epoch [112/200] Step [0/17] Loss: 5.7192 Bio: 0.9021
Epoch [112/200] Total Loss: 97.4232
Epoch [113/200] Step [0/17] Loss: 5.9526 Bio: 0.8437
Epoch [113/200] Total Loss: 98.6925
Epoch [114/200] Step [0/17] Loss: 5.7680 Bio: 0.8473
Epoch [114/200] Total Loss: 97.9005
Epoch [115/200] Step [0/17] Loss: 5.7232 Bio: 0.9308
Epoch [115/200] Total Loss: 97.5189
Epoch [116/200] Step [0/17] Loss: 6.0894 Bio: 1.0419
Epoch [116/200] Total Loss: 97.7850
Epoch [117/200] Step [0/17] Loss: 5.6857 Bio: 0.8225
Epoch [117/200] Total Loss: 97.3206
Epoch [118/200] Step [0/17] Loss: 5.8014 Bio: 0.9175
Epoch [118/200] Total Loss: 96.5784
Epoch [119/200] Step [0/17] Loss: 5.6985 Bio: 0.8953
Epoch [119/200] Total Loss: 96.3991
Epoch [120/200] Step [0/17] Loss: 5.8849 Bio: 1.0309
Epoch [120/200] Total Loss: 98.8964
Epoch [121/200] Step [0/17] Loss: 5.7016 Bio: 0.9427
Epoch [121/200] Total Loss: 96.8296
Epoch [122/200] Step [0/17] Loss: 5.8022 Bio: 0.8395
Epoch [122/200] Total Loss: 95.7378
Epoch [123/200] Step [0/17] Loss: 5.9262 Bio: 0.9853
Epoch [123/200] Total Loss: 96.9856
Epoch [124/200] Step [0/17] Loss: 5.7274 Bio: 0.8312
Epoch [124/200] Total Loss: 96.5527
Epoch [125/200] Step [0/17] Loss: 5.8870 Bio: 0.8025
Epoch [125/200] Total Loss: 96.2331
Epoch [126/200] Step [0/17] Loss: 5.8886 Bio: 0.7948
Epoch [126/200] Total Loss: 97.7587
Epoch [127/200] Step [0/17] Loss: 5.5571 Bio: 0.9611
Epoch [127/200] Total Loss: 95.6855
Epoch [128/200] Step [0/17] Loss: 5.6056 Bio: 0.8075
Epoch [128/200] Total Loss: 96.5984
Epoch [129/200] Step [0/17] Loss: 5.7687 Bio: 0.9013
Epoch [129/200] Total Loss: 96.0250
Epoch [130/200] Step [0/17] Loss: 5.7943 Bio: 0.7096
Epoch [130/200] Total Loss: 97.1702
Epoch [131/200] Step [0/17] Loss: 6.0095 Bio: 0.9029
Epoch [131/200] Total Loss: 96.1792
Epoch [132/200] Step [0/17] Loss: 5.7794 Bio: 0.8650
Epoch [132/200] Total Loss: 96.3904
Epoch [133/200] Step [0/17] Loss: 5.7741 Bio: 0.9138
Epoch [133/200] Total Loss: 97.7457
Epoch [134/200] Step [0/17] Loss: 5.6503 Bio: 0.8903
Epoch [134/200] Total Loss: 97.4932
Epoch [135/200] Step [0/17] Loss: 5.6985 Bio: 0.9012
Epoch [135/200] Total Loss: 96.8417
Epoch [136/200] Step [0/17] Loss: 5.8542 Bio: 0.8682
Epoch [136/200] Total Loss: 95.8273
Epoch [137/200] Step [0/17] Loss: 5.8774 Bio: 0.7539
Epoch [137/200] Total Loss: 97.5930
Epoch [138/200] Step [0/17] Loss: 5.6167 Bio: 1.0145
Epoch [138/200] Total Loss: 95.7766
Epoch [139/200] Step [0/17] Loss: 6.0263 Bio: 0.8321
Epoch [139/200] Total Loss: 96.1923
Epoch [140/200] Step [0/17] Loss: 5.8118 Bio: 1.1068
Epoch [140/200] Total Loss: 97.4933
Epoch [141/200] Step [0/17] Loss: 5.8820 Bio: 0.9214
Epoch [141/200] Total Loss: 97.8995
Epoch [142/200] Step [0/17] Loss: 5.9957 Bio: 0.7324
Epoch [142/200] Total Loss: 97.1047
Epoch [143/200] Step [0/17] Loss: 5.8185 Bio: 0.7904
Epoch [143/200] Total Loss: 97.6642
Epoch [144/200] Step [0/17] Loss: 5.8463 Bio: 0.9034
Epoch [144/200] Total Loss: 96.3076
Epoch [145/200] Step [0/17] Loss: 5.9711 Bio: 1.0316
Epoch [145/200] Total Loss: 95.5089
Epoch [146/200] Step [0/17] Loss: 5.6264 Bio: 0.8726
Epoch [146/200] Total Loss: 94.5639
Epoch [147/200] Step [0/17] Loss: 6.0961 Bio: 0.8361
Epoch [147/200] Total Loss: 96.7074
Epoch [148/200] Step [0/17] Loss: 5.5752 Bio: 0.7969
Epoch [148/200] Total Loss: 97.4369
Epoch [149/200] Step [0/17] Loss: 5.8001 Bio: 0.9236
Epoch [149/200] Total Loss: 95.4845
Epoch [150/200] Step [0/17] Loss: 5.8100 Bio: 1.0012
Epoch [150/200] Total Loss: 96.1385
Epoch [151/200] Step [0/17] Loss: 5.5861 Bio: 0.6854
Epoch [151/200] Total Loss: 95.2572
Epoch [152/200] Step [0/17] Loss: 5.8881 Bio: 0.8910
Epoch [152/200] Total Loss: 96.3881
Epoch [153/200] Step [0/17] Loss: 5.6339 Bio: 0.9805
Epoch [153/200] Total Loss: 96.8273
Epoch [154/200] Step [0/17] Loss: 5.7650 Bio: 0.8108
Epoch [154/200] Total Loss: 97.0194
Epoch [155/200] Step [0/17] Loss: 5.9211 Bio: 0.8497
Epoch [155/200] Total Loss: 95.5304
Epoch [156/200] Step [0/17] Loss: 5.8445 Bio: 0.9060
Epoch [156/200] Total Loss: 95.1230
Epoch [157/200] Step [0/17] Loss: 5.7459 Bio: 1.1385
Epoch [157/200] Total Loss: 97.1352
Epoch [158/200] Step [0/17] Loss: 5.5599 Bio: 1.0130
Epoch [158/200] Total Loss: 96.8444
Epoch [159/200] Step [0/17] Loss: 5.6419 Bio: 0.9218
Epoch [159/200] Total Loss: 96.6838
Epoch [160/200] Step [0/17] Loss: 5.7868 Bio: 0.9810
Epoch [160/200] Total Loss: 97.0531
Epoch [161/200] Step [0/17] Loss: 5.6658 Bio: 0.7687
Epoch [161/200] Total Loss: 95.2598
Epoch [162/200] Step [0/17] Loss: 5.7341 Bio: 0.7013
Epoch [162/200] Total Loss: 96.8358
Epoch [163/200] Step [0/17] Loss: 5.6991 Bio: 0.8729
Epoch [163/200] Total Loss: 97.5470
Epoch [164/200] Step [0/17] Loss: 5.9680 Bio: 0.7425
Epoch [164/200] Total Loss: 96.9761
Epoch [165/200] Step [0/17] Loss: 5.5816 Bio: 0.8151
Epoch [165/200] Total Loss: 96.1282
Epoch [166/200] Step [0/17] Loss: 5.8782 Bio: 0.8464
Epoch [166/200] Total Loss: 96.0947
Epoch [167/200] Step [0/17] Loss: 5.6871 Bio: 0.9096
Epoch [167/200] Total Loss: 96.8635
Epoch [168/200] Step [0/17] Loss: 5.7521 Bio: 0.8766
Epoch [168/200] Total Loss: 95.3741
Epoch [169/200] Step [0/17] Loss: 5.6862 Bio: 0.9573
Epoch [169/200] Total Loss: 96.0661
Epoch [170/200] Step [0/17] Loss: 5.6362 Bio: 0.9745
Epoch [170/200] Total Loss: 95.7399
Epoch [171/200] Step [0/17] Loss: 5.8816 Bio: 0.9080
Epoch [171/200] Total Loss: 96.7893
Epoch [172/200] Step [0/17] Loss: 5.8148 Bio: 0.8854
Epoch [172/200] Total Loss: 96.3648
Epoch [173/200] Step [0/17] Loss: 5.6596 Bio: 1.1386
Epoch [173/200] Total Loss: 96.5276
Epoch [174/200] Step [0/17] Loss: 5.6234 Bio: 0.9640
Epoch [174/200] Total Loss: 96.7021
Epoch [175/200] Step [0/17] Loss: 5.6608 Bio: 1.0637
Epoch [175/200] Total Loss: 96.4563
Epoch [176/200] Step [0/17] Loss: 5.8610 Bio: 0.9125
Epoch [176/200] Total Loss: 94.4236
Epoch [177/200] Step [0/17] Loss: 5.9007 Bio: 0.9239
Epoch [177/200] Total Loss: 94.3164
Epoch [178/200] Step [0/17] Loss: 5.9302 Bio: 0.8896
Epoch [178/200] Total Loss: 95.7660
Epoch [179/200] Step [0/17] Loss: 5.7485 Bio: 0.9023
Epoch [179/200] Total Loss: 94.8647
Epoch [180/200] Step [0/17] Loss: 5.6835 Bio: 0.8849
Epoch [180/200] Total Loss: 95.4759
Epoch [181/200] Step [0/17] Loss: 5.7408 Bio: 0.8578
Epoch [181/200] Total Loss: 94.5749
Epoch [182/200] Step [0/17] Loss: 5.7001 Bio: 0.9925
Epoch [182/200] Total Loss: 95.5172
Epoch [183/200] Step [0/17] Loss: 5.9016 Bio: 0.7664
Epoch [183/200] Total Loss: 95.7178
Epoch [184/200] Step [0/17] Loss: 5.7695 Bio: 0.9876
Epoch [184/200] Total Loss: 96.3795
Epoch [185/200] Step [0/17] Loss: 5.6470 Bio: 0.8202
Epoch [185/200] Total Loss: 94.6710
Epoch [186/200] Step [0/17] Loss: 5.6940 Bio: 1.0153
Epoch [186/200] Total Loss: 95.8719
Epoch [187/200] Step [0/17] Loss: 5.6262 Bio: 1.1472
Epoch [187/200] Total Loss: 95.0300
Epoch [188/200] Step [0/17] Loss: 5.7303 Bio: 1.0288
Epoch [188/200] Total Loss: 94.9074
Epoch [189/200] Step [0/17] Loss: 5.7042 Bio: 0.9501
Epoch [189/200] Total Loss: 96.9896
Epoch [190/200] Step [0/17] Loss: 5.6750 Bio: 0.8452
Epoch [190/200] Total Loss: 96.1620
Epoch [191/200] Step [0/17] Loss: 5.7561 Bio: 1.0094
Epoch [191/200] Total Loss: 94.5593
Epoch [192/200] Step [0/17] Loss: 5.7852 Bio: 0.9324
Epoch [192/200] Total Loss: 95.1770
Epoch [193/200] Step [0/17] Loss: 5.7026 Bio: 0.8295
Epoch [193/200] Total Loss: 94.9865
Epoch [194/200] Step [0/17] Loss: 5.9302 Bio: 0.8756
Epoch [194/200] Total Loss: 96.4731
Epoch [195/200] Step [0/17] Loss: 5.6205 Bio: 0.8654
Epoch [195/200] Total Loss: 95.6355
Epoch [196/200] Step [0/17] Loss: 5.6921 Bio: 1.0065
Epoch [196/200] Total Loss: 95.8669
Epoch [197/200] Step [0/17] Loss: 5.5693 Bio: 0.9186
Epoch [197/200] Total Loss: 94.9427
Epoch [198/200] Step [0/17] Loss: 5.7492 Bio: 1.0490
Epoch [198/200] Total Loss: 95.7580
Epoch [199/200] Step [0/17] Loss: 5.8735 Bio: 0.8593
Epoch [199/200] Total Loss: 94.6553
Linear training complete.
--- Linear 3plus_apoptosis RESULTS ---
============================================================
CLUSTERING EVALUATION
============================================================
✅ Loaded ground truth from ground_truth_BRCA.csv
   Total patients with labels: 803

📂 Loading model from save/model_combo_linear_3plus_apoptosis/checkpoint_200.tar...
✅ Model loaded successfully

📊 Loading data for BRCA...
[dataloader] No bio_anchor_file specified — loading omics only
✅ Data loaded successfully

🔮 Getting predictions...
✅ Predictions obtained: 1031 samples

🔍 Filtering to patients with ground truth...
   Patients with both predictions and ground truth: 803
   Final evaluation size: 803 patients

📈 Computing metrics...

============================================================
RESULTS
============================================================
ARI                 : 0.3607
NMI                 : 0.4855
V-measure           : 0.4855
============================================================

📊 Creating visualizations...
Saved confusion matrix to results/BRCA_confusion_matrix.png
Saved distribution plot to results/BRCA_cluster_distribution.png
Computing t-SNE (this may take a minute)...
Saved t-SNE plot to results/BRCA_tsne.png

💾 Saved results to results/BRCA_evaluation.csv

✅ Evaluation complete!
==============================
Running: 3plus_angio | dim=4
==============================
MLP Bio-Anchor Head (bio_dim -> 64 -> bio_dim)
Cancer: BRCA | bio_dim: 4 | lambda_bio: 0.1
Bio anchor file: bio_anchors_BRCA_combo_3plus_angio_score.csv
[dataloader] Loaded bio-anchors from bio_anchors_BRCA_combo_3plus_angio_score.csv: torch.Size([1031, 4])
Cluster number: 5
Epoch [0/200] Step [0/17] Loss: 7.1489 Bio: 1.1504
Epoch [0/200] Total Loss: 118.9178
Epoch [1/200] Step [0/17] Loss: 7.1456 Bio: 1.1147
Epoch [1/200] Total Loss: 118.9640
Epoch [2/200] Step [0/17] Loss: 7.1202 Bio: 1.0665
Epoch [2/200] Total Loss: 118.2930
Epoch [3/200] Step [0/17] Loss: 7.2246 Bio: 1.0889
Epoch [3/200] Total Loss: 119.2671
Epoch [4/200] Step [0/17] Loss: 7.1121 Bio: 0.9234
Epoch [4/200] Total Loss: 116.8146
Epoch [5/200] Step [0/17] Loss: 7.0706 Bio: 1.0724
Epoch [5/200] Total Loss: 113.4292
Epoch [6/200] Step [0/17] Loss: 6.8076 Bio: 1.0020
Epoch [6/200] Total Loss: 112.2711
Epoch [7/200] Step [0/17] Loss: 6.7896 Bio: 1.0328
Epoch [7/200] Total Loss: 113.8076
Epoch [8/200] Step [0/17] Loss: 6.6439 Bio: 1.0298
Epoch [8/200] Total Loss: 111.9317
Epoch [9/200] Step [0/17] Loss: 6.5145 Bio: 0.8815
Epoch [9/200] Total Loss: 111.1436
Epoch [10/200] Step [0/17] Loss: 6.8040 Bio: 1.0173
Epoch [10/200] Total Loss: 110.3402
Epoch [11/200] Step [0/17] Loss: 6.7223 Bio: 0.8988
Epoch [11/200] Total Loss: 110.7149
Epoch [12/200] Step [0/17] Loss: 6.6034 Bio: 0.8119
Epoch [12/200] Total Loss: 110.1819
Epoch [13/200] Step [0/17] Loss: 6.4003 Bio: 0.8428
Epoch [13/200] Total Loss: 109.2701
Epoch [14/200] Step [0/17] Loss: 6.4302 Bio: 0.9601
Epoch [14/200] Total Loss: 108.9522
Epoch [15/200] Step [0/17] Loss: 6.4632 Bio: 0.9215
Epoch [15/200] Total Loss: 109.5046
Epoch [16/200] Step [0/17] Loss: 6.3805 Bio: 0.9352
Epoch [16/200] Total Loss: 108.0476
Epoch [17/200] Step [0/17] Loss: 6.3395 Bio: 0.9079
Epoch [17/200] Total Loss: 109.0461
Epoch [18/200] Step [0/17] Loss: 6.4323 Bio: 0.8965
Epoch [18/200] Total Loss: 108.7481
Epoch [19/200] Step [0/17] Loss: 6.2873 Bio: 0.8833
Epoch [19/200] Total Loss: 107.2850
Epoch [20/200] Step [0/17] Loss: 6.5094 Bio: 1.1947
Epoch [20/200] Total Loss: 107.1960
Epoch [21/200] Step [0/17] Loss: 6.1976 Bio: 1.0746
Epoch [21/200] Total Loss: 106.5920
Epoch [22/200] Step [0/17] Loss: 6.4292 Bio: 0.9178
Epoch [22/200] Total Loss: 105.2776
Epoch [23/200] Step [0/17] Loss: 6.3171 Bio: 0.9430
Epoch [23/200] Total Loss: 106.2377
Epoch [24/200] Step [0/17] Loss: 6.3346 Bio: 1.1058
Epoch [24/200] Total Loss: 106.5384
Epoch [25/200] Step [0/17] Loss: 6.2679 Bio: 1.2337
Epoch [25/200] Total Loss: 107.7548
Epoch [26/200] Step [0/17] Loss: 6.1848 Bio: 1.0366
Epoch [26/200] Total Loss: 106.8055
Epoch [27/200] Step [0/17] Loss: 6.0759 Bio: 1.0044
Epoch [27/200] Total Loss: 104.1300
Epoch [28/200] Step [0/17] Loss: 6.3307 Bio: 1.1402
Epoch [28/200] Total Loss: 106.0256
Epoch [29/200] Step [0/17] Loss: 6.6032 Bio: 0.8972
Epoch [29/200] Total Loss: 105.5364
Epoch [30/200] Step [0/17] Loss: 6.5130 Bio: 0.9782
Epoch [30/200] Total Loss: 106.7481
Epoch [31/200] Step [0/17] Loss: 6.1995 Bio: 0.8267
Epoch [31/200] Total Loss: 105.8100
Epoch [32/200] Step [0/17] Loss: 6.5970 Bio: 0.8996
Epoch [32/200] Total Loss: 104.1844
Epoch [33/200] Step [0/17] Loss: 6.0744 Bio: 0.8985
Epoch [33/200] Total Loss: 105.4297
Epoch [34/200] Step [0/17] Loss: 6.1900 Bio: 0.9070
Epoch [34/200] Total Loss: 104.3925
Epoch [35/200] Step [0/17] Loss: 6.0721 Bio: 1.1178
Epoch [35/200] Total Loss: 104.2909
Epoch [36/200] Step [0/17] Loss: 6.2101 Bio: 0.9494
Epoch [36/200] Total Loss: 104.4085
Epoch [37/200] Step [0/17] Loss: 6.1842 Bio: 0.8577
Epoch [37/200] Total Loss: 104.8527
Epoch [38/200] Step [0/17] Loss: 6.0352 Bio: 0.8750
Epoch [38/200] Total Loss: 103.5435
Epoch [39/200] Step [0/17] Loss: 6.5855 Bio: 1.0663
Epoch [39/200] Total Loss: 105.4437
Epoch [40/200] Step [0/17] Loss: 6.0661 Bio: 0.9430
Epoch [40/200] Total Loss: 104.6468
Epoch [41/200] Step [0/17] Loss: 6.4629 Bio: 0.8128
Epoch [41/200] Total Loss: 104.4336
Epoch [42/200] Step [0/17] Loss: 6.3068 Bio: 0.9140
Epoch [42/200] Total Loss: 104.2288
Epoch [43/200] Step [0/17] Loss: 6.1907 Bio: 0.9018
Epoch [43/200] Total Loss: 104.3918
Epoch [44/200] Step [0/17] Loss: 6.0327 Bio: 0.8328
Epoch [44/200] Total Loss: 103.6568
Epoch [45/200] Step [0/17] Loss: 6.3234 Bio: 0.7920
Epoch [45/200] Total Loss: 104.1362
Epoch [46/200] Step [0/17] Loss: 6.0501 Bio: 0.9246
Epoch [46/200] Total Loss: 103.4236
Epoch [47/200] Step [0/17] Loss: 6.2777 Bio: 0.8623
Epoch [47/200] Total Loss: 104.0532
Epoch [48/200] Step [0/17] Loss: 6.1963 Bio: 0.8610
Epoch [48/200] Total Loss: 103.6512
Epoch [49/200] Step [0/17] Loss: 6.3224 Bio: 0.8436
Epoch [49/200] Total Loss: 103.8409
Epoch [50/200] Step [0/17] Loss: 6.3785 Bio: 0.9237
Epoch [50/200] Total Loss: 102.6550
Epoch [51/200] Step [0/17] Loss: 6.5013 Bio: 0.9067
Epoch [51/200] Total Loss: 102.6294
Epoch [52/200] Step [0/17] Loss: 6.1827 Bio: 0.9006
Epoch [52/200] Total Loss: 103.4570
Epoch [53/200] Step [0/17] Loss: 6.0187 Bio: 0.9380
Epoch [53/200] Total Loss: 102.3533
Epoch [54/200] Step [0/17] Loss: 6.3458 Bio: 0.8609
Epoch [54/200] Total Loss: 102.7441
Epoch [55/200] Step [0/17] Loss: 6.3657 Bio: 0.8779
Epoch [55/200] Total Loss: 103.7066
Epoch [56/200] Step [0/17] Loss: 5.7308 Bio: 0.9614
Epoch [56/200] Total Loss: 101.8361
Epoch [57/200] Step [0/17] Loss: 6.3443 Bio: 0.9849
Epoch [57/200] Total Loss: 103.1495
Epoch [58/200] Step [0/17] Loss: 6.1097 Bio: 1.0265
Epoch [58/200] Total Loss: 102.6301
Epoch [59/200] Step [0/17] Loss: 6.2849 Bio: 1.1432
Epoch [59/200] Total Loss: 102.9655
Epoch [60/200] Step [0/17] Loss: 6.0087 Bio: 0.9056
Epoch [60/200] Total Loss: 102.5215
Epoch [61/200] Step [0/17] Loss: 6.1631 Bio: 0.9369
Epoch [61/200] Total Loss: 101.5833
Epoch [62/200] Step [0/17] Loss: 6.0438 Bio: 0.8240
Epoch [62/200] Total Loss: 101.2899
Epoch [63/200] Step [0/17] Loss: 6.1997 Bio: 0.8397
Epoch [63/200] Total Loss: 101.2666
Epoch [64/200] Step [0/17] Loss: 6.3114 Bio: 0.8634
Epoch [64/200] Total Loss: 100.0494
Epoch [65/200] Step [0/17] Loss: 6.1771 Bio: 0.8520
Epoch [65/200] Total Loss: 101.3916
Epoch [66/200] Step [0/17] Loss: 6.1968 Bio: 0.9408
Epoch [66/200] Total Loss: 100.9702
Epoch [67/200] Step [0/17] Loss: 6.0346 Bio: 1.0056
Epoch [67/200] Total Loss: 101.3543
Epoch [68/200] Step [0/17] Loss: 5.9806 Bio: 0.8537
Epoch [68/200] Total Loss: 102.3904
Epoch [69/200] Step [0/17] Loss: 6.0872 Bio: 0.9058
Epoch [69/200] Total Loss: 100.7667
Epoch [70/200] Step [0/17] Loss: 6.1210 Bio: 0.9077
Epoch [70/200] Total Loss: 99.9998
Epoch [71/200] Step [0/17] Loss: 6.1130 Bio: 0.9813
Epoch [71/200] Total Loss: 101.0893
Epoch [72/200] Step [0/17] Loss: 6.0491 Bio: 0.9519
Epoch [72/200] Total Loss: 102.2453
Epoch [73/200] Step [0/17] Loss: 5.9683 Bio: 0.9920
Epoch [73/200] Total Loss: 101.2687
Epoch [74/200] Step [0/17] Loss: 5.9882 Bio: 0.8364
Epoch [74/200] Total Loss: 99.9920
Epoch [75/200] Step [0/17] Loss: 5.9786 Bio: 0.9759
Epoch [75/200] Total Loss: 100.4117
Epoch [76/200] Step [0/17] Loss: 5.9377 Bio: 0.8897
Epoch [76/200] Total Loss: 99.8883
Epoch [77/200] Step [0/17] Loss: 6.1593 Bio: 1.0232
Epoch [77/200] Total Loss: 101.4616
Epoch [78/200] Step [0/17] Loss: 6.0183 Bio: 1.0511
Epoch [78/200] Total Loss: 99.8963
Epoch [79/200] Step [0/17] Loss: 6.1713 Bio: 0.9269
Epoch [79/200] Total Loss: 100.2902
Epoch [80/200] Step [0/17] Loss: 5.6421 Bio: 0.8389
Epoch [80/200] Total Loss: 99.5767
Epoch [81/200] Step [0/17] Loss: 6.1694 Bio: 0.8492
Epoch [81/200] Total Loss: 100.7253
Epoch [82/200] Step [0/17] Loss: 5.7723 Bio: 0.9508
Epoch [82/200] Total Loss: 99.8211
Epoch [83/200] Step [0/17] Loss: 6.1784 Bio: 0.8172
Epoch [83/200] Total Loss: 99.4958
Epoch [84/200] Step [0/17] Loss: 5.7548 Bio: 0.9325
Epoch [84/200] Total Loss: 99.6130
Epoch [85/200] Step [0/17] Loss: 6.2274 Bio: 0.9525
Epoch [85/200] Total Loss: 99.6367
Epoch [86/200] Step [0/17] Loss: 5.9644 Bio: 0.9654
Epoch [86/200] Total Loss: 100.9986
Epoch [87/200] Step [0/17] Loss: 5.9184 Bio: 0.8216
Epoch [87/200] Total Loss: 100.6884
Epoch [88/200] Step [0/17] Loss: 5.9436 Bio: 0.9038
Epoch [88/200] Total Loss: 100.0772
Epoch [89/200] Step [0/17] Loss: 5.9454 Bio: 0.9431
Epoch [89/200] Total Loss: 99.2740
Epoch [90/200] Step [0/17] Loss: 5.7638 Bio: 0.9485
Epoch [90/200] Total Loss: 98.7436
Epoch [91/200] Step [0/17] Loss: 5.9195 Bio: 0.8320
Epoch [91/200] Total Loss: 99.8835
Epoch [92/200] Step [0/17] Loss: 5.9557 Bio: 0.8959
Epoch [92/200] Total Loss: 98.2991
Epoch [93/200] Step [0/17] Loss: 6.0641 Bio: 1.2575
Epoch [93/200] Total Loss: 98.7256
Epoch [94/200] Step [0/17] Loss: 5.8201 Bio: 0.9804
Epoch [94/200] Total Loss: 99.2582
Epoch [95/200] Step [0/17] Loss: 6.0357 Bio: 0.8594
Epoch [95/200] Total Loss: 100.0397
Epoch [96/200] Step [0/17] Loss: 5.8907 Bio: 0.9664
Epoch [96/200] Total Loss: 99.3232
Epoch [97/200] Step [0/17] Loss: 5.7629 Bio: 1.1174
Epoch [97/200] Total Loss: 97.2746
Epoch [98/200] Step [0/17] Loss: 6.2968 Bio: 0.9006
Epoch [98/200] Total Loss: 97.7417
Epoch [99/200] Step [0/17] Loss: 5.9784 Bio: 0.8225
Epoch [99/200] Total Loss: 98.2791
Epoch [100/200] Step [0/17] Loss: 5.9177 Bio: 0.8633
Epoch [100/200] Total Loss: 97.3217
Epoch [101/200] Step [0/17] Loss: 5.9598 Bio: 0.9725
Epoch [101/200] Total Loss: 97.8811
Epoch [102/200] Step [0/17] Loss: 5.8198 Bio: 0.8868
Epoch [102/200] Total Loss: 98.8450
Epoch [103/200] Step [0/17] Loss: 5.8414 Bio: 0.9815
Epoch [103/200] Total Loss: 98.8563
Epoch [104/200] Step [0/17] Loss: 5.9798 Bio: 1.0029
Epoch [104/200] Total Loss: 96.9701
Epoch [105/200] Step [0/17] Loss: 6.0892 Bio: 0.8584
Epoch [105/200] Total Loss: 99.0333
Epoch [106/200] Step [0/17] Loss: 6.1793 Bio: 0.9432
Epoch [106/200] Total Loss: 97.6415
Epoch [107/200] Step [0/17] Loss: 5.7460 Bio: 0.8706
Epoch [107/200] Total Loss: 97.9467
Epoch [108/200] Step [0/17] Loss: 5.7713 Bio: 0.8664
Epoch [108/200] Total Loss: 97.8734
Epoch [109/200] Step [0/17] Loss: 6.0799 Bio: 0.9876
Epoch [109/200] Total Loss: 97.7940
Epoch [110/200] Step [0/17] Loss: 5.9514 Bio: 1.0777
Epoch [110/200] Total Loss: 98.0525
Epoch [111/200] Step [0/17] Loss: 5.9095 Bio: 0.8010
Epoch [111/200] Total Loss: 97.6128
Epoch [112/200] Step [0/17] Loss: 5.9946 Bio: 0.9417
Epoch [112/200] Total Loss: 97.9819
Epoch [113/200] Step [0/17] Loss: 6.1180 Bio: 0.7932
Epoch [113/200] Total Loss: 97.2579
Epoch [114/200] Step [0/17] Loss: 5.8300 Bio: 1.0501
Epoch [114/200] Total Loss: 97.8163
Epoch [115/200] Step [0/17] Loss: 5.6825 Bio: 0.7751
Epoch [115/200] Total Loss: 97.6002
Epoch [116/200] Step [0/17] Loss: 5.8722 Bio: 0.8990
Epoch [116/200] Total Loss: 97.9885
Epoch [117/200] Step [0/17] Loss: 5.6469 Bio: 0.9227
Epoch [117/200] Total Loss: 97.4497
Epoch [118/200] Step [0/17] Loss: 5.7723 Bio: 1.0149
Epoch [118/200] Total Loss: 97.1918
Epoch [119/200] Step [0/17] Loss: 5.7996 Bio: 1.0620
Epoch [119/200] Total Loss: 97.5530
Epoch [120/200] Step [0/17] Loss: 5.8901 Bio: 0.9237
Epoch [120/200] Total Loss: 97.7059
Epoch [121/200] Step [0/17] Loss: 5.9549 Bio: 0.9892
Epoch [121/200] Total Loss: 98.5056
Epoch [122/200] Step [0/17] Loss: 5.7206 Bio: 0.9292
Epoch [122/200] Total Loss: 96.9436
Epoch [123/200] Step [0/17] Loss: 5.8183 Bio: 0.8841
Epoch [123/200] Total Loss: 96.4847
Epoch [124/200] Step [0/17] Loss: 6.1422 Bio: 0.8807
Epoch [124/200] Total Loss: 97.9634
Epoch [125/200] Step [0/17] Loss: 5.9215 Bio: 0.9377
Epoch [125/200] Total Loss: 97.7495
Epoch [126/200] Step [0/17] Loss: 5.8165 Bio: 0.8284
Epoch [126/200] Total Loss: 97.6836
Epoch [127/200] Step [0/17] Loss: 5.8196 Bio: 0.8232
Epoch [127/200] Total Loss: 99.0052
Epoch [128/200] Step [0/17] Loss: 5.7995 Bio: 1.3183
Epoch [128/200] Total Loss: 97.8627
Epoch [129/200] Step [0/17] Loss: 5.8322 Bio: 0.9242
Epoch [129/200] Total Loss: 97.0841
Epoch [130/200] Step [0/17] Loss: 5.6710 Bio: 0.9101
Epoch [130/200] Total Loss: 97.4709
Epoch [131/200] Step [0/17] Loss: 5.6908 Bio: 0.8110
Epoch [131/200] Total Loss: 97.4061
Epoch [132/200] Step [0/17] Loss: 5.7936 Bio: 0.9002
Epoch [132/200] Total Loss: 97.5497
Epoch [133/200] Step [0/17] Loss: 6.2378 Bio: 0.9029
Epoch [133/200] Total Loss: 98.9283
Epoch [134/200] Step [0/17] Loss: 5.6391 Bio: 1.0613
Epoch [134/200] Total Loss: 97.7777
Epoch [135/200] Step [0/17] Loss: 5.8997 Bio: 1.0149
Epoch [135/200] Total Loss: 97.3300
Epoch [136/200] Step [0/17] Loss: 5.9199 Bio: 0.7125
Epoch [136/200] Total Loss: 96.3185
Epoch [137/200] Step [0/17] Loss: 6.0771 Bio: 0.9298
Epoch [137/200] Total Loss: 97.6521
Epoch [138/200] Step [0/17] Loss: 6.0665 Bio: 0.7919
Epoch [138/200] Total Loss: 96.7962
Epoch [139/200] Step [0/17] Loss: 5.8227 Bio: 1.0357
Epoch [139/200] Total Loss: 96.5880
Epoch [140/200] Step [0/17] Loss: 5.9824 Bio: 0.7866
Epoch [140/200] Total Loss: 97.8668
Epoch [141/200] Step [0/17] Loss: 5.7821 Bio: 0.8605
Epoch [141/200] Total Loss: 96.9921
Epoch [142/200] Step [0/17] Loss: 5.6585 Bio: 0.8587
Epoch [142/200] Total Loss: 94.9137
Epoch [143/200] Step [0/17] Loss: 5.9101 Bio: 0.8383
Epoch [143/200] Total Loss: 97.2051
Epoch [144/200] Step [0/17] Loss: 5.9934 Bio: 0.9908
Epoch [144/200] Total Loss: 96.6897
Epoch [145/200] Step [0/17] Loss: 5.6369 Bio: 0.8676
Epoch [145/200] Total Loss: 96.4364
Epoch [146/200] Step [0/17] Loss: 5.6918 Bio: 0.9331
Epoch [146/200] Total Loss: 97.6351
Epoch [147/200] Step [0/17] Loss: 5.6788 Bio: 0.8022
Epoch [147/200] Total Loss: 96.8429
Epoch [148/200] Step [0/17] Loss: 5.7894 Bio: 0.7453
Epoch [148/200] Total Loss: 96.5259
Epoch [149/200] Step [0/17] Loss: 5.7156 Bio: 0.7846
Epoch [149/200] Total Loss: 96.7510
Epoch [150/200] Step [0/17] Loss: 5.7914 Bio: 0.7327
Epoch [150/200] Total Loss: 96.0798
Epoch [151/200] Step [0/17] Loss: 5.8916 Bio: 0.8804
Epoch [151/200] Total Loss: 97.3499
Epoch [152/200] Step [0/17] Loss: 6.0160 Bio: 0.9058
Epoch [152/200] Total Loss: 95.4687
Epoch [153/200] Step [0/17] Loss: 5.8047 Bio: 0.9823
Epoch [153/200] Total Loss: 97.3162
Epoch [154/200] Step [0/17] Loss: 5.8233 Bio: 0.8044
Epoch [154/200] Total Loss: 96.7188
Epoch [155/200] Step [0/17] Loss: 5.9758 Bio: 0.8137
Epoch [155/200] Total Loss: 96.2591
Epoch [156/200] Step [0/17] Loss: 5.8660 Bio: 0.9702
Epoch [156/200] Total Loss: 95.4877
Epoch [157/200] Step [0/17] Loss: 5.7984 Bio: 0.8253
Epoch [157/200] Total Loss: 96.0985
Epoch [158/200] Step [0/17] Loss: 5.8800 Bio: 0.9455
Epoch [158/200] Total Loss: 96.5103
Epoch [159/200] Step [0/17] Loss: 5.7989 Bio: 0.9808
Epoch [159/200] Total Loss: 96.2733
Epoch [160/200] Step [0/17] Loss: 5.8176 Bio: 0.8391
Epoch [160/200] Total Loss: 96.8096
Epoch [161/200] Step [0/17] Loss: 5.4716 Bio: 0.9021
Epoch [161/200] Total Loss: 96.7552
Epoch [162/200] Step [0/17] Loss: 5.7741 Bio: 0.8310
Epoch [162/200] Total Loss: 97.0163
Epoch [163/200] Step [0/17] Loss: 5.8071 Bio: 0.8603
Epoch [163/200] Total Loss: 95.7254
Epoch [164/200] Step [0/17] Loss: 5.8428 Bio: 0.8169
Epoch [164/200] Total Loss: 97.8179
Epoch [165/200] Step [0/17] Loss: 5.4364 Bio: 0.9577
Epoch [165/200] Total Loss: 95.1967
Epoch [166/200] Step [0/17] Loss: 5.8369 Bio: 1.1407
Epoch [166/200] Total Loss: 95.0293
Epoch [167/200] Step [0/17] Loss: 5.6904 Bio: 0.9515
Epoch [167/200] Total Loss: 97.0035
Epoch [168/200] Step [0/17] Loss: 5.6661 Bio: 0.9641
Epoch [168/200] Total Loss: 96.5779
Epoch [169/200] Step [0/17] Loss: 5.8275 Bio: 0.7495
Epoch [169/200] Total Loss: 95.3899
Epoch [170/200] Step [0/17] Loss: 5.9262 Bio: 0.8459
Epoch [170/200] Total Loss: 97.4584
Epoch [171/200] Step [0/17] Loss: 5.8203 Bio: 0.9280
Epoch [171/200] Total Loss: 96.4402
Epoch [172/200] Step [0/17] Loss: 5.6959 Bio: 0.8267
Epoch [172/200] Total Loss: 95.8240
Epoch [173/200] Step [0/17] Loss: 5.7586 Bio: 0.8182
Epoch [173/200] Total Loss: 95.5196
Epoch [174/200] Step [0/17] Loss: 5.5834 Bio: 0.9273
Epoch [174/200] Total Loss: 96.1531
Epoch [175/200] Step [0/17] Loss: 5.6548 Bio: 0.8356
Epoch [175/200] Total Loss: 96.1541
Epoch [176/200] Step [0/17] Loss: 5.7938 Bio: 0.8770
Epoch [176/200] Total Loss: 96.5058
Epoch [177/200] Step [0/17] Loss: 5.5823 Bio: 0.7181
Epoch [177/200] Total Loss: 95.3113
Epoch [178/200] Step [0/17] Loss: 5.7707 Bio: 1.0977
Epoch [178/200] Total Loss: 95.6416
Epoch [179/200] Step [0/17] Loss: 5.7502 Bio: 0.7510
Epoch [179/200] Total Loss: 97.1433
Epoch [180/200] Step [0/17] Loss: 5.9465 Bio: 0.8665
Epoch [180/200] Total Loss: 96.6011
Epoch [181/200] Step [0/17] Loss: 5.8839 Bio: 0.9647
Epoch [181/200] Total Loss: 95.8448
Epoch [182/200] Step [0/17] Loss: 5.7217 Bio: 0.8858
Epoch [182/200] Total Loss: 95.4352
Epoch [183/200] Step [0/17] Loss: 5.5935 Bio: 0.8103
Epoch [183/200] Total Loss: 96.3642
Epoch [184/200] Step [0/17] Loss: 5.7400 Bio: 0.9696
Epoch [184/200] Total Loss: 95.6591
Epoch [185/200] Step [0/17] Loss: 5.8115 Bio: 0.9508
Epoch [185/200] Total Loss: 97.0735
Epoch [186/200] Step [0/17] Loss: 5.7073 Bio: 0.7003
Epoch [186/200] Total Loss: 95.8206
Epoch [187/200] Step [0/17] Loss: 5.7044 Bio: 0.8150
Epoch [187/200] Total Loss: 97.0713
Epoch [188/200] Step [0/17] Loss: 5.6746 Bio: 0.9616
Epoch [188/200] Total Loss: 95.1696
Epoch [189/200] Step [0/17] Loss: 5.8768 Bio: 0.8094
Epoch [189/200] Total Loss: 95.6962
Epoch [190/200] Step [0/17] Loss: 6.1860 Bio: 0.8284
Epoch [190/200] Total Loss: 96.1292
Epoch [191/200] Step [0/17] Loss: 5.6275 Bio: 0.8079
Epoch [191/200] Total Loss: 96.2213
Epoch [192/200] Step [0/17] Loss: 5.7898 Bio: 0.9781
Epoch [192/200] Total Loss: 94.7264
Epoch [193/200] Step [0/17] Loss: 5.8937 Bio: 0.8078
Epoch [193/200] Total Loss: 96.4316
Epoch [194/200] Step [0/17] Loss: 5.5588 Bio: 0.9292
Epoch [194/200] Total Loss: 95.8089
Epoch [195/200] Step [0/17] Loss: 5.9097 Bio: 0.7884
Epoch [195/200] Total Loss: 95.0412
Epoch [196/200] Step [0/17] Loss: 5.5723 Bio: 0.8664
Epoch [196/200] Total Loss: 94.9305
Epoch [197/200] Step [0/17] Loss: 5.6516 Bio: 0.8147
Epoch [197/200] Total Loss: 95.8749
Epoch [198/200] Step [0/17] Loss: 5.7141 Bio: 1.1131
Epoch [198/200] Total Loss: 96.1692
Epoch [199/200] Step [0/17] Loss: 5.5833 Bio: 0.8195
Epoch [199/200] Total Loss: 95.4518
MLP training complete.
--- MLP 3plus_angio RESULTS ---
============================================================
CLUSTERING EVALUATION
============================================================
✅ Loaded ground truth from ground_truth_BRCA.csv
   Total patients with labels: 803

📂 Loading model from save/model_combo_mlp_3plus_angio/checkpoint_200.tar...
✅ Model loaded successfully

📊 Loading data for BRCA...
[dataloader] No bio_anchor_file specified — loading omics only
✅ Data loaded successfully

🔮 Getting predictions...
✅ Predictions obtained: 1031 samples

🔍 Filtering to patients with ground truth...
   Patients with both predictions and ground truth: 803
   Final evaluation size: 803 patients

📈 Computing metrics...

============================================================
RESULTS
============================================================
ARI                 : 0.3368
NMI                 : 0.4752
V-measure           : 0.4752
============================================================

📊 Creating visualizations...
Saved confusion matrix to results/BRCA_confusion_matrix.png
Saved distribution plot to results/BRCA_cluster_distribution.png
Computing t-SNE (this may take a minute)...
Saved t-SNE plot to results/BRCA_tsne.png

💾 Saved results to results/BRCA_evaluation.csv

✅ Evaluation complete!
Linear Bio-Anchor Head
Cancer: BRCA | bio_dim: 4 | lambda_bio: 0.1
Bio anchor file: bio_anchors_BRCA_combo_3plus_angio_score.csv
[dataloader] Loaded bio-anchors from bio_anchors_BRCA_combo_3plus_angio_score.csv: torch.Size([1031, 4])
Cluster number: 5
Epoch [0/200] Step [0/17] Loss: 7.1458 Bio: 1.1180
Epoch [0/200] Total Loss: 118.9398
Epoch [1/200] Step [0/17] Loss: 7.1343 Bio: 1.0108
Epoch [1/200] Total Loss: 118.5629
Epoch [2/200] Step [0/17] Loss: 7.0997 Bio: 1.0338
Epoch [2/200] Total Loss: 117.9687
Epoch [3/200] Step [0/17] Loss: 7.0607 Bio: 1.0140
Epoch [3/200] Total Loss: 115.9815
Epoch [4/200] Step [0/17] Loss: 6.8126 Bio: 1.0270
Epoch [4/200] Total Loss: 112.1807
Epoch [5/200] Step [0/17] Loss: 6.6485 Bio: 1.0084
Epoch [5/200] Total Loss: 111.4522
Epoch [6/200] Step [0/17] Loss: 6.8377 Bio: 1.1639
Epoch [6/200] Total Loss: 112.2790
Epoch [7/200] Step [0/17] Loss: 6.7962 Bio: 0.9122
Epoch [7/200] Total Loss: 111.6804
Epoch [8/200] Step [0/17] Loss: 6.6645 Bio: 1.0106
Epoch [8/200] Total Loss: 111.4461
Epoch [9/200] Step [0/17] Loss: 6.5985 Bio: 0.9944
Epoch [9/200] Total Loss: 110.5661
Epoch [10/200] Step [0/17] Loss: 6.5566 Bio: 1.0482
Epoch [10/200] Total Loss: 109.4081
Epoch [11/200] Step [0/17] Loss: 6.7803 Bio: 1.1192
Epoch [11/200] Total Loss: 109.7560
Epoch [12/200] Step [0/17] Loss: 6.6833 Bio: 0.8068
Epoch [12/200] Total Loss: 108.1855
Epoch [13/200] Step [0/17] Loss: 6.6066 Bio: 0.9639
Epoch [13/200] Total Loss: 108.2244
Epoch [14/200] Step [0/17] Loss: 6.4904 Bio: 1.0529
Epoch [14/200] Total Loss: 107.0499
Epoch [15/200] Step [0/17] Loss: 6.6608 Bio: 0.9712
Epoch [15/200] Total Loss: 107.3256
Epoch [16/200] Step [0/17] Loss: 6.4388 Bio: 0.9035
Epoch [16/200] Total Loss: 107.2492
Epoch [17/200] Step [0/17] Loss: 6.3951 Bio: 0.8768
Epoch [17/200] Total Loss: 106.3499
Epoch [18/200] Step [0/17] Loss: 6.7578 Bio: 0.8497
Epoch [18/200] Total Loss: 106.3714
Epoch [19/200] Step [0/17] Loss: 6.2497 Bio: 0.9005
Epoch [19/200] Total Loss: 107.0776
Epoch [20/200] Step [0/17] Loss: 6.8330 Bio: 0.8765
Epoch [20/200] Total Loss: 106.0524
Epoch [21/200] Step [0/17] Loss: 6.6396 Bio: 1.0981
Epoch [21/200] Total Loss: 105.2428
Epoch [22/200] Step [0/17] Loss: 6.3821 Bio: 1.0343
Epoch [22/200] Total Loss: 105.1619
Epoch [23/200] Step [0/17] Loss: 6.3548 Bio: 0.9425
Epoch [23/200] Total Loss: 104.8674
Epoch [24/200] Step [0/17] Loss: 6.2124 Bio: 1.0249
Epoch [24/200] Total Loss: 105.2787
Epoch [25/200] Step [0/17] Loss: 6.5808 Bio: 0.9885
Epoch [25/200] Total Loss: 105.4881
Epoch [26/200] Step [0/17] Loss: 6.3246 Bio: 1.0873
Epoch [26/200] Total Loss: 105.0997
Epoch [27/200] Step [0/17] Loss: 6.3972 Bio: 1.0058
Epoch [27/200] Total Loss: 105.1332
Epoch [28/200] Step [0/17] Loss: 6.7247 Bio: 0.8633
Epoch [28/200] Total Loss: 105.4797
Epoch [29/200] Step [0/17] Loss: 6.2406 Bio: 0.9794
Epoch [29/200] Total Loss: 106.2048
Epoch [30/200] Step [0/17] Loss: 6.2299 Bio: 0.9709
Epoch [30/200] Total Loss: 104.0564
Epoch [31/200] Step [0/17] Loss: 6.3395 Bio: 1.1349
Epoch [31/200] Total Loss: 104.3467
Epoch [32/200] Step [0/17] Loss: 6.1929 Bio: 1.2195
Epoch [32/200] Total Loss: 104.5878
Epoch [33/200] Step [0/17] Loss: 6.3143 Bio: 0.9094
Epoch [33/200] Total Loss: 104.3982
Epoch [34/200] Step [0/17] Loss: 6.3116 Bio: 1.1010
Epoch [34/200] Total Loss: 104.7625
Epoch [35/200] Step [0/17] Loss: 6.2258 Bio: 0.9163
Epoch [35/200] Total Loss: 104.0478
Epoch [36/200] Step [0/17] Loss: 6.2307 Bio: 0.9451
Epoch [36/200] Total Loss: 102.2202
Epoch [37/200] Step [0/17] Loss: 6.2636 Bio: 0.9452
Epoch [37/200] Total Loss: 103.5926
Epoch [38/200] Step [0/17] Loss: 6.1502 Bio: 1.0020
Epoch [38/200] Total Loss: 104.4692
Epoch [39/200] Step [0/17] Loss: 6.2262 Bio: 0.9072
Epoch [39/200] Total Loss: 103.0110
Epoch [40/200] Step [0/17] Loss: 6.5073 Bio: 1.1673
Epoch [40/200] Total Loss: 102.1814
Epoch [41/200] Step [0/17] Loss: 6.1837 Bio: 1.0602
Epoch [41/200] Total Loss: 101.7512
Epoch [42/200] Step [0/17] Loss: 6.0278 Bio: 0.9072
Epoch [42/200] Total Loss: 103.1408
Epoch [43/200] Step [0/17] Loss: 6.1883 Bio: 1.0296
Epoch [43/200] Total Loss: 102.8208
Epoch [44/200] Step [0/17] Loss: 6.0393 Bio: 0.8643
Epoch [44/200] Total Loss: 102.6116
Epoch [45/200] Step [0/17] Loss: 6.1827 Bio: 0.9237
Epoch [45/200] Total Loss: 102.8067
Epoch [46/200] Step [0/17] Loss: 6.0878 Bio: 1.1634
Epoch [46/200] Total Loss: 102.4373
Epoch [47/200] Step [0/17] Loss: 6.2900 Bio: 1.0904
Epoch [47/200] Total Loss: 101.1588
Epoch [48/200] Step [0/17] Loss: 6.0385 Bio: 0.9128
Epoch [48/200] Total Loss: 102.1855
Epoch [49/200] Step [0/17] Loss: 6.0772 Bio: 1.0677
Epoch [49/200] Total Loss: 103.2846
Epoch [50/200] Step [0/17] Loss: 6.2236 Bio: 1.0537
Epoch [50/200] Total Loss: 103.0910
Epoch [51/200] Step [0/17] Loss: 6.2113 Bio: 0.7312
Epoch [51/200] Total Loss: 100.6455
Epoch [52/200] Step [0/17] Loss: 5.7747 Bio: 0.8281
Epoch [52/200] Total Loss: 99.8332
Epoch [53/200] Step [0/17] Loss: 5.9040 Bio: 0.9270
Epoch [53/200] Total Loss: 101.4135
Epoch [54/200] Step [0/17] Loss: 6.3208 Bio: 0.8981
Epoch [54/200] Total Loss: 100.7527
Epoch [55/200] Step [0/17] Loss: 6.0074 Bio: 0.8919
Epoch [55/200] Total Loss: 102.5190
Epoch [56/200] Step [0/17] Loss: 5.7994 Bio: 1.0693
Epoch [56/200] Total Loss: 101.2247
Epoch [57/200] Step [0/17] Loss: 6.0645 Bio: 1.0007
Epoch [57/200] Total Loss: 100.7087
Epoch [58/200] Step [0/17] Loss: 5.9935 Bio: 0.9676
Epoch [58/200] Total Loss: 101.5577
Epoch [59/200] Step [0/17] Loss: 6.0493 Bio: 0.8797
Epoch [59/200] Total Loss: 100.3812
Epoch [60/200] Step [0/17] Loss: 5.9568 Bio: 0.8783
Epoch [60/200] Total Loss: 101.1732
Epoch [61/200] Step [0/17] Loss: 5.8742 Bio: 0.9653
Epoch [61/200] Total Loss: 100.7383
Epoch [62/200] Step [0/17] Loss: 6.0171 Bio: 0.9910
Epoch [62/200] Total Loss: 99.6758
Epoch [63/200] Step [0/17] Loss: 6.0724 Bio: 0.9253
Epoch [63/200] Total Loss: 101.0906
Epoch [64/200] Step [0/17] Loss: 6.1389 Bio: 0.8411
Epoch [64/200] Total Loss: 99.6645
Epoch [65/200] Step [0/17] Loss: 6.1552 Bio: 1.1862
Epoch [65/200] Total Loss: 100.2246
Epoch [66/200] Step [0/17] Loss: 5.9374 Bio: 0.9390
Epoch [66/200] Total Loss: 100.4004
Epoch [67/200] Step [0/17] Loss: 5.9674 Bio: 1.0256
Epoch [67/200] Total Loss: 98.9026
Epoch [68/200] Step [0/17] Loss: 5.9060 Bio: 0.9134
Epoch [68/200] Total Loss: 100.6507
Epoch [69/200] Step [0/17] Loss: 6.0021 Bio: 1.0665
Epoch [69/200] Total Loss: 99.5186
Epoch [70/200] Step [0/17] Loss: 5.9539 Bio: 0.9519
Epoch [70/200] Total Loss: 99.3456
Epoch [71/200] Step [0/17] Loss: 6.0871 Bio: 0.9717
Epoch [71/200] Total Loss: 98.0863
Epoch [72/200] Step [0/17] Loss: 5.8863 Bio: 0.9119
Epoch [72/200] Total Loss: 98.0434
Epoch [73/200] Step [0/17] Loss: 5.9228 Bio: 0.9671
Epoch [73/200] Total Loss: 98.8774
Epoch [74/200] Step [0/17] Loss: 6.1241 Bio: 0.9764
Epoch [74/200] Total Loss: 98.8046
Epoch [75/200] Step [0/17] Loss: 5.8872 Bio: 1.0148
Epoch [75/200] Total Loss: 99.3243
Epoch [76/200] Step [0/17] Loss: 6.0137 Bio: 0.9511
Epoch [76/200] Total Loss: 98.0203
Epoch [77/200] Step [0/17] Loss: 6.1011 Bio: 0.8565
Epoch [77/200] Total Loss: 98.6917
Epoch [78/200] Step [0/17] Loss: 6.0689 Bio: 0.8964
Epoch [78/200] Total Loss: 99.4498
Epoch [79/200] Step [0/17] Loss: 5.9548 Bio: 0.9911
Epoch [79/200] Total Loss: 99.7234
Epoch [80/200] Step [0/17] Loss: 5.7966 Bio: 0.7857
Epoch [80/200] Total Loss: 99.4249
Epoch [81/200] Step [0/17] Loss: 6.2819 Bio: 1.2397
Epoch [81/200] Total Loss: 98.9866
Epoch [82/200] Step [0/17] Loss: 6.1173 Bio: 0.9538
Epoch [82/200] Total Loss: 98.4945
Epoch [83/200] Step [0/17] Loss: 5.9310 Bio: 0.8209
Epoch [83/200] Total Loss: 97.6054
Epoch [84/200] Step [0/17] Loss: 5.7491 Bio: 0.8806
Epoch [84/200] Total Loss: 98.5177
Epoch [85/200] Step [0/17] Loss: 6.0439 Bio: 0.8605
Epoch [85/200] Total Loss: 97.6532
Epoch [86/200] Step [0/17] Loss: 5.9475 Bio: 1.0221
Epoch [86/200] Total Loss: 98.9878
Epoch [87/200] Step [0/17] Loss: 5.8032 Bio: 0.9120
Epoch [87/200] Total Loss: 97.5513
Epoch [88/200] Step [0/17] Loss: 5.8328 Bio: 0.8775
Epoch [88/200] Total Loss: 99.1721
Epoch [89/200] Step [0/17] Loss: 5.8974 Bio: 0.8866
Epoch [89/200] Total Loss: 99.6204
Epoch [90/200] Step [0/17] Loss: 5.8681 Bio: 0.9918
Epoch [90/200] Total Loss: 97.4756
Epoch [91/200] Step [0/17] Loss: 5.9808 Bio: 0.9677
Epoch [91/200] Total Loss: 98.4312
Epoch [92/200] Step [0/17] Loss: 5.8920 Bio: 0.9146
Epoch [92/200] Total Loss: 98.3570
Epoch [93/200] Step [0/17] Loss: 5.7471 Bio: 0.8555
Epoch [93/200] Total Loss: 97.1771
Epoch [94/200] Step [0/17] Loss: 5.7145 Bio: 0.7784
Epoch [94/200] Total Loss: 97.3254
Epoch [95/200] Step [0/17] Loss: 5.8036 Bio: 0.7329
Epoch [95/200] Total Loss: 97.9576
Epoch [96/200] Step [0/17] Loss: 5.8338 Bio: 1.0272
Epoch [96/200] Total Loss: 98.1294
Epoch [97/200] Step [0/17] Loss: 5.9702 Bio: 0.8033
Epoch [97/200] Total Loss: 98.7845
Epoch [98/200] Step [0/17] Loss: 5.7587 Bio: 1.1249
Epoch [98/200] Total Loss: 96.8812
Epoch [99/200] Step [0/17] Loss: 6.0143 Bio: 0.8409
Epoch [99/200] Total Loss: 97.7015
Epoch [100/200] Step [0/17] Loss: 5.7357 Bio: 1.0583
Epoch [100/200] Total Loss: 97.2201
Epoch [101/200] Step [0/17] Loss: 5.9878 Bio: 0.9716
Epoch [101/200] Total Loss: 96.7800
Epoch [102/200] Step [0/17] Loss: 5.7384 Bio: 1.0475
Epoch [102/200] Total Loss: 97.8058
Epoch [103/200] Step [0/17] Loss: 6.2652 Bio: 0.9100
Epoch [103/200] Total Loss: 97.7942
Epoch [104/200] Step [0/17] Loss: 5.9384 Bio: 0.8767
Epoch [104/200] Total Loss: 97.2462
Epoch [105/200] Step [0/17] Loss: 5.6624 Bio: 0.9095
Epoch [105/200] Total Loss: 98.4712
Epoch [106/200] Step [0/17] Loss: 5.8270 Bio: 0.7375
Epoch [106/200] Total Loss: 97.1184
Epoch [107/200] Step [0/17] Loss: 5.9905 Bio: 0.8922
Epoch [107/200] Total Loss: 97.9443
Epoch [108/200] Step [0/17] Loss: 6.0230 Bio: 1.1240
Epoch [108/200] Total Loss: 99.0289
Epoch [109/200] Step [0/17] Loss: 5.8264 Bio: 0.8127
Epoch [109/200] Total Loss: 97.3846
Epoch [110/200] Step [0/17] Loss: 5.7668 Bio: 1.0901
Epoch [110/200] Total Loss: 97.8328
Epoch [111/200] Step [0/17] Loss: 6.0138 Bio: 0.9597
Epoch [111/200] Total Loss: 97.2695
Epoch [112/200] Step [0/17] Loss: 5.6888 Bio: 0.9011
Epoch [112/200] Total Loss: 97.4500
Epoch [113/200] Step [0/17] Loss: 5.9815 Bio: 0.9126
Epoch [113/200] Total Loss: 99.1960
Epoch [114/200] Step [0/17] Loss: 5.7842 Bio: 0.9244
Epoch [114/200] Total Loss: 98.0099
Epoch [115/200] Step [0/17] Loss: 5.8090 Bio: 0.8547
Epoch [115/200] Total Loss: 97.6127
Epoch [116/200] Step [0/17] Loss: 5.9868 Bio: 1.1522
Epoch [116/200] Total Loss: 97.8258
Epoch [117/200] Step [0/17] Loss: 5.6505 Bio: 0.8590
Epoch [117/200] Total Loss: 96.6195
Epoch [118/200] Step [0/17] Loss: 5.8688 Bio: 0.9268
Epoch [118/200] Total Loss: 96.8157
Epoch [119/200] Step [0/17] Loss: 5.7686 Bio: 0.9401
Epoch [119/200] Total Loss: 96.6565
Epoch [120/200] Step [0/17] Loss: 5.8915 Bio: 1.0690
Epoch [120/200] Total Loss: 98.9390
Epoch [121/200] Step [0/17] Loss: 5.7927 Bio: 0.9215
Epoch [121/200] Total Loss: 96.8736
Epoch [122/200] Step [0/17] Loss: 5.9210 Bio: 0.8506
Epoch [122/200] Total Loss: 95.9783
Epoch [123/200] Step [0/17] Loss: 5.7656 Bio: 0.9759
Epoch [123/200] Total Loss: 97.0445
Epoch [124/200] Step [0/17] Loss: 5.8963 Bio: 0.9456
Epoch [124/200] Total Loss: 96.6576
Epoch [125/200] Step [0/17] Loss: 5.9259 Bio: 0.8650
Epoch [125/200] Total Loss: 96.8833
Epoch [126/200] Step [0/17] Loss: 5.9778 Bio: 0.7789
Epoch [126/200] Total Loss: 97.1320
Epoch [127/200] Step [0/17] Loss: 5.5302 Bio: 0.9654
Epoch [127/200] Total Loss: 95.3101
Epoch [128/200] Step [0/17] Loss: 5.6272 Bio: 0.8963
Epoch [128/200] Total Loss: 96.1328
Epoch [129/200] Step [0/17] Loss: 5.6711 Bio: 0.9836
Epoch [129/200] Total Loss: 96.0256
Epoch [130/200] Step [0/17] Loss: 5.8514 Bio: 0.7521
Epoch [130/200] Total Loss: 97.0928
Epoch [131/200] Step [0/17] Loss: 5.9881 Bio: 0.8139
Epoch [131/200] Total Loss: 96.0532
Epoch [132/200] Step [0/17] Loss: 5.7030 Bio: 0.9901
Epoch [132/200] Total Loss: 96.6754
Epoch [133/200] Step [0/17] Loss: 5.8161 Bio: 0.9891
Epoch [133/200] Total Loss: 98.6340
Epoch [134/200] Step [0/17] Loss: 5.6356 Bio: 0.8274
Epoch [134/200] Total Loss: 97.2589
Epoch [135/200] Step [0/17] Loss: 5.7182 Bio: 0.9398
Epoch [135/200] Total Loss: 96.2652
Epoch [136/200] Step [0/17] Loss: 5.8444 Bio: 0.7895
Epoch [136/200] Total Loss: 95.3717
Epoch [137/200] Step [0/17] Loss: 5.8316 Bio: 0.8021
Epoch [137/200] Total Loss: 97.2030
Epoch [138/200] Step [0/17] Loss: 5.5304 Bio: 1.0037
Epoch [138/200] Total Loss: 96.0878
Epoch [139/200] Step [0/17] Loss: 5.9841 Bio: 0.7739
Epoch [139/200] Total Loss: 95.9510
Epoch [140/200] Step [0/17] Loss: 5.8188 Bio: 1.2036
Epoch [140/200] Total Loss: 97.5120
Epoch [141/200] Step [0/17] Loss: 5.9474 Bio: 0.9908
Epoch [141/200] Total Loss: 98.4963
Epoch [142/200] Step [0/17] Loss: 6.0382 Bio: 0.7845
Epoch [142/200] Total Loss: 97.6483
Epoch [143/200] Step [0/17] Loss: 5.8718 Bio: 0.8614
Epoch [143/200] Total Loss: 97.8256
Epoch [144/200] Step [0/17] Loss: 5.8480 Bio: 0.8951
Epoch [144/200] Total Loss: 96.6324
Epoch [145/200] Step [0/17] Loss: 5.9425 Bio: 1.0117
Epoch [145/200] Total Loss: 95.8232
Epoch [146/200] Step [0/17] Loss: 5.6968 Bio: 0.9565
Epoch [146/200] Total Loss: 95.3181
Epoch [147/200] Step [0/17] Loss: 6.1071 Bio: 0.9209
Epoch [147/200] Total Loss: 96.9856
Epoch [148/200] Step [0/17] Loss: 5.5640 Bio: 0.8031
Epoch [148/200] Total Loss: 97.1733
Epoch [149/200] Step [0/17] Loss: 5.7834 Bio: 1.0595
Epoch [149/200] Total Loss: 95.2857
Epoch [150/200] Step [0/17] Loss: 5.8666 Bio: 1.0853
Epoch [150/200] Total Loss: 96.4584
Epoch [151/200] Step [0/17] Loss: 5.5485 Bio: 0.7838
Epoch [151/200] Total Loss: 95.2572
Epoch [152/200] Step [0/17] Loss: 6.0616 Bio: 0.8581
Epoch [152/200] Total Loss: 96.4863
Epoch [153/200] Step [0/17] Loss: 5.6868 Bio: 0.9782
Epoch [153/200] Total Loss: 97.3773
Epoch [154/200] Step [0/17] Loss: 5.7177 Bio: 0.8302
Epoch [154/200] Total Loss: 97.2653
Epoch [155/200] Step [0/17] Loss: 6.0149 Bio: 0.8749
Epoch [155/200] Total Loss: 96.6292
Epoch [156/200] Step [0/17] Loss: 5.8155 Bio: 0.8846
Epoch [156/200] Total Loss: 95.2795
Epoch [157/200] Step [0/17] Loss: 5.7943 Bio: 1.1388
Epoch [157/200] Total Loss: 97.4364
Epoch [158/200] Step [0/17] Loss: 5.5370 Bio: 0.8465
Epoch [158/200] Total Loss: 96.7653
Epoch [159/200] Step [0/17] Loss: 5.6641 Bio: 1.0710
Epoch [159/200] Total Loss: 96.4251
Epoch [160/200] Step [0/17] Loss: 5.7838 Bio: 0.9164
Epoch [160/200] Total Loss: 96.8317
Epoch [161/200] Step [0/17] Loss: 5.6076 Bio: 0.8532
Epoch [161/200] Total Loss: 95.5232
Epoch [162/200] Step [0/17] Loss: 5.6541 Bio: 0.8484
Epoch [162/200] Total Loss: 97.4398
Epoch [163/200] Step [0/17] Loss: 5.6251 Bio: 0.8910
Epoch [163/200] Total Loss: 97.2013
Epoch [164/200] Step [0/17] Loss: 5.9685 Bio: 0.7122
Epoch [164/200] Total Loss: 96.5610
Epoch [165/200] Step [0/17] Loss: 5.5914 Bio: 0.8959
Epoch [165/200] Total Loss: 96.3058
Epoch [166/200] Step [0/17] Loss: 5.8529 Bio: 0.9184
Epoch [166/200] Total Loss: 95.9083
Epoch [167/200] Step [0/17] Loss: 5.7289 Bio: 1.0997
Epoch [167/200] Total Loss: 96.4309
Epoch [168/200] Step [0/17] Loss: 5.7263 Bio: 0.8570
Epoch [168/200] Total Loss: 95.0473
Epoch [169/200] Step [0/17] Loss: 5.6279 Bio: 0.9382
Epoch [169/200] Total Loss: 95.2189
Epoch [170/200] Step [0/17] Loss: 5.6190 Bio: 0.9480
Epoch [170/200] Total Loss: 95.5631
Epoch [171/200] Step [0/17] Loss: 5.8787 Bio: 0.8807
Epoch [171/200] Total Loss: 96.3614
Epoch [172/200] Step [0/17] Loss: 5.8670 Bio: 0.8790
Epoch [172/200] Total Loss: 96.9826
Epoch [173/200] Step [0/17] Loss: 5.7167 Bio: 1.1046
Epoch [173/200] Total Loss: 96.4491
Epoch [174/200] Step [0/17] Loss: 5.6415 Bio: 0.9464
Epoch [174/200] Total Loss: 96.9564
Epoch [175/200] Step [0/17] Loss: 5.7738 Bio: 1.0366
Epoch [175/200] Total Loss: 96.4980
Epoch [176/200] Step [0/17] Loss: 5.8234 Bio: 0.9586
Epoch [176/200] Total Loss: 94.3664
Epoch [177/200] Step [0/17] Loss: 5.8252 Bio: 0.9072
Epoch [177/200] Total Loss: 94.1907
Epoch [178/200] Step [0/17] Loss: 5.8372 Bio: 0.9340
Epoch [178/200] Total Loss: 95.5820
Epoch [179/200] Step [0/17] Loss: 5.7766 Bio: 0.8584
Epoch [179/200] Total Loss: 95.0682
Epoch [180/200] Step [0/17] Loss: 5.7267 Bio: 0.8970
Epoch [180/200] Total Loss: 95.7360
Epoch [181/200] Step [0/17] Loss: 5.7688 Bio: 0.9094
Epoch [181/200] Total Loss: 95.1179
Epoch [182/200] Step [0/17] Loss: 5.6777 Bio: 0.8716
Epoch [182/200] Total Loss: 95.1972
Epoch [183/200] Step [0/17] Loss: 5.8480 Bio: 0.7929
Epoch [183/200] Total Loss: 95.7011
Epoch [184/200] Step [0/17] Loss: 5.6960 Bio: 0.9470
Epoch [184/200] Total Loss: 96.1609
Epoch [185/200] Step [0/17] Loss: 5.7524 Bio: 0.8733
Epoch [185/200] Total Loss: 94.7439
Epoch [186/200] Step [0/17] Loss: 5.6554 Bio: 0.9994
Epoch [186/200] Total Loss: 95.4254
Epoch [187/200] Step [0/17] Loss: 5.6383 Bio: 1.1764
Epoch [187/200] Total Loss: 95.3096
Epoch [188/200] Step [0/17] Loss: 5.7436 Bio: 0.9784
Epoch [188/200] Total Loss: 94.6128
Epoch [189/200] Step [0/17] Loss: 5.7481 Bio: 0.8740
Epoch [189/200] Total Loss: 97.1362
Epoch [190/200] Step [0/17] Loss: 5.8036 Bio: 0.9265
Epoch [190/200] Total Loss: 96.8947
Epoch [191/200] Step [0/17] Loss: 5.8023 Bio: 1.1311
Epoch [191/200] Total Loss: 94.5956
Epoch [192/200] Step [0/17] Loss: 5.7224 Bio: 0.9942
Epoch [192/200] Total Loss: 94.9840
Epoch [193/200] Step [0/17] Loss: 5.6549 Bio: 0.8591
Epoch [193/200] Total Loss: 95.1341
Epoch [194/200] Step [0/17] Loss: 5.9443 Bio: 0.8608
Epoch [194/200] Total Loss: 97.0373
Epoch [195/200] Step [0/17] Loss: 5.5939 Bio: 0.9442
Epoch [195/200] Total Loss: 95.6854
Epoch [196/200] Step [0/17] Loss: 5.7868 Bio: 1.0537
Epoch [196/200] Total Loss: 96.2550
Epoch [197/200] Step [0/17] Loss: 5.5778 Bio: 0.8988
Epoch [197/200] Total Loss: 94.7587
Epoch [198/200] Step [0/17] Loss: 5.7466 Bio: 0.9199
Epoch [198/200] Total Loss: 95.7854
Epoch [199/200] Step [0/17] Loss: 5.8137 Bio: 0.7253
Epoch [199/200] Total Loss: 94.6017
Linear training complete.
--- Linear 3plus_angio RESULTS ---
============================================================
CLUSTERING EVALUATION
============================================================
✅ Loaded ground truth from ground_truth_BRCA.csv
   Total patients with labels: 803

📂 Loading model from save/model_combo_linear_3plus_angio/checkpoint_200.tar...
✅ Model loaded successfully

📊 Loading data for BRCA...
[dataloader] No bio_anchor_file specified — loading omics only
✅ Data loaded successfully

🔮 Getting predictions...
✅ Predictions obtained: 1031 samples

🔍 Filtering to patients with ground truth...
   Patients with both predictions and ground truth: 803
   Final evaluation size: 803 patients

📈 Computing metrics...

============================================================
RESULTS
============================================================
ARI                 : 0.3179
NMI                 : 0.4706
V-measure           : 0.4706
============================================================

📊 Creating visualizations...
Saved confusion matrix to results/BRCA_confusion_matrix.png
Saved distribution plot to results/BRCA_cluster_distribution.png
Computing t-SNE (this may take a minute)...
Saved t-SNE plot to results/BRCA_tsne.png

💾 Saved results to results/BRCA_evaluation.csv

✅ Evaluation complete!
==============================
Running: 3plus_dna_repair | dim=4
==============================
MLP Bio-Anchor Head (bio_dim -> 64 -> bio_dim)
Cancer: BRCA | bio_dim: 4 | lambda_bio: 0.1
Bio anchor file: bio_anchors_BRCA_combo_3plus_dna_repair_score.csv
[dataloader] Loaded bio-anchors from bio_anchors_BRCA_combo_3plus_dna_repair_score.csv: torch.Size([1031, 4])
Cluster number: 5
Epoch [0/200] Step [0/17] Loss: 7.1424 Bio: 1.0859
Epoch [0/200] Total Loss: 118.9245
Epoch [1/200] Step [0/17] Loss: 7.1427 Bio: 1.0879
Epoch [1/200] Total Loss: 119.0243
Epoch [2/200] Step [0/17] Loss: 7.1240 Bio: 1.0738
Epoch [2/200] Total Loss: 118.0410
Epoch [3/200] Step [0/17] Loss: 7.0384 Bio: 1.0690
Epoch [3/200] Total Loss: 116.1434
Epoch [4/200] Step [0/17] Loss: 6.9636 Bio: 0.9070
Epoch [4/200] Total Loss: 115.0303
Epoch [5/200] Step [0/17] Loss: 6.6153 Bio: 1.0089
Epoch [5/200] Total Loss: 113.7551
Epoch [6/200] Step [0/17] Loss: 6.7627 Bio: 1.0191
Epoch [6/200] Total Loss: 112.7755
Epoch [7/200] Step [0/17] Loss: 6.8786 Bio: 1.0428
Epoch [7/200] Total Loss: 112.5727
Epoch [8/200] Step [0/17] Loss: 6.5096 Bio: 0.9579
Epoch [8/200] Total Loss: 111.2265
Epoch [9/200] Step [0/17] Loss: 6.6996 Bio: 0.8256
Epoch [9/200] Total Loss: 110.2640
Epoch [10/200] Step [0/17] Loss: 6.4378 Bio: 0.9004
Epoch [10/200] Total Loss: 109.5361
Epoch [11/200] Step [0/17] Loss: 6.6166 Bio: 0.9836
Epoch [11/200] Total Loss: 109.1969
Epoch [12/200] Step [0/17] Loss: 6.5292 Bio: 0.8395
Epoch [12/200] Total Loss: 107.9823
Epoch [13/200] Step [0/17] Loss: 6.4208 Bio: 0.8473
Epoch [13/200] Total Loss: 109.1199
Epoch [14/200] Step [0/17] Loss: 6.6275 Bio: 0.9472
Epoch [14/200] Total Loss: 110.0113
Epoch [15/200] Step [0/17] Loss: 6.5630 Bio: 0.9316
Epoch [15/200] Total Loss: 109.4555
Epoch [16/200] Step [0/17] Loss: 6.5914 Bio: 0.9552
Epoch [16/200] Total Loss: 106.5769
Epoch [17/200] Step [0/17] Loss: 6.2939 Bio: 0.8115
Epoch [17/200] Total Loss: 107.6744
Epoch [18/200] Step [0/17] Loss: 6.6263 Bio: 0.7973
Epoch [18/200] Total Loss: 108.2147
Epoch [19/200] Step [0/17] Loss: 6.5757 Bio: 0.8541
Epoch [19/200] Total Loss: 106.4782
Epoch [20/200] Step [0/17] Loss: 6.5320 Bio: 1.1757
Epoch [20/200] Total Loss: 106.6720
Epoch [21/200] Step [0/17] Loss: 6.2589 Bio: 1.0159
Epoch [21/200] Total Loss: 106.9773
Epoch [22/200] Step [0/17] Loss: 6.4698 Bio: 0.8098
Epoch [22/200] Total Loss: 105.4936
Epoch [23/200] Step [0/17] Loss: 6.5211 Bio: 0.8681
Epoch [23/200] Total Loss: 107.3267
Epoch [24/200] Step [0/17] Loss: 6.1917 Bio: 1.0109
Epoch [24/200] Total Loss: 106.6154
Epoch [25/200] Step [0/17] Loss: 6.3404 Bio: 1.0461
Epoch [25/200] Total Loss: 105.8182
Epoch [26/200] Step [0/17] Loss: 6.0124 Bio: 0.9304
Epoch [26/200] Total Loss: 106.2538
Epoch [27/200] Step [0/17] Loss: 6.1196 Bio: 0.8970
Epoch [27/200] Total Loss: 103.8037
Epoch [28/200] Step [0/17] Loss: 6.2531 Bio: 1.1194
Epoch [28/200] Total Loss: 104.3560
Epoch [29/200] Step [0/17] Loss: 6.4505 Bio: 0.9181
Epoch [29/200] Total Loss: 105.2666
Epoch [30/200] Step [0/17] Loss: 6.5894 Bio: 0.8663
Epoch [30/200] Total Loss: 105.0671
Epoch [31/200] Step [0/17] Loss: 6.1339 Bio: 0.8413
Epoch [31/200] Total Loss: 104.3427
Epoch [32/200] Step [0/17] Loss: 6.2977 Bio: 0.8583
Epoch [32/200] Total Loss: 104.6853
Epoch [33/200] Step [0/17] Loss: 6.0321 Bio: 0.8687
Epoch [33/200] Total Loss: 105.2505
Epoch [34/200] Step [0/17] Loss: 6.1713 Bio: 0.9776
Epoch [34/200] Total Loss: 104.6757
Epoch [35/200] Step [0/17] Loss: 6.1579 Bio: 1.0958
Epoch [35/200] Total Loss: 104.1349
Epoch [36/200] Step [0/17] Loss: 6.0764 Bio: 0.9566
Epoch [36/200] Total Loss: 103.9518
Epoch [37/200] Step [0/17] Loss: 6.1084 Bio: 0.7877
Epoch [37/200] Total Loss: 104.9169
Epoch [38/200] Step [0/17] Loss: 6.1564 Bio: 0.8842
Epoch [38/200] Total Loss: 102.9111
Epoch [39/200] Step [0/17] Loss: 6.5878 Bio: 1.0627
Epoch [39/200] Total Loss: 103.4511
Epoch [40/200] Step [0/17] Loss: 5.9085 Bio: 0.8787
Epoch [40/200] Total Loss: 104.3419
Epoch [41/200] Step [0/17] Loss: 6.4365 Bio: 0.8567
Epoch [41/200] Total Loss: 104.6357
Epoch [42/200] Step [0/17] Loss: 6.2672 Bio: 0.9397
Epoch [42/200] Total Loss: 105.5792
Epoch [43/200] Step [0/17] Loss: 6.0748 Bio: 0.7707
Epoch [43/200] Total Loss: 104.3957
Epoch [44/200] Step [0/17] Loss: 6.0064 Bio: 0.8475
Epoch [44/200] Total Loss: 104.4576
Epoch [45/200] Step [0/17] Loss: 6.3274 Bio: 0.8979
Epoch [45/200] Total Loss: 103.1934
Epoch [46/200] Step [0/17] Loss: 6.2663 Bio: 0.9438
Epoch [46/200] Total Loss: 102.6515
Epoch [47/200] Step [0/17] Loss: 6.0965 Bio: 0.8632
Epoch [47/200] Total Loss: 103.9794
Epoch [48/200] Step [0/17] Loss: 6.2026 Bio: 0.8588
Epoch [48/200] Total Loss: 102.3662
Epoch [49/200] Step [0/17] Loss: 6.1366 Bio: 0.9469
Epoch [49/200] Total Loss: 102.6472
Epoch [50/200] Step [0/17] Loss: 6.2885 Bio: 0.9211
Epoch [50/200] Total Loss: 102.8445
Epoch [51/200] Step [0/17] Loss: 6.2508 Bio: 0.9053
Epoch [51/200] Total Loss: 101.8149
Epoch [52/200] Step [0/17] Loss: 6.2445 Bio: 0.9442
Epoch [52/200] Total Loss: 103.9992
Epoch [53/200] Step [0/17] Loss: 6.1790 Bio: 0.9258
Epoch [53/200] Total Loss: 102.5768
Epoch [54/200] Step [0/17] Loss: 6.6113 Bio: 0.8746
Epoch [54/200] Total Loss: 101.5762
Epoch [55/200] Step [0/17] Loss: 6.1379 Bio: 0.8871
Epoch [55/200] Total Loss: 103.4039
Epoch [56/200] Step [0/17] Loss: 5.9724 Bio: 0.9818
Epoch [56/200] Total Loss: 102.1385
Epoch [57/200] Step [0/17] Loss: 6.1662 Bio: 0.9630
Epoch [57/200] Total Loss: 102.3285
Epoch [58/200] Step [0/17] Loss: 6.0748 Bio: 0.9517
Epoch [58/200] Total Loss: 101.2737
Epoch [59/200] Step [0/17] Loss: 6.2836 Bio: 1.0897
Epoch [59/200] Total Loss: 102.6010
Epoch [60/200] Step [0/17] Loss: 5.9658 Bio: 0.9276
Epoch [60/200] Total Loss: 101.2177
Epoch [61/200] Step [0/17] Loss: 6.0146 Bio: 0.8843
Epoch [61/200] Total Loss: 100.5640
Epoch [62/200] Step [0/17] Loss: 6.0780 Bio: 0.7889
Epoch [62/200] Total Loss: 101.0388
Epoch [63/200] Step [0/17] Loss: 6.2882 Bio: 0.9296
Epoch [63/200] Total Loss: 101.4532
Epoch [64/200] Step [0/17] Loss: 6.3024 Bio: 0.8187
Epoch [64/200] Total Loss: 99.4358
Epoch [65/200] Step [0/17] Loss: 6.1584 Bio: 0.8704
Epoch [65/200] Total Loss: 100.4410
Epoch [66/200] Step [0/17] Loss: 6.0082 Bio: 0.9147
Epoch [66/200] Total Loss: 100.0689
Epoch [67/200] Step [0/17] Loss: 6.1246 Bio: 0.9864
Epoch [67/200] Total Loss: 100.4443
Epoch [68/200] Step [0/17] Loss: 5.8670 Bio: 0.8891
Epoch [68/200] Total Loss: 101.0663
Epoch [69/200] Step [0/17] Loss: 6.0380 Bio: 0.8921
Epoch [69/200] Total Loss: 100.0200
Epoch [70/200] Step [0/17] Loss: 6.1649 Bio: 0.8266
Epoch [70/200] Total Loss: 99.6636
Epoch [71/200] Step [0/17] Loss: 5.9367 Bio: 0.9711
Epoch [71/200] Total Loss: 100.2009
Epoch [72/200] Step [0/17] Loss: 6.0257 Bio: 0.9494
Epoch [72/200] Total Loss: 100.2106
Epoch [73/200] Step [0/17] Loss: 6.0295 Bio: 0.9628
Epoch [73/200] Total Loss: 100.5609
Epoch [74/200] Step [0/17] Loss: 5.9072 Bio: 0.8360
Epoch [74/200] Total Loss: 99.3178
Epoch [75/200] Step [0/17] Loss: 5.9252 Bio: 0.9989
Epoch [75/200] Total Loss: 100.0193
Epoch [76/200] Step [0/17] Loss: 6.0350 Bio: 0.8586
Epoch [76/200] Total Loss: 99.7558
Epoch [77/200] Step [0/17] Loss: 5.9581 Bio: 0.9279
Epoch [77/200] Total Loss: 100.3974
Epoch [78/200] Step [0/17] Loss: 5.8784 Bio: 0.9809
Epoch [78/200] Total Loss: 99.8780
Epoch [79/200] Step [0/17] Loss: 6.1007 Bio: 0.8937
Epoch [79/200] Total Loss: 100.1775
Epoch [80/200] Step [0/17] Loss: 5.7101 Bio: 0.7587
Epoch [80/200] Total Loss: 99.5492
Epoch [81/200] Step [0/17] Loss: 6.2144 Bio: 0.8728
Epoch [81/200] Total Loss: 100.0756
Epoch [82/200] Step [0/17] Loss: 5.7590 Bio: 0.9748
Epoch [82/200] Total Loss: 99.7769
Epoch [83/200] Step [0/17] Loss: 6.1485 Bio: 0.7726
Epoch [83/200] Total Loss: 98.9300
Epoch [84/200] Step [0/17] Loss: 5.6908 Bio: 0.8627
Epoch [84/200] Total Loss: 99.1847
Epoch [85/200] Step [0/17] Loss: 6.3362 Bio: 0.8063
Epoch [85/200] Total Loss: 99.2272
Epoch [86/200] Step [0/17] Loss: 5.8361 Bio: 0.8296
Epoch [86/200] Total Loss: 100.6904
Epoch [87/200] Step [0/17] Loss: 5.8646 Bio: 0.8480
Epoch [87/200] Total Loss: 100.4391
Epoch [88/200] Step [0/17] Loss: 5.8434 Bio: 0.8205
Epoch [88/200] Total Loss: 99.5624
Epoch [89/200] Step [0/17] Loss: 5.9381 Bio: 0.8249
Epoch [89/200] Total Loss: 99.0735
Epoch [90/200] Step [0/17] Loss: 5.7977 Bio: 0.9174
Epoch [90/200] Total Loss: 99.2351
Epoch [91/200] Step [0/17] Loss: 5.7761 Bio: 0.7615
Epoch [91/200] Total Loss: 99.0613
Epoch [92/200] Step [0/17] Loss: 5.8852 Bio: 0.8209
Epoch [92/200] Total Loss: 97.7157
Epoch [93/200] Step [0/17] Loss: 5.9566 Bio: 1.2061
Epoch [93/200] Total Loss: 98.3351
Epoch [94/200] Step [0/17] Loss: 5.8315 Bio: 0.9234
Epoch [94/200] Total Loss: 98.5140
Epoch [95/200] Step [0/17] Loss: 6.0638 Bio: 0.8106
Epoch [95/200] Total Loss: 98.5965
Epoch [96/200] Step [0/17] Loss: 5.7682 Bio: 0.8471
Epoch [96/200] Total Loss: 99.0068
Epoch [97/200] Step [0/17] Loss: 5.8248 Bio: 1.0686
Epoch [97/200] Total Loss: 96.9411
Epoch [98/200] Step [0/17] Loss: 6.0801 Bio: 0.8609
Epoch [98/200] Total Loss: 97.0666
Epoch [99/200] Step [0/17] Loss: 5.7391 Bio: 0.8602
Epoch [99/200] Total Loss: 97.8765
Epoch [100/200] Step [0/17] Loss: 5.9727 Bio: 0.7894
Epoch [100/200] Total Loss: 96.7818
Epoch [101/200] Step [0/17] Loss: 5.9119 Bio: 0.9323
Epoch [101/200] Total Loss: 96.8324
Epoch [102/200] Step [0/17] Loss: 5.8411 Bio: 0.8691
Epoch [102/200] Total Loss: 98.8348
Epoch [103/200] Step [0/17] Loss: 5.9575 Bio: 0.9000
Epoch [103/200] Total Loss: 99.4251
Epoch [104/200] Step [0/17] Loss: 5.7034 Bio: 0.8665
Epoch [104/200] Total Loss: 96.2268
Epoch [105/200] Step [0/17] Loss: 6.1863 Bio: 0.7733
Epoch [105/200] Total Loss: 98.9960
Epoch [106/200] Step [0/17] Loss: 6.1730 Bio: 0.8482
Epoch [106/200] Total Loss: 97.4690
Epoch [107/200] Step [0/17] Loss: 5.7924 Bio: 0.8648
Epoch [107/200] Total Loss: 98.0837
Epoch [108/200] Step [0/17] Loss: 5.7296 Bio: 0.8856
Epoch [108/200] Total Loss: 97.4406
Epoch [109/200] Step [0/17] Loss: 6.1141 Bio: 0.8879
Epoch [109/200] Total Loss: 97.1358
Epoch [110/200] Step [0/17] Loss: 5.7998 Bio: 0.9452
Epoch [110/200] Total Loss: 98.9135
Epoch [111/200] Step [0/17] Loss: 5.9238 Bio: 0.8061
Epoch [111/200] Total Loss: 97.5688
Epoch [112/200] Step [0/17] Loss: 6.0111 Bio: 0.8527
Epoch [112/200] Total Loss: 97.5861
Epoch [113/200] Step [0/17] Loss: 5.9966 Bio: 0.7325
Epoch [113/200] Total Loss: 98.0526
Epoch [114/200] Step [0/17] Loss: 5.8785 Bio: 0.9664
Epoch [114/200] Total Loss: 98.3764
Epoch [115/200] Step [0/17] Loss: 5.7658 Bio: 0.7798
Epoch [115/200] Total Loss: 97.6796
Epoch [116/200] Step [0/17] Loss: 5.8059 Bio: 0.8853
Epoch [116/200] Total Loss: 97.3475
Epoch [117/200] Step [0/17] Loss: 5.5706 Bio: 0.9599
Epoch [117/200] Total Loss: 97.6835
Epoch [118/200] Step [0/17] Loss: 5.7907 Bio: 0.8422
Epoch [118/200] Total Loss: 97.7991
Epoch [119/200] Step [0/17] Loss: 5.9234 Bio: 1.0127
Epoch [119/200] Total Loss: 98.0998
Epoch [120/200] Step [0/17] Loss: 5.9617 Bio: 0.8801
Epoch [120/200] Total Loss: 97.5273
Epoch [121/200] Step [0/17] Loss: 5.8841 Bio: 0.9094
Epoch [121/200] Total Loss: 97.2927
Epoch [122/200] Step [0/17] Loss: 5.6675 Bio: 0.8926
Epoch [122/200] Total Loss: 96.5658
Epoch [123/200] Step [0/17] Loss: 5.9199 Bio: 0.9157
Epoch [123/200] Total Loss: 97.0589
Epoch [124/200] Step [0/17] Loss: 6.0422 Bio: 0.8450
Epoch [124/200] Total Loss: 97.1236
Epoch [125/200] Step [0/17] Loss: 5.9390 Bio: 0.9025
Epoch [125/200] Total Loss: 96.6572
Epoch [126/200] Step [0/17] Loss: 5.8955 Bio: 0.7936
Epoch [126/200] Total Loss: 97.4292
Epoch [127/200] Step [0/17] Loss: 5.7742 Bio: 0.6562
Epoch [127/200] Total Loss: 99.0972
Epoch [128/200] Step [0/17] Loss: 5.7516 Bio: 1.2609
Epoch [128/200] Total Loss: 98.6169
Epoch [129/200] Step [0/17] Loss: 5.8242 Bio: 0.8500
Epoch [129/200] Total Loss: 96.1548
Epoch [130/200] Step [0/17] Loss: 5.5885 Bio: 0.9439
Epoch [130/200] Total Loss: 96.8317
Epoch [131/200] Step [0/17] Loss: 5.7510 Bio: 0.7728
Epoch [131/200] Total Loss: 97.0732
Epoch [132/200] Step [0/17] Loss: 5.8387 Bio: 0.9288
Epoch [132/200] Total Loss: 97.2470
Epoch [133/200] Step [0/17] Loss: 6.1609 Bio: 0.8581
Epoch [133/200] Total Loss: 98.2640
Epoch [134/200] Step [0/17] Loss: 5.6792 Bio: 0.9755
Epoch [134/200] Total Loss: 97.8122
Epoch [135/200] Step [0/17] Loss: 5.8560 Bio: 0.9795
Epoch [135/200] Total Loss: 97.5249
Epoch [136/200] Step [0/17] Loss: 5.8699 Bio: 0.7569
Epoch [136/200] Total Loss: 96.0016
Epoch [137/200] Step [0/17] Loss: 6.0736 Bio: 0.9016
Epoch [137/200] Total Loss: 98.0096
Epoch [138/200] Step [0/17] Loss: 5.9434 Bio: 0.7544
Epoch [138/200] Total Loss: 96.3845
Epoch [139/200] Step [0/17] Loss: 5.7578 Bio: 0.8844
Epoch [139/200] Total Loss: 96.2530
Epoch [140/200] Step [0/17] Loss: 6.0626 Bio: 0.7559
Epoch [140/200] Total Loss: 98.0443
Epoch [141/200] Step [0/17] Loss: 5.7921 Bio: 0.7754
Epoch [141/200] Total Loss: 96.4737
Epoch [142/200] Step [0/17] Loss: 5.5878 Bio: 0.8887
Epoch [142/200] Total Loss: 94.8704
Epoch [143/200] Step [0/17] Loss: 6.0232 Bio: 0.9066
Epoch [143/200] Total Loss: 98.0089
Epoch [144/200] Step [0/17] Loss: 5.9413 Bio: 0.8417
Epoch [144/200] Total Loss: 95.3956
Epoch [145/200] Step [0/17] Loss: 5.5864 Bio: 0.8687
Epoch [145/200] Total Loss: 96.5964
Epoch [146/200] Step [0/17] Loss: 5.6156 Bio: 0.9199
Epoch [146/200] Total Loss: 96.5470
Epoch [147/200] Step [0/17] Loss: 5.6881 Bio: 0.8288
Epoch [147/200] Total Loss: 96.6246
Epoch [148/200] Step [0/17] Loss: 5.8332 Bio: 0.8328
Epoch [148/200] Total Loss: 96.6884
Epoch [149/200] Step [0/17] Loss: 5.7433 Bio: 0.8109
Epoch [149/200] Total Loss: 96.7816
Epoch [150/200] Step [0/17] Loss: 5.8856 Bio: 0.7477
Epoch [150/200] Total Loss: 96.8571
Epoch [151/200] Step [0/17] Loss: 5.7661 Bio: 0.8574
Epoch [151/200] Total Loss: 97.5020
Epoch [152/200] Step [0/17] Loss: 5.8856 Bio: 0.8332
Epoch [152/200] Total Loss: 95.8587
Epoch [153/200] Step [0/17] Loss: 5.7953 Bio: 0.8727
Epoch [153/200] Total Loss: 97.4146
Epoch [154/200] Step [0/17] Loss: 5.7487 Bio: 0.7684
Epoch [154/200] Total Loss: 95.8425
Epoch [155/200] Step [0/17] Loss: 5.8716 Bio: 0.7998
Epoch [155/200] Total Loss: 96.2778
Epoch [156/200] Step [0/17] Loss: 5.7481 Bio: 0.9304
Epoch [156/200] Total Loss: 96.1408
Epoch [157/200] Step [0/17] Loss: 5.8061 Bio: 0.7779
Epoch [157/200] Total Loss: 96.3187
Epoch [158/200] Step [0/17] Loss: 5.8589 Bio: 0.8854
Epoch [158/200] Total Loss: 96.3459
Epoch [159/200] Step [0/17] Loss: 5.7637 Bio: 0.9068
Epoch [159/200] Total Loss: 95.9627
Epoch [160/200] Step [0/17] Loss: 5.9319 Bio: 0.8097
Epoch [160/200] Total Loss: 96.6781
Epoch [161/200] Step [0/17] Loss: 5.5603 Bio: 0.9033
Epoch [161/200] Total Loss: 96.4222
Epoch [162/200] Step [0/17] Loss: 5.8630 Bio: 0.9332
Epoch [162/200] Total Loss: 96.7640
Epoch [163/200] Step [0/17] Loss: 5.8609 Bio: 0.7926
Epoch [163/200] Total Loss: 95.4999
Epoch [164/200] Step [0/17] Loss: 5.8339 Bio: 0.8741
Epoch [164/200] Total Loss: 97.9148
Epoch [165/200] Step [0/17] Loss: 5.4739 Bio: 0.8666
Epoch [165/200] Total Loss: 95.3883
Epoch [166/200] Step [0/17] Loss: 5.8187 Bio: 1.1201
Epoch [166/200] Total Loss: 95.6007
Epoch [167/200] Step [0/17] Loss: 5.7833 Bio: 0.9177
Epoch [167/200] Total Loss: 97.0418
Epoch [168/200] Step [0/17] Loss: 5.7107 Bio: 0.9604
Epoch [168/200] Total Loss: 96.6887
Epoch [169/200] Step [0/17] Loss: 5.8212 Bio: 0.7796
Epoch [169/200] Total Loss: 95.4134
Epoch [170/200] Step [0/17] Loss: 5.9820 Bio: 0.8982
Epoch [170/200] Total Loss: 97.3291
Epoch [171/200] Step [0/17] Loss: 5.9235 Bio: 0.9424
Epoch [171/200] Total Loss: 97.0262
Epoch [172/200] Step [0/17] Loss: 5.6644 Bio: 0.7845
Epoch [172/200] Total Loss: 95.7676
Epoch [173/200] Step [0/17] Loss: 5.7776 Bio: 0.8099
Epoch [173/200] Total Loss: 95.2957
Epoch [174/200] Step [0/17] Loss: 5.6474 Bio: 0.9696
Epoch [174/200] Total Loss: 96.2518
Epoch [175/200] Step [0/17] Loss: 5.6880 Bio: 0.7008
Epoch [175/200] Total Loss: 96.2282
Epoch [176/200] Step [0/17] Loss: 5.8022 Bio: 0.9482
Epoch [176/200] Total Loss: 96.6011
Epoch [177/200] Step [0/17] Loss: 5.6390 Bio: 0.8019
Epoch [177/200] Total Loss: 95.4206
Epoch [178/200] Step [0/17] Loss: 5.7508 Bio: 0.9690
Epoch [178/200] Total Loss: 96.3332
Epoch [179/200] Step [0/17] Loss: 5.6408 Bio: 0.7275
Epoch [179/200] Total Loss: 96.5019
Epoch [180/200] Step [0/17] Loss: 5.8728 Bio: 0.7852
Epoch [180/200] Total Loss: 96.5400
Epoch [181/200] Step [0/17] Loss: 5.9161 Bio: 0.9315
Epoch [181/200] Total Loss: 96.3139
Epoch [182/200] Step [0/17] Loss: 5.7118 Bio: 0.9075
Epoch [182/200] Total Loss: 95.0707
Epoch [183/200] Step [0/17] Loss: 5.5596 Bio: 0.7679
Epoch [183/200] Total Loss: 96.1545
Epoch [184/200] Step [0/17] Loss: 5.6593 Bio: 0.9316
Epoch [184/200] Total Loss: 95.8019
Epoch [185/200] Step [0/17] Loss: 5.7625 Bio: 0.8808
Epoch [185/200] Total Loss: 97.4106
Epoch [186/200] Step [0/17] Loss: 5.7939 Bio: 0.7511
Epoch [186/200] Total Loss: 95.6593
Epoch [187/200] Step [0/17] Loss: 5.6694 Bio: 0.7924
Epoch [187/200] Total Loss: 96.8927
Epoch [188/200] Step [0/17] Loss: 5.7041 Bio: 0.9479
Epoch [188/200] Total Loss: 95.7230
Epoch [189/200] Step [0/17] Loss: 5.8745 Bio: 0.7397
Epoch [189/200] Total Loss: 95.7262
Epoch [190/200] Step [0/17] Loss: 6.0577 Bio: 0.8101
Epoch [190/200] Total Loss: 95.3406
Epoch [191/200] Step [0/17] Loss: 5.6708 Bio: 0.8446
Epoch [191/200] Total Loss: 96.1223
Epoch [192/200] Step [0/17] Loss: 5.8590 Bio: 0.9365
Epoch [192/200] Total Loss: 94.6720
Epoch [193/200] Step [0/17] Loss: 5.7828 Bio: 0.8647
Epoch [193/200] Total Loss: 95.5925
Epoch [194/200] Step [0/17] Loss: 5.5649 Bio: 0.9003
Epoch [194/200] Total Loss: 95.7446
Epoch [195/200] Step [0/17] Loss: 5.8706 Bio: 0.7553
Epoch [195/200] Total Loss: 94.9862
Epoch [196/200] Step [0/17] Loss: 5.6485 Bio: 0.7581
Epoch [196/200] Total Loss: 95.0543
Epoch [197/200] Step [0/17] Loss: 5.5866 Bio: 0.7563
Epoch [197/200] Total Loss: 96.3577
Epoch [198/200] Step [0/17] Loss: 5.7095 Bio: 0.9644
Epoch [198/200] Total Loss: 96.1527
Epoch [199/200] Step [0/17] Loss: 5.6253 Bio: 0.7293
Epoch [199/200] Total Loss: 95.2683
MLP training complete.
--- MLP 3plus_dna_repair RESULTS ---
============================================================
CLUSTERING EVALUATION
============================================================
✅ Loaded ground truth from ground_truth_BRCA.csv
   Total patients with labels: 803

📂 Loading model from save/model_combo_mlp_3plus_dna_repair/checkpoint_200.tar...
✅ Model loaded successfully

📊 Loading data for BRCA...
[dataloader] No bio_anchor_file specified — loading omics only
✅ Data loaded successfully

🔮 Getting predictions...
✅ Predictions obtained: 1031 samples

🔍 Filtering to patients with ground truth...
   Patients with both predictions and ground truth: 803
   Final evaluation size: 803 patients

📈 Computing metrics...

============================================================
RESULTS
============================================================
ARI                 : 0.3439
NMI                 : 0.4708
V-measure           : 0.4708
============================================================

📊 Creating visualizations...
Saved confusion matrix to results/BRCA_confusion_matrix.png
Saved distribution plot to results/BRCA_cluster_distribution.png
Computing t-SNE (this may take a minute)...
Saved t-SNE plot to results/BRCA_tsne.png

💾 Saved results to results/BRCA_evaluation.csv

✅ Evaluation complete!
Linear Bio-Anchor Head
Cancer: BRCA | bio_dim: 4 | lambda_bio: 0.1
Bio anchor file: bio_anchors_BRCA_combo_3plus_dna_repair_score.csv
[dataloader] Loaded bio-anchors from bio_anchors_BRCA_combo_3plus_dna_repair_score.csv: torch.Size([1031, 4])
Cluster number: 5
Epoch [0/200] Step [0/17] Loss: 7.1463 Bio: 1.1234
Epoch [0/200] Total Loss: 118.9633
Epoch [1/200] Step [0/17] Loss: 7.1358 Bio: 1.0246
Epoch [1/200] Total Loss: 119.0666
Epoch [2/200] Step [0/17] Loss: 7.1327 Bio: 0.9919
Epoch [2/200] Total Loss: 118.9398
Epoch [3/200] Step [0/17] Loss: 7.0763 Bio: 1.0420
Epoch [3/200] Total Loss: 117.6714
Epoch [4/200] Step [0/17] Loss: 7.2372 Bio: 1.0729
Epoch [4/200] Total Loss: 116.9793
Epoch [5/200] Step [0/17] Loss: 6.8758 Bio: 1.0655
Epoch [5/200] Total Loss: 115.1412
Epoch [6/200] Step [0/17] Loss: 6.8886 Bio: 1.0619
Epoch [6/200] Total Loss: 113.1492
Epoch [7/200] Step [0/17] Loss: 6.7474 Bio: 0.9929
Epoch [7/200] Total Loss: 111.1954
Epoch [8/200] Step [0/17] Loss: 6.7504 Bio: 1.0452
Epoch [8/200] Total Loss: 111.6395
Epoch [9/200] Step [0/17] Loss: 6.7168 Bio: 1.0740
Epoch [9/200] Total Loss: 109.2124
Epoch [10/200] Step [0/17] Loss: 6.6731 Bio: 1.0647
Epoch [10/200] Total Loss: 109.6827
Epoch [11/200] Step [0/17] Loss: 6.6956 Bio: 1.0749
Epoch [11/200] Total Loss: 109.0167
Epoch [12/200] Step [0/17] Loss: 6.6264 Bio: 0.8492
Epoch [12/200] Total Loss: 107.0380
Epoch [13/200] Step [0/17] Loss: 6.6832 Bio: 0.9446
Epoch [13/200] Total Loss: 108.1456
Epoch [14/200] Step [0/17] Loss: 6.4860 Bio: 1.1272
Epoch [14/200] Total Loss: 107.0134
Epoch [15/200] Step [0/17] Loss: 6.5271 Bio: 0.9205
Epoch [15/200] Total Loss: 106.7255
Epoch [16/200] Step [0/17] Loss: 6.4561 Bio: 0.9675
Epoch [16/200] Total Loss: 107.2325
Epoch [17/200] Step [0/17] Loss: 6.1388 Bio: 0.8948
Epoch [17/200] Total Loss: 106.2910
Epoch [18/200] Step [0/17] Loss: 6.6864 Bio: 0.9585
Epoch [18/200] Total Loss: 105.4395
Epoch [19/200] Step [0/17] Loss: 6.3305 Bio: 0.9114
Epoch [19/200] Total Loss: 106.6268
Epoch [20/200] Step [0/17] Loss: 6.7335 Bio: 0.9620
Epoch [20/200] Total Loss: 106.2314
Epoch [21/200] Step [0/17] Loss: 6.4501 Bio: 1.0615
Epoch [21/200] Total Loss: 104.8336
Epoch [22/200] Step [0/17] Loss: 6.2599 Bio: 1.1135
Epoch [22/200] Total Loss: 106.8289
Epoch [23/200] Step [0/17] Loss: 6.3768 Bio: 0.9960
Epoch [23/200] Total Loss: 104.3449
Epoch [24/200] Step [0/17] Loss: 6.2822 Bio: 1.0932
Epoch [24/200] Total Loss: 105.7849
Epoch [25/200] Step [0/17] Loss: 6.3751 Bio: 0.9232
Epoch [25/200] Total Loss: 105.3149
Epoch [26/200] Step [0/17] Loss: 6.2087 Bio: 1.1692
Epoch [26/200] Total Loss: 105.6952
Epoch [27/200] Step [0/17] Loss: 6.3959 Bio: 1.0459
Epoch [27/200] Total Loss: 105.5986
Epoch [28/200] Step [0/17] Loss: 6.6231 Bio: 1.0204
Epoch [28/200] Total Loss: 104.9964
Epoch [29/200] Step [0/17] Loss: 6.1512 Bio: 1.0780
Epoch [29/200] Total Loss: 106.0323
Epoch [30/200] Step [0/17] Loss: 6.2679 Bio: 1.0446
Epoch [30/200] Total Loss: 103.3350
Epoch [31/200] Step [0/17] Loss: 6.4961 Bio: 1.1601
Epoch [31/200] Total Loss: 104.7732
Epoch [32/200] Step [0/17] Loss: 6.3682 Bio: 1.1170
Epoch [32/200] Total Loss: 105.3573
Epoch [33/200] Step [0/17] Loss: 6.2541 Bio: 0.9367
Epoch [33/200] Total Loss: 103.9334
Epoch [34/200] Step [0/17] Loss: 6.3817 Bio: 1.0987
Epoch [34/200] Total Loss: 103.7378
Epoch [35/200] Step [0/17] Loss: 6.1792 Bio: 0.9069
Epoch [35/200] Total Loss: 104.1264
Epoch [36/200] Step [0/17] Loss: 6.0520 Bio: 0.9674
Epoch [36/200] Total Loss: 102.2771
Epoch [37/200] Step [0/17] Loss: 6.1965 Bio: 1.0833
Epoch [37/200] Total Loss: 103.3199
Epoch [38/200] Step [0/17] Loss: 6.2430 Bio: 0.9980
Epoch [38/200] Total Loss: 104.1264
Epoch [39/200] Step [0/17] Loss: 6.1069 Bio: 0.9397
Epoch [39/200] Total Loss: 103.5674
Epoch [40/200] Step [0/17] Loss: 6.7019 Bio: 1.1610
Epoch [40/200] Total Loss: 103.1781
Epoch [41/200] Step [0/17] Loss: 6.2132 Bio: 1.1489
Epoch [41/200] Total Loss: 102.2561
Epoch [42/200] Step [0/17] Loss: 6.2496 Bio: 0.9653
Epoch [42/200] Total Loss: 102.9361
Epoch [43/200] Step [0/17] Loss: 6.2734 Bio: 1.1309
Epoch [43/200] Total Loss: 103.7173
Epoch [44/200] Step [0/17] Loss: 5.9686 Bio: 0.8676
Epoch [44/200] Total Loss: 102.7294
Epoch [45/200] Step [0/17] Loss: 6.0663 Bio: 0.9680
Epoch [45/200] Total Loss: 103.6434
Epoch [46/200] Step [0/17] Loss: 6.1117 Bio: 1.2427
Epoch [46/200] Total Loss: 104.0254
Epoch [47/200] Step [0/17] Loss: 6.2125 Bio: 1.1253
Epoch [47/200] Total Loss: 102.0221
Epoch [48/200] Step [0/17] Loss: 6.1499 Bio: 1.0485
Epoch [48/200] Total Loss: 101.9737
Epoch [49/200] Step [0/17] Loss: 6.1728 Bio: 1.1902
Epoch [49/200] Total Loss: 103.2814
Epoch [50/200] Step [0/17] Loss: 6.3542 Bio: 1.0788
Epoch [50/200] Total Loss: 103.3098
Epoch [51/200] Step [0/17] Loss: 6.2264 Bio: 0.9043
Epoch [51/200] Total Loss: 101.2973
Epoch [52/200] Step [0/17] Loss: 5.8628 Bio: 0.9096
Epoch [52/200] Total Loss: 100.9825
Epoch [53/200] Step [0/17] Loss: 6.0815 Bio: 0.9370
Epoch [53/200] Total Loss: 102.6914
Epoch [54/200] Step [0/17] Loss: 6.2715 Bio: 0.9810
Epoch [54/200] Total Loss: 101.3374
Epoch [55/200] Step [0/17] Loss: 6.0821 Bio: 1.0018
Epoch [55/200] Total Loss: 102.9414
Epoch [56/200] Step [0/17] Loss: 5.9361 Bio: 1.1830
Epoch [56/200] Total Loss: 102.0115
Epoch [57/200] Step [0/17] Loss: 6.1666 Bio: 1.0465
Epoch [57/200] Total Loss: 101.1035
Epoch [58/200] Step [0/17] Loss: 6.0941 Bio: 1.0389
Epoch [58/200] Total Loss: 102.2780
Epoch [59/200] Step [0/17] Loss: 6.1178 Bio: 0.9608
Epoch [59/200] Total Loss: 101.8406
Epoch [60/200] Step [0/17] Loss: 5.9711 Bio: 1.0142
Epoch [60/200] Total Loss: 101.8238
Epoch [61/200] Step [0/17] Loss: 5.8768 Bio: 1.0084
Epoch [61/200] Total Loss: 101.0216
Epoch [62/200] Step [0/17] Loss: 6.0626 Bio: 0.9525
Epoch [62/200] Total Loss: 101.3479
Epoch [63/200] Step [0/17] Loss: 6.2628 Bio: 0.9189
Epoch [63/200] Total Loss: 101.7157
Epoch [64/200] Step [0/17] Loss: 6.1454 Bio: 0.9205
Epoch [64/200] Total Loss: 99.8613
Epoch [65/200] Step [0/17] Loss: 6.1007 Bio: 1.1644
Epoch [65/200] Total Loss: 101.8473
Epoch [66/200] Step [0/17] Loss: 5.9541 Bio: 0.9269
Epoch [66/200] Total Loss: 101.0550
Epoch [67/200] Step [0/17] Loss: 6.1252 Bio: 1.1350
Epoch [67/200] Total Loss: 100.3195
Epoch [68/200] Step [0/17] Loss: 5.8860 Bio: 0.9836
Epoch [68/200] Total Loss: 101.0159
Epoch [69/200] Step [0/17] Loss: 5.9500 Bio: 1.1529
Epoch [69/200] Total Loss: 100.3453
Epoch [70/200] Step [0/17] Loss: 5.8773 Bio: 0.9928
Epoch [70/200] Total Loss: 99.5920
Epoch [71/200] Step [0/17] Loss: 5.9867 Bio: 1.0088
Epoch [71/200] Total Loss: 99.0580
Epoch [72/200] Step [0/17] Loss: 5.9731 Bio: 0.9117
Epoch [72/200] Total Loss: 98.7090
Epoch [73/200] Step [0/17] Loss: 5.9714 Bio: 1.0728
Epoch [73/200] Total Loss: 100.1336
Epoch [74/200] Step [0/17] Loss: 5.9783 Bio: 1.0411
Epoch [74/200] Total Loss: 98.9793
Epoch [75/200] Step [0/17] Loss: 6.0650 Bio: 1.1310
Epoch [75/200] Total Loss: 100.2707
Epoch [76/200] Step [0/17] Loss: 6.1433 Bio: 0.9770
Epoch [76/200] Total Loss: 99.3513
Epoch [77/200] Step [0/17] Loss: 6.1989 Bio: 0.7978
Epoch [77/200] Total Loss: 99.2807
Epoch [78/200] Step [0/17] Loss: 6.1434 Bio: 0.9770
Epoch [78/200] Total Loss: 99.3066
Epoch [79/200] Step [0/17] Loss: 5.9853 Bio: 1.0286
Epoch [79/200] Total Loss: 101.0563
Epoch [80/200] Step [0/17] Loss: 5.8293 Bio: 0.7985
Epoch [80/200] Total Loss: 100.8817
Epoch [81/200] Step [0/17] Loss: 6.1423 Bio: 1.2210
Epoch [81/200] Total Loss: 99.2167
Epoch [82/200] Step [0/17] Loss: 5.9941 Bio: 1.0160
Epoch [82/200] Total Loss: 99.3380
Epoch [83/200] Step [0/17] Loss: 6.1278 Bio: 0.9896
Epoch [83/200] Total Loss: 99.1418
Epoch [84/200] Step [0/17] Loss: 5.8469 Bio: 0.9295
Epoch [84/200] Total Loss: 98.9675
Epoch [85/200] Step [0/17] Loss: 6.1160 Bio: 0.9394
Epoch [85/200] Total Loss: 97.8298
Epoch [86/200] Step [0/17] Loss: 5.9130 Bio: 1.1459
Epoch [86/200] Total Loss: 100.9469
Epoch [87/200] Step [0/17] Loss: 5.8471 Bio: 0.9549
Epoch [87/200] Total Loss: 98.6477
Epoch [88/200] Step [0/17] Loss: 5.8947 Bio: 0.9029
Epoch [88/200] Total Loss: 99.5962
Epoch [89/200] Step [0/17] Loss: 5.9356 Bio: 0.9402
Epoch [89/200] Total Loss: 99.6426
Epoch [90/200] Step [0/17] Loss: 5.9342 Bio: 1.0005
Epoch [90/200] Total Loss: 97.7489
Epoch [91/200] Step [0/17] Loss: 5.9404 Bio: 1.0583
Epoch [91/200] Total Loss: 98.9940
Epoch [92/200] Step [0/17] Loss: 5.9964 Bio: 0.8909
Epoch [92/200] Total Loss: 99.3843
Epoch [93/200] Step [0/17] Loss: 5.8202 Bio: 0.9971
Epoch [93/200] Total Loss: 97.4898
Epoch [94/200] Step [0/17] Loss: 5.8364 Bio: 0.8943
Epoch [94/200] Total Loss: 97.5507
Epoch [95/200] Step [0/17] Loss: 5.9050 Bio: 0.8432
Epoch [95/200] Total Loss: 98.7407
Epoch [96/200] Step [0/17] Loss: 5.7809 Bio: 1.0830
Epoch [96/200] Total Loss: 98.3235
Epoch [97/200] Step [0/17] Loss: 5.9033 Bio: 0.8817
Epoch [97/200] Total Loss: 98.6528
Epoch [98/200] Step [0/17] Loss: 5.7169 Bio: 1.1502
Epoch [98/200] Total Loss: 97.4381
Epoch [99/200] Step [0/17] Loss: 5.9054 Bio: 0.9301
Epoch [99/200] Total Loss: 97.7453
Epoch [100/200] Step [0/17] Loss: 5.7766 Bio: 1.0896
Epoch [100/200] Total Loss: 98.1997
Epoch [101/200] Step [0/17] Loss: 5.9242 Bio: 1.0843
Epoch [101/200] Total Loss: 96.8166
Epoch [102/200] Step [0/17] Loss: 5.7104 Bio: 1.0779
Epoch [102/200] Total Loss: 98.6661
Epoch [103/200] Step [0/17] Loss: 6.2477 Bio: 0.8344
Epoch [103/200] Total Loss: 98.9421
Epoch [104/200] Step [0/17] Loss: 6.0437 Bio: 0.9459
Epoch [104/200] Total Loss: 97.7053
Epoch [105/200] Step [0/17] Loss: 5.8664 Bio: 1.0324
Epoch [105/200] Total Loss: 98.7132
Epoch [106/200] Step [0/17] Loss: 5.8725 Bio: 0.8288
Epoch [106/200] Total Loss: 97.2386
Epoch [107/200] Step [0/17] Loss: 5.9909 Bio: 0.9458
Epoch [107/200] Total Loss: 98.3749
Epoch [108/200] Step [0/17] Loss: 6.0656 Bio: 1.2446
Epoch [108/200] Total Loss: 99.9791
Epoch [109/200] Step [0/17] Loss: 5.9188 Bio: 0.7956
Epoch [109/200] Total Loss: 97.7068
Epoch [110/200] Step [0/17] Loss: 5.7533 Bio: 1.1804
Epoch [110/200] Total Loss: 98.5540
Epoch [111/200] Step [0/17] Loss: 6.0076 Bio: 1.0302
Epoch [111/200] Total Loss: 97.4485
Epoch [112/200] Step [0/17] Loss: 5.7333 Bio: 1.1036
Epoch [112/200] Total Loss: 98.0740
Epoch [113/200] Step [0/17] Loss: 5.8772 Bio: 1.0000
Epoch [113/200] Total Loss: 99.7983
Epoch [114/200] Step [0/17] Loss: 5.8107 Bio: 0.9727
Epoch [114/200] Total Loss: 98.7657
Epoch [115/200] Step [0/17] Loss: 5.8550 Bio: 0.9296
Epoch [115/200] Total Loss: 97.8150
Epoch [116/200] Step [0/17] Loss: 6.1103 Bio: 1.1382
Epoch [116/200] Total Loss: 97.9900
Epoch [117/200] Step [0/17] Loss: 5.6396 Bio: 0.9095
Epoch [117/200] Total Loss: 96.7002
Epoch [118/200] Step [0/17] Loss: 5.9352 Bio: 1.0751
Epoch [118/200] Total Loss: 97.3860
Epoch [119/200] Step [0/17] Loss: 5.7983 Bio: 0.9876
Epoch [119/200] Total Loss: 96.7982
Epoch [120/200] Step [0/17] Loss: 5.8300 Bio: 1.0893
Epoch [120/200] Total Loss: 98.7642
Epoch [121/200] Step [0/17] Loss: 5.8101 Bio: 0.8831
Epoch [121/200] Total Loss: 96.7947
Epoch [122/200] Step [0/17] Loss: 5.8689 Bio: 0.9677
Epoch [122/200] Total Loss: 96.8362
Epoch [123/200] Step [0/17] Loss: 5.8751 Bio: 1.0865
Epoch [123/200] Total Loss: 97.4090
Epoch [124/200] Step [0/17] Loss: 5.9045 Bio: 1.0064
Epoch [124/200] Total Loss: 96.6657
Epoch [125/200] Step [0/17] Loss: 5.6889 Bio: 0.9398
Epoch [125/200] Total Loss: 96.6334
Epoch [126/200] Step [0/17] Loss: 5.9653 Bio: 0.9366
Epoch [126/200] Total Loss: 97.4922
Epoch [127/200] Step [0/17] Loss: 5.5398 Bio: 1.1201
Epoch [127/200] Total Loss: 96.4024
Epoch [128/200] Step [0/17] Loss: 5.6220 Bio: 0.8871
Epoch [128/200] Total Loss: 96.6347
Epoch [129/200] Step [0/17] Loss: 5.7962 Bio: 0.9423
Epoch [129/200] Total Loss: 96.6459
Epoch [130/200] Step [0/17] Loss: 5.9148 Bio: 0.8858
Epoch [130/200] Total Loss: 97.9308
Epoch [131/200] Step [0/17] Loss: 5.8610 Bio: 0.9274
Epoch [131/200] Total Loss: 95.8287
Epoch [132/200] Step [0/17] Loss: 5.7418 Bio: 1.0731
Epoch [132/200] Total Loss: 97.2449
Epoch [133/200] Step [0/17] Loss: 5.7574 Bio: 1.0532
Epoch [133/200] Total Loss: 99.1538
Epoch [134/200] Step [0/17] Loss: 5.6868 Bio: 0.9385
Epoch [134/200] Total Loss: 98.0313
Epoch [135/200] Step [0/17] Loss: 5.7334 Bio: 1.0320
Epoch [135/200] Total Loss: 97.0587
Epoch [136/200] Step [0/17] Loss: 5.8739 Bio: 0.9176
Epoch [136/200] Total Loss: 96.0899
Epoch [137/200] Step [0/17] Loss: 5.8302 Bio: 0.8436
Epoch [137/200] Total Loss: 97.2238
Epoch [138/200] Step [0/17] Loss: 5.6263 Bio: 1.1422
Epoch [138/200] Total Loss: 96.1537
Epoch [139/200] Step [0/17] Loss: 6.0558 Bio: 0.9141
Epoch [139/200] Total Loss: 96.6013
Epoch [140/200] Step [0/17] Loss: 5.8991 Bio: 1.2871
Epoch [140/200] Total Loss: 98.4159
Epoch [141/200] Step [0/17] Loss: 5.9292 Bio: 1.0880
Epoch [141/200] Total Loss: 97.9488
Epoch [142/200] Step [0/17] Loss: 5.9758 Bio: 0.8035
Epoch [142/200] Total Loss: 97.4090
Epoch [143/200] Step [0/17] Loss: 5.7636 Bio: 0.9173
Epoch [143/200] Total Loss: 97.5103
Epoch [144/200] Step [0/17] Loss: 5.8132 Bio: 0.8887
Epoch [144/200] Total Loss: 96.8218
Epoch [145/200] Step [0/17] Loss: 5.9460 Bio: 1.0813
Epoch [145/200] Total Loss: 96.7715
Epoch [146/200] Step [0/17] Loss: 5.7107 Bio: 1.0274
Epoch [146/200] Total Loss: 95.7569
Epoch [147/200] Step [0/17] Loss: 6.1454 Bio: 0.9802
Epoch [147/200] Total Loss: 97.0116
Epoch [148/200] Step [0/17] Loss: 5.5773 Bio: 0.9297
Epoch [148/200] Total Loss: 97.5642
Epoch [149/200] Step [0/17] Loss: 5.8010 Bio: 1.0604
Epoch [149/200] Total Loss: 95.9271
Epoch [150/200] Step [0/17] Loss: 5.7848 Bio: 1.1510
Epoch [150/200] Total Loss: 97.0772
Epoch [151/200] Step [0/17] Loss: 5.5978 Bio: 0.9382
Epoch [151/200] Total Loss: 95.7296
Epoch [152/200] Step [0/17] Loss: 5.9314 Bio: 1.0190
Epoch [152/200] Total Loss: 97.1471
Epoch [153/200] Step [0/17] Loss: 5.6704 Bio: 0.9716
Epoch [153/200] Total Loss: 97.7560
Epoch [154/200] Step [0/17] Loss: 5.8772 Bio: 0.8927
Epoch [154/200] Total Loss: 97.8231
Epoch [155/200] Step [0/17] Loss: 5.9897 Bio: 0.8810
Epoch [155/200] Total Loss: 96.2972
Epoch [156/200] Step [0/17] Loss: 5.8358 Bio: 0.9517
Epoch [156/200] Total Loss: 95.4281
Epoch [157/200] Step [0/17] Loss: 5.7856 Bio: 1.2138
Epoch [157/200] Total Loss: 97.5801
Epoch [158/200] Step [0/17] Loss: 5.6168 Bio: 0.9767
Epoch [158/200] Total Loss: 97.1375
Epoch [159/200] Step [0/17] Loss: 5.7698 Bio: 1.1271
Epoch [159/200] Total Loss: 96.7553
Epoch [160/200] Step [0/17] Loss: 5.7742 Bio: 1.0559
Epoch [160/200] Total Loss: 97.1710
Epoch [161/200] Step [0/17] Loss: 5.7157 Bio: 0.9424
Epoch [161/200] Total Loss: 95.9485
Epoch [162/200] Step [0/17] Loss: 5.6427 Bio: 0.8632
Epoch [162/200] Total Loss: 97.2158
Epoch [163/200] Step [0/17] Loss: 5.6793 Bio: 0.9789
Epoch [163/200] Total Loss: 97.5187
Epoch [164/200] Step [0/17] Loss: 6.0678 Bio: 0.9137
Epoch [164/200] Total Loss: 97.4269
Epoch [165/200] Step [0/17] Loss: 5.5636 Bio: 1.0126
Epoch [165/200] Total Loss: 96.7494
Epoch [166/200] Step [0/17] Loss: 5.9741 Bio: 1.1594
Epoch [166/200] Total Loss: 96.2325
Epoch [167/200] Step [0/17] Loss: 5.7603 Bio: 0.9836
Epoch [167/200] Total Loss: 97.4903
Epoch [168/200] Step [0/17] Loss: 5.7487 Bio: 1.0183
Epoch [168/200] Total Loss: 95.1444
Epoch [169/200] Step [0/17] Loss: 5.6401 Bio: 1.1738
Epoch [169/200] Total Loss: 95.6595
Epoch [170/200] Step [0/17] Loss: 5.6634 Bio: 1.1660
Epoch [170/200] Total Loss: 96.9097
Epoch [171/200] Step [0/17] Loss: 5.8967 Bio: 0.9415
Epoch [171/200] Total Loss: 97.2069
Epoch [172/200] Step [0/17] Loss: 5.8002 Bio: 0.9819
Epoch [172/200] Total Loss: 97.1048
Epoch [173/200] Step [0/17] Loss: 5.6987 Bio: 1.1387
Epoch [173/200] Total Loss: 96.8088
Epoch [174/200] Step [0/17] Loss: 5.6448 Bio: 1.0713
Epoch [174/200] Total Loss: 97.5766
Epoch [175/200] Step [0/17] Loss: 5.7777 Bio: 1.1232
Epoch [175/200] Total Loss: 97.1134
Epoch [176/200] Step [0/17] Loss: 5.8769 Bio: 0.9541
Epoch [176/200] Total Loss: 94.6720
Epoch [177/200] Step [0/17] Loss: 5.9438 Bio: 0.9844
Epoch [177/200] Total Loss: 94.6193
Epoch [178/200] Step [0/17] Loss: 5.9808 Bio: 1.0023
Epoch [178/200] Total Loss: 96.3013
Epoch [179/200] Step [0/17] Loss: 5.7770 Bio: 0.9310
Epoch [179/200] Total Loss: 95.3292
Epoch [180/200] Step [0/17] Loss: 5.6613 Bio: 0.9388
Epoch [180/200] Total Loss: 96.2740
Epoch [181/200] Step [0/17] Loss: 5.7366 Bio: 0.9505
Epoch [181/200] Total Loss: 94.9678
Epoch [182/200] Step [0/17] Loss: 5.6758 Bio: 0.9415
Epoch [182/200] Total Loss: 95.6053
Epoch [183/200] Step [0/17] Loss: 5.9554 Bio: 0.8724
Epoch [183/200] Total Loss: 95.6382
Epoch [184/200] Step [0/17] Loss: 5.8312 Bio: 1.0754
Epoch [184/200] Total Loss: 96.8421
Epoch [185/200] Step [0/17] Loss: 5.6922 Bio: 0.9435
Epoch [185/200] Total Loss: 95.3895
Epoch [186/200] Step [0/17] Loss: 5.6438 Bio: 1.0248
Epoch [186/200] Total Loss: 95.8846
Epoch [187/200] Step [0/17] Loss: 5.7228 Bio: 1.2971
Epoch [187/200] Total Loss: 94.8897
Epoch [188/200] Step [0/17] Loss: 5.7369 Bio: 1.0599
Epoch [188/200] Total Loss: 95.1448
Epoch [189/200] Step [0/17] Loss: 5.7255 Bio: 0.9742
Epoch [189/200] Total Loss: 97.3215
Epoch [190/200] Step [0/17] Loss: 5.6932 Bio: 1.0149
Epoch [190/200] Total Loss: 96.5919
Epoch [191/200] Step [0/17] Loss: 5.8299 Bio: 1.0634
Epoch [191/200] Total Loss: 94.8176
Epoch [192/200] Step [0/17] Loss: 5.7267 Bio: 1.0802
Epoch [192/200] Total Loss: 95.2463
Epoch [193/200] Step [0/17] Loss: 5.6222 Bio: 0.9440
Epoch [193/200] Total Loss: 95.4795
Epoch [194/200] Step [0/17] Loss: 5.9117 Bio: 0.9168
Epoch [194/200] Total Loss: 96.9498
Epoch [195/200] Step [0/17] Loss: 5.5572 Bio: 1.0361
Epoch [195/200] Total Loss: 95.5952
Epoch [196/200] Step [0/17] Loss: 5.7475 Bio: 1.1054
Epoch [196/200] Total Loss: 96.2466
Epoch [197/200] Step [0/17] Loss: 5.6778 Bio: 1.0941
Epoch [197/200] Total Loss: 95.2117
Epoch [198/200] Step [0/17] Loss: 5.7236 Bio: 0.9333
Epoch [198/200] Total Loss: 96.1803
Epoch [199/200] Step [0/17] Loss: 5.8616 Bio: 0.7798
Epoch [199/200] Total Loss: 95.4398
Linear training complete.
--- Linear 3plus_dna_repair RESULTS ---
============================================================
CLUSTERING EVALUATION
============================================================
✅ Loaded ground truth from ground_truth_BRCA.csv
   Total patients with labels: 803

📂 Loading model from save/model_combo_linear_3plus_dna_repair/checkpoint_200.tar...
✅ Model loaded successfully

📊 Loading data for BRCA...
[dataloader] No bio_anchor_file specified — loading omics only
✅ Data loaded successfully

🔮 Getting predictions...
✅ Predictions obtained: 1031 samples

🔍 Filtering to patients with ground truth...
   Patients with both predictions and ground truth: 803
   Final evaluation size: 803 patients

📈 Computing metrics...

============================================================
RESULTS
============================================================
ARI                 : 0.3600
NMI                 : 0.4729
V-measure           : 0.4729
============================================================

📊 Creating visualizations...
Saved confusion matrix to results/BRCA_confusion_matrix.png
Saved distribution plot to results/BRCA_cluster_distribution.png
Computing t-SNE (this may take a minute)...
Saved t-SNE plot to results/BRCA_tsne.png

💾 Saved results to results/BRCA_evaluation.csv

✅ Evaluation complete!
==============================
Running: 3plus_TMB | dim=4
==============================
MLP Bio-Anchor Head (bio_dim -> 64 -> bio_dim)
Cancer: BRCA | bio_dim: 4 | lambda_bio: 0.1
Bio anchor file: bio_anchors_BRCA_combo_3plus_TMB_score.csv
[dataloader] Loaded bio-anchors from bio_anchors_BRCA_combo_3plus_TMB_score.csv: torch.Size([1031, 4])
Cluster number: 5
Epoch [0/200] Step [0/17] Loss: 7.1351 Bio: 1.0123
Epoch [0/200] Total Loss: 118.9086
Epoch [1/200] Step [0/17] Loss: 7.1413 Bio: 1.0698
Epoch [1/200] Total Loss: 118.9582
Epoch [2/200] Step [0/17] Loss: 7.1331 Bio: 0.9766
Epoch [2/200] Total Loss: 118.9223
Epoch [3/200] Step [0/17] Loss: 7.1476 Bio: 1.1520
Epoch [3/200] Total Loss: 117.8173
Epoch [4/200] Step [0/17] Loss: 6.9702 Bio: 1.0473
Epoch [4/200] Total Loss: 114.8438
Epoch [5/200] Step [0/17] Loss: 6.9404 Bio: 1.0727
Epoch [5/200] Total Loss: 113.7331
Epoch [6/200] Step [0/17] Loss: 6.7395 Bio: 0.9628
Epoch [6/200] Total Loss: 112.4325
Epoch [7/200] Step [0/17] Loss: 6.5749 Bio: 1.1026
Epoch [7/200] Total Loss: 111.6874
Epoch [8/200] Step [0/17] Loss: 6.5744 Bio: 0.9069
Epoch [8/200] Total Loss: 111.1409
Epoch [9/200] Step [0/17] Loss: 6.5850 Bio: 0.7483
Epoch [9/200] Total Loss: 111.7834
Epoch [10/200] Step [0/17] Loss: 6.7471 Bio: 0.9749
Epoch [10/200] Total Loss: 109.9605
Epoch [11/200] Step [0/17] Loss: 6.6588 Bio: 1.0206
Epoch [11/200] Total Loss: 109.1865
Epoch [12/200] Step [0/17] Loss: 6.5086 Bio: 0.8602
Epoch [12/200] Total Loss: 108.5044
Epoch [13/200] Step [0/17] Loss: 6.4132 Bio: 0.8129
Epoch [13/200] Total Loss: 107.7557
Epoch [14/200] Step [0/17] Loss: 6.4887 Bio: 0.9414
Epoch [14/200] Total Loss: 107.4233
Epoch [15/200] Step [0/17] Loss: 6.5076 Bio: 0.9144
Epoch [15/200] Total Loss: 110.4071
Epoch [16/200] Step [0/17] Loss: 6.4455 Bio: 0.8432
Epoch [16/200] Total Loss: 106.2759
Epoch [17/200] Step [0/17] Loss: 6.4576 Bio: 0.9765
Epoch [17/200] Total Loss: 107.4058
Epoch [18/200] Step [0/17] Loss: 6.5402 Bio: 0.9056
Epoch [18/200] Total Loss: 107.6514
Epoch [19/200] Step [0/17] Loss: 6.3691 Bio: 0.9825
Epoch [19/200] Total Loss: 106.8716
Epoch [20/200] Step [0/17] Loss: 6.4893 Bio: 1.0933
Epoch [20/200] Total Loss: 106.5210
Epoch [21/200] Step [0/17] Loss: 6.1232 Bio: 1.1191
Epoch [21/200] Total Loss: 106.6467
Epoch [22/200] Step [0/17] Loss: 6.4623 Bio: 0.8709
Epoch [22/200] Total Loss: 105.6923
Epoch [23/200] Step [0/17] Loss: 6.4074 Bio: 0.7689
Epoch [23/200] Total Loss: 106.0661
Epoch [24/200] Step [0/17] Loss: 6.2016 Bio: 1.1169
Epoch [24/200] Total Loss: 105.7904
Epoch [25/200] Step [0/17] Loss: 6.3195 Bio: 1.1014
Epoch [25/200] Total Loss: 105.3554
Epoch [26/200] Step [0/17] Loss: 6.2732 Bio: 0.9045
Epoch [26/200] Total Loss: 105.4479
Epoch [27/200] Step [0/17] Loss: 6.0262 Bio: 0.8404
Epoch [27/200] Total Loss: 104.3432
Epoch [28/200] Step [0/17] Loss: 6.3375 Bio: 0.9802
Epoch [28/200] Total Loss: 105.0410
Epoch [29/200] Step [0/17] Loss: 6.3981 Bio: 0.9277
Epoch [29/200] Total Loss: 104.8148
Epoch [30/200] Step [0/17] Loss: 6.4049 Bio: 0.7585
Epoch [30/200] Total Loss: 104.5044
Epoch [31/200] Step [0/17] Loss: 6.1450 Bio: 0.7376
Epoch [31/200] Total Loss: 105.1290
Epoch [32/200] Step [0/17] Loss: 6.3354 Bio: 0.8301
Epoch [32/200] Total Loss: 104.4222
Epoch [33/200] Step [0/17] Loss: 6.0846 Bio: 0.8649
Epoch [33/200] Total Loss: 104.9354
Epoch [34/200] Step [0/17] Loss: 6.1154 Bio: 0.7999
Epoch [34/200] Total Loss: 103.8360
Epoch [35/200] Step [0/17] Loss: 6.1134 Bio: 1.0172
Epoch [35/200] Total Loss: 102.7296
Epoch [36/200] Step [0/17] Loss: 6.1658 Bio: 0.9877
Epoch [36/200] Total Loss: 103.7029
Epoch [37/200] Step [0/17] Loss: 6.0321 Bio: 0.8120
Epoch [37/200] Total Loss: 104.5633
Epoch [38/200] Step [0/17] Loss: 6.0265 Bio: 0.8218
Epoch [38/200] Total Loss: 102.9914
Epoch [39/200] Step [0/17] Loss: 6.6512 Bio: 0.9361
Epoch [39/200] Total Loss: 103.2941
Epoch [40/200] Step [0/17] Loss: 5.7974 Bio: 0.8977
Epoch [40/200] Total Loss: 102.8654
Epoch [41/200] Step [0/17] Loss: 6.3859 Bio: 0.9374
Epoch [41/200] Total Loss: 103.0647
Epoch [42/200] Step [0/17] Loss: 6.0768 Bio: 0.8307
Epoch [42/200] Total Loss: 102.9394
Epoch [43/200] Step [0/17] Loss: 5.9724 Bio: 0.8200
Epoch [43/200] Total Loss: 103.1454
Epoch [44/200] Step [0/17] Loss: 6.0235 Bio: 0.8222
Epoch [44/200] Total Loss: 103.9469
Epoch [45/200] Step [0/17] Loss: 6.1841 Bio: 1.0141
Epoch [45/200] Total Loss: 102.1219
Epoch [46/200] Step [0/17] Loss: 6.1149 Bio: 1.2436
Epoch [46/200] Total Loss: 100.6730
Epoch [47/200] Step [0/17] Loss: 6.1912 Bio: 0.8343
Epoch [47/200] Total Loss: 102.1112
Epoch [48/200] Step [0/17] Loss: 5.9509 Bio: 0.8336
Epoch [48/200] Total Loss: 101.4843
Epoch [49/200] Step [0/17] Loss: 5.9908 Bio: 0.7432
Epoch [49/200] Total Loss: 101.9113
Epoch [50/200] Step [0/17] Loss: 6.1893 Bio: 0.8641
Epoch [50/200] Total Loss: 102.3728
Epoch [51/200] Step [0/17] Loss: 6.2907 Bio: 0.8226
Epoch [51/200] Total Loss: 100.7264
Epoch [52/200] Step [0/17] Loss: 6.2882 Bio: 0.8820
Epoch [52/200] Total Loss: 103.4993
Epoch [53/200] Step [0/17] Loss: 6.0251 Bio: 0.8198
Epoch [53/200] Total Loss: 101.4604
Epoch [54/200] Step [0/17] Loss: 6.5923 Bio: 0.9734
Epoch [54/200] Total Loss: 101.0064
Epoch [55/200] Step [0/17] Loss: 6.1346 Bio: 0.7850
Epoch [55/200] Total Loss: 102.3477
Epoch [56/200] Step [0/17] Loss: 5.9705 Bio: 0.9579
Epoch [56/200] Total Loss: 100.9661
Epoch [57/200] Step [0/17] Loss: 6.2534 Bio: 0.9057
Epoch [57/200] Total Loss: 101.3938
Epoch [58/200] Step [0/17] Loss: 5.9577 Bio: 0.9776
Epoch [58/200] Total Loss: 100.5581
Epoch [59/200] Step [0/17] Loss: 6.2503 Bio: 1.0605
Epoch [59/200] Total Loss: 101.3007
Epoch [60/200] Step [0/17] Loss: 5.9713 Bio: 0.9861
Epoch [60/200] Total Loss: 100.4150
Epoch [61/200] Step [0/17] Loss: 6.1226 Bio: 0.8831
Epoch [61/200] Total Loss: 100.6963
Epoch [62/200] Step [0/17] Loss: 5.8895 Bio: 0.7016
Epoch [62/200] Total Loss: 100.5589
Epoch [63/200] Step [0/17] Loss: 6.1541 Bio: 0.9693
Epoch [63/200] Total Loss: 101.0639
Epoch [64/200] Step [0/17] Loss: 6.3597 Bio: 0.7783
Epoch [64/200] Total Loss: 99.0732
Epoch [65/200] Step [0/17] Loss: 6.2557 Bio: 0.9197
Epoch [65/200] Total Loss: 100.2019
Epoch [66/200] Step [0/17] Loss: 6.0537 Bio: 0.9923
Epoch [66/200] Total Loss: 99.6819
Epoch [67/200] Step [0/17] Loss: 6.0748 Bio: 0.9199
Epoch [67/200] Total Loss: 99.9038
Epoch [68/200] Step [0/17] Loss: 5.8269 Bio: 0.7508
Epoch [68/200] Total Loss: 100.5769
Epoch [69/200] Step [0/17] Loss: 5.9351 Bio: 1.0102
Epoch [69/200] Total Loss: 99.3694
Epoch [70/200] Step [0/17] Loss: 6.0608 Bio: 0.7517
Epoch [70/200] Total Loss: 99.0026
Epoch [71/200] Step [0/17] Loss: 5.8624 Bio: 1.0609
Epoch [71/200] Total Loss: 99.1361
Epoch [72/200] Step [0/17] Loss: 5.9720 Bio: 1.0187
Epoch [72/200] Total Loss: 101.1463
Epoch [73/200] Step [0/17] Loss: 5.9630 Bio: 0.9896
Epoch [73/200] Total Loss: 99.9923
Epoch [74/200] Step [0/17] Loss: 5.8400 Bio: 0.8248
Epoch [74/200] Total Loss: 98.4639
Epoch [75/200] Step [0/17] Loss: 6.0404 Bio: 1.0466
Epoch [75/200] Total Loss: 99.9143
Epoch [76/200] Step [0/17] Loss: 6.0669 Bio: 0.7867
Epoch [76/200] Total Loss: 100.0955
Epoch [77/200] Step [0/17] Loss: 6.0312 Bio: 0.8945
Epoch [77/200] Total Loss: 99.4159
Epoch [78/200] Step [0/17] Loss: 5.9227 Bio: 1.2040
Epoch [78/200] Total Loss: 98.7016
Epoch [79/200] Step [0/17] Loss: 6.2431 Bio: 0.9187
Epoch [79/200] Total Loss: 99.7400
Epoch [80/200] Step [0/17] Loss: 5.7965 Bio: 0.8302
Epoch [80/200] Total Loss: 98.6977
Epoch [81/200] Step [0/17] Loss: 6.1697 Bio: 0.9387
Epoch [81/200] Total Loss: 100.3953
Epoch [82/200] Step [0/17] Loss: 5.8501 Bio: 1.2099
Epoch [82/200] Total Loss: 99.4306
Epoch [83/200] Step [0/17] Loss: 6.1568 Bio: 0.7978
Epoch [83/200] Total Loss: 99.4073
Epoch [84/200] Step [0/17] Loss: 5.7678 Bio: 0.8586
Epoch [84/200] Total Loss: 98.9608
Epoch [85/200] Step [0/17] Loss: 6.1593 Bio: 0.8302
Epoch [85/200] Total Loss: 99.2404
Epoch [86/200] Step [0/17] Loss: 5.8557 Bio: 0.9293
Epoch [86/200] Total Loss: 100.7082
Epoch [87/200] Step [0/17] Loss: 5.7707 Bio: 0.8578
Epoch [87/200] Total Loss: 100.3443
Epoch [88/200] Step [0/17] Loss: 5.7241 Bio: 0.7174
Epoch [88/200] Total Loss: 98.6875
Epoch [89/200] Step [0/17] Loss: 5.9032 Bio: 0.9980
Epoch [89/200] Total Loss: 99.1509
Epoch [90/200] Step [0/17] Loss: 5.6905 Bio: 0.9033
Epoch [90/200] Total Loss: 98.3640
Epoch [91/200] Step [0/17] Loss: 5.8412 Bio: 1.0278
Epoch [91/200] Total Loss: 99.1074
Epoch [92/200] Step [0/17] Loss: 5.8538 Bio: 0.8081
Epoch [92/200] Total Loss: 97.8735
Epoch [93/200] Step [0/17] Loss: 6.0804 Bio: 1.2918
Epoch [93/200] Total Loss: 97.6060
Epoch [94/200] Step [0/17] Loss: 5.7573 Bio: 0.8683
Epoch [94/200] Total Loss: 99.4102
Epoch [95/200] Step [0/17] Loss: 5.9274 Bio: 0.9694
Epoch [95/200] Total Loss: 99.1705
Epoch [96/200] Step [0/17] Loss: 5.9181 Bio: 0.7726
Epoch [96/200] Total Loss: 98.9053
Epoch [97/200] Step [0/17] Loss: 5.7846 Bio: 1.0895
Epoch [97/200] Total Loss: 97.2786
Epoch [98/200] Step [0/17] Loss: 6.1934 Bio: 0.8725
Epoch [98/200] Total Loss: 97.2175
Epoch [99/200] Step [0/17] Loss: 5.9086 Bio: 0.8569
Epoch [99/200] Total Loss: 97.6717
Epoch [100/200] Step [0/17] Loss: 5.9632 Bio: 0.8062
Epoch [100/200] Total Loss: 97.1657
Epoch [101/200] Step [0/17] Loss: 5.9240 Bio: 0.9256
Epoch [101/200] Total Loss: 96.1688
Epoch [102/200] Step [0/17] Loss: 5.8522 Bio: 0.8461
Epoch [102/200] Total Loss: 98.7623
Epoch [103/200] Step [0/17] Loss: 6.0082 Bio: 0.9910
Epoch [103/200] Total Loss: 99.2345
Epoch [104/200] Step [0/17] Loss: 5.8071 Bio: 0.8110
Epoch [104/200] Total Loss: 95.9714
Epoch [105/200] Step [0/17] Loss: 6.1310 Bio: 0.8903
Epoch [105/200] Total Loss: 98.3864
Epoch [106/200] Step [0/17] Loss: 6.2220 Bio: 0.7840
Epoch [106/200] Total Loss: 97.6168
Epoch [107/200] Step [0/17] Loss: 5.7754 Bio: 0.7742
Epoch [107/200] Total Loss: 98.0557
Epoch [108/200] Step [0/17] Loss: 5.7153 Bio: 0.9947
Epoch [108/200] Total Loss: 97.9838
Epoch [109/200] Step [0/17] Loss: 6.1968 Bio: 0.9417
Epoch [109/200] Total Loss: 96.9924
Epoch [110/200] Step [0/17] Loss: 5.8175 Bio: 0.9374
Epoch [110/200] Total Loss: 97.7071
Epoch [111/200] Step [0/17] Loss: 5.8628 Bio: 0.6658
Epoch [111/200] Total Loss: 97.0740
Epoch [112/200] Step [0/17] Loss: 5.9584 Bio: 0.8690
Epoch [112/200] Total Loss: 97.1574
Epoch [113/200] Step [0/17] Loss: 5.9993 Bio: 0.7643
Epoch [113/200] Total Loss: 97.1115
Epoch [114/200] Step [0/17] Loss: 5.9344 Bio: 1.0435
Epoch [114/200] Total Loss: 97.7667
Epoch [115/200] Step [0/17] Loss: 5.8101 Bio: 0.8364
Epoch [115/200] Total Loss: 97.8905
Epoch [116/200] Step [0/17] Loss: 5.8432 Bio: 1.1922
Epoch [116/200] Total Loss: 97.1444
Epoch [117/200] Step [0/17] Loss: 5.6939 Bio: 0.9719
Epoch [117/200] Total Loss: 97.6149
Epoch [118/200] Step [0/17] Loss: 5.7607 Bio: 0.8691
Epoch [118/200] Total Loss: 97.3822
Epoch [119/200] Step [0/17] Loss: 5.8249 Bio: 1.1311
Epoch [119/200] Total Loss: 97.5649
Epoch [120/200] Step [0/17] Loss: 6.0577 Bio: 0.9961
Epoch [120/200] Total Loss: 97.8736
Epoch [121/200] Step [0/17] Loss: 5.7864 Bio: 0.7527
Epoch [121/200] Total Loss: 96.7926
Epoch [122/200] Step [0/17] Loss: 5.6707 Bio: 0.9100
Epoch [122/200] Total Loss: 97.0152
Epoch [123/200] Step [0/17] Loss: 5.8992 Bio: 0.9103
Epoch [123/200] Total Loss: 96.1148
Epoch [124/200] Step [0/17] Loss: 6.1510 Bio: 1.0607
Epoch [124/200] Total Loss: 96.5289
Epoch [125/200] Step [0/17] Loss: 5.9475 Bio: 1.0068
Epoch [125/200] Total Loss: 97.0768
Epoch [126/200] Step [0/17] Loss: 5.8297 Bio: 0.7284
Epoch [126/200] Total Loss: 97.0008
Epoch [127/200] Step [0/17] Loss: 5.7212 Bio: 0.6430
Epoch [127/200] Total Loss: 98.5586
Epoch [128/200] Step [0/17] Loss: 5.7795 Bio: 1.1706
Epoch [128/200] Total Loss: 97.9548
Epoch [129/200] Step [0/17] Loss: 5.9100 Bio: 1.0576
Epoch [129/200] Total Loss: 96.6765
Epoch [130/200] Step [0/17] Loss: 5.6087 Bio: 0.8206
Epoch [130/200] Total Loss: 96.9931
Epoch [131/200] Step [0/17] Loss: 5.7370 Bio: 1.0875
Epoch [131/200] Total Loss: 97.2452
Epoch [132/200] Step [0/17] Loss: 5.7766 Bio: 0.8047
Epoch [132/200] Total Loss: 97.8816
Epoch [133/200] Step [0/17] Loss: 6.0825 Bio: 0.8527
Epoch [133/200] Total Loss: 98.2028
Epoch [134/200] Step [0/17] Loss: 5.6213 Bio: 0.8680
Epoch [134/200] Total Loss: 97.5033
Epoch [135/200] Step [0/17] Loss: 5.9841 Bio: 0.9836
Epoch [135/200] Total Loss: 97.8834
Epoch [136/200] Step [0/17] Loss: 5.8576 Bio: 1.0410
Epoch [136/200] Total Loss: 95.8477
Epoch [137/200] Step [0/17] Loss: 5.9358 Bio: 0.8433
Epoch [137/200] Total Loss: 97.3249
Epoch [138/200] Step [0/17] Loss: 6.0548 Bio: 0.8822
Epoch [138/200] Total Loss: 96.6602
Epoch [139/200] Step [0/17] Loss: 5.7412 Bio: 0.8683
Epoch [139/200] Total Loss: 96.4518
Epoch [140/200] Step [0/17] Loss: 5.9676 Bio: 1.1111
Epoch [140/200] Total Loss: 97.4478
Epoch [141/200] Step [0/17] Loss: 5.8557 Bio: 0.6944
Epoch [141/200] Total Loss: 95.6784
Epoch [142/200] Step [0/17] Loss: 5.6148 Bio: 1.0181
Epoch [142/200] Total Loss: 94.9494
Epoch [143/200] Step [0/17] Loss: 5.9218 Bio: 0.8862
Epoch [143/200] Total Loss: 97.2752
Epoch [144/200] Step [0/17] Loss: 5.9869 Bio: 0.9100
Epoch [144/200] Total Loss: 95.9667
Epoch [145/200] Step [0/17] Loss: 5.6968 Bio: 0.7977
Epoch [145/200] Total Loss: 96.8056
Epoch [146/200] Step [0/17] Loss: 5.7443 Bio: 0.9258
Epoch [146/200] Total Loss: 96.8217
Epoch [147/200] Step [0/17] Loss: 5.6730 Bio: 0.8524
Epoch [147/200] Total Loss: 96.3449
Epoch [148/200] Step [0/17] Loss: 5.7949 Bio: 0.8037
Epoch [148/200] Total Loss: 96.0370
Epoch [149/200] Step [0/17] Loss: 5.6764 Bio: 0.7183
Epoch [149/200] Total Loss: 95.7256
Epoch [150/200] Step [0/17] Loss: 5.8461 Bio: 0.7696
Epoch [150/200] Total Loss: 96.4289
Epoch [151/200] Step [0/17] Loss: 5.8207 Bio: 0.8681
Epoch [151/200] Total Loss: 97.0423
Epoch [152/200] Step [0/17] Loss: 5.9640 Bio: 0.8844
Epoch [152/200] Total Loss: 95.1831
Epoch [153/200] Step [0/17] Loss: 5.7131 Bio: 1.0002
Epoch [153/200] Total Loss: 97.1372
Epoch [154/200] Step [0/17] Loss: 5.7524 Bio: 0.8323
Epoch [154/200] Total Loss: 96.0978
Epoch [155/200] Step [0/17] Loss: 5.9744 Bio: 0.9670
Epoch [155/200] Total Loss: 96.6047
Epoch [156/200] Step [0/17] Loss: 5.8751 Bio: 0.9741
Epoch [156/200] Total Loss: 95.7361
Epoch [157/200] Step [0/17] Loss: 5.8228 Bio: 0.9200
Epoch [157/200] Total Loss: 96.1288
Epoch [158/200] Step [0/17] Loss: 5.7446 Bio: 0.8172
Epoch [158/200] Total Loss: 96.5775
Epoch [159/200] Step [0/17] Loss: 5.7693 Bio: 0.9803
Epoch [159/200] Total Loss: 95.7678
Epoch [160/200] Step [0/17] Loss: 5.8943 Bio: 0.7804
Epoch [160/200] Total Loss: 96.5081
Epoch [161/200] Step [0/17] Loss: 5.5221 Bio: 0.8630
Epoch [161/200] Total Loss: 96.5013
Epoch [162/200] Step [0/17] Loss: 5.7232 Bio: 0.8495
Epoch [162/200] Total Loss: 96.9401
Epoch [163/200] Step [0/17] Loss: 5.8847 Bio: 1.0212
Epoch [163/200] Total Loss: 95.3070
Epoch [164/200] Step [0/17] Loss: 5.8646 Bio: 0.8094
Epoch [164/200] Total Loss: 97.2832
Epoch [165/200] Step [0/17] Loss: 5.3951 Bio: 0.8307
Epoch [165/200] Total Loss: 95.3780
Epoch [166/200] Step [0/17] Loss: 5.8294 Bio: 1.2354
Epoch [166/200] Total Loss: 95.5210
Epoch [167/200] Step [0/17] Loss: 5.8280 Bio: 0.8525
Epoch [167/200] Total Loss: 97.3148
Epoch [168/200] Step [0/17] Loss: 5.5995 Bio: 1.0320
Epoch [168/200] Total Loss: 96.5190
Epoch [169/200] Step [0/17] Loss: 5.8454 Bio: 0.7856
Epoch [169/200] Total Loss: 95.2610
Epoch [170/200] Step [0/17] Loss: 5.9884 Bio: 1.1531
Epoch [170/200] Total Loss: 97.1859
Epoch [171/200] Step [0/17] Loss: 5.8439 Bio: 0.8476
Epoch [171/200] Total Loss: 96.7478
Epoch [172/200] Step [0/17] Loss: 5.6790 Bio: 0.9355
Epoch [172/200] Total Loss: 95.9499
Epoch [173/200] Step [0/17] Loss: 5.7164 Bio: 0.7155
Epoch [173/200] Total Loss: 95.3088
Epoch [174/200] Step [0/17] Loss: 5.5798 Bio: 0.9483
Epoch [174/200] Total Loss: 96.2043
Epoch [175/200] Step [0/17] Loss: 5.6305 Bio: 0.7083
Epoch [175/200] Total Loss: 96.2800
Epoch [176/200] Step [0/17] Loss: 5.7611 Bio: 0.8716
Epoch [176/200] Total Loss: 96.0153
Epoch [177/200] Step [0/17] Loss: 5.5706 Bio: 0.7629
Epoch [177/200] Total Loss: 95.0269
Epoch [178/200] Step [0/17] Loss: 5.7953 Bio: 1.1885
Epoch [178/200] Total Loss: 95.8851
Epoch [179/200] Step [0/17] Loss: 5.6495 Bio: 0.9313
Epoch [179/200] Total Loss: 96.6296
Epoch [180/200] Step [0/17] Loss: 5.8605 Bio: 0.9162
Epoch [180/200] Total Loss: 96.0000
Epoch [181/200] Step [0/17] Loss: 5.8284 Bio: 0.8665
Epoch [181/200] Total Loss: 95.9500
Epoch [182/200] Step [0/17] Loss: 5.7804 Bio: 0.8934
Epoch [182/200] Total Loss: 95.3931
Epoch [183/200] Step [0/17] Loss: 5.6701 Bio: 0.7244
Epoch [183/200] Total Loss: 96.6769
Epoch [184/200] Step [0/17] Loss: 5.7090 Bio: 0.8498
Epoch [184/200] Total Loss: 95.3551
Epoch [185/200] Step [0/17] Loss: 5.7126 Bio: 0.8382
Epoch [185/200] Total Loss: 97.2477
Epoch [186/200] Step [0/17] Loss: 5.7685 Bio: 0.7399
Epoch [186/200] Total Loss: 95.5858
Epoch [187/200] Step [0/17] Loss: 5.7149 Bio: 0.7723
Epoch [187/200] Total Loss: 97.2727
Epoch [188/200] Step [0/17] Loss: 5.6601 Bio: 0.9290
Epoch [188/200] Total Loss: 94.6875
Epoch [189/200] Step [0/17] Loss: 5.9020 Bio: 0.6699
Epoch [189/200] Total Loss: 95.6914
Epoch [190/200] Step [0/17] Loss: 6.0148 Bio: 0.7627
Epoch [190/200] Total Loss: 95.1146
Epoch [191/200] Step [0/17] Loss: 5.6120 Bio: 0.7454
Epoch [191/200] Total Loss: 96.0043
Epoch [192/200] Step [0/17] Loss: 5.8158 Bio: 0.9333
Epoch [192/200] Total Loss: 94.5181
Epoch [193/200] Step [0/17] Loss: 5.6994 Bio: 0.7151
Epoch [193/200] Total Loss: 96.1365
Epoch [194/200] Step [0/17] Loss: 5.6807 Bio: 1.0853
Epoch [194/200] Total Loss: 95.3927
Epoch [195/200] Step [0/17] Loss: 5.8912 Bio: 0.9038
Epoch [195/200] Total Loss: 94.5965
Epoch [196/200] Step [0/17] Loss: 5.5776 Bio: 0.7832
Epoch [196/200] Total Loss: 95.2094
Epoch [197/200] Step [0/17] Loss: 5.7003 Bio: 0.7873
Epoch [197/200] Total Loss: 96.0849
Epoch [198/200] Step [0/17] Loss: 5.6021 Bio: 1.0303
Epoch [198/200] Total Loss: 95.7086
Epoch [199/200] Step [0/17] Loss: 5.5727 Bio: 0.9275
Epoch [199/200] Total Loss: 95.2340
MLP training complete.
--- MLP 3plus_TMB RESULTS ---
============================================================
CLUSTERING EVALUATION
============================================================
✅ Loaded ground truth from ground_truth_BRCA.csv
   Total patients with labels: 803

📂 Loading model from save/model_combo_mlp_3plus_TMB/checkpoint_200.tar...
✅ Model loaded successfully

📊 Loading data for BRCA...
[dataloader] No bio_anchor_file specified — loading omics only
✅ Data loaded successfully

🔮 Getting predictions...
✅ Predictions obtained: 1031 samples

🔍 Filtering to patients with ground truth...
   Patients with both predictions and ground truth: 803
   Final evaluation size: 803 patients

📈 Computing metrics...

============================================================
RESULTS
============================================================
ARI                 : 0.3480
NMI                 : 0.4838
V-measure           : 0.4838
============================================================

📊 Creating visualizations...
Saved confusion matrix to results/BRCA_confusion_matrix.png
Saved distribution plot to results/BRCA_cluster_distribution.png
Computing t-SNE (this may take a minute)...
Saved t-SNE plot to results/BRCA_tsne.png

💾 Saved results to results/BRCA_evaluation.csv

✅ Evaluation complete!
Linear Bio-Anchor Head
Cancer: BRCA | bio_dim: 4 | lambda_bio: 0.1
Bio anchor file: bio_anchors_BRCA_combo_3plus_TMB_score.csv
[dataloader] Loaded bio-anchors from bio_anchors_BRCA_combo_3plus_TMB_score.csv: torch.Size([1031, 4])
Cluster number: 5
Epoch [0/200] Step [0/17] Loss: 7.1547 Bio: 1.2076
Epoch [0/200] Total Loss: 118.9213
Epoch [1/200] Step [0/17] Loss: 7.1247 Bio: 0.9192
Epoch [1/200] Total Loss: 118.7918
Epoch [2/200] Step [0/17] Loss: 7.1373 Bio: 1.0347
Epoch [2/200] Total Loss: 119.0056
Epoch [3/200] Step [0/17] Loss: 7.1228 Bio: 0.8881
Epoch [3/200] Total Loss: 119.0677
Epoch [4/200] Step [0/17] Loss: 7.1247 Bio: 0.9111
Epoch [4/200] Total Loss: 119.0466
Epoch [5/200] Step [0/17] Loss: 7.1297 Bio: 0.9629
Epoch [5/200] Total Loss: 118.9805
Epoch [6/200] Step [0/17] Loss: 7.1452 Bio: 1.1175
Epoch [6/200] Total Loss: 118.9931
Epoch [7/200] Step [0/17] Loss: 7.1216 Bio: 0.8819
Epoch [7/200] Total Loss: 119.0525
Epoch [8/200] Step [0/17] Loss: 7.1296 Bio: 0.9627
Epoch [8/200] Total Loss: 118.9480
Epoch [9/200] Step [0/17] Loss: 7.1311 Bio: 1.0123
Epoch [9/200] Total Loss: 117.3275
Epoch [10/200] Step [0/17] Loss: 7.1874 Bio: 1.1452
Epoch [10/200] Total Loss: 115.0804
Epoch [11/200] Step [0/17] Loss: 7.4167 Bio: 1.2146
Epoch [11/200] Total Loss: 115.4131
Epoch [12/200] Step [0/17] Loss: 6.9287 Bio: 0.8486
Epoch [12/200] Total Loss: 112.0673
Epoch [13/200] Step [0/17] Loss: 6.7267 Bio: 1.1495
Epoch [13/200] Total Loss: 110.7421
Epoch [14/200] Step [0/17] Loss: 6.7689 Bio: 1.0265
Epoch [14/200] Total Loss: 110.9017
Epoch [15/200] Step [0/17] Loss: 6.6557 Bio: 1.0109
Epoch [15/200] Total Loss: 111.1288
Epoch [16/200] Step [0/17] Loss: 6.6062 Bio: 1.2786
Epoch [16/200] Total Loss: 108.6342
Epoch [17/200] Step [0/17] Loss: 6.4471 Bio: 0.9540
Epoch [17/200] Total Loss: 108.3369
Epoch [18/200] Step [0/17] Loss: 6.7523 Bio: 0.7868
Epoch [18/200] Total Loss: 109.0168
Epoch [19/200] Step [0/17] Loss: 6.4207 Bio: 1.0562
Epoch [19/200] Total Loss: 109.4571
Epoch [20/200] Step [0/17] Loss: 7.0301 Bio: 0.9434
Epoch [20/200] Total Loss: 107.0073
Epoch [21/200] Step [0/17] Loss: 6.4742 Bio: 0.9862
Epoch [21/200] Total Loss: 106.6257
Epoch [22/200] Step [0/17] Loss: 6.2966 Bio: 1.0006
Epoch [22/200] Total Loss: 106.1457
Epoch [23/200] Step [0/17] Loss: 6.6622 Bio: 0.9462
Epoch [23/200] Total Loss: 105.2098
Epoch [24/200] Step [0/17] Loss: 6.2693 Bio: 0.9836
Epoch [24/200] Total Loss: 106.6404
Epoch [25/200] Step [0/17] Loss: 6.4046 Bio: 1.0534
Epoch [25/200] Total Loss: 106.3932
Epoch [26/200] Step [0/17] Loss: 6.2873 Bio: 1.1668
Epoch [26/200] Total Loss: 106.4175
Epoch [27/200] Step [0/17] Loss: 6.4346 Bio: 1.1972
Epoch [27/200] Total Loss: 105.6001
Epoch [28/200] Step [0/17] Loss: 6.2655 Bio: 0.8901
Epoch [28/200] Total Loss: 105.8509
Epoch [29/200] Step [0/17] Loss: 6.1979 Bio: 1.0853
Epoch [29/200] Total Loss: 106.3372
Epoch [30/200] Step [0/17] Loss: 6.3488 Bio: 1.0173
Epoch [30/200] Total Loss: 106.2070
Epoch [31/200] Step [0/17] Loss: 6.7280 Bio: 1.1694
Epoch [31/200] Total Loss: 105.0441
Epoch [32/200] Step [0/17] Loss: 6.3444 Bio: 1.0829
Epoch [32/200] Total Loss: 104.2478
Epoch [33/200] Step [0/17] Loss: 6.1816 Bio: 0.9611
Epoch [33/200] Total Loss: 105.5469
Epoch [34/200] Step [0/17] Loss: 6.2225 Bio: 0.9943
Epoch [34/200] Total Loss: 104.1639
Epoch [35/200] Step [0/17] Loss: 6.2724 Bio: 0.9033
Epoch [35/200] Total Loss: 104.9437
Epoch [36/200] Step [0/17] Loss: 6.3296 Bio: 0.9967
Epoch [36/200] Total Loss: 104.0818
Epoch [37/200] Step [0/17] Loss: 6.2685 Bio: 0.9111
Epoch [37/200] Total Loss: 104.5061
Epoch [38/200] Step [0/17] Loss: 6.2177 Bio: 0.9034
Epoch [38/200] Total Loss: 104.8157
Epoch [39/200] Step [0/17] Loss: 6.4881 Bio: 0.9492
Epoch [39/200] Total Loss: 104.6481
Epoch [40/200] Step [0/17] Loss: 6.5436 Bio: 1.1148
Epoch [40/200] Total Loss: 103.6838
Epoch [41/200] Step [0/17] Loss: 6.0655 Bio: 1.0913
Epoch [41/200] Total Loss: 103.0458
Epoch [42/200] Step [0/17] Loss: 6.1385 Bio: 0.9903
Epoch [42/200] Total Loss: 103.2200
Epoch [43/200] Step [0/17] Loss: 6.2375 Bio: 0.9847
Epoch [43/200] Total Loss: 103.7377
Epoch [44/200] Step [0/17] Loss: 5.9887 Bio: 1.0365
Epoch [44/200] Total Loss: 104.0436
Epoch [45/200] Step [0/17] Loss: 6.3585 Bio: 1.0852
Epoch [45/200] Total Loss: 104.2763
Epoch [46/200] Step [0/17] Loss: 6.2514 Bio: 1.0922
Epoch [46/200] Total Loss: 104.1179
Epoch [47/200] Step [0/17] Loss: 6.2793 Bio: 1.0238
Epoch [47/200] Total Loss: 102.2930
Epoch [48/200] Step [0/17] Loss: 6.3241 Bio: 1.1150
Epoch [48/200] Total Loss: 102.8188
Epoch [49/200] Step [0/17] Loss: 6.0689 Bio: 1.3081
Epoch [49/200] Total Loss: 103.9398
Epoch [50/200] Step [0/17] Loss: 6.3193 Bio: 0.9748
Epoch [50/200] Total Loss: 103.8818
Epoch [51/200] Step [0/17] Loss: 6.3993 Bio: 0.7450
Epoch [51/200] Total Loss: 102.8909
Epoch [52/200] Step [0/17] Loss: 5.8564 Bio: 0.8291
Epoch [52/200] Total Loss: 101.7523
Epoch [53/200] Step [0/17] Loss: 6.0066 Bio: 0.8493
Epoch [53/200] Total Loss: 102.5672
Epoch [54/200] Step [0/17] Loss: 6.1434 Bio: 1.0559
Epoch [54/200] Total Loss: 101.8309
Epoch [55/200] Step [0/17] Loss: 6.1870 Bio: 0.9960
Epoch [55/200] Total Loss: 104.2258
Epoch [56/200] Step [0/17] Loss: 6.1042 Bio: 0.9729
Epoch [56/200] Total Loss: 102.9378
Epoch [57/200] Step [0/17] Loss: 6.0384 Bio: 0.9628
Epoch [57/200] Total Loss: 101.9854
Epoch [58/200] Step [0/17] Loss: 6.1425 Bio: 0.9716
Epoch [58/200] Total Loss: 102.6750
Epoch [59/200] Step [0/17] Loss: 6.1914 Bio: 1.0037
Epoch [59/200] Total Loss: 101.2757
Epoch [60/200] Step [0/17] Loss: 5.9752 Bio: 0.8629
Epoch [60/200] Total Loss: 102.5127
Epoch [61/200] Step [0/17] Loss: 5.9993 Bio: 0.9617
Epoch [61/200] Total Loss: 101.9562
Epoch [62/200] Step [0/17] Loss: 5.9328 Bio: 1.0104
Epoch [62/200] Total Loss: 100.4729
Epoch [63/200] Step [0/17] Loss: 6.2329 Bio: 0.8022
Epoch [63/200] Total Loss: 101.9834
Epoch [64/200] Step [0/17] Loss: 6.0956 Bio: 0.7967
Epoch [64/200] Total Loss: 100.8936
Epoch [65/200] Step [0/17] Loss: 6.3263 Bio: 1.0457
Epoch [65/200] Total Loss: 102.5806
Epoch [66/200] Step [0/17] Loss: 5.9716 Bio: 0.8493
Epoch [66/200] Total Loss: 101.4285
Epoch [67/200] Step [0/17] Loss: 6.0166 Bio: 1.0489
Epoch [67/200] Total Loss: 100.1251
Epoch [68/200] Step [0/17] Loss: 6.0096 Bio: 0.9846
Epoch [68/200] Total Loss: 101.5283
Epoch [69/200] Step [0/17] Loss: 6.0001 Bio: 1.0881
Epoch [69/200] Total Loss: 100.1894
Epoch [70/200] Step [0/17] Loss: 5.8614 Bio: 0.9187
Epoch [70/200] Total Loss: 101.3235
Epoch [71/200] Step [0/17] Loss: 5.9759 Bio: 1.1663
Epoch [71/200] Total Loss: 98.8748
Epoch [72/200] Step [0/17] Loss: 5.9532 Bio: 0.9500
Epoch [72/200] Total Loss: 98.6134
Epoch [73/200] Step [0/17] Loss: 6.0404 Bio: 1.2899
Epoch [73/200] Total Loss: 100.2528
Epoch [74/200] Step [0/17] Loss: 5.9615 Bio: 1.0936
Epoch [74/200] Total Loss: 100.1583
Epoch [75/200] Step [0/17] Loss: 6.1787 Bio: 1.3979
Epoch [75/200] Total Loss: 100.6353
Epoch [76/200] Step [0/17] Loss: 6.0578 Bio: 1.0434
Epoch [76/200] Total Loss: 100.0343
Epoch [77/200] Step [0/17] Loss: 6.2716 Bio: 0.9691
Epoch [77/200] Total Loss: 99.7738
Epoch [78/200] Step [0/17] Loss: 6.0146 Bio: 0.8570
Epoch [78/200] Total Loss: 99.6937
Epoch [79/200] Step [0/17] Loss: 5.9481 Bio: 0.9999
Epoch [79/200] Total Loss: 100.0129
Epoch [80/200] Step [0/17] Loss: 5.8408 Bio: 0.7599
Epoch [80/200] Total Loss: 100.1126
Epoch [81/200] Step [0/17] Loss: 6.1775 Bio: 1.1128
Epoch [81/200] Total Loss: 100.0970
Epoch [82/200] Step [0/17] Loss: 6.0662 Bio: 0.8838
Epoch [82/200] Total Loss: 99.0782
Epoch [83/200] Step [0/17] Loss: 6.1244 Bio: 0.9169
Epoch [83/200] Total Loss: 99.6693
Epoch [84/200] Step [0/17] Loss: 5.9235 Bio: 1.1477
Epoch [84/200] Total Loss: 99.5750
Epoch [85/200] Step [0/17] Loss: 6.2933 Bio: 0.8925
Epoch [85/200] Total Loss: 98.6384
Epoch [86/200] Step [0/17] Loss: 5.9233 Bio: 1.1750
Epoch [86/200] Total Loss: 100.6028
Epoch [87/200] Step [0/17] Loss: 5.9183 Bio: 0.8483
Epoch [87/200] Total Loss: 98.9306
Epoch [88/200] Step [0/17] Loss: 5.8943 Bio: 0.8430
Epoch [88/200] Total Loss: 99.7843
Epoch [89/200] Step [0/17] Loss: 5.9772 Bio: 0.9429
Epoch [89/200] Total Loss: 100.2531
Epoch [90/200] Step [0/17] Loss: 5.9253 Bio: 0.8614
Epoch [90/200] Total Loss: 97.7940
Epoch [91/200] Step [0/17] Loss: 5.9412 Bio: 0.8784
Epoch [91/200] Total Loss: 99.1465
Epoch [92/200] Step [0/17] Loss: 5.8507 Bio: 0.8277
Epoch [92/200] Total Loss: 99.1963
Epoch [93/200] Step [0/17] Loss: 5.7860 Bio: 1.3049
Epoch [93/200] Total Loss: 97.3940
Epoch [94/200] Step [0/17] Loss: 5.8802 Bio: 1.0022
Epoch [94/200] Total Loss: 97.5072
Epoch [95/200] Step [0/17] Loss: 5.8269 Bio: 0.8092
Epoch [95/200] Total Loss: 98.4659
Epoch [96/200] Step [0/17] Loss: 5.9694 Bio: 1.0688
Epoch [96/200] Total Loss: 99.1772
Epoch [97/200] Step [0/17] Loss: 5.9211 Bio: 0.8395
Epoch [97/200] Total Loss: 99.4032
Epoch [98/200] Step [0/17] Loss: 5.8405 Bio: 1.0957
Epoch [98/200] Total Loss: 97.7248
Epoch [99/200] Step [0/17] Loss: 5.9187 Bio: 0.9765
Epoch [99/200] Total Loss: 97.8567
Epoch [100/200] Step [0/17] Loss: 5.8541 Bio: 1.1640
Epoch [100/200] Total Loss: 97.6915
Epoch [101/200] Step [0/17] Loss: 5.9663 Bio: 0.9638
Epoch [101/200] Total Loss: 97.0431
Epoch [102/200] Step [0/17] Loss: 5.7568 Bio: 1.0919
Epoch [102/200] Total Loss: 98.5460
Epoch [103/200] Step [0/17] Loss: 6.3530 Bio: 0.7876
Epoch [103/200] Total Loss: 98.2143
Epoch [104/200] Step [0/17] Loss: 5.9842 Bio: 1.2118
Epoch [104/200] Total Loss: 97.9405
Epoch [105/200] Step [0/17] Loss: 5.7053 Bio: 1.1411
Epoch [105/200] Total Loss: 98.0465
Epoch [106/200] Step [0/17] Loss: 5.8887 Bio: 0.7425
Epoch [106/200] Total Loss: 97.9346
Epoch [107/200] Step [0/17] Loss: 5.9012 Bio: 0.8225
Epoch [107/200] Total Loss: 98.1652
Epoch [108/200] Step [0/17] Loss: 6.1497 Bio: 1.3943
Epoch [108/200] Total Loss: 99.1067
Epoch [109/200] Step [0/17] Loss: 5.7053 Bio: 0.9225
Epoch [109/200] Total Loss: 98.0642
Epoch [110/200] Step [0/17] Loss: 5.9498 Bio: 1.3103
Epoch [110/200] Total Loss: 98.5716
Epoch [111/200] Step [0/17] Loss: 6.0047 Bio: 1.0446
Epoch [111/200] Total Loss: 97.4013
Epoch [112/200] Step [0/17] Loss: 5.6730 Bio: 0.9305
Epoch [112/200] Total Loss: 97.5873
Epoch [113/200] Step [0/17] Loss: 5.9112 Bio: 1.0233
Epoch [113/200] Total Loss: 99.6216
Epoch [114/200] Step [0/17] Loss: 5.8309 Bio: 0.9180
Epoch [114/200] Total Loss: 97.5930
Epoch [115/200] Step [0/17] Loss: 5.8182 Bio: 0.9894
Epoch [115/200] Total Loss: 97.9914
Epoch [116/200] Step [0/17] Loss: 6.2443 Bio: 1.2082
Epoch [116/200] Total Loss: 98.1693
Epoch [117/200] Step [0/17] Loss: 5.6995 Bio: 0.7710
Epoch [117/200] Total Loss: 96.4252
Epoch [118/200] Step [0/17] Loss: 5.9267 Bio: 0.8860
Epoch [118/200] Total Loss: 97.4181
Epoch [119/200] Step [0/17] Loss: 5.7493 Bio: 0.8704
Epoch [119/200] Total Loss: 97.0578
Epoch [120/200] Step [0/17] Loss: 5.9330 Bio: 1.1459
Epoch [120/200] Total Loss: 99.3936
Epoch [121/200] Step [0/17] Loss: 5.6939 Bio: 0.8462
Epoch [121/200] Total Loss: 97.5063
Epoch [122/200] Step [0/17] Loss: 5.9537 Bio: 0.9166
Epoch [122/200] Total Loss: 97.2034
Epoch [123/200] Step [0/17] Loss: 5.8886 Bio: 0.9872
Epoch [123/200] Total Loss: 97.7621
Epoch [124/200] Step [0/17] Loss: 5.7581 Bio: 0.8085
Epoch [124/200] Total Loss: 96.4572
Epoch [125/200] Step [0/17] Loss: 5.7826 Bio: 0.8459
Epoch [125/200] Total Loss: 97.0775
Epoch [126/200] Step [0/17] Loss: 5.9714 Bio: 0.8768
Epoch [126/200] Total Loss: 97.6019
Epoch [127/200] Step [0/17] Loss: 5.5779 Bio: 1.0873
Epoch [127/200] Total Loss: 95.4823
Epoch [128/200] Step [0/17] Loss: 5.7300 Bio: 0.8499
Epoch [128/200] Total Loss: 97.5177
Epoch [129/200] Step [0/17] Loss: 5.8226 Bio: 1.0452
Epoch [129/200] Total Loss: 96.1440
Epoch [130/200] Step [0/17] Loss: 5.9990 Bio: 0.7440
Epoch [130/200] Total Loss: 97.7172
Epoch [131/200] Step [0/17] Loss: 6.0088 Bio: 0.7983
Epoch [131/200] Total Loss: 96.1557
Epoch [132/200] Step [0/17] Loss: 5.7821 Bio: 1.0535
Epoch [132/200] Total Loss: 96.8469
Epoch [133/200] Step [0/17] Loss: 5.8462 Bio: 0.9842
Epoch [133/200] Total Loss: 98.6712
Epoch [134/200] Step [0/17] Loss: 5.7239 Bio: 1.0984
Epoch [134/200] Total Loss: 97.5928
Epoch [135/200] Step [0/17] Loss: 5.7321 Bio: 0.8816
Epoch [135/200] Total Loss: 96.3979
Epoch [136/200] Step [0/17] Loss: 5.8012 Bio: 0.9550
Epoch [136/200] Total Loss: 95.9372
Epoch [137/200] Step [0/17] Loss: 5.9807 Bio: 0.8568
Epoch [137/200] Total Loss: 97.3513
Epoch [138/200] Step [0/17] Loss: 5.6416 Bio: 1.1244
Epoch [138/200] Total Loss: 96.5559
Epoch [139/200] Step [0/17] Loss: 6.1051 Bio: 1.0445
Epoch [139/200] Total Loss: 96.3036
Epoch [140/200] Step [0/17] Loss: 5.8891 Bio: 1.1685
Epoch [140/200] Total Loss: 97.9031
Epoch [141/200] Step [0/17] Loss: 5.9241 Bio: 1.1609
Epoch [141/200] Total Loss: 98.9967
Epoch [142/200] Step [0/17] Loss: 5.9790 Bio: 0.7565
Epoch [142/200] Total Loss: 97.8718
Epoch [143/200] Step [0/17] Loss: 5.8413 Bio: 0.8365
Epoch [143/200] Total Loss: 97.7656
Epoch [144/200] Step [0/17] Loss: 5.8174 Bio: 0.9434
Epoch [144/200] Total Loss: 96.9752
Epoch [145/200] Step [0/17] Loss: 5.9444 Bio: 1.0048
Epoch [145/200] Total Loss: 96.9286
Epoch [146/200] Step [0/17] Loss: 5.6862 Bio: 1.1201
Epoch [146/200] Total Loss: 95.9141
Epoch [147/200] Step [0/17] Loss: 6.2180 Bio: 1.0932
Epoch [147/200] Total Loss: 97.2712
Epoch [148/200] Step [0/17] Loss: 5.5855 Bio: 0.9187
Epoch [148/200] Total Loss: 97.6026
Epoch [149/200] Step [0/17] Loss: 5.8040 Bio: 0.9833
Epoch [149/200] Total Loss: 96.3001
Epoch [150/200] Step [0/17] Loss: 5.7707 Bio: 1.0240
Epoch [150/200] Total Loss: 96.6918
Epoch [151/200] Step [0/17] Loss: 5.6237 Bio: 0.8986
Epoch [151/200] Total Loss: 96.0835
Epoch [152/200] Step [0/17] Loss: 6.0030 Bio: 0.8833
Epoch [152/200] Total Loss: 96.9460
Epoch [153/200] Step [0/17] Loss: 5.6990 Bio: 1.0249
Epoch [153/200] Total Loss: 96.7586
Epoch [154/200] Step [0/17] Loss: 5.7453 Bio: 0.8611
Epoch [154/200] Total Loss: 97.4341
Epoch [155/200] Step [0/17] Loss: 6.0115 Bio: 0.8187
Epoch [155/200] Total Loss: 96.1768
Epoch [156/200] Step [0/17] Loss: 5.7913 Bio: 0.9440
Epoch [156/200] Total Loss: 95.3152
Epoch [157/200] Step [0/17] Loss: 5.7614 Bio: 1.2496
Epoch [157/200] Total Loss: 97.6473
Epoch [158/200] Step [0/17] Loss: 5.5869 Bio: 0.9012
Epoch [158/200] Total Loss: 97.3329
Epoch [159/200] Step [0/17] Loss: 5.7482 Bio: 1.0014
Epoch [159/200] Total Loss: 96.5285
Epoch [160/200] Step [0/17] Loss: 5.8455 Bio: 1.0007
Epoch [160/200] Total Loss: 97.0776
Epoch [161/200] Step [0/17] Loss: 5.6792 Bio: 1.0537
Epoch [161/200] Total Loss: 96.5659
Epoch [162/200] Step [0/17] Loss: 5.7044 Bio: 0.8587
Epoch [162/200] Total Loss: 97.4765
Epoch [163/200] Step [0/17] Loss: 5.6611 Bio: 0.8716
Epoch [163/200] Total Loss: 97.4922
Epoch [164/200] Step [0/17] Loss: 5.9496 Bio: 0.7982
Epoch [164/200] Total Loss: 96.9261
Epoch [165/200] Step [0/17] Loss: 5.5817 Bio: 0.8430
Epoch [165/200] Total Loss: 96.1128
Epoch [166/200] Step [0/17] Loss: 5.8875 Bio: 1.2245
Epoch [166/200] Total Loss: 96.3318
Epoch [167/200] Step [0/17] Loss: 5.7289 Bio: 1.0344
Epoch [167/200] Total Loss: 97.5045
Epoch [168/200] Step [0/17] Loss: 5.7437 Bio: 0.9966
Epoch [168/200] Total Loss: 95.5522
Epoch [169/200] Step [0/17] Loss: 5.6953 Bio: 1.0538
Epoch [169/200] Total Loss: 95.1975
Epoch [170/200] Step [0/17] Loss: 5.5987 Bio: 0.9199
Epoch [170/200] Total Loss: 95.6983
Epoch [171/200] Step [0/17] Loss: 6.0607 Bio: 0.9744
Epoch [171/200] Total Loss: 96.4872
Epoch [172/200] Step [0/17] Loss: 5.7955 Bio: 0.9198
Epoch [172/200] Total Loss: 96.6713
Epoch [173/200] Step [0/17] Loss: 5.6894 Bio: 1.3004
Epoch [173/200] Total Loss: 97.2347
Epoch [174/200] Step [0/17] Loss: 5.5827 Bio: 1.0432
Epoch [174/200] Total Loss: 97.4614
Epoch [175/200] Step [0/17] Loss: 5.6867 Bio: 0.9393
Epoch [175/200] Total Loss: 96.5924
Epoch [176/200] Step [0/17] Loss: 5.8104 Bio: 1.0817
Epoch [176/200] Total Loss: 94.8087
Epoch [177/200] Step [0/17] Loss: 5.8784 Bio: 1.1261
Epoch [177/200] Total Loss: 95.0570
Epoch [178/200] Step [0/17] Loss: 5.7567 Bio: 0.8592
Epoch [178/200] Total Loss: 96.2436
Epoch [179/200] Step [0/17] Loss: 5.8338 Bio: 1.0561
Epoch [179/200] Total Loss: 95.5270
Epoch [180/200] Step [0/17] Loss: 5.6832 Bio: 0.9198
Epoch [180/200] Total Loss: 96.1164
Epoch [181/200] Step [0/17] Loss: 5.6955 Bio: 0.9797
Epoch [181/200] Total Loss: 94.8966
Epoch [182/200] Step [0/17] Loss: 5.6427 Bio: 0.8587
Epoch [182/200] Total Loss: 95.2404
Epoch [183/200] Step [0/17] Loss: 5.9438 Bio: 1.1309
Epoch [183/200] Total Loss: 96.1585
Epoch [184/200] Step [0/17] Loss: 5.8317 Bio: 1.0805
Epoch [184/200] Total Loss: 96.8049
Epoch [185/200] Step [0/17] Loss: 5.7076 Bio: 0.8404
Epoch [185/200] Total Loss: 95.5055
Epoch [186/200] Step [0/17] Loss: 5.6290 Bio: 1.0655
Epoch [186/200] Total Loss: 96.2578
Epoch [187/200] Step [0/17] Loss: 5.6606 Bio: 1.1820
Epoch [187/200] Total Loss: 95.3606
Epoch [188/200] Step [0/17] Loss: 5.7943 Bio: 0.9863
Epoch [188/200] Total Loss: 95.6442
Epoch [189/200] Step [0/17] Loss: 5.7645 Bio: 1.2370
Epoch [189/200] Total Loss: 97.1825
Epoch [190/200] Step [0/17] Loss: 5.7203 Bio: 0.9441
Epoch [190/200] Total Loss: 96.7572
Epoch [191/200] Step [0/17] Loss: 5.7752 Bio: 1.0468
Epoch [191/200] Total Loss: 95.0943
Epoch [192/200] Step [0/17] Loss: 5.6805 Bio: 1.0676
Epoch [192/200] Total Loss: 95.4305
Epoch [193/200] Step [0/17] Loss: 5.6831 Bio: 1.1329
Epoch [193/200] Total Loss: 95.4837
Epoch [194/200] Step [0/17] Loss: 5.9327 Bio: 1.0613
Epoch [194/200] Total Loss: 97.5755
Epoch [195/200] Step [0/17] Loss: 5.5865 Bio: 0.8976
Epoch [195/200] Total Loss: 95.2631
Epoch [196/200] Step [0/17] Loss: 5.7270 Bio: 1.0245
Epoch [196/200] Total Loss: 96.1766
Epoch [197/200] Step [0/17] Loss: 5.6360 Bio: 0.9908
Epoch [197/200] Total Loss: 95.4580
Epoch [198/200] Step [0/17] Loss: 5.7858 Bio: 0.8790
Epoch [198/200] Total Loss: 96.1135
Epoch [199/200] Step [0/17] Loss: 5.8943 Bio: 1.0852
Epoch [199/200] Total Loss: 95.0026
Linear training complete.
--- Linear 3plus_TMB RESULTS ---
============================================================
CLUSTERING EVALUATION
============================================================
✅ Loaded ground truth from ground_truth_BRCA.csv
   Total patients with labels: 803

📂 Loading model from save/model_combo_linear_3plus_TMB/checkpoint_200.tar...
✅ Model loaded successfully

📊 Loading data for BRCA...
[dataloader] No bio_anchor_file specified — loading omics only
✅ Data loaded successfully

🔮 Getting predictions...
✅ Predictions obtained: 1031 samples

🔍 Filtering to patients with ground truth...
   Patients with both predictions and ground truth: 803
   Final evaluation size: 803 patients

📈 Computing metrics...

============================================================
RESULTS
============================================================
ARI                 : 0.3328
NMI                 : 0.4647
V-measure           : 0.4647
============================================================

📊 Creating visualizations...
Saved confusion matrix to results/BRCA_confusion_matrix.png
Saved distribution plot to results/BRCA_cluster_distribution.png
Computing t-SNE (this may take a minute)...
Saved t-SNE plot to results/BRCA_tsne.png

💾 Saved results to results/BRCA_evaluation.csv

✅ Evaluation complete!
==============================
Running: 14all | dim=14
==============================
MLP Bio-Anchor Head (bio_dim -> 64 -> bio_dim)
Cancer: BRCA | bio_dim: 14 | lambda_bio: 0.1
Bio anchor file: bio_anchors_BRCA_combo_14all.csv
[dataloader] Loaded bio-anchors from bio_anchors_BRCA_combo_14all.csv: torch.Size([1031, 14])
Cluster number: 5
Epoch [0/200] Step [0/17] Loss: 7.1304 Bio: 0.9651
Epoch [0/200] Total Loss: 118.9088
Epoch [1/200] Step [0/17] Loss: 7.1367 Bio: 1.0325
Epoch [1/200] Total Loss: 118.7042
Epoch [2/200] Step [0/17] Loss: 7.0916 Bio: 0.9969
Epoch [2/200] Total Loss: 117.1256
Epoch [3/200] Step [0/17] Loss: 6.9812 Bio: 1.0637
Epoch [3/200] Total Loss: 115.0098
Epoch [4/200] Step [0/17] Loss: 6.8167 Bio: 0.9211
Epoch [4/200] Total Loss: 114.3781
Epoch [5/200] Step [0/17] Loss: 6.7244 Bio: 0.8992
Epoch [5/200] Total Loss: 111.9985
Epoch [6/200] Step [0/17] Loss: 6.7177 Bio: 0.9857
Epoch [6/200] Total Loss: 110.9223
Epoch [7/200] Step [0/17] Loss: 6.5153 Bio: 1.0151
Epoch [7/200] Total Loss: 111.9051
Epoch [8/200] Step [0/17] Loss: 6.5895 Bio: 0.8643
Epoch [8/200] Total Loss: 110.7223
Epoch [9/200] Step [0/17] Loss: 6.4575 Bio: 1.0909
Epoch [9/200] Total Loss: 109.7574
Epoch [10/200] Step [0/17] Loss: 6.4624 Bio: 0.8993
Epoch [10/200] Total Loss: 111.8077
Epoch [11/200] Step [0/17] Loss: 6.5672 Bio: 0.8662
Epoch [11/200] Total Loss: 110.7779
Epoch [12/200] Step [0/17] Loss: 6.5002 Bio: 0.8479
Epoch [12/200] Total Loss: 109.5450
Epoch [13/200] Step [0/17] Loss: 6.4435 Bio: 1.0148
Epoch [13/200] Total Loss: 109.1584
Epoch [14/200] Step [0/17] Loss: 6.7248 Bio: 0.7919
Epoch [14/200] Total Loss: 109.1357
Epoch [15/200] Step [0/17] Loss: 6.5719 Bio: 0.9321
Epoch [15/200] Total Loss: 107.6460
Epoch [16/200] Step [0/17] Loss: 6.4899 Bio: 0.8849
Epoch [16/200] Total Loss: 107.1565
Epoch [17/200] Step [0/17] Loss: 6.2810 Bio: 0.8853
Epoch [17/200] Total Loss: 107.0924
Epoch [18/200] Step [0/17] Loss: 6.5100 Bio: 0.9117
Epoch [18/200] Total Loss: 108.0939
Epoch [19/200] Step [0/17] Loss: 6.5234 Bio: 0.8452
Epoch [19/200] Total Loss: 107.7612
Epoch [20/200] Step [0/17] Loss: 6.4079 Bio: 1.0225
Epoch [20/200] Total Loss: 106.9245
Epoch [21/200] Step [0/17] Loss: 6.4278 Bio: 1.0076
Epoch [21/200] Total Loss: 107.7207
Epoch [22/200] Step [0/17] Loss: 6.4148 Bio: 0.9724
Epoch [22/200] Total Loss: 104.9664
Epoch [23/200] Step [0/17] Loss: 6.4171 Bio: 0.8398
Epoch [23/200] Total Loss: 105.6610
Epoch [24/200] Step [0/17] Loss: 6.5753 Bio: 0.8607
Epoch [24/200] Total Loss: 105.7535
Epoch [25/200] Step [0/17] Loss: 6.1874 Bio: 0.8824
Epoch [25/200] Total Loss: 105.1350
Epoch [26/200] Step [0/17] Loss: 6.2593 Bio: 0.9046
Epoch [26/200] Total Loss: 105.8178
Epoch [27/200] Step [0/17] Loss: 6.3971 Bio: 0.8906
Epoch [27/200] Total Loss: 106.4823
Epoch [28/200] Step [0/17] Loss: 6.2616 Bio: 0.8915
Epoch [28/200] Total Loss: 105.1355
Epoch [29/200] Step [0/17] Loss: 6.2741 Bio: 0.9214
Epoch [29/200] Total Loss: 104.9003
Epoch [30/200] Step [0/17] Loss: 6.4306 Bio: 1.0597
Epoch [30/200] Total Loss: 104.6340
Epoch [31/200] Step [0/17] Loss: 6.2278 Bio: 0.8178
Epoch [31/200] Total Loss: 106.6387
Epoch [32/200] Step [0/17] Loss: 6.2716 Bio: 0.8762
Epoch [32/200] Total Loss: 105.2745
Epoch [33/200] Step [0/17] Loss: 6.5210 Bio: 0.7909
Epoch [33/200] Total Loss: 105.4843
Epoch [34/200] Step [0/17] Loss: 6.2362 Bio: 0.9197
Epoch [34/200] Total Loss: 105.0494
Epoch [35/200] Step [0/17] Loss: 5.9186 Bio: 0.8364
Epoch [35/200] Total Loss: 103.6581
Epoch [36/200] Step [0/17] Loss: 6.1611 Bio: 0.9019
Epoch [36/200] Total Loss: 104.5581
Epoch [37/200] Step [0/17] Loss: 6.2807 Bio: 0.9549
Epoch [37/200] Total Loss: 104.7259
Epoch [38/200] Step [0/17] Loss: 6.3821 Bio: 0.7350
Epoch [38/200] Total Loss: 105.0008
Epoch [39/200] Step [0/17] Loss: 6.3944 Bio: 1.0772
Epoch [39/200] Total Loss: 103.6935
Epoch [40/200] Step [0/17] Loss: 6.1693 Bio: 0.8630
Epoch [40/200] Total Loss: 103.3870
Epoch [41/200] Step [0/17] Loss: 6.1701 Bio: 0.9606
Epoch [41/200] Total Loss: 104.3323
Epoch [42/200] Step [0/17] Loss: 6.3985 Bio: 0.9629
Epoch [42/200] Total Loss: 103.7086
Epoch [43/200] Step [0/17] Loss: 6.1327 Bio: 1.0043
Epoch [43/200] Total Loss: 103.8877
Epoch [44/200] Step [0/17] Loss: 6.1544 Bio: 0.9009
Epoch [44/200] Total Loss: 103.7521
Epoch [45/200] Step [0/17] Loss: 6.1419 Bio: 0.8678
Epoch [45/200] Total Loss: 106.2335
Epoch [46/200] Step [0/17] Loss: 6.6708 Bio: 0.8794
Epoch [46/200] Total Loss: 105.9628
Epoch [47/200] Step [0/17] Loss: 6.1198 Bio: 0.9838
Epoch [47/200] Total Loss: 102.8736
Epoch [48/200] Step [0/17] Loss: 6.1696 Bio: 0.9089
Epoch [48/200] Total Loss: 102.7320
Epoch [49/200] Step [0/17] Loss: 5.9666 Bio: 0.9466
Epoch [49/200] Total Loss: 102.3900
Epoch [50/200] Step [0/17] Loss: 6.4210 Bio: 0.8916
Epoch [50/200] Total Loss: 103.8702
Epoch [51/200] Step [0/17] Loss: 6.0538 Bio: 0.9755
Epoch [51/200] Total Loss: 103.7918
Epoch [52/200] Step [0/17] Loss: 6.3757 Bio: 0.7925
Epoch [52/200] Total Loss: 102.3718
Epoch [53/200] Step [0/17] Loss: 6.1687 Bio: 0.9696
Epoch [53/200] Total Loss: 102.6180
Epoch [54/200] Step [0/17] Loss: 6.0672 Bio: 0.8245
Epoch [54/200] Total Loss: 102.5261
Epoch [55/200] Step [0/17] Loss: 6.2087 Bio: 0.9337
Epoch [55/200] Total Loss: 103.4156
Epoch [56/200] Step [0/17] Loss: 6.2287 Bio: 0.8979
Epoch [56/200] Total Loss: 102.0055
Epoch [57/200] Step [0/17] Loss: 6.0441 Bio: 0.9004
Epoch [57/200] Total Loss: 102.7469
Epoch [58/200] Step [0/17] Loss: 6.0424 Bio: 0.8801
Epoch [58/200] Total Loss: 103.1499
Epoch [59/200] Step [0/17] Loss: 5.8780 Bio: 0.8336
Epoch [59/200] Total Loss: 102.3066
Epoch [60/200] Step [0/17] Loss: 6.2695 Bio: 0.8533
Epoch [60/200] Total Loss: 100.8325
Epoch [61/200] Step [0/17] Loss: 6.4137 Bio: 0.8956
Epoch [61/200] Total Loss: 102.9563
Epoch [62/200] Step [0/17] Loss: 6.2482 Bio: 0.8880
Epoch [62/200] Total Loss: 101.0350
Epoch [63/200] Step [0/17] Loss: 6.1491 Bio: 0.8851
Epoch [63/200] Total Loss: 102.8604
Epoch [64/200] Step [0/17] Loss: 6.1849 Bio: 0.7322
Epoch [64/200] Total Loss: 101.6336
Epoch [65/200] Step [0/17] Loss: 5.9673 Bio: 0.9538
Epoch [65/200] Total Loss: 101.2040
Epoch [66/200] Step [0/17] Loss: 6.0592 Bio: 0.8363
Epoch [66/200] Total Loss: 100.2910
Epoch [67/200] Step [0/17] Loss: 6.0538 Bio: 0.8822
Epoch [67/200] Total Loss: 100.1460
Epoch [68/200] Step [0/17] Loss: 6.0640 Bio: 0.9675
Epoch [68/200] Total Loss: 101.1177
Epoch [69/200] Step [0/17] Loss: 6.0823 Bio: 0.8081
Epoch [69/200] Total Loss: 100.6649
Epoch [70/200] Step [0/17] Loss: 6.0132 Bio: 0.9233
Epoch [70/200] Total Loss: 101.5317
Epoch [71/200] Step [0/17] Loss: 5.7695 Bio: 0.8432
Epoch [71/200] Total Loss: 99.7025
Epoch [72/200] Step [0/17] Loss: 5.9696 Bio: 0.7778
Epoch [72/200] Total Loss: 98.9772
Epoch [73/200] Step [0/17] Loss: 5.9968 Bio: 0.8141
Epoch [73/200] Total Loss: 99.0125
Epoch [74/200] Step [0/17] Loss: 5.8185 Bio: 0.9387
Epoch [74/200] Total Loss: 100.6338
Epoch [75/200] Step [0/17] Loss: 5.9317 Bio: 0.7914
Epoch [75/200] Total Loss: 99.3370
Epoch [76/200] Step [0/17] Loss: 6.3553 Bio: 0.7370
Epoch [76/200] Total Loss: 101.3424
Epoch [77/200] Step [0/17] Loss: 6.0578 Bio: 0.9521
Epoch [77/200] Total Loss: 98.8692
Epoch [78/200] Step [0/17] Loss: 5.8197 Bio: 0.7775
Epoch [78/200] Total Loss: 100.1968
Epoch [79/200] Step [0/17] Loss: 5.9340 Bio: 0.7843
Epoch [79/200] Total Loss: 100.2550
Epoch [80/200] Step [0/17] Loss: 5.8457 Bio: 0.9398
Epoch [80/200] Total Loss: 99.9812
Epoch [81/200] Step [0/17] Loss: 6.0748 Bio: 0.9030
Epoch [81/200] Total Loss: 99.2872
Epoch [82/200] Step [0/17] Loss: 5.9438 Bio: 0.8789
Epoch [82/200] Total Loss: 99.6445
Epoch [83/200] Step [0/17] Loss: 6.1263 Bio: 0.9515
Epoch [83/200] Total Loss: 99.5462
Epoch [84/200] Step [0/17] Loss: 5.8250 Bio: 0.9616
Epoch [84/200] Total Loss: 99.7339
Epoch [85/200] Step [0/17] Loss: 6.1573 Bio: 0.9523
Epoch [85/200] Total Loss: 98.7094
Epoch [86/200] Step [0/17] Loss: 6.0773 Bio: 0.9150
Epoch [86/200] Total Loss: 98.7272
Epoch [87/200] Step [0/17] Loss: 5.9862 Bio: 0.8494
Epoch [87/200] Total Loss: 98.3268
Epoch [88/200] Step [0/17] Loss: 5.8121 Bio: 0.8377
Epoch [88/200] Total Loss: 98.0502
Epoch [89/200] Step [0/17] Loss: 5.8547 Bio: 0.8208
Epoch [89/200] Total Loss: 99.4718
Epoch [90/200] Step [0/17] Loss: 5.9559 Bio: 0.8274
Epoch [90/200] Total Loss: 99.1402
Epoch [91/200] Step [0/17] Loss: 6.0382 Bio: 0.8557
Epoch [91/200] Total Loss: 99.0600
Epoch [92/200] Step [0/17] Loss: 5.8768 Bio: 0.9953
Epoch [92/200] Total Loss: 98.7845
Epoch [93/200] Step [0/17] Loss: 5.8424 Bio: 0.8218
Epoch [93/200] Total Loss: 100.0140
Epoch [94/200] Step [0/17] Loss: 5.9997 Bio: 0.8345
Epoch [94/200] Total Loss: 97.9961
Epoch [95/200] Step [0/17] Loss: 5.9365 Bio: 0.8062
Epoch [95/200] Total Loss: 98.5469
Epoch [96/200] Step [0/17] Loss: 5.9070 Bio: 0.7849
Epoch [96/200] Total Loss: 99.0412
Epoch [97/200] Step [0/17] Loss: 5.9340 Bio: 0.7355
Epoch [97/200] Total Loss: 98.0862
Epoch [98/200] Step [0/17] Loss: 5.8835 Bio: 0.8236
Epoch [98/200] Total Loss: 97.8921
Epoch [99/200] Step [0/17] Loss: 5.7939 Bio: 0.8837
Epoch [99/200] Total Loss: 97.1525
Epoch [100/200] Step [0/17] Loss: 5.7830 Bio: 0.8580
Epoch [100/200] Total Loss: 98.8208
Epoch [101/200] Step [0/17] Loss: 5.5939 Bio: 0.7093
Epoch [101/200] Total Loss: 98.8765
Epoch [102/200] Step [0/17] Loss: 5.9525 Bio: 0.8312
Epoch [102/200] Total Loss: 97.0883
Epoch [103/200] Step [0/17] Loss: 5.8945 Bio: 0.8976
Epoch [103/200] Total Loss: 97.6246
Epoch [104/200] Step [0/17] Loss: 6.0062 Bio: 0.9032
Epoch [104/200] Total Loss: 97.6463
Epoch [105/200] Step [0/17] Loss: 6.1304 Bio: 0.8921
Epoch [105/200] Total Loss: 98.5454
Epoch [106/200] Step [0/17] Loss: 5.9392 Bio: 0.9244
Epoch [106/200] Total Loss: 98.2476
Epoch [107/200] Step [0/17] Loss: 6.0061 Bio: 0.7158
Epoch [107/200] Total Loss: 99.7500
Epoch [108/200] Step [0/17] Loss: 6.1702 Bio: 0.9370
Epoch [108/200] Total Loss: 98.4247
Epoch [109/200] Step [0/17] Loss: 6.0272 Bio: 0.7549
Epoch [109/200] Total Loss: 97.7734
Epoch [110/200] Step [0/17] Loss: 6.0407 Bio: 0.7706
Epoch [110/200] Total Loss: 96.7698
Epoch [111/200] Step [0/17] Loss: 5.7515 Bio: 0.8630
Epoch [111/200] Total Loss: 97.2812
Epoch [112/200] Step [0/17] Loss: 6.0329 Bio: 0.8265
Epoch [112/200] Total Loss: 97.2337
Epoch [113/200] Step [0/17] Loss: 5.9256 Bio: 0.8475
Epoch [113/200] Total Loss: 96.7552
Epoch [114/200] Step [0/17] Loss: 5.5991 Bio: 0.7636
Epoch [114/200] Total Loss: 97.4135
Epoch [115/200] Step [0/17] Loss: 5.7993 Bio: 0.9207
Epoch [115/200] Total Loss: 96.7746
Epoch [116/200] Step [0/17] Loss: 5.6460 Bio: 0.9012
Epoch [116/200] Total Loss: 96.6204
Epoch [117/200] Step [0/17] Loss: 5.7708 Bio: 0.9044
Epoch [117/200] Total Loss: 96.0540
Epoch [118/200] Step [0/17] Loss: 5.8346 Bio: 0.8199
Epoch [118/200] Total Loss: 97.7123
Epoch [119/200] Step [0/17] Loss: 5.7198 Bio: 0.7742
Epoch [119/200] Total Loss: 97.4672
Epoch [120/200] Step [0/17] Loss: 5.8092 Bio: 0.8309
Epoch [120/200] Total Loss: 97.7710
Epoch [121/200] Step [0/17] Loss: 5.8661 Bio: 0.9347
Epoch [121/200] Total Loss: 96.6250
Epoch [122/200] Step [0/17] Loss: 5.7783 Bio: 0.7914
Epoch [122/200] Total Loss: 96.0605
Epoch [123/200] Step [0/17] Loss: 6.2938 Bio: 0.8544
Epoch [123/200] Total Loss: 98.0109
Epoch [124/200] Step [0/17] Loss: 5.7067 Bio: 0.7817
Epoch [124/200] Total Loss: 96.7687
Epoch [125/200] Step [0/17] Loss: 5.8173 Bio: 0.7747
Epoch [125/200] Total Loss: 97.0699
Epoch [126/200] Step [0/17] Loss: 5.9514 Bio: 0.7473
Epoch [126/200] Total Loss: 96.9881
Epoch [127/200] Step [0/17] Loss: 5.6555 Bio: 1.0008
Epoch [127/200] Total Loss: 97.5088
Epoch [128/200] Step [0/17] Loss: 5.9980 Bio: 0.8735
Epoch [128/200] Total Loss: 98.7163
Epoch [129/200] Step [0/17] Loss: 5.8397 Bio: 0.8267
Epoch [129/200] Total Loss: 97.6792
Epoch [130/200] Step [0/17] Loss: 5.9204 Bio: 0.7908
Epoch [130/200] Total Loss: 97.3413
Epoch [131/200] Step [0/17] Loss: 5.7413 Bio: 0.6346
Epoch [131/200] Total Loss: 97.9524
Epoch [132/200] Step [0/17] Loss: 5.7874 Bio: 0.9940
Epoch [132/200] Total Loss: 96.8596
Epoch [133/200] Step [0/17] Loss: 5.7681 Bio: 0.7050
Epoch [133/200] Total Loss: 96.8508
Epoch [134/200] Step [0/17] Loss: 5.9852 Bio: 0.9210
Epoch [134/200] Total Loss: 96.5640
Epoch [135/200] Step [0/17] Loss: 5.7641 Bio: 0.8787
Epoch [135/200] Total Loss: 96.5006
Epoch [136/200] Step [0/17] Loss: 5.7225 Bio: 0.8720
Epoch [136/200] Total Loss: 98.7598
Epoch [137/200] Step [0/17] Loss: 5.8030 Bio: 0.7321
Epoch [137/200] Total Loss: 96.7725
Epoch [138/200] Step [0/17] Loss: 5.8292 Bio: 0.8141
Epoch [138/200] Total Loss: 95.2957
Epoch [139/200] Step [0/17] Loss: 5.8351 Bio: 0.8796
Epoch [139/200] Total Loss: 95.6956
Epoch [140/200] Step [0/17] Loss: 6.1187 Bio: 0.8641
Epoch [140/200] Total Loss: 96.3353
Epoch [141/200] Step [0/17] Loss: 5.9215 Bio: 0.7984
Epoch [141/200] Total Loss: 96.4924
Epoch [142/200] Step [0/17] Loss: 5.7166 Bio: 0.9069
Epoch [142/200] Total Loss: 95.7021
Epoch [143/200] Step [0/17] Loss: 5.6924 Bio: 0.8215
Epoch [143/200] Total Loss: 95.5665
Epoch [144/200] Step [0/17] Loss: 5.9508 Bio: 0.7963
Epoch [144/200] Total Loss: 96.7964
Epoch [145/200] Step [0/17] Loss: 5.5374 Bio: 0.7297
Epoch [145/200] Total Loss: 96.3701
Epoch [146/200] Step [0/17] Loss: 5.7827 Bio: 0.7475
Epoch [146/200] Total Loss: 96.9205
Epoch [147/200] Step [0/17] Loss: 5.6870 Bio: 0.8036
Epoch [147/200] Total Loss: 97.9120
Epoch [148/200] Step [0/17] Loss: 5.7629 Bio: 0.8828
Epoch [148/200] Total Loss: 96.6697
Epoch [149/200] Step [0/17] Loss: 5.7002 Bio: 0.8023
Epoch [149/200] Total Loss: 96.6891
Epoch [150/200] Step [0/17] Loss: 5.6388 Bio: 0.9234
Epoch [150/200] Total Loss: 96.1349
Epoch [151/200] Step [0/17] Loss: 5.7597 Bio: 0.8343
Epoch [151/200] Total Loss: 95.8447
Epoch [152/200] Step [0/17] Loss: 5.9288 Bio: 0.8880
Epoch [152/200] Total Loss: 95.2002
Epoch [153/200] Step [0/17] Loss: 5.9517 Bio: 0.8841
Epoch [153/200] Total Loss: 97.0422
Epoch [154/200] Step [0/17] Loss: 5.8682 Bio: 0.9052
Epoch [154/200] Total Loss: 95.2525
Epoch [155/200] Step [0/17] Loss: 5.8385 Bio: 0.7909
Epoch [155/200] Total Loss: 96.3376
Epoch [156/200] Step [0/17] Loss: 5.8221 Bio: 0.9004
Epoch [156/200] Total Loss: 96.3955
Epoch [157/200] Step [0/17] Loss: 5.8038 Bio: 0.7969
Epoch [157/200] Total Loss: 96.2741
Epoch [158/200] Step [0/17] Loss: 5.7264 Bio: 0.8815
Epoch [158/200] Total Loss: 95.1325
Epoch [159/200] Step [0/17] Loss: 5.8361 Bio: 0.9173
Epoch [159/200] Total Loss: 96.2357
Epoch [160/200] Step [0/17] Loss: 5.8380 Bio: 0.8055
Epoch [160/200] Total Loss: 96.4736
Epoch [161/200] Step [0/17] Loss: 5.7421 Bio: 0.7666
Epoch [161/200] Total Loss: 96.6251
Epoch [162/200] Step [0/17] Loss: 5.8237 Bio: 0.8286
Epoch [162/200] Total Loss: 95.7268
Epoch [163/200] Step [0/17] Loss: 6.1277 Bio: 1.0306
Epoch [163/200] Total Loss: 96.4668
Epoch [164/200] Step [0/17] Loss: 5.5988 Bio: 0.7850
Epoch [164/200] Total Loss: 96.4167
Epoch [165/200] Step [0/17] Loss: 5.8648 Bio: 0.7191
Epoch [165/200] Total Loss: 97.5134
Epoch [166/200] Step [0/17] Loss: 5.8659 Bio: 0.8240
Epoch [166/200] Total Loss: 95.0844
Epoch [167/200] Step [0/17] Loss: 5.6562 Bio: 0.8794
Epoch [167/200] Total Loss: 96.3542
Epoch [168/200] Step [0/17] Loss: 5.9267 Bio: 0.8743
Epoch [168/200] Total Loss: 95.1582
Epoch [169/200] Step [0/17] Loss: 5.5225 Bio: 0.9109
Epoch [169/200] Total Loss: 95.6660
Epoch [170/200] Step [0/17] Loss: 5.7362 Bio: 0.8160
Epoch [170/200] Total Loss: 96.1100
Epoch [171/200] Step [0/17] Loss: 5.8525 Bio: 0.7402
Epoch [171/200] Total Loss: 95.8707
Epoch [172/200] Step [0/17] Loss: 5.5526 Bio: 0.6615
Epoch [172/200] Total Loss: 95.3470
Epoch [173/200] Step [0/17] Loss: 5.8549 Bio: 0.8792
Epoch [173/200] Total Loss: 95.9856
Epoch [174/200] Step [0/17] Loss: 5.7639 Bio: 0.9085
Epoch [174/200] Total Loss: 95.5542
Epoch [175/200] Step [0/17] Loss: 5.7012 Bio: 0.8411
Epoch [175/200] Total Loss: 95.2856
Epoch [176/200] Step [0/17] Loss: 5.8292 Bio: 0.8106
Epoch [176/200] Total Loss: 96.8187
Epoch [177/200] Step [0/17] Loss: 5.7554 Bio: 0.8193
Epoch [177/200] Total Loss: 94.5006
Epoch [178/200] Step [0/17] Loss: 5.6965 Bio: 0.8873
Epoch [178/200] Total Loss: 95.5580
Epoch [179/200] Step [0/17] Loss: 5.8438 Bio: 0.8697
Epoch [179/200] Total Loss: 95.1221
Epoch [180/200] Step [0/17] Loss: 5.6866 Bio: 0.9662
Epoch [180/200] Total Loss: 96.0241
Epoch [181/200] Step [0/17] Loss: 5.5925 Bio: 0.8166
Epoch [181/200] Total Loss: 95.9677
Epoch [182/200] Step [0/17] Loss: 5.6496 Bio: 1.0461
Epoch [182/200] Total Loss: 96.0906
Epoch [183/200] Step [0/17] Loss: 5.7392 Bio: 0.7684
Epoch [183/200] Total Loss: 95.1714
Epoch [184/200] Step [0/17] Loss: 5.6516 Bio: 0.7832
Epoch [184/200] Total Loss: 95.9911
Epoch [185/200] Step [0/17] Loss: 5.7405 Bio: 0.7347
Epoch [185/200] Total Loss: 95.6237
Epoch [186/200] Step [0/17] Loss: 5.8871 Bio: 0.7835
Epoch [186/200] Total Loss: 95.5839
Epoch [187/200] Step [0/17] Loss: 5.9187 Bio: 0.8947
Epoch [187/200] Total Loss: 95.8359
Epoch [188/200] Step [0/17] Loss: 5.7873 Bio: 0.7853
Epoch [188/200] Total Loss: 95.7094
Epoch [189/200] Step [0/17] Loss: 5.6166 Bio: 0.8161
Epoch [189/200] Total Loss: 95.5642
Epoch [190/200] Step [0/17] Loss: 5.8766 Bio: 0.8809
Epoch [190/200] Total Loss: 95.8522
Epoch [191/200] Step [0/17] Loss: 5.6284 Bio: 0.8808
Epoch [191/200] Total Loss: 95.0343
Epoch [192/200] Step [0/17] Loss: 5.6729 Bio: 0.9152
Epoch [192/200] Total Loss: 97.2595
Epoch [193/200] Step [0/17] Loss: 5.6174 Bio: 0.8351
Epoch [193/200] Total Loss: 95.7660
Epoch [194/200] Step [0/17] Loss: 5.7219 Bio: 0.9007
Epoch [194/200] Total Loss: 95.1935
Epoch [195/200] Step [0/17] Loss: 5.7937 Bio: 0.8838
Epoch [195/200] Total Loss: 95.6655
Epoch [196/200] Step [0/17] Loss: 5.7947 Bio: 0.8309
Epoch [196/200] Total Loss: 95.4175
Epoch [197/200] Step [0/17] Loss: 5.7770 Bio: 0.7748
Epoch [197/200] Total Loss: 96.2629
Epoch [198/200] Step [0/17] Loss: 5.7966 Bio: 0.8443
Epoch [198/200] Total Loss: 95.4294
Epoch [199/200] Step [0/17] Loss: 5.8668 Bio: 0.9037
Epoch [199/200] Total Loss: 96.1240
MLP training complete.
--- MLP 14all RESULTS ---
============================================================
CLUSTERING EVALUATION
============================================================
✅ Loaded ground truth from ground_truth_BRCA.csv
   Total patients with labels: 803

📂 Loading model from save/model_combo_mlp_14all/checkpoint_200.tar...
✅ Model loaded successfully

📊 Loading data for BRCA...
[dataloader] No bio_anchor_file specified — loading omics only
✅ Data loaded successfully

🔮 Getting predictions...
✅ Predictions obtained: 1031 samples

🔍 Filtering to patients with ground truth...
   Patients with both predictions and ground truth: 803
   Final evaluation size: 803 patients

📈 Computing metrics...

============================================================
RESULTS
============================================================
ARI                 : 0.3305
NMI                 : 0.4650
V-measure           : 0.4650
============================================================

📊 Creating visualizations...
Saved confusion matrix to results/BRCA_confusion_matrix.png
Saved distribution plot to results/BRCA_cluster_distribution.png
Computing t-SNE (this may take a minute)...
Saved t-SNE plot to results/BRCA_tsne.png

💾 Saved results to results/BRCA_evaluation.csv

✅ Evaluation complete!
Linear Bio-Anchor Head
Cancer: BRCA | bio_dim: 14 | lambda_bio: 0.1
Bio anchor file: bio_anchors_BRCA_combo_14all.csv
[dataloader] Loaded bio-anchors from bio_anchors_BRCA_combo_14all.csv: torch.Size([1031, 14])
Cluster number: 5
Epoch [0/200] Step [0/17] Loss: 7.1379 Bio: 1.0287
Epoch [0/200] Total Loss: 118.9529
Epoch [1/200] Step [0/17] Loss: 7.1311 Bio: 0.9682
Epoch [1/200] Total Loss: 118.4387
Epoch [2/200] Step [0/17] Loss: 7.0702 Bio: 0.9851
Epoch [2/200] Total Loss: 116.9708
Epoch [3/200] Step [0/17] Loss: 6.9142 Bio: 1.1907
Epoch [3/200] Total Loss: 113.5300
Epoch [4/200] Step [0/17] Loss: 6.7486 Bio: 1.0550
Epoch [4/200] Total Loss: 113.3779
Epoch [5/200] Step [0/17] Loss: 6.9285 Bio: 1.0086
Epoch [5/200] Total Loss: 112.3205
Epoch [6/200] Step [0/17] Loss: 6.9165 Bio: 0.9316
Epoch [6/200] Total Loss: 111.0764
Epoch [7/200] Step [0/17] Loss: 6.7032 Bio: 0.9684
Epoch [7/200] Total Loss: 110.9605
Epoch [8/200] Step [0/17] Loss: 6.5859 Bio: 0.9500
Epoch [8/200] Total Loss: 109.9664
Epoch [9/200] Step [0/17] Loss: 6.8103 Bio: 0.9915
Epoch [9/200] Total Loss: 110.0477
Epoch [10/200] Step [0/17] Loss: 6.7442 Bio: 0.9788
Epoch [10/200] Total Loss: 110.9691
Epoch [11/200] Step [0/17] Loss: 6.8199 Bio: 0.9459
Epoch [11/200] Total Loss: 113.6762
Epoch [12/200] Step [0/17] Loss: 6.4982 Bio: 1.0639
Epoch [12/200] Total Loss: 109.3219
Epoch [13/200] Step [0/17] Loss: 6.6930 Bio: 1.0745
Epoch [13/200] Total Loss: 108.0952
Epoch [14/200] Step [0/17] Loss: 6.4932 Bio: 1.0916
Epoch [14/200] Total Loss: 109.0953
Epoch [15/200] Step [0/17] Loss: 6.3862 Bio: 1.0313
Epoch [15/200] Total Loss: 108.2665
Epoch [16/200] Step [0/17] Loss: 6.5964 Bio: 0.9703
Epoch [16/200] Total Loss: 108.0712
Epoch [17/200] Step [0/17] Loss: 6.9937 Bio: 0.9770
Epoch [17/200] Total Loss: 108.7282
Epoch [18/200] Step [0/17] Loss: 6.6466 Bio: 1.0599
Epoch [18/200] Total Loss: 107.5824
Epoch [19/200] Step [0/17] Loss: 6.3977 Bio: 0.9178
Epoch [19/200] Total Loss: 108.4762
Epoch [20/200] Step [0/17] Loss: 6.4344 Bio: 0.7736
Epoch [20/200] Total Loss: 106.8032
Epoch [21/200] Step [0/17] Loss: 6.4108 Bio: 1.2366
Epoch [21/200] Total Loss: 105.8225
Epoch [22/200] Step [0/17] Loss: 6.5063 Bio: 0.9586
Epoch [22/200] Total Loss: 106.3674
Epoch [23/200] Step [0/17] Loss: 6.1698 Bio: 0.9567
Epoch [23/200] Total Loss: 106.7337
Epoch [24/200] Step [0/17] Loss: 6.1615 Bio: 1.0732
Epoch [24/200] Total Loss: 105.7469
Epoch [25/200] Step [0/17] Loss: 6.5225 Bio: 0.9975
Epoch [25/200] Total Loss: 108.9263
Epoch [26/200] Step [0/17] Loss: 6.4341 Bio: 1.0281
Epoch [26/200] Total Loss: 105.7067
Epoch [27/200] Step [0/17] Loss: 6.4672 Bio: 0.9171
Epoch [27/200] Total Loss: 105.7665
Epoch [28/200] Step [0/17] Loss: 6.2420 Bio: 0.9411
Epoch [28/200] Total Loss: 105.3122
Epoch [29/200] Step [0/17] Loss: 6.2366 Bio: 0.9901
Epoch [29/200] Total Loss: 104.9563
Epoch [30/200] Step [0/17] Loss: 6.2282 Bio: 0.9501
Epoch [30/200] Total Loss: 106.7934
Epoch [31/200] Step [0/17] Loss: 6.2851 Bio: 1.0050
Epoch [31/200] Total Loss: 105.4457
Epoch [32/200] Step [0/17] Loss: 6.4778 Bio: 1.0124
Epoch [32/200] Total Loss: 106.3083
Epoch [33/200] Step [0/17] Loss: 6.2886 Bio: 1.0007
Epoch [33/200] Total Loss: 105.3635
Epoch [34/200] Step [0/17] Loss: 6.3112 Bio: 0.9950
Epoch [34/200] Total Loss: 105.1271
Epoch [35/200] Step [0/17] Loss: 6.2742 Bio: 1.0777
Epoch [35/200] Total Loss: 104.6155
Epoch [36/200] Step [0/17] Loss: 6.1582 Bio: 0.9858
Epoch [36/200] Total Loss: 104.3665
Epoch [37/200] Step [0/17] Loss: 6.3593 Bio: 0.9291
Epoch [37/200] Total Loss: 104.3939
Epoch [38/200] Step [0/17] Loss: 6.3365 Bio: 0.9745
Epoch [38/200] Total Loss: 104.0206
Epoch [39/200] Step [0/17] Loss: 6.3097 Bio: 0.9690
Epoch [39/200] Total Loss: 104.4803
Epoch [40/200] Step [0/17] Loss: 6.3347 Bio: 0.9494
Epoch [40/200] Total Loss: 103.3324
Epoch [41/200] Step [0/17] Loss: 6.3243 Bio: 0.8771
Epoch [41/200] Total Loss: 104.5209
Epoch [42/200] Step [0/17] Loss: 6.3409 Bio: 1.0604
Epoch [42/200] Total Loss: 103.7178
Epoch [43/200] Step [0/17] Loss: 6.1923 Bio: 0.9261
Epoch [43/200] Total Loss: 104.9714
Epoch [44/200] Step [0/17] Loss: 6.1882 Bio: 1.0856
Epoch [44/200] Total Loss: 104.6389
Epoch [45/200] Step [0/17] Loss: 6.4041 Bio: 1.0427
Epoch [45/200] Total Loss: 104.3434
Epoch [46/200] Step [0/17] Loss: 6.3487 Bio: 0.9989
Epoch [46/200] Total Loss: 103.4612
Epoch [47/200] Step [0/17] Loss: 6.1847 Bio: 1.0433
Epoch [47/200] Total Loss: 103.1591
Epoch [48/200] Step [0/17] Loss: 6.1558 Bio: 1.0136
Epoch [48/200] Total Loss: 105.1189
Epoch [49/200] Step [0/17] Loss: 6.2168 Bio: 1.0523
Epoch [49/200] Total Loss: 102.7249
Epoch [50/200] Step [0/17] Loss: 6.1928 Bio: 0.9027
Epoch [50/200] Total Loss: 104.4032
Epoch [51/200] Step [0/17] Loss: 6.3260 Bio: 1.0962
Epoch [51/200] Total Loss: 102.6833
Epoch [52/200] Step [0/17] Loss: 6.2046 Bio: 1.1034
Epoch [52/200] Total Loss: 105.1271
Epoch [53/200] Step [0/17] Loss: 6.2018 Bio: 0.9867
Epoch [53/200] Total Loss: 103.3811
Epoch [54/200] Step [0/17] Loss: 6.0419 Bio: 0.9501
Epoch [54/200] Total Loss: 103.0934
Epoch [55/200] Step [0/17] Loss: 6.2279 Bio: 1.2218
Epoch [55/200] Total Loss: 102.8634
Epoch [56/200] Step [0/17] Loss: 6.2580 Bio: 1.0369
Epoch [56/200] Total Loss: 102.3210
Epoch [57/200] Step [0/17] Loss: 6.1485 Bio: 1.0249
Epoch [57/200] Total Loss: 102.2338
Epoch [58/200] Step [0/17] Loss: 6.0299 Bio: 1.0202
Epoch [58/200] Total Loss: 103.2158
Epoch [59/200] Step [0/17] Loss: 6.0859 Bio: 1.0194
Epoch [59/200] Total Loss: 102.1806
Epoch [60/200] Step [0/17] Loss: 6.1840 Bio: 1.0485
Epoch [60/200] Total Loss: 102.1118
Epoch [61/200] Step [0/17] Loss: 6.2011 Bio: 0.9375
Epoch [61/200] Total Loss: 103.9308
Epoch [62/200] Step [0/17] Loss: 6.3361 Bio: 0.9209
Epoch [62/200] Total Loss: 102.1465
Epoch [63/200] Step [0/17] Loss: 6.0068 Bio: 0.9422
Epoch [63/200] Total Loss: 102.8793
Epoch [64/200] Step [0/17] Loss: 6.2103 Bio: 0.9363
Epoch [64/200] Total Loss: 101.7714
Epoch [65/200] Step [0/17] Loss: 5.8986 Bio: 1.1052
Epoch [65/200] Total Loss: 102.5014
Epoch [66/200] Step [0/17] Loss: 6.1417 Bio: 0.9310
Epoch [66/200] Total Loss: 101.9781
Epoch [67/200] Step [0/17] Loss: 5.9914 Bio: 1.0325
Epoch [67/200] Total Loss: 101.3878
Epoch [68/200] Step [0/17] Loss: 6.0536 Bio: 1.0208
Epoch [68/200] Total Loss: 102.1936
Epoch [69/200] Step [0/17] Loss: 5.8629 Bio: 1.1429
Epoch [69/200] Total Loss: 101.6420
Epoch [70/200] Step [0/17] Loss: 5.9722 Bio: 0.9389
Epoch [70/200] Total Loss: 101.1969
Epoch [71/200] Step [0/17] Loss: 6.2187 Bio: 0.9180
Epoch [71/200] Total Loss: 101.7935
Epoch [72/200] Step [0/17] Loss: 6.1605 Bio: 0.8856
Epoch [72/200] Total Loss: 101.0156
Epoch [73/200] Step [0/17] Loss: 6.1680 Bio: 0.8669
Epoch [73/200] Total Loss: 100.8828
Epoch [74/200] Step [0/17] Loss: 6.1354 Bio: 0.8913
Epoch [74/200] Total Loss: 103.0175
Epoch [75/200] Step [0/17] Loss: 5.8528 Bio: 0.8774
Epoch [75/200] Total Loss: 101.5227
Epoch [76/200] Step [0/17] Loss: 6.2309 Bio: 0.8512
Epoch [76/200] Total Loss: 100.5753
Epoch [77/200] Step [0/17] Loss: 6.1678 Bio: 0.9398
Epoch [77/200] Total Loss: 102.5533
Epoch [78/200] Step [0/17] Loss: 6.3493 Bio: 0.9764
Epoch [78/200] Total Loss: 100.5454
Epoch [79/200] Step [0/17] Loss: 5.9581 Bio: 0.9331
Epoch [79/200] Total Loss: 102.2517
Epoch [80/200] Step [0/17] Loss: 5.9724 Bio: 0.9173
Epoch [80/200] Total Loss: 101.4241
Epoch [81/200] Step [0/17] Loss: 6.2326 Bio: 1.0496
Epoch [81/200] Total Loss: 101.6798
Epoch [82/200] Step [0/17] Loss: 6.1531 Bio: 0.9606
Epoch [82/200] Total Loss: 101.5573
Epoch [83/200] Step [0/17] Loss: 6.0275 Bio: 0.9620
Epoch [83/200] Total Loss: 100.8587
Epoch [84/200] Step [0/17] Loss: 6.2219 Bio: 0.9222
Epoch [84/200] Total Loss: 101.1218
Epoch [85/200] Step [0/17] Loss: 6.0712 Bio: 0.8597
Epoch [85/200] Total Loss: 101.4434
Epoch [86/200] Step [0/17] Loss: 6.0538 Bio: 0.8713
Epoch [86/200] Total Loss: 100.9211
Epoch [87/200] Step [0/17] Loss: 5.9672 Bio: 0.8180
Epoch [87/200] Total Loss: 101.6763
Epoch [88/200] Step [0/17] Loss: 5.8392 Bio: 0.9706
Epoch [88/200] Total Loss: 101.1633
Epoch [89/200] Step [0/17] Loss: 5.9121 Bio: 0.8963
Epoch [89/200] Total Loss: 100.2718
Epoch [90/200] Step [0/17] Loss: 5.9956 Bio: 0.9398
Epoch [90/200] Total Loss: 100.5982
Epoch [91/200] Step [0/17] Loss: 5.9364 Bio: 0.8366
Epoch [91/200] Total Loss: 98.8471
Epoch [92/200] Step [0/17] Loss: 5.7960 Bio: 0.9359
Epoch [92/200] Total Loss: 100.7996
Epoch [93/200] Step [0/17] Loss: 5.9393 Bio: 0.8967
Epoch [93/200] Total Loss: 101.6424
Epoch [94/200] Step [0/17] Loss: 5.7890 Bio: 0.9406
Epoch [94/200] Total Loss: 99.3810
Epoch [95/200] Step [0/17] Loss: 5.8094 Bio: 0.8310
Epoch [95/200] Total Loss: 99.0324
Epoch [96/200] Step [0/17] Loss: 5.9660 Bio: 1.0512
Epoch [96/200] Total Loss: 98.9768
Epoch [97/200] Step [0/17] Loss: 5.8826 Bio: 1.0117
Epoch [97/200] Total Loss: 98.6970
Epoch [98/200] Step [0/17] Loss: 5.9100 Bio: 1.0312
Epoch [98/200] Total Loss: 98.5866
Epoch [99/200] Step [0/17] Loss: 5.9153 Bio: 1.0424
Epoch [99/200] Total Loss: 99.6548
Epoch [100/200] Step [0/17] Loss: 6.1645 Bio: 0.8430
Epoch [100/200] Total Loss: 99.1261
Epoch [101/200] Step [0/17] Loss: 5.9614 Bio: 0.9073
Epoch [101/200] Total Loss: 98.5686
Epoch [102/200] Step [0/17] Loss: 5.9534 Bio: 1.0220
Epoch [102/200] Total Loss: 99.1761
Epoch [103/200] Step [0/17] Loss: 5.9357 Bio: 0.8785
Epoch [103/200] Total Loss: 98.3959
Epoch [104/200] Step [0/17] Loss: 6.1596 Bio: 0.8969
Epoch [104/200] Total Loss: 99.5263
Epoch [105/200] Step [0/17] Loss: 5.7057 Bio: 1.0358
Epoch [105/200] Total Loss: 99.5996
Epoch [106/200] Step [0/17] Loss: 5.8598 Bio: 0.8919
Epoch [106/200] Total Loss: 98.4949
Epoch [107/200] Step [0/17] Loss: 5.9982 Bio: 0.8748
Epoch [107/200] Total Loss: 100.4068
Epoch [108/200] Step [0/17] Loss: 6.0033 Bio: 0.9600
Epoch [108/200] Total Loss: 98.6630
Epoch [109/200] Step [0/17] Loss: 6.0280 Bio: 0.9788
Epoch [109/200] Total Loss: 99.2399
Epoch [110/200] Step [0/17] Loss: 5.8218 Bio: 0.8429
Epoch [110/200] Total Loss: 99.4573
Epoch [111/200] Step [0/17] Loss: 5.9177 Bio: 0.9463
Epoch [111/200] Total Loss: 98.9085
Epoch [112/200] Step [0/17] Loss: 5.8868 Bio: 0.8731
Epoch [112/200] Total Loss: 98.1825
Epoch [113/200] Step [0/17] Loss: 5.8485 Bio: 0.9487
Epoch [113/200] Total Loss: 98.3422
Epoch [114/200] Step [0/17] Loss: 6.0248 Bio: 0.8266
Epoch [114/200] Total Loss: 99.0854
Epoch [115/200] Step [0/17] Loss: 5.7832 Bio: 0.9177
Epoch [115/200] Total Loss: 97.5369
Epoch [116/200] Step [0/17] Loss: 5.7241 Bio: 0.9327
Epoch [116/200] Total Loss: 97.8045
Epoch [117/200] Step [0/17] Loss: 5.9771 Bio: 0.9029
Epoch [117/200] Total Loss: 97.5931
Epoch [118/200] Step [0/17] Loss: 5.7601 Bio: 0.8284
Epoch [118/200] Total Loss: 97.9887
Epoch [119/200] Step [0/17] Loss: 5.6471 Bio: 1.0935
Epoch [119/200] Total Loss: 97.9690
Epoch [120/200] Step [0/17] Loss: 6.0148 Bio: 0.9354
Epoch [120/200] Total Loss: 99.0951
Epoch [121/200] Step [0/17] Loss: 5.7926 Bio: 0.9544
Epoch [121/200] Total Loss: 100.2398
Epoch [122/200] Step [0/17] Loss: 5.5656 Bio: 1.0880
Epoch [122/200] Total Loss: 98.6948
Epoch [123/200] Step [0/17] Loss: 5.5836 Bio: 0.9450
Epoch [123/200] Total Loss: 97.0511
Epoch [124/200] Step [0/17] Loss: 5.7835 Bio: 0.8982
Epoch [124/200] Total Loss: 97.1424
Epoch [125/200] Step [0/17] Loss: 5.7593 Bio: 0.9852
Epoch [125/200] Total Loss: 97.5860
Epoch [126/200] Step [0/17] Loss: 5.7142 Bio: 0.8723
Epoch [126/200] Total Loss: 96.5853
Epoch [127/200] Step [0/17] Loss: 6.1528 Bio: 0.9041
Epoch [127/200] Total Loss: 97.6222
Epoch [128/200] Step [0/17] Loss: 5.8174 Bio: 0.9428
Epoch [128/200] Total Loss: 98.2227
Epoch [129/200] Step [0/17] Loss: 5.7157 Bio: 0.8920
Epoch [129/200] Total Loss: 98.5514
Epoch [130/200] Step [0/17] Loss: 5.7842 Bio: 0.9301
Epoch [130/200] Total Loss: 96.8011
Epoch [131/200] Step [0/17] Loss: 5.6953 Bio: 0.8528
Epoch [131/200] Total Loss: 97.7195
Epoch [132/200] Step [0/17] Loss: 5.7315 Bio: 1.0446
Epoch [132/200] Total Loss: 97.7459
Epoch [133/200] Step [0/17] Loss: 5.6685 Bio: 0.9477
Epoch [133/200] Total Loss: 96.7907
Epoch [134/200] Step [0/17] Loss: 5.8195 Bio: 1.0046
Epoch [134/200] Total Loss: 96.2695
Epoch [135/200] Step [0/17] Loss: 6.0362 Bio: 0.9584
Epoch [135/200] Total Loss: 97.2325
Epoch [136/200] Step [0/17] Loss: 5.7000 Bio: 0.9488
Epoch [136/200] Total Loss: 97.5942
Epoch [137/200] Step [0/17] Loss: 5.8928 Bio: 0.8370
Epoch [137/200] Total Loss: 97.4948
Epoch [138/200] Step [0/17] Loss: 5.8485 Bio: 0.9662
Epoch [138/200] Total Loss: 98.1507
Epoch [139/200] Step [0/17] Loss: 5.9102 Bio: 0.9672
Epoch [139/200] Total Loss: 98.5466
Epoch [140/200] Step [0/17] Loss: 5.8039 Bio: 1.0033
Epoch [140/200] Total Loss: 97.6868
Epoch [141/200] Step [0/17] Loss: 5.9576 Bio: 0.8605
Epoch [141/200] Total Loss: 98.2537
Epoch [142/200] Step [0/17] Loss: 5.8703 Bio: 0.8867
Epoch [142/200] Total Loss: 97.5952
Epoch [143/200] Step [0/17] Loss: 5.7839 Bio: 0.7751
Epoch [143/200] Total Loss: 98.2671
Epoch [144/200] Step [0/17] Loss: 6.0927 Bio: 0.8809
Epoch [144/200] Total Loss: 97.6776
Epoch [145/200] Step [0/17] Loss: 5.7878 Bio: 0.8237
Epoch [145/200] Total Loss: 97.1544
Epoch [146/200] Step [0/17] Loss: 5.7880 Bio: 0.8895
Epoch [146/200] Total Loss: 98.6328
Epoch [147/200] Step [0/17] Loss: 5.6150 Bio: 0.9399
Epoch [147/200] Total Loss: 96.8570
Epoch [148/200] Step [0/17] Loss: 5.5749 Bio: 0.8991
Epoch [148/200] Total Loss: 96.6717
Epoch [149/200] Step [0/17] Loss: 5.9300 Bio: 0.8662
Epoch [149/200] Total Loss: 96.8445
Epoch [150/200] Step [0/17] Loss: 6.1475 Bio: 0.8987
Epoch [150/200] Total Loss: 96.5310
Epoch [151/200] Step [0/17] Loss: 5.7502 Bio: 0.8172
Epoch [151/200] Total Loss: 96.2619
Epoch [152/200] Step [0/17] Loss: 5.7788 Bio: 0.9318
Epoch [152/200] Total Loss: 96.9462
Epoch [153/200] Step [0/17] Loss: 5.6564 Bio: 0.9909
Epoch [153/200] Total Loss: 97.3929
Epoch [154/200] Step [0/17] Loss: 5.8970 Bio: 0.9265
Epoch [154/200] Total Loss: 98.1240
Epoch [155/200] Step [0/17] Loss: 5.8827 Bio: 0.8760
Epoch [155/200] Total Loss: 97.2917
Epoch [156/200] Step [0/17] Loss: 5.7744 Bio: 0.8859
Epoch [156/200] Total Loss: 97.3706
Epoch [157/200] Step [0/17] Loss: 5.7267 Bio: 0.8988
Epoch [157/200] Total Loss: 96.2272
Epoch [158/200] Step [0/17] Loss: 5.7583 Bio: 0.9018
Epoch [158/200] Total Loss: 97.2284
Epoch [159/200] Step [0/17] Loss: 5.8930 Bio: 0.8954
Epoch [159/200] Total Loss: 96.8042
Epoch [160/200] Step [0/17] Loss: 5.5533 Bio: 0.9010
Epoch [160/200] Total Loss: 97.1657
Epoch [161/200] Step [0/17] Loss: 5.6039 Bio: 0.9385
Epoch [161/200] Total Loss: 97.2106
Epoch [162/200] Step [0/17] Loss: 5.9486 Bio: 0.8605
Epoch [162/200] Total Loss: 96.1680
Epoch [163/200] Step [0/17] Loss: 5.5747 Bio: 0.9410
Epoch [163/200] Total Loss: 95.8196
Epoch [164/200] Step [0/17] Loss: 5.8891 Bio: 0.8679
Epoch [164/200] Total Loss: 96.3133
Epoch [165/200] Step [0/17] Loss: 5.6023 Bio: 0.8790
Epoch [165/200] Total Loss: 97.3576
Epoch [166/200] Step [0/17] Loss: 5.8820 Bio: 0.9920
Epoch [166/200] Total Loss: 95.5612
Epoch [167/200] Step [0/17] Loss: 5.7408 Bio: 0.8423
Epoch [167/200] Total Loss: 96.0236
Epoch [168/200] Step [0/17] Loss: 5.6166 Bio: 0.8319
Epoch [168/200] Total Loss: 95.1762
Epoch [169/200] Step [0/17] Loss: 5.6462 Bio: 0.9185
Epoch [169/200] Total Loss: 95.7044
Epoch [170/200] Step [0/17] Loss: 5.7788 Bio: 0.9284
Epoch [170/200] Total Loss: 97.0792
Epoch [171/200] Step [0/17] Loss: 5.5784 Bio: 0.9689
Epoch [171/200] Total Loss: 96.4524
Epoch [172/200] Step [0/17] Loss: 5.7700 Bio: 0.8920
Epoch [172/200] Total Loss: 97.2907
Epoch [173/200] Step [0/17] Loss: 5.7776 Bio: 0.8334
Epoch [173/200] Total Loss: 96.7901
Epoch [174/200] Step [0/17] Loss: 5.9500 Bio: 0.9278
Epoch [174/200] Total Loss: 96.0043
Epoch [175/200] Step [0/17] Loss: 5.7767 Bio: 0.8612
Epoch [175/200] Total Loss: 96.0514
Epoch [176/200] Step [0/17] Loss: 6.0970 Bio: 0.7766
Epoch [176/200] Total Loss: 96.7290
Epoch [177/200] Step [0/17] Loss: 5.6855 Bio: 0.8560
Epoch [177/200] Total Loss: 95.1296
Epoch [178/200] Step [0/17] Loss: 5.8374 Bio: 0.9715
Epoch [178/200] Total Loss: 95.2719
Epoch [179/200] Step [0/17] Loss: 5.7125 Bio: 0.9172
Epoch [179/200] Total Loss: 95.6255
Epoch [180/200] Step [0/17] Loss: 5.8422 Bio: 0.8440
Epoch [180/200] Total Loss: 95.5267
Epoch [181/200] Step [0/17] Loss: 5.7790 Bio: 0.9187
Epoch [181/200] Total Loss: 95.5247
Epoch [182/200] Step [0/17] Loss: 5.6567 Bio: 0.7727
Epoch [182/200] Total Loss: 97.0116
Epoch [183/200] Step [0/17] Loss: 5.6091 Bio: 1.0405
Epoch [183/200] Total Loss: 95.7402
Epoch [184/200] Step [0/17] Loss: 5.8169 Bio: 0.8424
Epoch [184/200] Total Loss: 96.3812
Epoch [185/200] Step [0/17] Loss: 5.6336 Bio: 0.8939
Epoch [185/200] Total Loss: 95.6988
Epoch [186/200] Step [0/17] Loss: 5.7661 Bio: 0.7967
Epoch [186/200] Total Loss: 96.1537
Epoch [187/200] Step [0/17] Loss: 5.9692 Bio: 0.9444
Epoch [187/200] Total Loss: 96.7463
Epoch [188/200] Step [0/17] Loss: 5.8634 Bio: 0.7992
Epoch [188/200] Total Loss: 95.9889
Epoch [189/200] Step [0/17] Loss: 5.6882 Bio: 0.9389
Epoch [189/200] Total Loss: 95.8027
Epoch [190/200] Step [0/17] Loss: 5.8702 Bio: 1.0491
Epoch [190/200] Total Loss: 96.0513
Epoch [191/200] Step [0/17] Loss: 5.6963 Bio: 0.8986
Epoch [191/200] Total Loss: 95.2888
Epoch [192/200] Step [0/17] Loss: 5.5981 Bio: 1.0045
Epoch [192/200] Total Loss: 95.9445
Epoch [193/200] Step [0/17] Loss: 5.7294 Bio: 0.9908
Epoch [193/200] Total Loss: 95.4448
Epoch [194/200] Step [0/17] Loss: 5.6539 Bio: 0.8373
Epoch [194/200] Total Loss: 94.6355
Epoch [195/200] Step [0/17] Loss: 5.6548 Bio: 0.9160
Epoch [195/200] Total Loss: 96.5205
Epoch [196/200] Step [0/17] Loss: 5.9084 Bio: 0.7965
Epoch [196/200] Total Loss: 96.9072
Epoch [197/200] Step [0/17] Loss: 5.7799 Bio: 0.9142
Epoch [197/200] Total Loss: 95.5467
Epoch [198/200] Step [0/17] Loss: 5.7320 Bio: 0.9147
Epoch [198/200] Total Loss: 96.7072
Epoch [199/200] Step [0/17] Loss: 5.7826 Bio: 0.7698
Epoch [199/200] Total Loss: 94.7377
Linear training complete.
--- Linear 14all RESULTS ---
============================================================
CLUSTERING EVALUATION
============================================================
✅ Loaded ground truth from ground_truth_BRCA.csv
   Total patients with labels: 803

📂 Loading model from save/model_combo_linear_14all/checkpoint_200.tar...
✅ Model loaded successfully

📊 Loading data for BRCA...
[dataloader] No bio_anchor_file specified — loading omics only
✅ Data loaded successfully

🔮 Getting predictions...
✅ Predictions obtained: 1031 samples

🔍 Filtering to patients with ground truth...
   Patients with both predictions and ground truth: 803
   Final evaluation size: 803 patients

📈 Computing metrics...

============================================================
RESULTS
============================================================
ARI                 : 0.3197
NMI                 : 0.4726
V-measure           : 0.4726
============================================================

📊 Creating visualizations...
Saved confusion matrix to results/BRCA_confusion_matrix.png
Saved distribution plot to results/BRCA_cluster_distribution.png
Computing t-SNE (this may take a minute)...
Saved t-SNE plot to results/BRCA_tsne.png

💾 Saved results to results/BRCA_evaluation.csv

✅ Evaluation complete!
==============================
SWEEP 2 COMPLETE
==============================
