==============================
Running: 3base | dim=3
==============================
MLP Bio-Anchor Head (bio_dim -> 64 -> bio_dim)
Cancer: BRCA | bio_dim: 3 | lambda_bio: 0.1
Bio anchor file: bio_anchors_BRCA_combo_3base.csv
[dataloader] Loaded bio-anchors from bio_anchors_BRCA_combo_3base.csv: torch.Size([1031, 3])
Cluster number: 5
Epoch [0/200] Step [0/17] Loss: 7.1526 Bio: 1.1807
Epoch [0/200] Total Loss: 118.9443
Epoch [1/200] Step [0/17] Loss: 7.1243 Bio: 0.9036
Epoch [1/200] Total Loss: 118.9234
Epoch [2/200] Step [0/17] Loss: 7.1149 Bio: 0.8603
Epoch [2/200] Total Loss: 118.5829
Epoch [3/200] Step [0/17] Loss: 7.0501 Bio: 0.9183
Epoch [3/200] Total Loss: 116.9129
Epoch [4/200] Step [0/17] Loss: 6.8797 Bio: 1.1392
Epoch [4/200] Total Loss: 114.0169
Epoch [5/200] Step [0/17] Loss: 6.5335 Bio: 0.9261
Epoch [5/200] Total Loss: 111.8921
Epoch [6/200] Step [0/17] Loss: 6.7176 Bio: 0.9423
Epoch [6/200] Total Loss: 111.2635
Epoch [7/200] Step [0/17] Loss: 6.7390 Bio: 1.0116
Epoch [7/200] Total Loss: 111.0364
Epoch [8/200] Step [0/17] Loss: 6.6434 Bio: 1.0579
Epoch [8/200] Total Loss: 110.5873
Epoch [9/200] Step [0/17] Loss: 6.8450 Bio: 0.9355
Epoch [9/200] Total Loss: 110.0355
Epoch [10/200] Step [0/17] Loss: 6.5702 Bio: 0.9849
Epoch [10/200] Total Loss: 108.5326
Epoch [11/200] Step [0/17] Loss: 6.6538 Bio: 0.8838
Epoch [11/200] Total Loss: 108.4460
Epoch [12/200] Step [0/17] Loss: 6.4465 Bio: 1.1932
Epoch [12/200] Total Loss: 109.2893
Epoch [13/200] Step [0/17] Loss: 6.4411 Bio: 0.8548
Epoch [13/200] Total Loss: 109.0410
Epoch [14/200] Step [0/17] Loss: 6.5351 Bio: 0.8796
Epoch [14/200] Total Loss: 108.0952
Epoch [15/200] Step [0/17] Loss: 6.2405 Bio: 0.9083
Epoch [15/200] Total Loss: 107.2022
Epoch [16/200] Step [0/17] Loss: 6.4787 Bio: 0.9505
Epoch [16/200] Total Loss: 107.3793
Epoch [17/200] Step [0/17] Loss: 6.5897 Bio: 0.8779
Epoch [17/200] Total Loss: 107.5541
Epoch [18/200] Step [0/17] Loss: 6.4400 Bio: 0.9191
Epoch [18/200] Total Loss: 107.5739
Epoch [19/200] Step [0/17] Loss: 6.3636 Bio: 0.8948
Epoch [19/200] Total Loss: 106.3709
Epoch [20/200] Step [0/17] Loss: 6.4017 Bio: 0.8947
Epoch [20/200] Total Loss: 106.2498
Epoch [21/200] Step [0/17] Loss: 6.2032 Bio: 0.8663
Epoch [21/200] Total Loss: 107.0796
Epoch [22/200] Step [0/17] Loss: 6.2703 Bio: 0.8115
Epoch [22/200] Total Loss: 106.5837
Epoch [23/200] Step [0/17] Loss: 6.4148 Bio: 0.9510
Epoch [23/200] Total Loss: 106.1069
Epoch [24/200] Step [0/17] Loss: 6.2785 Bio: 0.9351
Epoch [24/200] Total Loss: 105.7275
Epoch [25/200] Step [0/17] Loss: 6.2682 Bio: 1.0875
Epoch [25/200] Total Loss: 107.1231
Epoch [26/200] Step [0/17] Loss: 6.6525 Bio: 0.8445
Epoch [26/200] Total Loss: 105.4565
Epoch [27/200] Step [0/17] Loss: 6.0945 Bio: 0.9270
Epoch [27/200] Total Loss: 104.5506
Epoch [28/200] Step [0/17] Loss: 6.3353 Bio: 0.9220
Epoch [28/200] Total Loss: 104.9556
Epoch [29/200] Step [0/17] Loss: 6.3217 Bio: 1.0703
Epoch [29/200] Total Loss: 105.5597
Epoch [30/200] Step [0/17] Loss: 6.2339 Bio: 0.9942
Epoch [30/200] Total Loss: 103.6836
Epoch [31/200] Step [0/17] Loss: 6.3783 Bio: 0.9161
Epoch [31/200] Total Loss: 104.4874
Epoch [32/200] Step [0/17] Loss: 6.3211 Bio: 0.7762
Epoch [32/200] Total Loss: 104.5765
Epoch [33/200] Step [0/17] Loss: 6.4686 Bio: 1.2998
Epoch [33/200] Total Loss: 104.8609
Epoch [34/200] Step [0/17] Loss: 6.1223 Bio: 0.8602
Epoch [34/200] Total Loss: 105.2552
Epoch [35/200] Step [0/17] Loss: 6.1829 Bio: 1.0186
Epoch [35/200] Total Loss: 103.4676
Epoch [36/200] Step [0/17] Loss: 6.0352 Bio: 0.9095
Epoch [36/200] Total Loss: 104.2507
Epoch [37/200] Step [0/17] Loss: 6.1188 Bio: 0.9031
Epoch [37/200] Total Loss: 104.4103
Epoch [38/200] Step [0/17] Loss: 6.2502 Bio: 1.0717
Epoch [38/200] Total Loss: 103.4085
Epoch [39/200] Step [0/17] Loss: 6.0888 Bio: 1.0029
Epoch [39/200] Total Loss: 103.6621
Epoch [40/200] Step [0/17] Loss: 6.2027 Bio: 1.0255
Epoch [40/200] Total Loss: 102.4247
Epoch [41/200] Step [0/17] Loss: 6.0700 Bio: 0.7847
Epoch [41/200] Total Loss: 102.6154
Epoch [42/200] Step [0/17] Loss: 6.1517 Bio: 1.1981
Epoch [42/200] Total Loss: 103.9978
Epoch [43/200] Step [0/17] Loss: 6.6202 Bio: 1.0375
Epoch [43/200] Total Loss: 104.1515
Epoch [44/200] Step [0/17] Loss: 6.1083 Bio: 1.0226
Epoch [44/200] Total Loss: 103.0749
Epoch [45/200] Step [0/17] Loss: 6.0779 Bio: 0.9916
Epoch [45/200] Total Loss: 101.6555
Epoch [46/200] Step [0/17] Loss: 5.9917 Bio: 1.3050
Epoch [46/200] Total Loss: 102.6299
Epoch [47/200] Step [0/17] Loss: 6.1991 Bio: 0.9746
Epoch [47/200] Total Loss: 101.4163
Epoch [48/200] Step [0/17] Loss: 6.2464 Bio: 1.1518
Epoch [48/200] Total Loss: 102.4491
Epoch [49/200] Step [0/17] Loss: 6.3792 Bio: 0.9906
Epoch [49/200] Total Loss: 103.1414
Epoch [50/200] Step [0/17] Loss: 6.0282 Bio: 0.9785
Epoch [50/200] Total Loss: 101.6173
Epoch [51/200] Step [0/17] Loss: 6.2470 Bio: 0.8644
Epoch [51/200] Total Loss: 101.4639
Epoch [52/200] Step [0/17] Loss: 5.9917 Bio: 0.8472
Epoch [52/200] Total Loss: 101.5773
Epoch [53/200] Step [0/17] Loss: 6.1856 Bio: 0.8261
Epoch [53/200] Total Loss: 101.8154
Epoch [54/200] Step [0/17] Loss: 6.3296 Bio: 0.8408
Epoch [54/200] Total Loss: 101.2550
Epoch [55/200] Step [0/17] Loss: 6.0028 Bio: 1.1728
Epoch [55/200] Total Loss: 100.3002
Epoch [56/200] Step [0/17] Loss: 6.0504 Bio: 1.0834
Epoch [56/200] Total Loss: 100.9524
Epoch [57/200] Step [0/17] Loss: 6.1666 Bio: 1.1886
Epoch [57/200] Total Loss: 101.4032
Epoch [58/200] Step [0/17] Loss: 5.9727 Bio: 0.9553
Epoch [58/200] Total Loss: 101.5347
Epoch [59/200] Step [0/17] Loss: 6.1909 Bio: 1.0344
Epoch [59/200] Total Loss: 103.4995
Epoch [60/200] Step [0/17] Loss: 6.1307 Bio: 0.8902
Epoch [60/200] Total Loss: 101.0450
Epoch [61/200] Step [0/17] Loss: 6.1170 Bio: 0.8914
Epoch [61/200] Total Loss: 101.8274
Epoch [62/200] Step [0/17] Loss: 6.1240 Bio: 1.1702
Epoch [62/200] Total Loss: 100.3914
Epoch [63/200] Step [0/17] Loss: 6.0211 Bio: 1.0439
Epoch [63/200] Total Loss: 100.6288
Epoch [64/200] Step [0/17] Loss: 6.1187 Bio: 0.8250
Epoch [64/200] Total Loss: 100.0965
Epoch [65/200] Step [0/17] Loss: 5.9778 Bio: 0.8816
Epoch [65/200] Total Loss: 100.5531
Epoch [66/200] Step [0/17] Loss: 6.0947 Bio: 0.9014
Epoch [66/200] Total Loss: 100.4432
Epoch [67/200] Step [0/17] Loss: 6.3148 Bio: 0.9703
Epoch [67/200] Total Loss: 100.4670
Epoch [68/200] Step [0/17] Loss: 6.1776 Bio: 0.9467
Epoch [68/200] Total Loss: 100.2762
Epoch [69/200] Step [0/17] Loss: 5.9620 Bio: 0.8391
Epoch [69/200] Total Loss: 100.6525
Epoch [70/200] Step [0/17] Loss: 6.1064 Bio: 0.8710
Epoch [70/200] Total Loss: 99.4941
Epoch [71/200] Step [0/17] Loss: 6.0816 Bio: 1.0436
Epoch [71/200] Total Loss: 100.8647
Epoch [72/200] Step [0/17] Loss: 5.9473 Bio: 0.8152
Epoch [72/200] Total Loss: 99.2695
Epoch [73/200] Step [0/17] Loss: 6.1061 Bio: 1.1011
Epoch [73/200] Total Loss: 99.9358
Epoch [74/200] Step [0/17] Loss: 5.9866 Bio: 0.9752
Epoch [74/200] Total Loss: 97.9705
Epoch [75/200] Step [0/17] Loss: 5.8468 Bio: 0.9004
Epoch [75/200] Total Loss: 98.8181
Epoch [76/200] Step [0/17] Loss: 5.8469 Bio: 0.9050
Epoch [76/200] Total Loss: 99.3708
Epoch [77/200] Step [0/17] Loss: 6.1394 Bio: 0.8299
Epoch [77/200] Total Loss: 99.7059
Epoch [78/200] Step [0/17] Loss: 5.9746 Bio: 0.8212
Epoch [78/200] Total Loss: 100.7024
Epoch [79/200] Step [0/17] Loss: 6.0185 Bio: 0.8792
Epoch [79/200] Total Loss: 99.4353
Epoch [80/200] Step [0/17] Loss: 5.9939 Bio: 0.8992
Epoch [80/200] Total Loss: 100.3662
Epoch [81/200] Step [0/17] Loss: 5.8380 Bio: 1.1817
Epoch [81/200] Total Loss: 98.8546
Epoch [82/200] Step [0/17] Loss: 5.9121 Bio: 0.8664
Epoch [82/200] Total Loss: 98.8768
Epoch [83/200] Step [0/17] Loss: 5.9021 Bio: 0.9381
Epoch [83/200] Total Loss: 99.0326
Epoch [84/200] Step [0/17] Loss: 5.9545 Bio: 0.8239
Epoch [84/200] Total Loss: 96.8722
Epoch [85/200] Step [0/17] Loss: 6.0334 Bio: 1.0020
Epoch [85/200] Total Loss: 98.9974
Epoch [86/200] Step [0/17] Loss: 5.9909 Bio: 0.9739
Epoch [86/200] Total Loss: 99.8819
Epoch [87/200] Step [0/17] Loss: 5.9857 Bio: 0.8720
Epoch [87/200] Total Loss: 97.6069
Epoch [88/200] Step [0/17] Loss: 5.9613 Bio: 0.8097
Epoch [88/200] Total Loss: 98.7674
Epoch [89/200] Step [0/17] Loss: 5.8810 Bio: 1.0416
Epoch [89/200] Total Loss: 98.7686
Epoch [90/200] Step [0/17] Loss: 5.7999 Bio: 0.7752
Epoch [90/200] Total Loss: 97.3306
Epoch [91/200] Step [0/17] Loss: 5.9756 Bio: 0.9901
Epoch [91/200] Total Loss: 99.2452
Epoch [92/200] Step [0/17] Loss: 5.8849 Bio: 1.1201
Epoch [92/200] Total Loss: 98.4567
Epoch [93/200] Step [0/17] Loss: 5.6693 Bio: 0.9658
Epoch [93/200] Total Loss: 96.9428
Epoch [94/200] Step [0/17] Loss: 6.0989 Bio: 0.8977
Epoch [94/200] Total Loss: 97.8479
Epoch [95/200] Step [0/17] Loss: 5.6474 Bio: 0.8741
Epoch [95/200] Total Loss: 97.0974
Epoch [96/200] Step [0/17] Loss: 6.0207 Bio: 0.9068
Epoch [96/200] Total Loss: 98.0339
Epoch [97/200] Step [0/17] Loss: 6.1352 Bio: 0.7871
Epoch [97/200] Total Loss: 99.2832
Epoch [98/200] Step [0/17] Loss: 5.9373 Bio: 0.8409
Epoch [98/200] Total Loss: 98.1711
Epoch [99/200] Step [0/17] Loss: 6.1010 Bio: 0.8429
Epoch [99/200] Total Loss: 97.2093
Epoch [100/200] Step [0/17] Loss: 6.0893 Bio: 1.1367
Epoch [100/200] Total Loss: 98.1548
Epoch [101/200] Step [0/17] Loss: 5.7192 Bio: 0.6277
Epoch [101/200] Total Loss: 98.8011
Epoch [102/200] Step [0/17] Loss: 5.8563 Bio: 0.7606
Epoch [102/200] Total Loss: 97.7125
Epoch [103/200] Step [0/17] Loss: 5.8793 Bio: 1.1162
Epoch [103/200] Total Loss: 97.3007
Epoch [104/200] Step [0/17] Loss: 5.9690 Bio: 0.7701
Epoch [104/200] Total Loss: 97.0306
Epoch [105/200] Step [0/17] Loss: 6.0587 Bio: 0.9134
Epoch [105/200] Total Loss: 98.2022
Epoch [106/200] Step [0/17] Loss: 5.6473 Bio: 0.8716
Epoch [106/200] Total Loss: 98.1772
Epoch [107/200] Step [0/17] Loss: 5.8377 Bio: 0.9322
Epoch [107/200] Total Loss: 97.5768
Epoch [108/200] Step [0/17] Loss: 5.8034 Bio: 0.7841
Epoch [108/200] Total Loss: 98.2280
Epoch [109/200] Step [0/17] Loss: 5.8315 Bio: 0.8382
Epoch [109/200] Total Loss: 98.4403
Epoch [110/200] Step [0/17] Loss: 5.6889 Bio: 0.8527
Epoch [110/200] Total Loss: 96.9729
Epoch [111/200] Step [0/17] Loss: 5.8729 Bio: 0.8973
Epoch [111/200] Total Loss: 97.7602
Epoch [112/200] Step [0/17] Loss: 5.9648 Bio: 0.7721
Epoch [112/200] Total Loss: 98.7209
Epoch [113/200] Step [0/17] Loss: 5.8411 Bio: 0.7840
Epoch [113/200] Total Loss: 96.8324
Epoch [114/200] Step [0/17] Loss: 5.9214 Bio: 0.8775
Epoch [114/200] Total Loss: 98.8320
Epoch [115/200] Step [0/17] Loss: 5.8871 Bio: 0.8250
Epoch [115/200] Total Loss: 99.0868
Epoch [116/200] Step [0/17] Loss: 5.7361 Bio: 0.9055
Epoch [116/200] Total Loss: 97.9808
Epoch [117/200] Step [0/17] Loss: 5.9832 Bio: 0.8628
Epoch [117/200] Total Loss: 98.5261
Epoch [118/200] Step [0/17] Loss: 5.5860 Bio: 0.9409
Epoch [118/200] Total Loss: 97.2169
Epoch [119/200] Step [0/17] Loss: 5.8713 Bio: 0.8395
Epoch [119/200] Total Loss: 98.3598
Epoch [120/200] Step [0/17] Loss: 6.0869 Bio: 0.8284
Epoch [120/200] Total Loss: 98.0791
Epoch [121/200] Step [0/17] Loss: 5.7855 Bio: 0.9316
Epoch [121/200] Total Loss: 97.0977
Epoch [122/200] Step [0/17] Loss: 5.6915 Bio: 0.8096
Epoch [122/200] Total Loss: 96.7961
Epoch [123/200] Step [0/17] Loss: 5.6662 Bio: 0.9585
Epoch [123/200] Total Loss: 96.8412
Epoch [124/200] Step [0/17] Loss: 5.8223 Bio: 0.8236
Epoch [124/200] Total Loss: 96.7135
Epoch [125/200] Step [0/17] Loss: 5.8503 Bio: 0.9081
Epoch [125/200] Total Loss: 97.8603
Epoch [126/200] Step [0/17] Loss: 5.7599 Bio: 0.8916
Epoch [126/200] Total Loss: 96.8440
Epoch [127/200] Step [0/17] Loss: 5.9485 Bio: 0.8245
Epoch [127/200] Total Loss: 97.3715
Epoch [128/200] Step [0/17] Loss: 6.0860 Bio: 0.8386
Epoch [128/200] Total Loss: 98.4893
Epoch [129/200] Step [0/17] Loss: 5.8566 Bio: 0.7613
Epoch [129/200] Total Loss: 97.2338
Epoch [130/200] Step [0/17] Loss: 5.8341 Bio: 0.7611
Epoch [130/200] Total Loss: 96.7717
Epoch [131/200] Step [0/17] Loss: 5.9766 Bio: 0.8850
Epoch [131/200] Total Loss: 96.7194
Epoch [132/200] Step [0/17] Loss: 5.9751 Bio: 0.9543
Epoch [132/200] Total Loss: 97.5732
Epoch [133/200] Step [0/17] Loss: 5.8461 Bio: 0.7973
Epoch [133/200] Total Loss: 96.2031
Epoch [134/200] Step [0/17] Loss: 5.8768 Bio: 0.9043
Epoch [134/200] Total Loss: 96.3905
Epoch [135/200] Step [0/17] Loss: 5.8182 Bio: 0.7253
Epoch [135/200] Total Loss: 97.3016
Epoch [136/200] Step [0/17] Loss: 5.8007 Bio: 0.8209
Epoch [136/200] Total Loss: 96.8468
Epoch [137/200] Step [0/17] Loss: 5.8135 Bio: 1.1109
Epoch [137/200] Total Loss: 97.0295
Epoch [138/200] Step [0/17] Loss: 5.8937 Bio: 1.3427
Epoch [138/200] Total Loss: 97.2919
Epoch [139/200] Step [0/17] Loss: 5.8514 Bio: 0.9883
Epoch [139/200] Total Loss: 96.6348
Epoch [140/200] Step [0/17] Loss: 5.7233 Bio: 1.0132
Epoch [140/200] Total Loss: 96.0755
Epoch [141/200] Step [0/17] Loss: 5.7265 Bio: 0.8194
Epoch [141/200] Total Loss: 96.2365
Epoch [142/200] Step [0/17] Loss: 5.8028 Bio: 0.9800
Epoch [142/200] Total Loss: 97.3925
Epoch [143/200] Step [0/17] Loss: 5.7900 Bio: 0.9879
Epoch [143/200] Total Loss: 96.0959
Epoch [144/200] Step [0/17] Loss: 5.6880 Bio: 0.7813
Epoch [144/200] Total Loss: 96.5728
Epoch [145/200] Step [0/17] Loss: 5.9536 Bio: 1.1456
Epoch [145/200] Total Loss: 96.1059
Epoch [146/200] Step [0/17] Loss: 5.7588 Bio: 0.8632
Epoch [146/200] Total Loss: 96.0281
Epoch [147/200] Step [0/17] Loss: 5.7012 Bio: 1.0521
Epoch [147/200] Total Loss: 96.4563
Epoch [148/200] Step [0/17] Loss: 5.8403 Bio: 0.9679
Epoch [148/200] Total Loss: 96.7510
Epoch [149/200] Step [0/17] Loss: 5.7542 Bio: 0.8077
Epoch [149/200] Total Loss: 96.8269
Epoch [150/200] Step [0/17] Loss: 5.8543 Bio: 0.9535
Epoch [150/200] Total Loss: 96.2026
Epoch [151/200] Step [0/17] Loss: 6.0328 Bio: 1.0026
Epoch [151/200] Total Loss: 98.2002
Epoch [152/200] Step [0/17] Loss: 5.6903 Bio: 0.7978
Epoch [152/200] Total Loss: 97.0778
Epoch [153/200] Step [0/17] Loss: 5.5453 Bio: 0.9189
Epoch [153/200] Total Loss: 96.7306
Epoch [154/200] Step [0/17] Loss: 5.7848 Bio: 1.0932
Epoch [154/200] Total Loss: 96.0654
Epoch [155/200] Step [0/17] Loss: 5.9960 Bio: 0.8827
Epoch [155/200] Total Loss: 96.8379
Epoch [156/200] Step [0/17] Loss: 5.6841 Bio: 1.1506
Epoch [156/200] Total Loss: 97.3479
Epoch [157/200] Step [0/17] Loss: 5.7827 Bio: 0.9064
Epoch [157/200] Total Loss: 95.9059
Epoch [158/200] Step [0/17] Loss: 5.6170 Bio: 0.7874
Epoch [158/200] Total Loss: 96.7804
Epoch [159/200] Step [0/17] Loss: 5.9113 Bio: 0.7831
Epoch [159/200] Total Loss: 97.0572
Epoch [160/200] Step [0/17] Loss: 5.6916 Bio: 0.7501
Epoch [160/200] Total Loss: 96.8654
Epoch [161/200] Step [0/17] Loss: 5.8911 Bio: 1.1749
Epoch [161/200] Total Loss: 95.2269
Epoch [162/200] Step [0/17] Loss: 5.7675 Bio: 0.6941
Epoch [162/200] Total Loss: 97.4812
Epoch [163/200] Step [0/17] Loss: 5.8030 Bio: 1.2155
Epoch [163/200] Total Loss: 96.4077
Epoch [164/200] Step [0/17] Loss: 5.7682 Bio: 0.8484
Epoch [164/200] Total Loss: 95.4349
Epoch [165/200] Step [0/17] Loss: 5.7016 Bio: 0.8782
Epoch [165/200] Total Loss: 96.0905
Epoch [166/200] Step [0/17] Loss: 5.9557 Bio: 1.0684
Epoch [166/200] Total Loss: 96.7522
Epoch [167/200] Step [0/17] Loss: 5.8159 Bio: 0.7641
Epoch [167/200] Total Loss: 96.6259
Epoch [168/200] Step [0/17] Loss: 5.7018 Bio: 1.0745
Epoch [168/200] Total Loss: 95.9640
Epoch [169/200] Step [0/17] Loss: 5.6734 Bio: 0.8386
Epoch [169/200] Total Loss: 95.6740
Epoch [170/200] Step [0/17] Loss: 5.6996 Bio: 0.8588
Epoch [170/200] Total Loss: 95.7505
Epoch [171/200] Step [0/17] Loss: 6.0242 Bio: 0.9376
Epoch [171/200] Total Loss: 96.3911
Epoch [172/200] Step [0/17] Loss: 5.6229 Bio: 0.7359
Epoch [172/200] Total Loss: 96.7358
Epoch [173/200] Step [0/17] Loss: 5.8103 Bio: 0.6826
Epoch [173/200] Total Loss: 95.5946
Epoch [174/200] Step [0/17] Loss: 5.5949 Bio: 0.7559
Epoch [174/200] Total Loss: 97.1125
Epoch [175/200] Step [0/17] Loss: 5.8167 Bio: 0.8000
Epoch [175/200] Total Loss: 96.3370
Epoch [176/200] Step [0/17] Loss: 5.6755 Bio: 0.9008
Epoch [176/200] Total Loss: 95.5530
Epoch [177/200] Step [0/17] Loss: 5.7470 Bio: 0.8020
Epoch [177/200] Total Loss: 96.0867
Epoch [178/200] Step [0/17] Loss: 5.8257 Bio: 0.8612
Epoch [178/200] Total Loss: 95.8844
Epoch [179/200] Step [0/17] Loss: 5.7139 Bio: 1.0075
Epoch [179/200] Total Loss: 95.6221
Epoch [180/200] Step [0/17] Loss: 5.8275 Bio: 0.8806
Epoch [180/200] Total Loss: 96.4520
Epoch [181/200] Step [0/17] Loss: 5.8611 Bio: 1.0068
Epoch [181/200] Total Loss: 96.7117
Epoch [182/200] Step [0/17] Loss: 5.5983 Bio: 0.6984
Epoch [182/200] Total Loss: 95.2151
Epoch [183/200] Step [0/17] Loss: 5.8588 Bio: 0.8371
Epoch [183/200] Total Loss: 95.6085
Epoch [184/200] Step [0/17] Loss: 5.6200 Bio: 0.7965
Epoch [184/200] Total Loss: 96.4499
Epoch [185/200] Step [0/17] Loss: 5.7857 Bio: 0.6485
Epoch [185/200] Total Loss: 95.4465
Epoch [186/200] Step [0/17] Loss: 5.6848 Bio: 0.9336
Epoch [186/200] Total Loss: 97.1923
Epoch [187/200] Step [0/17] Loss: 5.9884 Bio: 1.0063
Epoch [187/200] Total Loss: 95.5058
Epoch [188/200] Step [0/17] Loss: 5.6788 Bio: 1.0486
Epoch [188/200] Total Loss: 96.7710
Epoch [189/200] Step [0/17] Loss: 5.8700 Bio: 0.8383
Epoch [189/200] Total Loss: 95.7113
Epoch [190/200] Step [0/17] Loss: 5.9282 Bio: 0.6717
Epoch [190/200] Total Loss: 96.0438
Epoch [191/200] Step [0/17] Loss: 6.0040 Bio: 0.8452
Epoch [191/200] Total Loss: 96.6574
Epoch [192/200] Step [0/17] Loss: 5.5426 Bio: 0.8902
Epoch [192/200] Total Loss: 94.4614
Epoch [193/200] Step [0/17] Loss: 5.7564 Bio: 0.8381
Epoch [193/200] Total Loss: 95.8976
Epoch [194/200] Step [0/17] Loss: 5.5594 Bio: 0.9129
Epoch [194/200] Total Loss: 97.5522
Epoch [195/200] Step [0/17] Loss: 5.6955 Bio: 0.8674
Epoch [195/200] Total Loss: 95.6621
Epoch [196/200] Step [0/17] Loss: 5.6289 Bio: 0.7011
Epoch [196/200] Total Loss: 96.1134
Epoch [197/200] Step [0/17] Loss: 5.7458 Bio: 0.8215
Epoch [197/200] Total Loss: 95.2735
Epoch [198/200] Step [0/17] Loss: 5.8190 Bio: 0.7994
Epoch [198/200] Total Loss: 95.3844
Epoch [199/200] Step [0/17] Loss: 5.7864 Bio: 0.8621
Epoch [199/200] Total Loss: 96.2608
MLP training complete.
--- MLP 3base RESULTS ---
============================================================
CLUSTERING EVALUATION
============================================================
✅ Loaded ground truth from ground_truth_BRCA.csv
   Total patients with labels: 803

📂 Loading model from save/model_combo_mlp_3base/checkpoint_200.tar...
✅ Model loaded successfully

📊 Loading data for BRCA...
[dataloader] No bio_anchor_file specified — loading omics only
✅ Data loaded successfully

🔮 Getting predictions...
✅ Predictions obtained: 1031 samples

🔍 Filtering to patients with ground truth...
   Patients with both predictions and ground truth: 803
   Final evaluation size: 803 patients

📈 Computing metrics...

============================================================
RESULTS
============================================================
ARI                 : 0.2975
NMI                 : 0.4621
V-measure           : 0.4621
============================================================

📊 Creating visualizations...
Saved confusion matrix to results/BRCA_confusion_matrix.png
Saved distribution plot to results/BRCA_cluster_distribution.png
Computing t-SNE (this may take a minute)...
Saved t-SNE plot to results/BRCA_tsne.png

💾 Saved results to results/BRCA_evaluation.csv

✅ Evaluation complete!
Linear Bio-Anchor Head
Cancer: BRCA | bio_dim: 3 | lambda_bio: 0.1
Bio anchor file: bio_anchors_BRCA_combo_3base.csv
[dataloader] Loaded bio-anchors from bio_anchors_BRCA_combo_3base.csv: torch.Size([1031, 3])
Cluster number: 5
Epoch [0/200] Step [0/17] Loss: 7.1313 Bio: 0.9678
Epoch [0/200] Total Loss: 119.0995
Epoch [1/200] Step [0/17] Loss: 7.1378 Bio: 1.0403
Epoch [1/200] Total Loss: 119.0918
Epoch [2/200] Step [0/17] Loss: 7.1544 Bio: 1.2166
Epoch [2/200] Total Loss: 118.6993
Epoch [3/200] Step [0/17] Loss: 7.1389 Bio: 1.0557
Epoch [3/200] Total Loss: 118.3918
Epoch [4/200] Step [0/17] Loss: 7.1498 Bio: 1.0364
Epoch [4/200] Total Loss: 118.2013
Epoch [5/200] Step [0/17] Loss: 6.9707 Bio: 1.2578
Epoch [5/200] Total Loss: 115.0703
Epoch [6/200] Step [0/17] Loss: 6.8277 Bio: 1.1160
Epoch [6/200] Total Loss: 113.1394
Epoch [7/200] Step [0/17] Loss: 6.8853 Bio: 1.0334
Epoch [7/200] Total Loss: 112.1861
Epoch [8/200] Step [0/17] Loss: 6.6999 Bio: 1.0320
Epoch [8/200] Total Loss: 111.0949
Epoch [9/200] Step [0/17] Loss: 6.5883 Bio: 0.9913
Epoch [9/200] Total Loss: 110.5669
Epoch [10/200] Step [0/17] Loss: 6.3946 Bio: 1.1126
Epoch [10/200] Total Loss: 108.8354
Epoch [11/200] Step [0/17] Loss: 6.5570 Bio: 1.3988
Epoch [11/200] Total Loss: 110.0657
Epoch [12/200] Step [0/17] Loss: 6.7959 Bio: 1.1476
Epoch [12/200] Total Loss: 110.3007
Epoch [13/200] Step [0/17] Loss: 6.5002 Bio: 0.9847
Epoch [13/200] Total Loss: 108.6660
Epoch [14/200] Step [0/17] Loss: 6.5148 Bio: 0.9331
Epoch [14/200] Total Loss: 107.8426
Epoch [15/200] Step [0/17] Loss: 6.5941 Bio: 0.9361
Epoch [15/200] Total Loss: 109.6615
Epoch [16/200] Step [0/17] Loss: 6.4897 Bio: 0.9871
Epoch [16/200] Total Loss: 108.6027
Epoch [17/200] Step [0/17] Loss: 6.5340 Bio: 1.0934
Epoch [17/200] Total Loss: 107.9276
Epoch [18/200] Step [0/17] Loss: 6.4025 Bio: 1.0670
Epoch [18/200] Total Loss: 106.2337
Epoch [19/200] Step [0/17] Loss: 6.4188 Bio: 1.0268
Epoch [19/200] Total Loss: 106.6891
Epoch [20/200] Step [0/17] Loss: 6.3234 Bio: 0.8895
Epoch [20/200] Total Loss: 109.0662
Epoch [21/200] Step [0/17] Loss: 6.1858 Bio: 1.2004
Epoch [21/200] Total Loss: 106.2486
Epoch [22/200] Step [0/17] Loss: 6.3564 Bio: 1.0379
Epoch [22/200] Total Loss: 106.0669
Epoch [23/200] Step [0/17] Loss: 6.2972 Bio: 1.0438
Epoch [23/200] Total Loss: 105.5958
Epoch [24/200] Step [0/17] Loss: 6.3354 Bio: 1.0139
Epoch [24/200] Total Loss: 107.7965
Epoch [25/200] Step [0/17] Loss: 6.2950 Bio: 1.1519
Epoch [25/200] Total Loss: 106.2510
Epoch [26/200] Step [0/17] Loss: 6.2844 Bio: 0.9815
Epoch [26/200] Total Loss: 105.3914
Epoch [27/200] Step [0/17] Loss: 6.2831 Bio: 1.0917
Epoch [27/200] Total Loss: 105.0368
Epoch [28/200] Step [0/17] Loss: 6.6246 Bio: 1.0466
Epoch [28/200] Total Loss: 107.2290
Epoch [29/200] Step [0/17] Loss: 6.3389 Bio: 0.9362
Epoch [29/200] Total Loss: 104.9000
Epoch [30/200] Step [0/17] Loss: 6.2102 Bio: 0.9127
Epoch [30/200] Total Loss: 104.6250
Epoch [31/200] Step [0/17] Loss: 6.6101 Bio: 0.8327
Epoch [31/200] Total Loss: 105.8857
Epoch [32/200] Step [0/17] Loss: 6.2702 Bio: 1.0156
Epoch [32/200] Total Loss: 104.6615
Epoch [33/200] Step [0/17] Loss: 6.1586 Bio: 1.0966
Epoch [33/200] Total Loss: 103.7865
Epoch [34/200] Step [0/17] Loss: 6.2355 Bio: 0.9235
Epoch [34/200] Total Loss: 105.5556
Epoch [35/200] Step [0/17] Loss: 6.3036 Bio: 1.1526
Epoch [35/200] Total Loss: 104.0953
Epoch [36/200] Step [0/17] Loss: 6.1431 Bio: 1.1775
Epoch [36/200] Total Loss: 103.2879
Epoch [37/200] Step [0/17] Loss: 6.5531 Bio: 0.8642
Epoch [37/200] Total Loss: 105.5204
Epoch [38/200] Step [0/17] Loss: 6.2378 Bio: 0.9836
Epoch [38/200] Total Loss: 105.0683
Epoch [39/200] Step [0/17] Loss: 6.2599 Bio: 1.3001
Epoch [39/200] Total Loss: 103.6274
Epoch [40/200] Step [0/17] Loss: 6.1898 Bio: 1.0163
Epoch [40/200] Total Loss: 104.1056
Epoch [41/200] Step [0/17] Loss: 6.1420 Bio: 1.0180
Epoch [41/200] Total Loss: 101.9640
Epoch [42/200] Step [0/17] Loss: 6.1485 Bio: 1.1964
Epoch [42/200] Total Loss: 104.0920
Epoch [43/200] Step [0/17] Loss: 6.3827 Bio: 1.0275
Epoch [43/200] Total Loss: 103.4247
Epoch [44/200] Step [0/17] Loss: 6.1620 Bio: 1.1889
Epoch [44/200] Total Loss: 102.7523
Epoch [45/200] Step [0/17] Loss: 6.4078 Bio: 0.9936
Epoch [45/200] Total Loss: 102.7217
Epoch [46/200] Step [0/17] Loss: 6.2220 Bio: 0.8716
Epoch [46/200] Total Loss: 103.1047
Epoch [47/200] Step [0/17] Loss: 6.0620 Bio: 1.0421
Epoch [47/200] Total Loss: 102.0711
Epoch [48/200] Step [0/17] Loss: 5.9976 Bio: 0.9404
Epoch [48/200] Total Loss: 104.0188
Epoch [49/200] Step [0/17] Loss: 6.1148 Bio: 0.9656
Epoch [49/200] Total Loss: 103.0513
Epoch [50/200] Step [0/17] Loss: 6.2699 Bio: 0.8762
Epoch [50/200] Total Loss: 101.8267
Epoch [51/200] Step [0/17] Loss: 6.1683 Bio: 0.8935
Epoch [51/200] Total Loss: 104.5537
Epoch [52/200] Step [0/17] Loss: 6.2850 Bio: 0.9614
Epoch [52/200] Total Loss: 102.3640
Epoch [53/200] Step [0/17] Loss: 6.2483 Bio: 0.8826
Epoch [53/200] Total Loss: 102.0519
Epoch [54/200] Step [0/17] Loss: 6.2286 Bio: 1.1636
Epoch [54/200] Total Loss: 102.8173
Epoch [55/200] Step [0/17] Loss: 6.1395 Bio: 0.9219
Epoch [55/200] Total Loss: 103.1298
Epoch [56/200] Step [0/17] Loss: 6.0557 Bio: 0.9083
Epoch [56/200] Total Loss: 101.3810
Epoch [57/200] Step [0/17] Loss: 6.1678 Bio: 1.0145
Epoch [57/200] Total Loss: 100.6134
Epoch [58/200] Step [0/17] Loss: 6.1807 Bio: 1.2639
Epoch [58/200] Total Loss: 101.6342
Epoch [59/200] Step [0/17] Loss: 6.1002 Bio: 0.8768
Epoch [59/200] Total Loss: 101.5259
Epoch [60/200] Step [0/17] Loss: 6.0763 Bio: 1.0247
Epoch [60/200] Total Loss: 101.9665
Epoch [61/200] Step [0/17] Loss: 6.1056 Bio: 0.9634
Epoch [61/200] Total Loss: 101.5959
Epoch [62/200] Step [0/17] Loss: 5.9988 Bio: 0.9218
Epoch [62/200] Total Loss: 105.0595
Epoch [63/200] Step [0/17] Loss: 6.1015 Bio: 1.1037
Epoch [63/200] Total Loss: 101.1567
Epoch [64/200] Step [0/17] Loss: 6.0512 Bio: 1.1193
Epoch [64/200] Total Loss: 101.3121
Epoch [65/200] Step [0/17] Loss: 6.1028 Bio: 1.0384
Epoch [65/200] Total Loss: 100.5488
Epoch [66/200] Step [0/17] Loss: 6.1116 Bio: 1.0619
Epoch [66/200] Total Loss: 101.1829
Epoch [67/200] Step [0/17] Loss: 6.0115 Bio: 0.9148
Epoch [67/200] Total Loss: 100.9554
Epoch [68/200] Step [0/17] Loss: 6.2552 Bio: 1.1584
Epoch [68/200] Total Loss: 101.6735
Epoch [69/200] Step [0/17] Loss: 6.1310 Bio: 0.9185
Epoch [69/200] Total Loss: 100.8347
Epoch [70/200] Step [0/17] Loss: 6.1397 Bio: 0.9444
Epoch [70/200] Total Loss: 100.6015
Epoch [71/200] Step [0/17] Loss: 6.1864 Bio: 0.8027
Epoch [71/200] Total Loss: 99.7016
Epoch [72/200] Step [0/17] Loss: 6.1577 Bio: 0.9343
Epoch [72/200] Total Loss: 102.0699
Epoch [73/200] Step [0/17] Loss: 6.1438 Bio: 0.9595
Epoch [73/200] Total Loss: 100.9255
Epoch [74/200] Step [0/17] Loss: 6.0717 Bio: 0.8596
Epoch [74/200] Total Loss: 100.7413
Epoch [75/200] Step [0/17] Loss: 5.8965 Bio: 1.0741
Epoch [75/200] Total Loss: 100.6512
Epoch [76/200] Step [0/17] Loss: 5.8685 Bio: 0.9341
Epoch [76/200] Total Loss: 100.1403
Epoch [77/200] Step [0/17] Loss: 5.7833 Bio: 0.9364
Epoch [77/200] Total Loss: 99.7250
Epoch [78/200] Step [0/17] Loss: 6.1423 Bio: 1.1577
Epoch [78/200] Total Loss: 99.2249
Epoch [79/200] Step [0/17] Loss: 5.9774 Bio: 0.9633
Epoch [79/200] Total Loss: 99.9842
Epoch [80/200] Step [0/17] Loss: 5.8527 Bio: 0.8244
Epoch [80/200] Total Loss: 98.9881
Epoch [81/200] Step [0/17] Loss: 5.9500 Bio: 0.9172
Epoch [81/200] Total Loss: 98.9970
Epoch [82/200] Step [0/17] Loss: 5.8517 Bio: 0.9411
Epoch [82/200] Total Loss: 99.1257
Epoch [83/200] Step [0/17] Loss: 6.0753 Bio: 1.0794
Epoch [83/200] Total Loss: 98.5415
Epoch [84/200] Step [0/17] Loss: 5.8406 Bio: 0.8869
Epoch [84/200] Total Loss: 99.7387
Epoch [85/200] Step [0/17] Loss: 5.8485 Bio: 0.9246
Epoch [85/200] Total Loss: 101.0712
Epoch [86/200] Step [0/17] Loss: 5.9827 Bio: 1.0768
Epoch [86/200] Total Loss: 100.9929
Epoch [87/200] Step [0/17] Loss: 5.8181 Bio: 0.9339
Epoch [87/200] Total Loss: 100.0535
Epoch [88/200] Step [0/17] Loss: 5.8624 Bio: 1.1965
Epoch [88/200] Total Loss: 100.3771
Epoch [89/200] Step [0/17] Loss: 6.0922 Bio: 0.9356
Epoch [89/200] Total Loss: 99.5992
Epoch [90/200] Step [0/17] Loss: 6.0870 Bio: 1.0086
Epoch [90/200] Total Loss: 98.9324
Epoch [91/200] Step [0/17] Loss: 5.8897 Bio: 0.9221
Epoch [91/200] Total Loss: 99.4291
Epoch [92/200] Step [0/17] Loss: 5.8981 Bio: 1.0785
Epoch [92/200] Total Loss: 98.9891
Epoch [93/200] Step [0/17] Loss: 5.6689 Bio: 0.9760
Epoch [93/200] Total Loss: 98.9139
Epoch [94/200] Step [0/17] Loss: 5.9048 Bio: 1.0203
Epoch [94/200] Total Loss: 98.7952
Epoch [95/200] Step [0/17] Loss: 5.8378 Bio: 0.9599
Epoch [95/200] Total Loss: 97.3947
Epoch [96/200] Step [0/17] Loss: 6.0105 Bio: 0.9028
Epoch [96/200] Total Loss: 98.6827
Epoch [97/200] Step [0/17] Loss: 5.9498 Bio: 0.9069
Epoch [97/200] Total Loss: 99.0649
Epoch [98/200] Step [0/17] Loss: 5.9246 Bio: 1.3221
Epoch [98/200] Total Loss: 99.2797
Epoch [99/200] Step [0/17] Loss: 5.8883 Bio: 1.0664
Epoch [99/200] Total Loss: 99.5800
Epoch [100/200] Step [0/17] Loss: 5.8847 Bio: 0.9081
Epoch [100/200] Total Loss: 98.8726
Epoch [101/200] Step [0/17] Loss: 5.8325 Bio: 1.1077
Epoch [101/200] Total Loss: 98.9753
Epoch [102/200] Step [0/17] Loss: 6.1439 Bio: 0.8200
Epoch [102/200] Total Loss: 98.9267
Epoch [103/200] Step [0/17] Loss: 6.1864 Bio: 1.0678
Epoch [103/200] Total Loss: 99.1049
Epoch [104/200] Step [0/17] Loss: 5.7890 Bio: 1.0390
Epoch [104/200] Total Loss: 98.1491
Epoch [105/200] Step [0/17] Loss: 5.8521 Bio: 0.9857
Epoch [105/200] Total Loss: 97.5455
Epoch [106/200] Step [0/17] Loss: 5.8055 Bio: 0.8949
Epoch [106/200] Total Loss: 97.9554
Epoch [107/200] Step [0/17] Loss: 5.7493 Bio: 0.8574
Epoch [107/200] Total Loss: 99.5549
Epoch [108/200] Step [0/17] Loss: 5.7088 Bio: 0.9237
Epoch [108/200] Total Loss: 97.9768
Epoch [109/200] Step [0/17] Loss: 6.0263 Bio: 1.0726
Epoch [109/200] Total Loss: 97.4500
Epoch [110/200] Step [0/17] Loss: 5.8675 Bio: 1.0079
Epoch [110/200] Total Loss: 96.6019
Epoch [111/200] Step [0/17] Loss: 5.7746 Bio: 0.8638
Epoch [111/200] Total Loss: 98.1919
Epoch [112/200] Step [0/17] Loss: 5.7897 Bio: 0.9690
Epoch [112/200] Total Loss: 99.6892
Epoch [113/200] Step [0/17] Loss: 5.7186 Bio: 1.0890
Epoch [113/200] Total Loss: 96.8370
Epoch [114/200] Step [0/17] Loss: 5.6876 Bio: 0.9691
Epoch [114/200] Total Loss: 95.9481
Epoch [115/200] Step [0/17] Loss: 5.9282 Bio: 1.0005
Epoch [115/200] Total Loss: 98.5953
Epoch [116/200] Step [0/17] Loss: 5.9794 Bio: 1.0125
Epoch [116/200] Total Loss: 98.1148
Epoch [117/200] Step [0/17] Loss: 5.8709 Bio: 0.9770
Epoch [117/200] Total Loss: 96.6547
Epoch [118/200] Step [0/17] Loss: 5.9002 Bio: 0.9589
Epoch [118/200] Total Loss: 96.9025
Epoch [119/200] Step [0/17] Loss: 5.8552 Bio: 1.4134
Epoch [119/200] Total Loss: 97.6655
Epoch [120/200] Step [0/17] Loss: 5.6442 Bio: 1.1104
Epoch [120/200] Total Loss: 96.6580
Epoch [121/200] Step [0/17] Loss: 5.8350 Bio: 0.9670
Epoch [121/200] Total Loss: 97.8444
Epoch [122/200] Step [0/17] Loss: 5.8458 Bio: 0.9138
Epoch [122/200] Total Loss: 97.6677
Epoch [123/200] Step [0/17] Loss: 6.0852 Bio: 1.0292
Epoch [123/200] Total Loss: 97.1300
Epoch [124/200] Step [0/17] Loss: 5.7111 Bio: 0.9571
Epoch [124/200] Total Loss: 97.6626
Epoch [125/200] Step [0/17] Loss: 5.8037 Bio: 0.9573
Epoch [125/200] Total Loss: 98.6467
Epoch [126/200] Step [0/17] Loss: 5.7372 Bio: 1.1499
Epoch [126/200] Total Loss: 98.0846
Epoch [127/200] Step [0/17] Loss: 5.6948 Bio: 0.9994
Epoch [127/200] Total Loss: 97.0755
Epoch [128/200] Step [0/17] Loss: 5.7773 Bio: 1.1591
Epoch [128/200] Total Loss: 98.0479
Epoch [129/200] Step [0/17] Loss: 5.8625 Bio: 0.8526
Epoch [129/200] Total Loss: 95.6705
Epoch [130/200] Step [0/17] Loss: 6.1623 Bio: 1.0172
Epoch [130/200] Total Loss: 97.3438
Epoch [131/200] Step [0/17] Loss: 5.8990 Bio: 0.8843
Epoch [131/200] Total Loss: 96.3021
Epoch [132/200] Step [0/17] Loss: 5.7230 Bio: 0.8299
Epoch [132/200] Total Loss: 97.5943
Epoch [133/200] Step [0/17] Loss: 5.7176 Bio: 0.9127
Epoch [133/200] Total Loss: 97.1869
Epoch [134/200] Step [0/17] Loss: 5.9048 Bio: 1.0008
Epoch [134/200] Total Loss: 97.5249
Epoch [135/200] Step [0/17] Loss: 5.8196 Bio: 0.9625
Epoch [135/200] Total Loss: 96.9813
Epoch [136/200] Step [0/17] Loss: 5.8743 Bio: 1.0077
Epoch [136/200] Total Loss: 96.8132
Epoch [137/200] Step [0/17] Loss: 5.6905 Bio: 0.8505
Epoch [137/200] Total Loss: 97.3660
Epoch [138/200] Step [0/17] Loss: 5.7014 Bio: 1.4761
Epoch [138/200] Total Loss: 96.4276
Epoch [139/200] Step [0/17] Loss: 5.7178 Bio: 1.0305
Epoch [139/200] Total Loss: 96.8343
Epoch [140/200] Step [0/17] Loss: 5.7711 Bio: 0.9130
Epoch [140/200] Total Loss: 97.1305
Epoch [141/200] Step [0/17] Loss: 5.8928 Bio: 0.9247
Epoch [141/200] Total Loss: 96.0747
Epoch [142/200] Step [0/17] Loss: 5.8566 Bio: 1.1437
Epoch [142/200] Total Loss: 97.3733
Epoch [143/200] Step [0/17] Loss: 5.6562 Bio: 0.9299
Epoch [143/200] Total Loss: 98.3917
Epoch [144/200] Step [0/17] Loss: 5.8349 Bio: 0.8971
Epoch [144/200] Total Loss: 97.1192
Epoch [145/200] Step [0/17] Loss: 5.7318 Bio: 1.0716
Epoch [145/200] Total Loss: 96.0697
Epoch [146/200] Step [0/17] Loss: 5.7079 Bio: 0.9815
Epoch [146/200] Total Loss: 97.6733
Epoch [147/200] Step [0/17] Loss: 5.7686 Bio: 1.0795
Epoch [147/200] Total Loss: 98.6780
Epoch [148/200] Step [0/17] Loss: 5.6769 Bio: 0.9838
Epoch [148/200] Total Loss: 96.8425
Epoch [149/200] Step [0/17] Loss: 5.7190 Bio: 0.9164
Epoch [149/200] Total Loss: 96.6968
Epoch [150/200] Step [0/17] Loss: 5.9643 Bio: 0.8860
Epoch [150/200] Total Loss: 96.4637
Epoch [151/200] Step [0/17] Loss: 5.6358 Bio: 1.0294
Epoch [151/200] Total Loss: 95.5132
Epoch [152/200] Step [0/17] Loss: 5.6258 Bio: 0.9705
Epoch [152/200] Total Loss: 97.2295
Epoch [153/200] Step [0/17] Loss: 5.7166 Bio: 1.0430
Epoch [153/200] Total Loss: 95.9266
Epoch [154/200] Step [0/17] Loss: 5.6936 Bio: 0.8938
Epoch [154/200] Total Loss: 96.0906
Epoch [155/200] Step [0/17] Loss: 5.7528 Bio: 0.9302
Epoch [155/200] Total Loss: 98.2747
Epoch [156/200] Step [0/17] Loss: 5.7096 Bio: 0.8987
Epoch [156/200] Total Loss: 97.5905
Epoch [157/200] Step [0/17] Loss: 5.6355 Bio: 1.0299
Epoch [157/200] Total Loss: 95.3307
Epoch [158/200] Step [0/17] Loss: 5.6106 Bio: 1.0274
Epoch [158/200] Total Loss: 97.0950
Epoch [159/200] Step [0/17] Loss: 5.6139 Bio: 1.0705
Epoch [159/200] Total Loss: 96.8329
Epoch [160/200] Step [0/17] Loss: 5.9128 Bio: 1.1016
Epoch [160/200] Total Loss: 98.2748
Epoch [161/200] Step [0/17] Loss: 5.8587 Bio: 0.9478
Epoch [161/200] Total Loss: 96.6739
Epoch [162/200] Step [0/17] Loss: 6.0101 Bio: 0.9833
Epoch [162/200] Total Loss: 96.3770
Epoch [163/200] Step [0/17] Loss: 5.8725 Bio: 1.2255
Epoch [163/200] Total Loss: 97.3326
Epoch [164/200] Step [0/17] Loss: 5.9019 Bio: 1.0517
Epoch [164/200] Total Loss: 95.9893
Epoch [165/200] Step [0/17] Loss: 5.6735 Bio: 1.0558
Epoch [165/200] Total Loss: 96.1182
Epoch [166/200] Step [0/17] Loss: 6.0110 Bio: 0.8504
Epoch [166/200] Total Loss: 97.5251
Epoch [167/200] Step [0/17] Loss: 5.5689 Bio: 0.8472
Epoch [167/200] Total Loss: 96.2145
Epoch [168/200] Step [0/17] Loss: 5.6258 Bio: 1.1107
Epoch [168/200] Total Loss: 95.8742
Epoch [169/200] Step [0/17] Loss: 5.8130 Bio: 0.9579
Epoch [169/200] Total Loss: 96.9920
Epoch [170/200] Step [0/17] Loss: 5.5817 Bio: 0.9278
Epoch [170/200] Total Loss: 96.5612
Epoch [171/200] Step [0/17] Loss: 5.8818 Bio: 1.1069
Epoch [171/200] Total Loss: 98.1660
Epoch [172/200] Step [0/17] Loss: 5.7551 Bio: 0.9936
Epoch [172/200] Total Loss: 95.9683
Epoch [173/200] Step [0/17] Loss: 5.8522 Bio: 1.1098
Epoch [173/200] Total Loss: 96.6015
Epoch [174/200] Step [0/17] Loss: 5.6296 Bio: 0.8609
Epoch [174/200] Total Loss: 96.5030
Epoch [175/200] Step [0/17] Loss: 5.6995 Bio: 0.9165
Epoch [175/200] Total Loss: 95.7971
Epoch [176/200] Step [0/17] Loss: 5.8736 Bio: 1.0130
Epoch [176/200] Total Loss: 97.5612
Epoch [177/200] Step [0/17] Loss: 5.9310 Bio: 0.8760
Epoch [177/200] Total Loss: 95.5238
Epoch [178/200] Step [0/17] Loss: 5.5991 Bio: 0.9907
Epoch [178/200] Total Loss: 94.5127
Epoch [179/200] Step [0/17] Loss: 5.7245 Bio: 1.1720
Epoch [179/200] Total Loss: 96.3149
Epoch [180/200] Step [0/17] Loss: 5.9034 Bio: 1.1611
Epoch [180/200] Total Loss: 95.1745
Epoch [181/200] Step [0/17] Loss: 5.8559 Bio: 0.9275
Epoch [181/200] Total Loss: 96.4570
Epoch [182/200] Step [0/17] Loss: 5.8570 Bio: 0.8700
Epoch [182/200] Total Loss: 96.8481
Epoch [183/200] Step [0/17] Loss: 5.8118 Bio: 1.0737
Epoch [183/200] Total Loss: 96.9533
Epoch [184/200] Step [0/17] Loss: 5.6625 Bio: 1.0426
Epoch [184/200] Total Loss: 96.8759
Epoch [185/200] Step [0/17] Loss: 6.0658 Bio: 0.9202
Epoch [185/200] Total Loss: 96.6419
Epoch [186/200] Step [0/17] Loss: 5.7504 Bio: 1.0062
Epoch [186/200] Total Loss: 96.7398
Epoch [187/200] Step [0/17] Loss: 5.6449 Bio: 1.1384
Epoch [187/200] Total Loss: 95.9584
Epoch [188/200] Step [0/17] Loss: 5.6610 Bio: 1.0239
Epoch [188/200] Total Loss: 96.7758
Epoch [189/200] Step [0/17] Loss: 6.0041 Bio: 0.8973
Epoch [189/200] Total Loss: 97.0395
Epoch [190/200] Step [0/17] Loss: 6.0122 Bio: 0.9614
Epoch [190/200] Total Loss: 97.4669
Epoch [191/200] Step [0/17] Loss: 5.6570 Bio: 0.9009
Epoch [191/200] Total Loss: 96.2327
Epoch [192/200] Step [0/17] Loss: 5.8948 Bio: 1.0698
Epoch [192/200] Total Loss: 96.4443
Epoch [193/200] Step [0/17] Loss: 5.9833 Bio: 1.0282
Epoch [193/200] Total Loss: 96.1932
Epoch [194/200] Step [0/17] Loss: 5.7709 Bio: 0.9036
Epoch [194/200] Total Loss: 95.4335
Epoch [195/200] Step [0/17] Loss: 5.7662 Bio: 1.0121
Epoch [195/200] Total Loss: 95.9348
Epoch [196/200] Step [0/17] Loss: 5.8249 Bio: 0.7932
Epoch [196/200] Total Loss: 96.8534
Epoch [197/200] Step [0/17] Loss: 5.8096 Bio: 0.8632
Epoch [197/200] Total Loss: 95.5821
Epoch [198/200] Step [0/17] Loss: 5.8948 Bio: 0.8416
Epoch [198/200] Total Loss: 96.0218
Epoch [199/200] Step [0/17] Loss: 5.8104 Bio: 0.9020
Epoch [199/200] Total Loss: 96.3402
Linear training complete.
--- Linear 3base RESULTS ---
============================================================
CLUSTERING EVALUATION
============================================================
✅ Loaded ground truth from ground_truth_BRCA.csv
   Total patients with labels: 803

📂 Loading model from save/model_combo_linear_3base/checkpoint_200.tar...
✅ Model loaded successfully

📊 Loading data for BRCA...
[dataloader] No bio_anchor_file specified — loading omics only
✅ Data loaded successfully

🔮 Getting predictions...
✅ Predictions obtained: 1031 samples

🔍 Filtering to patients with ground truth...
   Patients with both predictions and ground truth: 803
   Final evaluation size: 803 patients

📈 Computing metrics...

============================================================
RESULTS
============================================================
ARI                 : 0.3183
NMI                 : 0.4643
V-measure           : 0.4643
============================================================

📊 Creating visualizations...
Saved confusion matrix to results/BRCA_confusion_matrix.png
Saved distribution plot to results/BRCA_cluster_distribution.png
Computing t-SNE (this may take a minute)...
Saved t-SNE plot to results/BRCA_tsne.png

💾 Saved results to results/BRCA_evaluation.csv

✅ Evaluation complete!
==============================
Running: 3plus_PI3K | dim=4
==============================
MLP Bio-Anchor Head (bio_dim -> 64 -> bio_dim)
Cancer: BRCA | bio_dim: 4 | lambda_bio: 0.1
Bio anchor file: bio_anchors_BRCA_combo_3plus_PI3K_score.csv
[dataloader] Loaded bio-anchors from bio_anchors_BRCA_combo_3plus_PI3K_score.csv: torch.Size([1031, 4])
Cluster number: 5
Epoch [0/200] Step [0/17] Loss: 7.1392 Bio: 1.0539
Epoch [0/200] Total Loss: 118.9353
Epoch [1/200] Step [0/17] Loss: 7.1499 Bio: 1.1572
Epoch [1/200] Total Loss: 118.9307
Epoch [2/200] Step [0/17] Loss: 7.1357 Bio: 1.0493
Epoch [2/200] Total Loss: 117.9331
Epoch [3/200] Step [0/17] Loss: 7.1572 Bio: 1.0165
Epoch [3/200] Total Loss: 116.0085
Epoch [4/200] Step [0/17] Loss: 7.3468 Bio: 0.9467
Epoch [4/200] Total Loss: 115.1553
Epoch [5/200] Step [0/17] Loss: 6.8510 Bio: 1.1019
Epoch [5/200] Total Loss: 113.4131
Epoch [6/200] Step [0/17] Loss: 6.7925 Bio: 0.9813
Epoch [6/200] Total Loss: 111.5000
Epoch [7/200] Step [0/17] Loss: 6.7255 Bio: 0.9760
Epoch [7/200] Total Loss: 111.3765
Epoch [8/200] Step [0/17] Loss: 6.7530 Bio: 0.9665
Epoch [8/200] Total Loss: 111.6585
Epoch [9/200] Step [0/17] Loss: 6.6142 Bio: 0.8112
Epoch [9/200] Total Loss: 111.3358
Epoch [10/200] Step [0/17] Loss: 6.7286 Bio: 1.0200
Epoch [10/200] Total Loss: 110.0549
Epoch [11/200] Step [0/17] Loss: 6.5891 Bio: 1.0314
Epoch [11/200] Total Loss: 110.3885
Epoch [12/200] Step [0/17] Loss: 6.4798 Bio: 0.8209
Epoch [12/200] Total Loss: 109.7521
Epoch [13/200] Step [0/17] Loss: 6.4947 Bio: 0.8622
Epoch [13/200] Total Loss: 109.9201
Epoch [14/200] Step [0/17] Loss: 6.5743 Bio: 0.9619
Epoch [14/200] Total Loss: 109.3160
Epoch [15/200] Step [0/17] Loss: 6.4663 Bio: 0.9148
Epoch [15/200] Total Loss: 109.5278
Epoch [16/200] Step [0/17] Loss: 6.4801 Bio: 0.9821
Epoch [16/200] Total Loss: 106.8611
Epoch [17/200] Step [0/17] Loss: 6.3888 Bio: 0.9980
Epoch [17/200] Total Loss: 107.1245
Epoch [18/200] Step [0/17] Loss: 6.4475 Bio: 0.9074
Epoch [18/200] Total Loss: 106.7104
Epoch [19/200] Step [0/17] Loss: 6.3072 Bio: 0.8448
Epoch [19/200] Total Loss: 106.3819
Epoch [20/200] Step [0/17] Loss: 6.4516 Bio: 1.2284
Epoch [20/200] Total Loss: 107.0061
Epoch [21/200] Step [0/17] Loss: 6.2346 Bio: 1.0596
Epoch [21/200] Total Loss: 107.0176
Epoch [22/200] Step [0/17] Loss: 6.5617 Bio: 0.9212
Epoch [22/200] Total Loss: 105.0388
Epoch [23/200] Step [0/17] Loss: 6.4964 Bio: 0.9466
Epoch [23/200] Total Loss: 106.4821
Epoch [24/200] Step [0/17] Loss: 6.3397 Bio: 1.1324
Epoch [24/200] Total Loss: 105.8701
Epoch [25/200] Step [0/17] Loss: 6.4849 Bio: 1.1059
Epoch [25/200] Total Loss: 106.1118
Epoch [26/200] Step [0/17] Loss: 6.2083 Bio: 1.0098
Epoch [26/200] Total Loss: 105.0024
Epoch [27/200] Step [0/17] Loss: 5.9614 Bio: 0.9344
Epoch [27/200] Total Loss: 103.7557
Epoch [28/200] Step [0/17] Loss: 6.3118 Bio: 1.1010
Epoch [28/200] Total Loss: 105.4888
Epoch [29/200] Step [0/17] Loss: 6.2957 Bio: 0.9399
Epoch [29/200] Total Loss: 104.4603
Epoch [30/200] Step [0/17] Loss: 6.3929 Bio: 0.8916
Epoch [30/200] Total Loss: 104.6293
Epoch [31/200] Step [0/17] Loss: 6.1543 Bio: 1.0568
Epoch [31/200] Total Loss: 104.1038
Epoch [32/200] Step [0/17] Loss: 6.4329 Bio: 0.9138
Epoch [32/200] Total Loss: 103.7964
Epoch [33/200] Step [0/17] Loss: 5.9836 Bio: 0.8849
Epoch [33/200] Total Loss: 104.3785
Epoch [34/200] Step [0/17] Loss: 6.1733 Bio: 1.0087
Epoch [34/200] Total Loss: 103.6129
Epoch [35/200] Step [0/17] Loss: 6.0945 Bio: 1.1775
Epoch [35/200] Total Loss: 103.3171
Epoch [36/200] Step [0/17] Loss: 6.1313 Bio: 1.0454
Epoch [36/200] Total Loss: 103.6696
Epoch [37/200] Step [0/17] Loss: 6.0586 Bio: 0.8771
Epoch [37/200] Total Loss: 103.9276
Epoch [38/200] Step [0/17] Loss: 6.1926 Bio: 0.9920
Epoch [38/200] Total Loss: 104.4581
Epoch [39/200] Step [0/17] Loss: 6.6147 Bio: 1.0159
Epoch [39/200] Total Loss: 103.8354
Epoch [40/200] Step [0/17] Loss: 5.9413 Bio: 1.1841
Epoch [40/200] Total Loss: 104.6468
Epoch [41/200] Step [0/17] Loss: 6.4704 Bio: 0.8675
Epoch [41/200] Total Loss: 103.8099
Epoch [42/200] Step [0/17] Loss: 5.9751 Bio: 0.9820
Epoch [42/200] Total Loss: 103.6143
Epoch [43/200] Step [0/17] Loss: 6.0441 Bio: 0.9961
Epoch [43/200] Total Loss: 104.0274
Epoch [44/200] Step [0/17] Loss: 6.0070 Bio: 0.9780
Epoch [44/200] Total Loss: 104.1696
Epoch [45/200] Step [0/17] Loss: 6.2696 Bio: 0.8593
Epoch [45/200] Total Loss: 102.6623
Epoch [46/200] Step [0/17] Loss: 6.1083 Bio: 0.9696
Epoch [46/200] Total Loss: 102.0236
Epoch [47/200] Step [0/17] Loss: 6.2450 Bio: 0.9555
Epoch [47/200] Total Loss: 103.1048
Epoch [48/200] Step [0/17] Loss: 6.1853 Bio: 0.9569
Epoch [48/200] Total Loss: 101.9790
Epoch [49/200] Step [0/17] Loss: 5.9632 Bio: 0.9178
Epoch [49/200] Total Loss: 102.4455
Epoch [50/200] Step [0/17] Loss: 6.2039 Bio: 0.9732
Epoch [50/200] Total Loss: 102.8943
Epoch [51/200] Step [0/17] Loss: 6.2587 Bio: 0.9599
Epoch [51/200] Total Loss: 101.2954
Epoch [52/200] Step [0/17] Loss: 6.2987 Bio: 1.0315
Epoch [52/200] Total Loss: 104.1844
Epoch [53/200] Step [0/17] Loss: 6.0284 Bio: 0.8822
Epoch [53/200] Total Loss: 101.9103
Epoch [54/200] Step [0/17] Loss: 6.4297 Bio: 0.9046
Epoch [54/200] Total Loss: 101.7798
Epoch [55/200] Step [0/17] Loss: 6.1809 Bio: 0.9221
Epoch [55/200] Total Loss: 102.6568
Epoch [56/200] Step [0/17] Loss: 5.8953 Bio: 1.0949
Epoch [56/200] Total Loss: 101.7764
Epoch [57/200] Step [0/17] Loss: 6.4417 Bio: 0.9994
Epoch [57/200] Total Loss: 102.4004
Epoch [58/200] Step [0/17] Loss: 6.0338 Bio: 1.0416
Epoch [58/200] Total Loss: 101.8260
Epoch [59/200] Step [0/17] Loss: 6.2592 Bio: 1.1639
Epoch [59/200] Total Loss: 101.9361
Epoch [60/200] Step [0/17] Loss: 5.9751 Bio: 1.0563
Epoch [60/200] Total Loss: 101.5124
Epoch [61/200] Step [0/17] Loss: 6.0726 Bio: 0.9913
Epoch [61/200] Total Loss: 101.1201
Epoch [62/200] Step [0/17] Loss: 5.9692 Bio: 0.8711
Epoch [62/200] Total Loss: 101.1531
Epoch [63/200] Step [0/17] Loss: 6.1451 Bio: 0.9921
Epoch [63/200] Total Loss: 100.7949
Epoch [64/200] Step [0/17] Loss: 6.2924 Bio: 0.9361
Epoch [64/200] Total Loss: 99.0946
Epoch [65/200] Step [0/17] Loss: 6.3423 Bio: 0.8901
Epoch [65/200] Total Loss: 101.0224
Epoch [66/200] Step [0/17] Loss: 6.0687 Bio: 0.9937
Epoch [66/200] Total Loss: 99.8528
Epoch [67/200] Step [0/17] Loss: 6.0862 Bio: 1.1050
Epoch [67/200] Total Loss: 100.0914
Epoch [68/200] Step [0/17] Loss: 5.8263 Bio: 0.8654
Epoch [68/200] Total Loss: 100.8902
Epoch [69/200] Step [0/17] Loss: 5.9369 Bio: 1.0190
Epoch [69/200] Total Loss: 99.0182
Epoch [70/200] Step [0/17] Loss: 6.1242 Bio: 0.9801
Epoch [70/200] Total Loss: 99.9568
Epoch [71/200] Step [0/17] Loss: 5.9622 Bio: 1.0225
Epoch [71/200] Total Loss: 99.1953
Epoch [72/200] Step [0/17] Loss: 5.9219 Bio: 1.0293
Epoch [72/200] Total Loss: 101.1311
Epoch [73/200] Step [0/17] Loss: 6.0287 Bio: 1.0425
Epoch [73/200] Total Loss: 100.9845
Epoch [74/200] Step [0/17] Loss: 5.8853 Bio: 1.0370
Epoch [74/200] Total Loss: 99.1714
Epoch [75/200] Step [0/17] Loss: 6.0489 Bio: 1.0349
Epoch [75/200] Total Loss: 99.3319
Epoch [76/200] Step [0/17] Loss: 5.9079 Bio: 0.9675
Epoch [76/200] Total Loss: 99.5506
Epoch [77/200] Step [0/17] Loss: 6.0557 Bio: 1.0500
Epoch [77/200] Total Loss: 100.9905
Epoch [78/200] Step [0/17] Loss: 5.9450 Bio: 1.0593
Epoch [78/200] Total Loss: 99.8242
Epoch [79/200] Step [0/17] Loss: 6.0296 Bio: 0.9154
Epoch [79/200] Total Loss: 99.7954
Epoch [80/200] Step [0/17] Loss: 5.7195 Bio: 0.9875
Epoch [80/200] Total Loss: 99.4206
Epoch [81/200] Step [0/17] Loss: 6.1980 Bio: 0.9625
Epoch [81/200] Total Loss: 100.2714
Epoch [82/200] Step [0/17] Loss: 5.8157 Bio: 1.0396
Epoch [82/200] Total Loss: 99.9357
Epoch [83/200] Step [0/17] Loss: 6.1699 Bio: 0.8703
Epoch [83/200] Total Loss: 99.6042
Epoch [84/200] Step [0/17] Loss: 5.6895 Bio: 1.1024
Epoch [84/200] Total Loss: 99.3213
Epoch [85/200] Step [0/17] Loss: 6.1832 Bio: 0.9968
Epoch [85/200] Total Loss: 101.5434
Epoch [86/200] Step [0/17] Loss: 5.9208 Bio: 0.9815
Epoch [86/200] Total Loss: 101.3832
Epoch [87/200] Step [0/17] Loss: 5.8370 Bio: 0.9747
Epoch [87/200] Total Loss: 100.3056
Epoch [88/200] Step [0/17] Loss: 5.9628 Bio: 1.0067
Epoch [88/200] Total Loss: 100.1312
Epoch [89/200] Step [0/17] Loss: 6.1100 Bio: 0.9564
Epoch [89/200] Total Loss: 99.3409
Epoch [90/200] Step [0/17] Loss: 5.8547 Bio: 0.8810
Epoch [90/200] Total Loss: 99.4844
Epoch [91/200] Step [0/17] Loss: 5.7930 Bio: 0.8134
Epoch [91/200] Total Loss: 100.4751
Epoch [92/200] Step [0/17] Loss: 5.9401 Bio: 0.9255
Epoch [92/200] Total Loss: 98.8756
Epoch [93/200] Step [0/17] Loss: 6.0790 Bio: 1.4850
Epoch [93/200] Total Loss: 97.8058
Epoch [94/200] Step [0/17] Loss: 5.7288 Bio: 1.0379
Epoch [94/200] Total Loss: 98.8206
Epoch [95/200] Step [0/17] Loss: 6.0432 Bio: 0.9445
Epoch [95/200] Total Loss: 100.3192
Epoch [96/200] Step [0/17] Loss: 5.9837 Bio: 0.9457
Epoch [96/200] Total Loss: 99.6833
Epoch [97/200] Step [0/17] Loss: 5.8891 Bio: 1.2102
Epoch [97/200] Total Loss: 97.7624
Epoch [98/200] Step [0/17] Loss: 6.1984 Bio: 1.0385
Epoch [98/200] Total Loss: 96.8700
Epoch [99/200] Step [0/17] Loss: 5.9275 Bio: 1.0748
Epoch [99/200] Total Loss: 98.1432
Epoch [100/200] Step [0/17] Loss: 5.9342 Bio: 0.9221
Epoch [100/200] Total Loss: 97.4816
Epoch [101/200] Step [0/17] Loss: 5.9991 Bio: 1.1214
Epoch [101/200] Total Loss: 97.5530
Epoch [102/200] Step [0/17] Loss: 5.8865 Bio: 0.9876
Epoch [102/200] Total Loss: 99.5753
Epoch [103/200] Step [0/17] Loss: 6.0646 Bio: 0.9478
Epoch [103/200] Total Loss: 99.9916
Epoch [104/200] Step [0/17] Loss: 5.8295 Bio: 1.0318
Epoch [104/200] Total Loss: 97.0053
Epoch [105/200] Step [0/17] Loss: 6.2019 Bio: 0.8250
Epoch [105/200] Total Loss: 98.8412
Epoch [106/200] Step [0/17] Loss: 6.1365 Bio: 0.9687
Epoch [106/200] Total Loss: 98.1269
Epoch [107/200] Step [0/17] Loss: 5.8262 Bio: 0.9784
Epoch [107/200] Total Loss: 98.4903
Epoch [108/200] Step [0/17] Loss: 5.7552 Bio: 0.9977
Epoch [108/200] Total Loss: 99.1481
Epoch [109/200] Step [0/17] Loss: 6.2254 Bio: 0.9398
Epoch [109/200] Total Loss: 97.1543
Epoch [110/200] Step [0/17] Loss: 5.9311 Bio: 1.0496
Epoch [110/200] Total Loss: 97.5118
Epoch [111/200] Step [0/17] Loss: 6.0122 Bio: 0.9341
Epoch [111/200] Total Loss: 97.9181
Epoch [112/200] Step [0/17] Loss: 5.9956 Bio: 0.9986
Epoch [112/200] Total Loss: 97.7799
Epoch [113/200] Step [0/17] Loss: 6.0251 Bio: 0.8687
Epoch [113/200] Total Loss: 98.3465
Epoch [114/200] Step [0/17] Loss: 5.8550 Bio: 1.0338
Epoch [114/200] Total Loss: 98.5617
Epoch [115/200] Step [0/17] Loss: 5.7822 Bio: 0.9151
Epoch [115/200] Total Loss: 98.0110
Epoch [116/200] Step [0/17] Loss: 5.9088 Bio: 0.9863
Epoch [116/200] Total Loss: 97.3064
Epoch [117/200] Step [0/17] Loss: 5.5996 Bio: 0.9477
Epoch [117/200] Total Loss: 97.6118
Epoch [118/200] Step [0/17] Loss: 5.8416 Bio: 0.9953
Epoch [118/200] Total Loss: 97.1886
Epoch [119/200] Step [0/17] Loss: 5.9351 Bio: 1.1523
Epoch [119/200] Total Loss: 98.5155
Epoch [120/200] Step [0/17] Loss: 6.0108 Bio: 1.0318
Epoch [120/200] Total Loss: 98.1004
Epoch [121/200] Step [0/17] Loss: 5.8960 Bio: 1.0381
Epoch [121/200] Total Loss: 97.9792
Epoch [122/200] Step [0/17] Loss: 5.6382 Bio: 1.0789
Epoch [122/200] Total Loss: 97.3702
Epoch [123/200] Step [0/17] Loss: 5.9913 Bio: 1.0617
Epoch [123/200] Total Loss: 96.8957
Epoch [124/200] Step [0/17] Loss: 6.0792 Bio: 0.8230
Epoch [124/200] Total Loss: 97.1441
Epoch [125/200] Step [0/17] Loss: 6.0098 Bio: 1.0220
Epoch [125/200] Total Loss: 98.4753
Epoch [126/200] Step [0/17] Loss: 5.8718 Bio: 0.9231
Epoch [126/200] Total Loss: 96.9269
Epoch [127/200] Step [0/17] Loss: 5.8101 Bio: 0.7759
Epoch [127/200] Total Loss: 99.0000
Epoch [128/200] Step [0/17] Loss: 5.7069 Bio: 1.2958
Epoch [128/200] Total Loss: 98.2177
Epoch [129/200] Step [0/17] Loss: 5.9208 Bio: 0.9630
Epoch [129/200] Total Loss: 96.0227
Epoch [130/200] Step [0/17] Loss: 5.5860 Bio: 1.0078
Epoch [130/200] Total Loss: 97.4336
Epoch [131/200] Step [0/17] Loss: 5.7900 Bio: 0.8506
Epoch [131/200] Total Loss: 97.4345
Epoch [132/200] Step [0/17] Loss: 5.8799 Bio: 0.9380
Epoch [132/200] Total Loss: 97.5657
Epoch [133/200] Step [0/17] Loss: 6.0898 Bio: 0.9508
Epoch [133/200] Total Loss: 98.0452
Epoch [134/200] Step [0/17] Loss: 5.6710 Bio: 1.0621
Epoch [134/200] Total Loss: 98.1404
Epoch [135/200] Step [0/17] Loss: 5.9194 Bio: 0.9432
Epoch [135/200] Total Loss: 97.7818
Epoch [136/200] Step [0/17] Loss: 5.8616 Bio: 0.7871
Epoch [136/200] Total Loss: 95.7391
Epoch [137/200] Step [0/17] Loss: 5.9990 Bio: 1.0369
Epoch [137/200] Total Loss: 97.7928
Epoch [138/200] Step [0/17] Loss: 6.0308 Bio: 0.7826
Epoch [138/200] Total Loss: 97.8778
Epoch [139/200] Step [0/17] Loss: 5.7862 Bio: 0.9664
Epoch [139/200] Total Loss: 96.9746
Epoch [140/200] Step [0/17] Loss: 6.0263 Bio: 0.7758
Epoch [140/200] Total Loss: 97.6167
Epoch [141/200] Step [0/17] Loss: 5.8684 Bio: 0.7744
Epoch [141/200] Total Loss: 96.5146
Epoch [142/200] Step [0/17] Loss: 5.6811 Bio: 0.9871
Epoch [142/200] Total Loss: 95.2331
Epoch [143/200] Step [0/17] Loss: 5.9136 Bio: 0.9755
Epoch [143/200] Total Loss: 97.4976
Epoch [144/200] Step [0/17] Loss: 6.1036 Bio: 0.9064
Epoch [144/200] Total Loss: 96.4267
Epoch [145/200] Step [0/17] Loss: 5.7104 Bio: 0.8677
Epoch [145/200] Total Loss: 96.8927
Epoch [146/200] Step [0/17] Loss: 5.6227 Bio: 0.9410
Epoch [146/200] Total Loss: 97.0970
Epoch [147/200] Step [0/17] Loss: 5.7018 Bio: 0.7880
Epoch [147/200] Total Loss: 96.3052
Epoch [148/200] Step [0/17] Loss: 5.8244 Bio: 0.8080
Epoch [148/200] Total Loss: 96.8157
Epoch [149/200] Step [0/17] Loss: 5.6760 Bio: 0.8265
Epoch [149/200] Total Loss: 96.6391
Epoch [150/200] Step [0/17] Loss: 5.8532 Bio: 0.6831
Epoch [150/200] Total Loss: 96.4521
Epoch [151/200] Step [0/17] Loss: 5.8715 Bio: 0.9071
Epoch [151/200] Total Loss: 97.2225
Epoch [152/200] Step [0/17] Loss: 5.9986 Bio: 1.0352
Epoch [152/200] Total Loss: 95.7596
Epoch [153/200] Step [0/17] Loss: 5.7109 Bio: 1.0008
Epoch [153/200] Total Loss: 97.1511
Epoch [154/200] Step [0/17] Loss: 5.6858 Bio: 0.7808
Epoch [154/200] Total Loss: 96.2500
Epoch [155/200] Step [0/17] Loss: 5.9551 Bio: 0.9267
Epoch [155/200] Total Loss: 96.4604
Epoch [156/200] Step [0/17] Loss: 5.8605 Bio: 1.0515
Epoch [156/200] Total Loss: 96.0038
Epoch [157/200] Step [0/17] Loss: 5.8476 Bio: 0.9600
Epoch [157/200] Total Loss: 96.1996
Epoch [158/200] Step [0/17] Loss: 5.7988 Bio: 0.9021
Epoch [158/200] Total Loss: 96.7225
Epoch [159/200] Step [0/17] Loss: 5.7220 Bio: 0.9802
Epoch [159/200] Total Loss: 96.2887
Epoch [160/200] Step [0/17] Loss: 5.9756 Bio: 0.9666
Epoch [160/200] Total Loss: 96.5553
Epoch [161/200] Step [0/17] Loss: 5.5159 Bio: 0.9840
Epoch [161/200] Total Loss: 98.2706
Epoch [162/200] Step [0/17] Loss: 5.7538 Bio: 0.8501
Epoch [162/200] Total Loss: 96.7855
Epoch [163/200] Step [0/17] Loss: 5.8515 Bio: 0.8299
Epoch [163/200] Total Loss: 95.9512
Epoch [164/200] Step [0/17] Loss: 5.8283 Bio: 0.9440
Epoch [164/200] Total Loss: 97.6804
Epoch [165/200] Step [0/17] Loss: 5.5430 Bio: 0.9251
Epoch [165/200] Total Loss: 95.6977
Epoch [166/200] Step [0/17] Loss: 5.8573 Bio: 1.2794
Epoch [166/200] Total Loss: 95.3296
Epoch [167/200] Step [0/17] Loss: 5.7578 Bio: 1.1123
Epoch [167/200] Total Loss: 97.2260
Epoch [168/200] Step [0/17] Loss: 5.7024 Bio: 1.0106
Epoch [168/200] Total Loss: 96.9772
Epoch [169/200] Step [0/17] Loss: 5.8302 Bio: 0.9212
Epoch [169/200] Total Loss: 95.8368
Epoch [170/200] Step [0/17] Loss: 6.0246 Bio: 0.8835
Epoch [170/200] Total Loss: 97.6174
Epoch [171/200] Step [0/17] Loss: 5.8348 Bio: 0.9099
Epoch [171/200] Total Loss: 97.2235
Epoch [172/200] Step [0/17] Loss: 5.6821 Bio: 0.8008
Epoch [172/200] Total Loss: 96.2451
Epoch [173/200] Step [0/17] Loss: 5.8395 Bio: 0.8881
Epoch [173/200] Total Loss: 95.5792
Epoch [174/200] Step [0/17] Loss: 5.5725 Bio: 1.0538
Epoch [174/200] Total Loss: 96.1427
Epoch [175/200] Step [0/17] Loss: 5.7708 Bio: 0.7922
Epoch [175/200] Total Loss: 96.3626
Epoch [176/200] Step [0/17] Loss: 5.7849 Bio: 0.9574
Epoch [176/200] Total Loss: 96.4987
Epoch [177/200] Step [0/17] Loss: 5.5181 Bio: 0.8284
Epoch [177/200] Total Loss: 95.3630
Epoch [178/200] Step [0/17] Loss: 5.8082 Bio: 1.1531
Epoch [178/200] Total Loss: 96.2231
Epoch [179/200] Step [0/17] Loss: 5.7402 Bio: 0.7791
Epoch [179/200] Total Loss: 96.3752
Epoch [180/200] Step [0/17] Loss: 5.9478 Bio: 0.8156
Epoch [180/200] Total Loss: 96.6278
Epoch [181/200] Step [0/17] Loss: 5.9059 Bio: 0.9083
Epoch [181/200] Total Loss: 96.6024
Epoch [182/200] Step [0/17] Loss: 5.8100 Bio: 0.9218
Epoch [182/200] Total Loss: 95.1426
Epoch [183/200] Step [0/17] Loss: 5.6052 Bio: 0.8747
Epoch [183/200] Total Loss: 95.9735
Epoch [184/200] Step [0/17] Loss: 5.6507 Bio: 0.9372
Epoch [184/200] Total Loss: 95.3966
Epoch [185/200] Step [0/17] Loss: 5.7914 Bio: 1.0363
Epoch [185/200] Total Loss: 97.3333
Epoch [186/200] Step [0/17] Loss: 5.7591 Bio: 0.7968
Epoch [186/200] Total Loss: 96.3639
Epoch [187/200] Step [0/17] Loss: 5.6792 Bio: 0.8253
Epoch [187/200] Total Loss: 97.4197
Epoch [188/200] Step [0/17] Loss: 5.6771 Bio: 0.9917
Epoch [188/200] Total Loss: 95.0104
Epoch [189/200] Step [0/17] Loss: 5.9291 Bio: 0.8818
Epoch [189/200] Total Loss: 96.3202
Epoch [190/200] Step [0/17] Loss: 6.0669 Bio: 0.8582
Epoch [190/200] Total Loss: 95.5623
Epoch [191/200] Step [0/17] Loss: 5.6665 Bio: 0.8462
Epoch [191/200] Total Loss: 96.4401
Epoch [192/200] Step [0/17] Loss: 5.8269 Bio: 0.9785
Epoch [192/200] Total Loss: 95.0394
Epoch [193/200] Step [0/17] Loss: 5.8222 Bio: 0.7770
Epoch [193/200] Total Loss: 96.8154
Epoch [194/200] Step [0/17] Loss: 5.5959 Bio: 0.9751
Epoch [194/200] Total Loss: 95.3686
Epoch [195/200] Step [0/17] Loss: 5.9070 Bio: 0.8278
Epoch [195/200] Total Loss: 94.9238
Epoch [196/200] Step [0/17] Loss: 5.6339 Bio: 0.8645
Epoch [196/200] Total Loss: 95.9654
Epoch [197/200] Step [0/17] Loss: 5.6811 Bio: 0.8488
Epoch [197/200] Total Loss: 96.3349
Epoch [198/200] Step [0/17] Loss: 5.6051 Bio: 0.9512
Epoch [198/200] Total Loss: 95.9752
Epoch [199/200] Step [0/17] Loss: 5.6410 Bio: 0.9301
Epoch [199/200] Total Loss: 95.5033
MLP training complete.
--- MLP 3plus_PI3K RESULTS ---
============================================================
CLUSTERING EVALUATION
============================================================
✅ Loaded ground truth from ground_truth_BRCA.csv
   Total patients with labels: 803

📂 Loading model from save/model_combo_mlp_3plus_PI3K/checkpoint_200.tar...
✅ Model loaded successfully

📊 Loading data for BRCA...
[dataloader] No bio_anchor_file specified — loading omics only
✅ Data loaded successfully

🔮 Getting predictions...
✅ Predictions obtained: 1031 samples

🔍 Filtering to patients with ground truth...
   Patients with both predictions and ground truth: 803
   Final evaluation size: 803 patients

📈 Computing metrics...

============================================================
RESULTS
============================================================
ARI                 : 0.3400
NMI                 : 0.4755
V-measure           : 0.4755
============================================================

📊 Creating visualizations...
Saved confusion matrix to results/BRCA_confusion_matrix.png
Saved distribution plot to results/BRCA_cluster_distribution.png
Computing t-SNE (this may take a minute)...
Saved t-SNE plot to results/BRCA_tsne.png

💾 Saved results to results/BRCA_evaluation.csv

✅ Evaluation complete!
Linear Bio-Anchor Head
Cancer: BRCA | bio_dim: 4 | lambda_bio: 0.1
Bio anchor file: bio_anchors_BRCA_combo_3plus_PI3K_score.csv
[dataloader] Loaded bio-anchors from bio_anchors_BRCA_combo_3plus_PI3K_score.csv: torch.Size([1031, 4])
Cluster number: 5
Epoch [0/200] Step [0/17] Loss: 7.1471 Bio: 1.1313
Epoch [0/200] Total Loss: 118.9633
Epoch [1/200] Step [0/17] Loss: 7.1299 Bio: 0.9675
Epoch [1/200] Total Loss: 119.0426
Epoch [2/200] Step [0/17] Loss: 7.1243 Bio: 0.9078
Epoch [2/200] Total Loss: 118.0020
Epoch [3/200] Step [0/17] Loss: 6.9990 Bio: 1.0245
Epoch [3/200] Total Loss: 117.0308
Epoch [4/200] Step [0/17] Loss: 7.0283 Bio: 1.0070
Epoch [4/200] Total Loss: 113.8327
Epoch [5/200] Step [0/17] Loss: 7.0436 Bio: 1.0176
Epoch [5/200] Total Loss: 112.5346
Epoch [6/200] Step [0/17] Loss: 6.8036 Bio: 1.1093
Epoch [6/200] Total Loss: 111.4627
Epoch [7/200] Step [0/17] Loss: 6.7911 Bio: 0.9237
Epoch [7/200] Total Loss: 111.1584
Epoch [8/200] Step [0/17] Loss: 6.8600 Bio: 1.2379
Epoch [8/200] Total Loss: 111.0025
Epoch [9/200] Step [0/17] Loss: 6.5799 Bio: 1.0365
Epoch [9/200] Total Loss: 108.9050
Epoch [10/200] Step [0/17] Loss: 6.6176 Bio: 1.1634
Epoch [10/200] Total Loss: 110.8718
Epoch [11/200] Step [0/17] Loss: 6.7331 Bio: 0.9649
Epoch [11/200] Total Loss: 109.3692
Epoch [12/200] Step [0/17] Loss: 6.7017 Bio: 1.0342
Epoch [12/200] Total Loss: 108.1853
Epoch [13/200] Step [0/17] Loss: 6.6142 Bio: 1.1152
Epoch [13/200] Total Loss: 108.9611
Epoch [14/200] Step [0/17] Loss: 6.7549 Bio: 1.0521
Epoch [14/200] Total Loss: 109.1800
Epoch [15/200] Step [0/17] Loss: 6.7600 Bio: 1.0191
Epoch [15/200] Total Loss: 109.7167
Epoch [16/200] Step [0/17] Loss: 6.5923 Bio: 0.9239
Epoch [16/200] Total Loss: 108.3060
Epoch [17/200] Step [0/17] Loss: 6.3992 Bio: 0.9549
Epoch [17/200] Total Loss: 106.8109
Epoch [18/200] Step [0/17] Loss: 6.5726 Bio: 0.9320
Epoch [18/200] Total Loss: 106.3425
Epoch [19/200] Step [0/17] Loss: 6.4558 Bio: 0.9654
Epoch [19/200] Total Loss: 107.6496
Epoch [20/200] Step [0/17] Loss: 6.6188 Bio: 0.9704
Epoch [20/200] Total Loss: 106.8708
Epoch [21/200] Step [0/17] Loss: 6.4296 Bio: 1.0473
Epoch [21/200] Total Loss: 105.6434
Epoch [22/200] Step [0/17] Loss: 6.1193 Bio: 1.0738
Epoch [22/200] Total Loss: 105.5432
Epoch [23/200] Step [0/17] Loss: 6.5266 Bio: 1.0958
Epoch [23/200] Total Loss: 105.4617
Epoch [24/200] Step [0/17] Loss: 6.3164 Bio: 1.1170
Epoch [24/200] Total Loss: 105.8660
Epoch [25/200] Step [0/17] Loss: 6.5902 Bio: 0.9774
Epoch [25/200] Total Loss: 106.0079
Epoch [26/200] Step [0/17] Loss: 6.2823 Bio: 1.2833
Epoch [26/200] Total Loss: 107.0991
Epoch [27/200] Step [0/17] Loss: 6.3763 Bio: 1.0154
Epoch [27/200] Total Loss: 104.8780
Epoch [28/200] Step [0/17] Loss: 6.6214 Bio: 0.9225
Epoch [28/200] Total Loss: 105.9674
Epoch [29/200] Step [0/17] Loss: 6.3169 Bio: 1.0438
Epoch [29/200] Total Loss: 106.8770
Epoch [30/200] Step [0/17] Loss: 6.2771 Bio: 0.9883
Epoch [30/200] Total Loss: 104.2037
Epoch [31/200] Step [0/17] Loss: 6.5237 Bio: 1.2017
Epoch [31/200] Total Loss: 105.3863
Epoch [32/200] Step [0/17] Loss: 6.2027 Bio: 1.0476
Epoch [32/200] Total Loss: 103.6745
Epoch [33/200] Step [0/17] Loss: 6.1199 Bio: 0.8092
Epoch [33/200] Total Loss: 104.3123
Epoch [34/200] Step [0/17] Loss: 6.0504 Bio: 1.1434
Epoch [34/200] Total Loss: 104.2768
Epoch [35/200] Step [0/17] Loss: 6.3164 Bio: 0.9326
Epoch [35/200] Total Loss: 104.4014
Epoch [36/200] Step [0/17] Loss: 6.4110 Bio: 0.9095
Epoch [36/200] Total Loss: 103.2885
Epoch [37/200] Step [0/17] Loss: 6.1895 Bio: 1.1227
Epoch [37/200] Total Loss: 103.9895
Epoch [38/200] Step [0/17] Loss: 6.0730 Bio: 1.0826
Epoch [38/200] Total Loss: 104.8150
Epoch [39/200] Step [0/17] Loss: 6.0413 Bio: 1.0792
Epoch [39/200] Total Loss: 104.2297
Epoch [40/200] Step [0/17] Loss: 6.4024 Bio: 1.1432
Epoch [40/200] Total Loss: 103.2494
Epoch [41/200] Step [0/17] Loss: 6.0814 Bio: 1.0310
Epoch [41/200] Total Loss: 103.2397
Epoch [42/200] Step [0/17] Loss: 6.2316 Bio: 0.9294
Epoch [42/200] Total Loss: 103.6915
Epoch [43/200] Step [0/17] Loss: 6.3347 Bio: 1.0539
Epoch [43/200] Total Loss: 104.1614
Epoch [44/200] Step [0/17] Loss: 6.1596 Bio: 0.9155
Epoch [44/200] Total Loss: 103.7348
Epoch [45/200] Step [0/17] Loss: 6.1576 Bio: 0.9349
Epoch [45/200] Total Loss: 103.7300
Epoch [46/200] Step [0/17] Loss: 6.1282 Bio: 1.2885
Epoch [46/200] Total Loss: 104.3625
Epoch [47/200] Step [0/17] Loss: 6.4160 Bio: 1.2522
Epoch [47/200] Total Loss: 102.4645
Epoch [48/200] Step [0/17] Loss: 6.2413 Bio: 1.0280
Epoch [48/200] Total Loss: 103.0808
Epoch [49/200] Step [0/17] Loss: 6.1379 Bio: 1.2390
Epoch [49/200] Total Loss: 103.2679
Epoch [50/200] Step [0/17] Loss: 6.2689 Bio: 1.0246
Epoch [50/200] Total Loss: 104.2690
Epoch [51/200] Step [0/17] Loss: 6.2578 Bio: 0.9361
Epoch [51/200] Total Loss: 101.7199
Epoch [52/200] Step [0/17] Loss: 5.9699 Bio: 0.9220
Epoch [52/200] Total Loss: 101.2515
Epoch [53/200] Step [0/17] Loss: 5.9949 Bio: 0.9441
Epoch [53/200] Total Loss: 101.9426
Epoch [54/200] Step [0/17] Loss: 6.3607 Bio: 1.0018
Epoch [54/200] Total Loss: 101.9461
Epoch [55/200] Step [0/17] Loss: 6.0237 Bio: 0.9582
Epoch [55/200] Total Loss: 103.1808
Epoch [56/200] Step [0/17] Loss: 5.9712 Bio: 1.0260
Epoch [56/200] Total Loss: 102.8414
Epoch [57/200] Step [0/17] Loss: 6.0815 Bio: 1.0833
Epoch [57/200] Total Loss: 101.4709
Epoch [58/200] Step [0/17] Loss: 6.0028 Bio: 0.9765
Epoch [58/200] Total Loss: 102.4173
Epoch [59/200] Step [0/17] Loss: 6.1501 Bio: 0.9903
Epoch [59/200] Total Loss: 100.7113
Epoch [60/200] Step [0/17] Loss: 5.8612 Bio: 0.9479
Epoch [60/200] Total Loss: 102.0206
Epoch [61/200] Step [0/17] Loss: 5.9271 Bio: 1.0683
Epoch [61/200] Total Loss: 101.4973
Epoch [62/200] Step [0/17] Loss: 5.9800 Bio: 1.0338
Epoch [62/200] Total Loss: 101.1021
Epoch [63/200] Step [0/17] Loss: 6.1912 Bio: 0.9002
Epoch [63/200] Total Loss: 101.9184
Epoch [64/200] Step [0/17] Loss: 6.0953 Bio: 0.9053
Epoch [64/200] Total Loss: 100.8712
Epoch [65/200] Step [0/17] Loss: 6.2533 Bio: 1.1323
Epoch [65/200] Total Loss: 102.8625
Epoch [66/200] Step [0/17] Loss: 5.9949 Bio: 0.9782
Epoch [66/200] Total Loss: 101.6243
Epoch [67/200] Step [0/17] Loss: 6.0401 Bio: 1.1169
Epoch [67/200] Total Loss: 100.4260
Epoch [68/200] Step [0/17] Loss: 5.9079 Bio: 1.0743
Epoch [68/200] Total Loss: 101.4540
Epoch [69/200] Step [0/17] Loss: 6.0692 Bio: 1.0559
Epoch [69/200] Total Loss: 100.8671
Epoch [70/200] Step [0/17] Loss: 5.9514 Bio: 0.8813
Epoch [70/200] Total Loss: 100.9207
Epoch [71/200] Step [0/17] Loss: 6.0490 Bio: 1.0122
Epoch [71/200] Total Loss: 99.5434
Epoch [72/200] Step [0/17] Loss: 6.1141 Bio: 0.9848
Epoch [72/200] Total Loss: 99.3941
Epoch [73/200] Step [0/17] Loss: 6.1680 Bio: 1.0438
Epoch [73/200] Total Loss: 100.6964
Epoch [74/200] Step [0/17] Loss: 6.0860 Bio: 1.0263
Epoch [74/200] Total Loss: 99.3585
Epoch [75/200] Step [0/17] Loss: 6.1351 Bio: 1.0871
Epoch [75/200] Total Loss: 100.8450
Epoch [76/200] Step [0/17] Loss: 6.1197 Bio: 1.0272
Epoch [76/200] Total Loss: 99.9636
Epoch [77/200] Step [0/17] Loss: 6.1825 Bio: 0.8466
Epoch [77/200] Total Loss: 99.8578
Epoch [78/200] Step [0/17] Loss: 5.9984 Bio: 0.9931
Epoch [78/200] Total Loss: 99.1296
Epoch [79/200] Step [0/17] Loss: 5.9338 Bio: 1.1043
Epoch [79/200] Total Loss: 100.9580
Epoch [80/200] Step [0/17] Loss: 5.7690 Bio: 0.7996
Epoch [80/200] Total Loss: 100.0356
Epoch [81/200] Step [0/17] Loss: 6.1971 Bio: 1.1775
Epoch [81/200] Total Loss: 99.8756
Epoch [82/200] Step [0/17] Loss: 6.0983 Bio: 0.9452
Epoch [82/200] Total Loss: 99.0787
Epoch [83/200] Step [0/17] Loss: 6.0290 Bio: 0.9173
Epoch [83/200] Total Loss: 98.8947
Epoch [84/200] Step [0/17] Loss: 5.9290 Bio: 0.9799
Epoch [84/200] Total Loss: 99.5268
Epoch [85/200] Step [0/17] Loss: 6.1845 Bio: 0.9402
Epoch [85/200] Total Loss: 98.5999
Epoch [86/200] Step [0/17] Loss: 5.9841 Bio: 1.1323
Epoch [86/200] Total Loss: 100.4929
Epoch [87/200] Step [0/17] Loss: 5.8151 Bio: 0.8594
Epoch [87/200] Total Loss: 98.5793
Epoch [88/200] Step [0/17] Loss: 5.9262 Bio: 0.9184
Epoch [88/200] Total Loss: 99.5463
Epoch [89/200] Step [0/17] Loss: 5.9275 Bio: 1.0619
Epoch [89/200] Total Loss: 100.4220
Epoch [90/200] Step [0/17] Loss: 5.9148 Bio: 0.9972
Epoch [90/200] Total Loss: 98.1862
Epoch [91/200] Step [0/17] Loss: 5.8911 Bio: 0.9958
Epoch [91/200] Total Loss: 99.1432
Epoch [92/200] Step [0/17] Loss: 5.8967 Bio: 0.9724
Epoch [92/200] Total Loss: 99.1528
Epoch [93/200] Step [0/17] Loss: 5.8689 Bio: 0.9487
Epoch [93/200] Total Loss: 98.1506
Epoch [94/200] Step [0/17] Loss: 5.8841 Bio: 0.8447
Epoch [94/200] Total Loss: 97.9195
Epoch [95/200] Step [0/17] Loss: 5.7739 Bio: 0.9166
Epoch [95/200] Total Loss: 98.5470
Epoch [96/200] Step [0/17] Loss: 5.8453 Bio: 1.1532
Epoch [96/200] Total Loss: 98.5997
Epoch [97/200] Step [0/17] Loss: 5.9389 Bio: 1.0074
Epoch [97/200] Total Loss: 99.5034
Epoch [98/200] Step [0/17] Loss: 5.8438 Bio: 1.1018
Epoch [98/200] Total Loss: 98.0822
Epoch [99/200] Step [0/17] Loss: 5.8541 Bio: 0.8445
Epoch [99/200] Total Loss: 98.2643
Epoch [100/200] Step [0/17] Loss: 5.7082 Bio: 1.0246
Epoch [100/200] Total Loss: 98.4175
Epoch [101/200] Step [0/17] Loss: 5.8879 Bio: 0.8994
Epoch [101/200] Total Loss: 96.7999
Epoch [102/200] Step [0/17] Loss: 5.6357 Bio: 1.0862
Epoch [102/200] Total Loss: 98.2593
Epoch [103/200] Step [0/17] Loss: 6.2909 Bio: 0.9060
Epoch [103/200] Total Loss: 98.3402
Epoch [104/200] Step [0/17] Loss: 5.8915 Bio: 0.8758
Epoch [104/200] Total Loss: 98.0603
Epoch [105/200] Step [0/17] Loss: 5.7742 Bio: 1.0079
Epoch [105/200] Total Loss: 99.3802
Epoch [106/200] Step [0/17] Loss: 5.8936 Bio: 0.9265
Epoch [106/200] Total Loss: 98.3961
Epoch [107/200] Step [0/17] Loss: 6.0331 Bio: 0.9468
Epoch [107/200] Total Loss: 98.3100
Epoch [108/200] Step [0/17] Loss: 6.0575 Bio: 1.2933
Epoch [108/200] Total Loss: 99.6446
Epoch [109/200] Step [0/17] Loss: 5.8429 Bio: 0.7956
Epoch [109/200] Total Loss: 98.1397
Epoch [110/200] Step [0/17] Loss: 5.9048 Bio: 1.1667
Epoch [110/200] Total Loss: 98.8973
Epoch [111/200] Step [0/17] Loss: 5.9957 Bio: 0.9715
Epoch [111/200] Total Loss: 97.4405
Epoch [112/200] Step [0/17] Loss: 5.7176 Bio: 1.2241
Epoch [112/200] Total Loss: 98.1322
Epoch [113/200] Step [0/17] Loss: 5.9035 Bio: 0.8436
Epoch [113/200] Total Loss: 99.5976
Epoch [114/200] Step [0/17] Loss: 5.9109 Bio: 1.0219
Epoch [114/200] Total Loss: 97.9059
Epoch [115/200] Step [0/17] Loss: 5.7944 Bio: 1.0638
Epoch [115/200] Total Loss: 97.7010
Epoch [116/200] Step [0/17] Loss: 6.1705 Bio: 1.1655
Epoch [116/200] Total Loss: 98.7191
Epoch [117/200] Step [0/17] Loss: 5.7245 Bio: 0.8691
Epoch [117/200] Total Loss: 97.5391
Epoch [118/200] Step [0/17] Loss: 5.9129 Bio: 0.9136
Epoch [118/200] Total Loss: 97.3313
Epoch [119/200] Step [0/17] Loss: 5.8396 Bio: 1.1213
Epoch [119/200] Total Loss: 96.5802
Epoch [120/200] Step [0/17] Loss: 5.8910 Bio: 1.0438
Epoch [120/200] Total Loss: 99.0487
Epoch [121/200] Step [0/17] Loss: 5.7005 Bio: 0.9367
Epoch [121/200] Total Loss: 97.6663
Epoch [122/200] Step [0/17] Loss: 5.9320 Bio: 1.0302
Epoch [122/200] Total Loss: 96.9483
Epoch [123/200] Step [0/17] Loss: 5.8487 Bio: 0.9993
Epoch [123/200] Total Loss: 97.8571
Epoch [124/200] Step [0/17] Loss: 5.8982 Bio: 0.8472
Epoch [124/200] Total Loss: 96.8704
Epoch [125/200] Step [0/17] Loss: 5.8276 Bio: 0.9009
Epoch [125/200] Total Loss: 97.0775
Epoch [126/200] Step [0/17] Loss: 5.9634 Bio: 0.9249
Epoch [126/200] Total Loss: 97.7706
Epoch [127/200] Step [0/17] Loss: 5.5679 Bio: 1.1758
Epoch [127/200] Total Loss: 95.8447
Epoch [128/200] Step [0/17] Loss: 5.6240 Bio: 0.8158
Epoch [128/200] Total Loss: 96.9036
Epoch [129/200] Step [0/17] Loss: 5.8192 Bio: 1.0816
Epoch [129/200] Total Loss: 96.2042
Epoch [130/200] Step [0/17] Loss: 5.9186 Bio: 0.9251
Epoch [130/200] Total Loss: 97.8132
Epoch [131/200] Step [0/17] Loss: 6.0589 Bio: 0.9155
Epoch [131/200] Total Loss: 96.7004
Epoch [132/200] Step [0/17] Loss: 5.7334 Bio: 1.1932
Epoch [132/200] Total Loss: 97.1998
Epoch [133/200] Step [0/17] Loss: 5.7442 Bio: 1.0339
Epoch [133/200] Total Loss: 98.7016
Epoch [134/200] Step [0/17] Loss: 5.6855 Bio: 0.9324
Epoch [134/200] Total Loss: 97.4319
Epoch [135/200] Step [0/17] Loss: 5.7077 Bio: 1.0227
Epoch [135/200] Total Loss: 96.3365
Epoch [136/200] Step [0/17] Loss: 5.8897 Bio: 0.9477
Epoch [136/200] Total Loss: 96.3302
Epoch [137/200] Step [0/17] Loss: 5.9119 Bio: 0.7809
Epoch [137/200] Total Loss: 97.2254
Epoch [138/200] Step [0/17] Loss: 5.6481 Bio: 1.1738
Epoch [138/200] Total Loss: 97.0108
Epoch [139/200] Step [0/17] Loss: 6.0583 Bio: 0.8861
Epoch [139/200] Total Loss: 96.6300
Epoch [140/200] Step [0/17] Loss: 5.8411 Bio: 1.1945
Epoch [140/200] Total Loss: 97.8673
Epoch [141/200] Step [0/17] Loss: 6.0504 Bio: 1.0196
Epoch [141/200] Total Loss: 98.7102
Epoch [142/200] Step [0/17] Loss: 6.0930 Bio: 0.8083
Epoch [142/200] Total Loss: 97.3940
Epoch [143/200] Step [0/17] Loss: 5.8154 Bio: 0.8241
Epoch [143/200] Total Loss: 97.6251
Epoch [144/200] Step [0/17] Loss: 5.8621 Bio: 0.9468
Epoch [144/200] Total Loss: 97.6263
Epoch [145/200] Step [0/17] Loss: 6.0713 Bio: 1.0376
Epoch [145/200] Total Loss: 96.5645
Epoch [146/200] Step [0/17] Loss: 5.5993 Bio: 1.1302
Epoch [146/200] Total Loss: 95.3127
Epoch [147/200] Step [0/17] Loss: 6.1742 Bio: 0.9328
Epoch [147/200] Total Loss: 96.8444
Epoch [148/200] Step [0/17] Loss: 5.5543 Bio: 0.9224
Epoch [148/200] Total Loss: 96.9975
Epoch [149/200] Step [0/17] Loss: 5.8905 Bio: 1.1360
Epoch [149/200] Total Loss: 96.3906
Epoch [150/200] Step [0/17] Loss: 5.8912 Bio: 1.1415
Epoch [150/200] Total Loss: 97.1613
Epoch [151/200] Step [0/17] Loss: 5.5898 Bio: 0.8596
Epoch [151/200] Total Loss: 95.7041
Epoch [152/200] Step [0/17] Loss: 5.9606 Bio: 0.8920
Epoch [152/200] Total Loss: 97.0198
Epoch [153/200] Step [0/17] Loss: 5.6493 Bio: 1.0432
Epoch [153/200] Total Loss: 97.1309
Epoch [154/200] Step [0/17] Loss: 5.7762 Bio: 0.9142
Epoch [154/200] Total Loss: 97.9977
Epoch [155/200] Step [0/17] Loss: 5.9600 Bio: 0.9773
Epoch [155/200] Total Loss: 96.1722
Epoch [156/200] Step [0/17] Loss: 5.8611 Bio: 1.0293
Epoch [156/200] Total Loss: 95.7766
Epoch [157/200] Step [0/17] Loss: 5.6979 Bio: 1.2464
Epoch [157/200] Total Loss: 97.3216
Epoch [158/200] Step [0/17] Loss: 5.6592 Bio: 1.0316
Epoch [158/200] Total Loss: 97.6508
Epoch [159/200] Step [0/17] Loss: 5.6488 Bio: 1.0869
Epoch [159/200] Total Loss: 96.7098
Epoch [160/200] Step [0/17] Loss: 5.7659 Bio: 0.9834
Epoch [160/200] Total Loss: 96.7910
Epoch [161/200] Step [0/17] Loss: 5.6864 Bio: 1.0340
Epoch [161/200] Total Loss: 96.0350
Epoch [162/200] Step [0/17] Loss: 5.7006 Bio: 0.7840
Epoch [162/200] Total Loss: 97.3139
Epoch [163/200] Step [0/17] Loss: 5.6980 Bio: 0.9535
Epoch [163/200] Total Loss: 97.5356
Epoch [164/200] Step [0/17] Loss: 6.0380 Bio: 0.7784
Epoch [164/200] Total Loss: 97.4989
Epoch [165/200] Step [0/17] Loss: 5.6390 Bio: 0.9681
Epoch [165/200] Total Loss: 96.9006
Epoch [166/200] Step [0/17] Loss: 5.8962 Bio: 1.0666
Epoch [166/200] Total Loss: 96.7080
Epoch [167/200] Step [0/17] Loss: 5.6299 Bio: 0.9590
Epoch [167/200] Total Loss: 97.0267
Epoch [168/200] Step [0/17] Loss: 5.8304 Bio: 0.9499
Epoch [168/200] Total Loss: 95.4630
Epoch [169/200] Step [0/17] Loss: 5.5923 Bio: 1.1551
Epoch [169/200] Total Loss: 95.9373
Epoch [170/200] Step [0/17] Loss: 5.6571 Bio: 1.0428
Epoch [170/200] Total Loss: 96.2935
Epoch [171/200] Step [0/17] Loss: 5.9282 Bio: 0.9601
Epoch [171/200] Total Loss: 97.0302
Epoch [172/200] Step [0/17] Loss: 5.9348 Bio: 1.0287
Epoch [172/200] Total Loss: 97.4070
Epoch [173/200] Step [0/17] Loss: 5.7142 Bio: 1.1917
Epoch [173/200] Total Loss: 96.6660
Epoch [174/200] Step [0/17] Loss: 5.5886 Bio: 1.0687
Epoch [174/200] Total Loss: 96.9543
Epoch [175/200] Step [0/17] Loss: 5.7340 Bio: 1.0352
Epoch [175/200] Total Loss: 96.5864
Epoch [176/200] Step [0/17] Loss: 5.8390 Bio: 1.0367
Epoch [176/200] Total Loss: 94.5555
Epoch [177/200] Step [0/17] Loss: 5.9054 Bio: 0.9679
Epoch [177/200] Total Loss: 94.9620
Epoch [178/200] Step [0/17] Loss: 5.8956 Bio: 1.0401
Epoch [178/200] Total Loss: 96.2439
Epoch [179/200] Step [0/17] Loss: 5.8390 Bio: 0.9434
Epoch [179/200] Total Loss: 95.6387
Epoch [180/200] Step [0/17] Loss: 5.7496 Bio: 1.1283
Epoch [180/200] Total Loss: 95.9104
Epoch [181/200] Step [0/17] Loss: 5.7813 Bio: 1.0630
Epoch [181/200] Total Loss: 95.1663
Epoch [182/200] Step [0/17] Loss: 5.6749 Bio: 1.0356
Epoch [182/200] Total Loss: 95.9566
Epoch [183/200] Step [0/17] Loss: 5.9487 Bio: 0.8224
Epoch [183/200] Total Loss: 96.0842
Epoch [184/200] Step [0/17] Loss: 5.7902 Bio: 1.0151
Epoch [184/200] Total Loss: 96.6468
Epoch [185/200] Step [0/17] Loss: 5.7204 Bio: 0.9957
Epoch [185/200] Total Loss: 95.5975
Epoch [186/200] Step [0/17] Loss: 5.6757 Bio: 1.0680
Epoch [186/200] Total Loss: 95.9733
Epoch [187/200] Step [0/17] Loss: 5.6870 Bio: 1.2805
Epoch [187/200] Total Loss: 96.0062
Epoch [188/200] Step [0/17] Loss: 5.7190 Bio: 1.0904
Epoch [188/200] Total Loss: 95.4530
Epoch [189/200] Step [0/17] Loss: 5.7381 Bio: 0.9416
Epoch [189/200] Total Loss: 97.0714
Epoch [190/200] Step [0/17] Loss: 5.7071 Bio: 1.1157
Epoch [190/200] Total Loss: 96.3601
Epoch [191/200] Step [0/17] Loss: 5.9362 Bio: 1.1379
Epoch [191/200] Total Loss: 95.1539
Epoch [192/200] Step [0/17] Loss: 5.7475 Bio: 1.0435
Epoch [192/200] Total Loss: 95.7650
Epoch [193/200] Step [0/17] Loss: 5.6365 Bio: 0.9452
Epoch [193/200] Total Loss: 95.1473
Epoch [194/200] Step [0/17] Loss: 5.9589 Bio: 0.9316
Epoch [194/200] Total Loss: 97.2745
Epoch [195/200] Step [0/17] Loss: 5.5637 Bio: 1.0606
Epoch [195/200] Total Loss: 95.5779
Epoch [196/200] Step [0/17] Loss: 5.7061 Bio: 1.1270
Epoch [196/200] Total Loss: 95.9842
Epoch [197/200] Step [0/17] Loss: 5.6222 Bio: 1.0871
Epoch [197/200] Total Loss: 95.5162
Epoch [198/200] Step [0/17] Loss: 5.7788 Bio: 0.9298
Epoch [198/200] Total Loss: 96.0541
Epoch [199/200] Step [0/17] Loss: 5.8692 Bio: 0.8025
Epoch [199/200] Total Loss: 94.7505
Linear training complete.
--- Linear 3plus_PI3K RESULTS ---
============================================================
CLUSTERING EVALUATION
============================================================
✅ Loaded ground truth from ground_truth_BRCA.csv
   Total patients with labels: 803

📂 Loading model from save/model_combo_linear_3plus_PI3K/checkpoint_200.tar...
✅ Model loaded successfully

📊 Loading data for BRCA...
[dataloader] No bio_anchor_file specified — loading omics only
✅ Data loaded successfully

🔮 Getting predictions...
✅ Predictions obtained: 1031 samples

🔍 Filtering to patients with ground truth...
   Patients with both predictions and ground truth: 803
   Final evaluation size: 803 patients

📈 Computing metrics...

============================================================
RESULTS
============================================================
ARI                 : 0.3592
NMI                 : 0.4717
V-measure           : 0.4717
============================================================

📊 Creating visualizations...
Saved confusion matrix to results/BRCA_confusion_matrix.png
Saved distribution plot to results/BRCA_cluster_distribution.png
Computing t-SNE (this may take a minute)...
Saved t-SNE plot to results/BRCA_tsne.png

💾 Saved results to results/BRCA_evaluation.csv

✅ Evaluation complete!
==============================
Running: 3plus_p53 | dim=4
==============================
MLP Bio-Anchor Head (bio_dim -> 64 -> bio_dim)
Cancer: BRCA | bio_dim: 4 | lambda_bio: 0.1
Bio anchor file: bio_anchors_BRCA_combo_3plus_p53_score.csv
[dataloader] Loaded bio-anchors from bio_anchors_BRCA_combo_3plus_p53_score.csv: torch.Size([1031, 4])
Cluster number: 5
Epoch [0/200] Step [0/17] Loss: 7.1429 Bio: 1.0906
Epoch [0/200] Total Loss: 118.9121
Epoch [1/200] Step [0/17] Loss: 7.1513 Bio: 1.1839
Epoch [1/200] Total Loss: 118.6753
Epoch [2/200] Step [0/17] Loss: 7.1075 Bio: 1.1635
Epoch [2/200] Total Loss: 117.3815
Epoch [3/200] Step [0/17] Loss: 7.0790 Bio: 1.1229
Epoch [3/200] Total Loss: 115.2180
Epoch [4/200] Step [0/17] Loss: 6.7353 Bio: 0.9921
Epoch [4/200] Total Loss: 112.8702
Epoch [5/200] Step [0/17] Loss: 6.6777 Bio: 1.0156
Epoch [5/200] Total Loss: 112.5552
Epoch [6/200] Step [0/17] Loss: 6.7761 Bio: 0.9763
Epoch [6/200] Total Loss: 113.0404
Epoch [7/200] Step [0/17] Loss: 6.5743 Bio: 0.9974
Epoch [7/200] Total Loss: 111.7267
Epoch [8/200] Step [0/17] Loss: 6.5745 Bio: 0.9413
Epoch [8/200] Total Loss: 110.1680
Epoch [9/200] Step [0/17] Loss: 6.5610 Bio: 0.8540
Epoch [9/200] Total Loss: 111.5500
Epoch [10/200] Step [0/17] Loss: 6.6903 Bio: 0.9669
Epoch [10/200] Total Loss: 109.4268
Epoch [11/200] Step [0/17] Loss: 6.8259 Bio: 0.9942
Epoch [11/200] Total Loss: 109.6509
Epoch [12/200] Step [0/17] Loss: 6.5306 Bio: 0.8185
Epoch [12/200] Total Loss: 108.0267
Epoch [13/200] Step [0/17] Loss: 6.5800 Bio: 0.9097
Epoch [13/200] Total Loss: 109.1948
Epoch [14/200] Step [0/17] Loss: 6.3944 Bio: 1.0443
Epoch [14/200] Total Loss: 107.1854
Epoch [15/200] Step [0/17] Loss: 6.5371 Bio: 0.9275
Epoch [15/200] Total Loss: 110.2207
Epoch [16/200] Step [0/17] Loss: 6.6217 Bio: 0.9807
Epoch [16/200] Total Loss: 107.2765
Epoch [17/200] Step [0/17] Loss: 6.3333 Bio: 1.0597
Epoch [17/200] Total Loss: 107.0661
Epoch [18/200] Step [0/17] Loss: 6.4446 Bio: 0.8633
Epoch [18/200] Total Loss: 107.8793
Epoch [19/200] Step [0/17] Loss: 6.4331 Bio: 0.9131
Epoch [19/200] Total Loss: 106.9150
Epoch [20/200] Step [0/17] Loss: 6.2623 Bio: 1.2135
Epoch [20/200] Total Loss: 106.2327
Epoch [21/200] Step [0/17] Loss: 6.1250 Bio: 1.0552
Epoch [21/200] Total Loss: 108.2385
Epoch [22/200] Step [0/17] Loss: 6.5986 Bio: 0.8842
Epoch [22/200] Total Loss: 106.6899
Epoch [23/200] Step [0/17] Loss: 6.3364 Bio: 0.9791
Epoch [23/200] Total Loss: 108.2510
Epoch [24/200] Step [0/17] Loss: 6.2863 Bio: 1.1296
Epoch [24/200] Total Loss: 107.5648
Epoch [25/200] Step [0/17] Loss: 6.4281 Bio: 1.1702
Epoch [25/200] Total Loss: 105.9985
Epoch [26/200] Step [0/17] Loss: 6.1661 Bio: 1.1016
Epoch [26/200] Total Loss: 105.3569
Epoch [27/200] Step [0/17] Loss: 5.9797 Bio: 1.0925
Epoch [27/200] Total Loss: 103.5817
Epoch [28/200] Step [0/17] Loss: 6.3324 Bio: 1.1290
Epoch [28/200] Total Loss: 106.3492
Epoch [29/200] Step [0/17] Loss: 6.3550 Bio: 0.9257
Epoch [29/200] Total Loss: 104.1592
Epoch [30/200] Step [0/17] Loss: 6.4691 Bio: 0.9441
Epoch [30/200] Total Loss: 105.3871
Epoch [31/200] Step [0/17] Loss: 6.1635 Bio: 0.9254
Epoch [31/200] Total Loss: 104.3706
Epoch [32/200] Step [0/17] Loss: 6.3407 Bio: 0.9531
Epoch [32/200] Total Loss: 103.6278
Epoch [33/200] Step [0/17] Loss: 6.1179 Bio: 0.9813
Epoch [33/200] Total Loss: 104.9069
Epoch [34/200] Step [0/17] Loss: 6.0468 Bio: 0.9112
Epoch [34/200] Total Loss: 103.3904
Epoch [35/200] Step [0/17] Loss: 6.1111 Bio: 1.1076
Epoch [35/200] Total Loss: 103.2621
Epoch [36/200] Step [0/17] Loss: 6.0191 Bio: 1.0464
Epoch [36/200] Total Loss: 103.1915
Epoch [37/200] Step [0/17] Loss: 6.0414 Bio: 0.8924
Epoch [37/200] Total Loss: 103.8574
Epoch [38/200] Step [0/17] Loss: 5.9381 Bio: 0.9129
Epoch [38/200] Total Loss: 102.0409
Epoch [39/200] Step [0/17] Loss: 6.3865 Bio: 1.0288
Epoch [39/200] Total Loss: 102.3918
Epoch [40/200] Step [0/17] Loss: 5.7702 Bio: 0.9702
Epoch [40/200] Total Loss: 102.3824
Epoch [41/200] Step [0/17] Loss: 6.3452 Bio: 0.8566
Epoch [41/200] Total Loss: 102.5094
Epoch [42/200] Step [0/17] Loss: 6.1836 Bio: 0.8230
Epoch [42/200] Total Loss: 103.4037
Epoch [43/200] Step [0/17] Loss: 6.1039 Bio: 0.9261
Epoch [43/200] Total Loss: 103.6089
Epoch [44/200] Step [0/17] Loss: 5.9267 Bio: 1.0711
Epoch [44/200] Total Loss: 102.6491
Epoch [45/200] Step [0/17] Loss: 6.3099 Bio: 1.0059
Epoch [45/200] Total Loss: 102.1712
Epoch [46/200] Step [0/17] Loss: 6.1945 Bio: 0.8556
Epoch [46/200] Total Loss: 100.9329
Epoch [47/200] Step [0/17] Loss: 6.0251 Bio: 0.9063
Epoch [47/200] Total Loss: 102.3647
Epoch [48/200] Step [0/17] Loss: 5.9813 Bio: 0.9881
Epoch [48/200] Total Loss: 101.0374
Epoch [49/200] Step [0/17] Loss: 6.0461 Bio: 0.8781
Epoch [49/200] Total Loss: 101.4161
Epoch [50/200] Step [0/17] Loss: 6.1060 Bio: 0.9543
Epoch [50/200] Total Loss: 101.0242
Epoch [51/200] Step [0/17] Loss: 6.1482 Bio: 0.9712
Epoch [51/200] Total Loss: 100.1690
Epoch [52/200] Step [0/17] Loss: 6.2732 Bio: 0.9110
Epoch [52/200] Total Loss: 102.5786
Epoch [53/200] Step [0/17] Loss: 5.8411 Bio: 0.8193
Epoch [53/200] Total Loss: 101.2574
Epoch [54/200] Step [0/17] Loss: 6.4753 Bio: 0.8488
Epoch [54/200] Total Loss: 100.5943
Epoch [55/200] Step [0/17] Loss: 6.2013 Bio: 0.8344
Epoch [55/200] Total Loss: 102.0140
Epoch [56/200] Step [0/17] Loss: 5.7444 Bio: 1.0338
Epoch [56/200] Total Loss: 99.9680
Epoch [57/200] Step [0/17] Loss: 6.1778 Bio: 0.9016
Epoch [57/200] Total Loss: 101.7375
Epoch [58/200] Step [0/17] Loss: 5.9082 Bio: 0.9906
Epoch [58/200] Total Loss: 99.4826
Epoch [59/200] Step [0/17] Loss: 6.1954 Bio: 1.0647
Epoch [59/200] Total Loss: 100.9452
Epoch [60/200] Step [0/17] Loss: 5.8643 Bio: 0.8903
Epoch [60/200] Total Loss: 100.0586
Epoch [61/200] Step [0/17] Loss: 6.0017 Bio: 1.0189
Epoch [61/200] Total Loss: 99.2819
Epoch [62/200] Step [0/17] Loss: 5.9531 Bio: 0.7843
Epoch [62/200] Total Loss: 99.2097
Epoch [63/200] Step [0/17] Loss: 6.1327 Bio: 0.9131
Epoch [63/200] Total Loss: 99.5140
Epoch [64/200] Step [0/17] Loss: 6.2441 Bio: 0.8549
Epoch [64/200] Total Loss: 98.6212
Epoch [65/200] Step [0/17] Loss: 6.1329 Bio: 0.8244
Epoch [65/200] Total Loss: 99.1992
Epoch [66/200] Step [0/17] Loss: 6.0698 Bio: 1.0697
Epoch [66/200] Total Loss: 99.0770
Epoch [67/200] Step [0/17] Loss: 6.1489 Bio: 1.0375
Epoch [67/200] Total Loss: 99.2039
Epoch [68/200] Step [0/17] Loss: 5.7628 Bio: 0.7895
Epoch [68/200] Total Loss: 100.0095
Epoch [69/200] Step [0/17] Loss: 5.9250 Bio: 0.8722
Epoch [69/200] Total Loss: 98.2486
Epoch [70/200] Step [0/17] Loss: 6.0507 Bio: 0.8326
Epoch [70/200] Total Loss: 98.0202
Epoch [71/200] Step [0/17] Loss: 5.9265 Bio: 0.9557
Epoch [71/200] Total Loss: 99.7208
Epoch [72/200] Step [0/17] Loss: 6.0096 Bio: 1.0268
Epoch [72/200] Total Loss: 100.4764
Epoch [73/200] Step [0/17] Loss: 5.8779 Bio: 0.9000
Epoch [73/200] Total Loss: 99.8985
Epoch [74/200] Step [0/17] Loss: 5.8087 Bio: 0.8870
Epoch [74/200] Total Loss: 98.6460
Epoch [75/200] Step [0/17] Loss: 5.9854 Bio: 1.0165
Epoch [75/200] Total Loss: 98.7179
Epoch [76/200] Step [0/17] Loss: 5.9215 Bio: 0.8113
Epoch [76/200] Total Loss: 98.9198
Epoch [77/200] Step [0/17] Loss: 6.1214 Bio: 1.0845
Epoch [77/200] Total Loss: 99.3126
Epoch [78/200] Step [0/17] Loss: 5.8994 Bio: 0.9137
Epoch [78/200] Total Loss: 98.2119
Epoch [79/200] Step [0/17] Loss: 6.2355 Bio: 0.9249
Epoch [79/200] Total Loss: 99.5328
Epoch [80/200] Step [0/17] Loss: 5.6612 Bio: 0.9365
Epoch [80/200] Total Loss: 98.6289
Epoch [81/200] Step [0/17] Loss: 6.1866 Bio: 0.8898
Epoch [81/200] Total Loss: 99.7958
Epoch [82/200] Step [0/17] Loss: 5.8151 Bio: 0.9348
Epoch [82/200] Total Loss: 99.3613
Epoch [83/200] Step [0/17] Loss: 6.2242 Bio: 0.7841
Epoch [83/200] Total Loss: 98.5918
Epoch [84/200] Step [0/17] Loss: 5.6596 Bio: 1.0580
Epoch [84/200] Total Loss: 99.2679
Epoch [85/200] Step [0/17] Loss: 6.2697 Bio: 0.8998
Epoch [85/200] Total Loss: 98.9074
Epoch [86/200] Step [0/17] Loss: 5.7981 Bio: 0.9337
Epoch [86/200] Total Loss: 100.7089
Epoch [87/200] Step [0/17] Loss: 5.7079 Bio: 0.8888
Epoch [87/200] Total Loss: 99.3589
Epoch [88/200] Step [0/17] Loss: 5.7414 Bio: 0.8035
Epoch [88/200] Total Loss: 98.7149
Epoch [89/200] Step [0/17] Loss: 5.9935 Bio: 0.8425
Epoch [89/200] Total Loss: 98.3441
Epoch [90/200] Step [0/17] Loss: 5.7503 Bio: 0.9124
Epoch [90/200] Total Loss: 98.2526
Epoch [91/200] Step [0/17] Loss: 5.8575 Bio: 0.8337
Epoch [91/200] Total Loss: 99.4536
Epoch [92/200] Step [0/17] Loss: 5.7837 Bio: 0.8963
Epoch [92/200] Total Loss: 97.6301
Epoch [93/200] Step [0/17] Loss: 5.9725 Bio: 1.2667
Epoch [93/200] Total Loss: 97.5103
Epoch [94/200] Step [0/17] Loss: 5.6877 Bio: 0.9171
Epoch [94/200] Total Loss: 98.3756
Epoch [95/200] Step [0/17] Loss: 5.9271 Bio: 0.9482
Epoch [95/200] Total Loss: 99.3467
Epoch [96/200] Step [0/17] Loss: 5.9956 Bio: 0.9719
Epoch [96/200] Total Loss: 99.2955
Epoch [97/200] Step [0/17] Loss: 5.7702 Bio: 0.9854
Epoch [97/200] Total Loss: 96.4899
Epoch [98/200] Step [0/17] Loss: 6.1744 Bio: 0.9817
Epoch [98/200] Total Loss: 96.3653
Epoch [99/200] Step [0/17] Loss: 5.8257 Bio: 0.8527
Epoch [99/200] Total Loss: 97.0967
Epoch [100/200] Step [0/17] Loss: 5.8774 Bio: 0.8849
Epoch [100/200] Total Loss: 96.8027
Epoch [101/200] Step [0/17] Loss: 5.9855 Bio: 0.9717
Epoch [101/200] Total Loss: 96.3886
Epoch [102/200] Step [0/17] Loss: 5.8154 Bio: 0.9715
Epoch [102/200] Total Loss: 98.7854
Epoch [103/200] Step [0/17] Loss: 5.9465 Bio: 0.8812
Epoch [103/200] Total Loss: 98.9160
Epoch [104/200] Step [0/17] Loss: 5.6839 Bio: 0.9389
Epoch [104/200] Total Loss: 95.7855
Epoch [105/200] Step [0/17] Loss: 6.0388 Bio: 0.8408
Epoch [105/200] Total Loss: 97.9090
Epoch [106/200] Step [0/17] Loss: 6.1097 Bio: 0.9020
Epoch [106/200] Total Loss: 97.5385
Epoch [107/200] Step [0/17] Loss: 5.7816 Bio: 0.8170
Epoch [107/200] Total Loss: 97.7810
Epoch [108/200] Step [0/17] Loss: 5.6743 Bio: 0.9030
Epoch [108/200] Total Loss: 97.5517
Epoch [109/200] Step [0/17] Loss: 6.1875 Bio: 1.0225
Epoch [109/200] Total Loss: 96.7557
Epoch [110/200] Step [0/17] Loss: 5.8877 Bio: 0.9458
Epoch [110/200] Total Loss: 97.0893
Epoch [111/200] Step [0/17] Loss: 5.8767 Bio: 0.8077
Epoch [111/200] Total Loss: 96.8846
Epoch [112/200] Step [0/17] Loss: 5.9537 Bio: 0.9438
Epoch [112/200] Total Loss: 97.2660
Epoch [113/200] Step [0/17] Loss: 6.0671 Bio: 0.8526
Epoch [113/200] Total Loss: 97.2958
Epoch [114/200] Step [0/17] Loss: 5.8294 Bio: 0.9654
Epoch [114/200] Total Loss: 97.9494
Epoch [115/200] Step [0/17] Loss: 5.7916 Bio: 0.8300
Epoch [115/200] Total Loss: 97.4479
Epoch [116/200] Step [0/17] Loss: 5.8235 Bio: 0.9557
Epoch [116/200] Total Loss: 97.3298
Epoch [117/200] Step [0/17] Loss: 5.6683 Bio: 0.9355
Epoch [117/200] Total Loss: 97.3697
Epoch [118/200] Step [0/17] Loss: 5.7468 Bio: 0.9137
Epoch [118/200] Total Loss: 96.9961
Epoch [119/200] Step [0/17] Loss: 5.8012 Bio: 1.0410
Epoch [119/200] Total Loss: 97.1660
Epoch [120/200] Step [0/17] Loss: 6.0990 Bio: 0.9499
Epoch [120/200] Total Loss: 98.2548
Epoch [121/200] Step [0/17] Loss: 5.7647 Bio: 0.9295
Epoch [121/200] Total Loss: 97.1221
Epoch [122/200] Step [0/17] Loss: 5.6357 Bio: 0.9732
Epoch [122/200] Total Loss: 96.6251
Epoch [123/200] Step [0/17] Loss: 5.9820 Bio: 0.9968
Epoch [123/200] Total Loss: 96.3308
Epoch [124/200] Step [0/17] Loss: 6.0519 Bio: 0.8103
Epoch [124/200] Total Loss: 97.1836
Epoch [125/200] Step [0/17] Loss: 5.9267 Bio: 0.8807
Epoch [125/200] Total Loss: 97.5352
Epoch [126/200] Step [0/17] Loss: 5.8273 Bio: 0.8577
Epoch [126/200] Total Loss: 96.9050
Epoch [127/200] Step [0/17] Loss: 5.8177 Bio: 0.7953
Epoch [127/200] Total Loss: 98.6925
Epoch [128/200] Step [0/17] Loss: 5.8001 Bio: 1.3110
Epoch [128/200] Total Loss: 98.3194
Epoch [129/200] Step [0/17] Loss: 5.8797 Bio: 0.8741
Epoch [129/200] Total Loss: 97.2830
Epoch [130/200] Step [0/17] Loss: 5.7680 Bio: 0.9511
Epoch [130/200] Total Loss: 96.9957
Epoch [131/200] Step [0/17] Loss: 5.8480 Bio: 0.8616
Epoch [131/200] Total Loss: 97.6925
Epoch [132/200] Step [0/17] Loss: 5.7414 Bio: 0.8796
Epoch [132/200] Total Loss: 97.4114
Epoch [133/200] Step [0/17] Loss: 6.0771 Bio: 0.8726
Epoch [133/200] Total Loss: 98.0505
Epoch [134/200] Step [0/17] Loss: 5.7008 Bio: 1.0524
Epoch [134/200] Total Loss: 97.9135
Epoch [135/200] Step [0/17] Loss: 5.9650 Bio: 0.9336
Epoch [135/200] Total Loss: 97.9793
Epoch [136/200] Step [0/17] Loss: 5.7062 Bio: 0.7316
Epoch [136/200] Total Loss: 96.1890
Epoch [137/200] Step [0/17] Loss: 5.9770 Bio: 0.9137
Epoch [137/200] Total Loss: 97.2783
Epoch [138/200] Step [0/17] Loss: 5.9875 Bio: 0.7926
Epoch [138/200] Total Loss: 96.7814
Epoch [139/200] Step [0/17] Loss: 5.7644 Bio: 1.0499
Epoch [139/200] Total Loss: 96.9203
Epoch [140/200] Step [0/17] Loss: 6.0931 Bio: 0.8549
Epoch [140/200] Total Loss: 97.1698
Epoch [141/200] Step [0/17] Loss: 5.8088 Bio: 1.0151
Epoch [141/200] Total Loss: 96.1827
Epoch [142/200] Step [0/17] Loss: 5.5990 Bio: 0.9265
Epoch [142/200] Total Loss: 94.9592
Epoch [143/200] Step [0/17] Loss: 5.8993 Bio: 0.8428
Epoch [143/200] Total Loss: 97.0609
Epoch [144/200] Step [0/17] Loss: 5.9994 Bio: 0.8388
Epoch [144/200] Total Loss: 96.1053
Epoch [145/200] Step [0/17] Loss: 5.6201 Bio: 0.8210
Epoch [145/200] Total Loss: 96.1137
Epoch [146/200] Step [0/17] Loss: 5.7360 Bio: 1.0832
Epoch [146/200] Total Loss: 96.5494
Epoch [147/200] Step [0/17] Loss: 5.6732 Bio: 0.8966
Epoch [147/200] Total Loss: 95.9349
Epoch [148/200] Step [0/17] Loss: 5.8029 Bio: 0.7823
Epoch [148/200] Total Loss: 96.1151
Epoch [149/200] Step [0/17] Loss: 5.7544 Bio: 0.9170
Epoch [149/200] Total Loss: 96.0196
Epoch [150/200] Step [0/17] Loss: 5.7411 Bio: 0.7596
Epoch [150/200] Total Loss: 96.3840
Epoch [151/200] Step [0/17] Loss: 5.7851 Bio: 0.9437
Epoch [151/200] Total Loss: 97.1184
Epoch [152/200] Step [0/17] Loss: 5.9694 Bio: 0.9119
Epoch [152/200] Total Loss: 95.3584
Epoch [153/200] Step [0/17] Loss: 5.8529 Bio: 0.9509
Epoch [153/200] Total Loss: 97.0673
Epoch [154/200] Step [0/17] Loss: 5.6993 Bio: 0.7823
Epoch [154/200] Total Loss: 95.7422
Epoch [155/200] Step [0/17] Loss: 5.9077 Bio: 0.9316
Epoch [155/200] Total Loss: 96.0419
Epoch [156/200] Step [0/17] Loss: 5.8721 Bio: 1.0139
Epoch [156/200] Total Loss: 95.3846
Epoch [157/200] Step [0/17] Loss: 5.7929 Bio: 0.9319
Epoch [157/200] Total Loss: 95.7555
Epoch [158/200] Step [0/17] Loss: 5.7940 Bio: 0.9462
Epoch [158/200] Total Loss: 96.4285
Epoch [159/200] Step [0/17] Loss: 5.7450 Bio: 0.9170
Epoch [159/200] Total Loss: 95.9743
Epoch [160/200] Step [0/17] Loss: 5.9738 Bio: 0.7990
Epoch [160/200] Total Loss: 96.2442
Epoch [161/200] Step [0/17] Loss: 5.5750 Bio: 0.9296
Epoch [161/200] Total Loss: 97.2595
Epoch [162/200] Step [0/17] Loss: 5.7803 Bio: 0.8419
Epoch [162/200] Total Loss: 97.3061
Epoch [163/200] Step [0/17] Loss: 5.9327 Bio: 0.8933
Epoch [163/200] Total Loss: 95.9592
Epoch [164/200] Step [0/17] Loss: 5.8688 Bio: 0.9192
Epoch [164/200] Total Loss: 97.7426
Epoch [165/200] Step [0/17] Loss: 5.4485 Bio: 0.9257
Epoch [165/200] Total Loss: 95.4374
Epoch [166/200] Step [0/17] Loss: 5.9017 Bio: 1.2284
Epoch [166/200] Total Loss: 95.4803
Epoch [167/200] Step [0/17] Loss: 5.7340 Bio: 0.9594
Epoch [167/200] Total Loss: 97.1949
Epoch [168/200] Step [0/17] Loss: 5.7130 Bio: 0.9936
Epoch [168/200] Total Loss: 97.0640
Epoch [169/200] Step [0/17] Loss: 5.7997 Bio: 0.8267
Epoch [169/200] Total Loss: 95.1576
Epoch [170/200] Step [0/17] Loss: 5.9414 Bio: 0.9402
Epoch [170/200] Total Loss: 96.9056
Epoch [171/200] Step [0/17] Loss: 5.8140 Bio: 0.9028
Epoch [171/200] Total Loss: 96.6300
Epoch [172/200] Step [0/17] Loss: 5.6760 Bio: 0.8113
Epoch [172/200] Total Loss: 96.0727
Epoch [173/200] Step [0/17] Loss: 5.8231 Bio: 0.8749
Epoch [173/200] Total Loss: 95.5037
Epoch [174/200] Step [0/17] Loss: 5.6336 Bio: 1.1169
Epoch [174/200] Total Loss: 96.0011
Epoch [175/200] Step [0/17] Loss: 5.7181 Bio: 0.7801
Epoch [175/200] Total Loss: 96.0705
Epoch [176/200] Step [0/17] Loss: 5.7704 Bio: 0.9965
Epoch [176/200] Total Loss: 96.2687
Epoch [177/200] Step [0/17] Loss: 5.6191 Bio: 0.6868
Epoch [177/200] Total Loss: 95.0620
Epoch [178/200] Step [0/17] Loss: 5.7661 Bio: 1.0297
Epoch [178/200] Total Loss: 95.9931
Epoch [179/200] Step [0/17] Loss: 5.7342 Bio: 0.8099
Epoch [179/200] Total Loss: 96.7656
Epoch [180/200] Step [0/17] Loss: 5.9168 Bio: 0.9731
Epoch [180/200] Total Loss: 96.3411
Epoch [181/200] Step [0/17] Loss: 5.8011 Bio: 0.8397
Epoch [181/200] Total Loss: 95.9818
Epoch [182/200] Step [0/17] Loss: 5.8734 Bio: 1.0890
Epoch [182/200] Total Loss: 95.0188
Epoch [183/200] Step [0/17] Loss: 5.5219 Bio: 0.7873
Epoch [183/200] Total Loss: 96.0676
Epoch [184/200] Step [0/17] Loss: 5.6405 Bio: 0.9246
Epoch [184/200] Total Loss: 95.2316
Epoch [185/200] Step [0/17] Loss: 5.7296 Bio: 0.9666
Epoch [185/200] Total Loss: 97.2464
Epoch [186/200] Step [0/17] Loss: 5.8214 Bio: 0.8093
Epoch [186/200] Total Loss: 96.2446
Epoch [187/200] Step [0/17] Loss: 5.6615 Bio: 0.7819
Epoch [187/200] Total Loss: 97.6325
Epoch [188/200] Step [0/17] Loss: 5.6872 Bio: 1.0017
Epoch [188/200] Total Loss: 94.7726
Epoch [189/200] Step [0/17] Loss: 5.9564 Bio: 0.7987
Epoch [189/200] Total Loss: 95.6879
Epoch [190/200] Step [0/17] Loss: 6.0464 Bio: 0.7807
Epoch [190/200] Total Loss: 95.1093
Epoch [191/200] Step [0/17] Loss: 5.6573 Bio: 0.8726
Epoch [191/200] Total Loss: 96.0753
Epoch [192/200] Step [0/17] Loss: 5.7926 Bio: 0.9816
Epoch [192/200] Total Loss: 95.0510
Epoch [193/200] Step [0/17] Loss: 5.7862 Bio: 0.8877
Epoch [193/200] Total Loss: 95.9932
Epoch [194/200] Step [0/17] Loss: 5.6343 Bio: 1.0589
Epoch [194/200] Total Loss: 95.2692
Epoch [195/200] Step [0/17] Loss: 5.8081 Bio: 0.8555
Epoch [195/200] Total Loss: 94.9903
Epoch [196/200] Step [0/17] Loss: 5.6322 Bio: 0.8742
Epoch [196/200] Total Loss: 95.1700
Epoch [197/200] Step [0/17] Loss: 5.6598 Bio: 0.8344
Epoch [197/200] Total Loss: 95.7132
Epoch [198/200] Step [0/17] Loss: 5.6720 Bio: 1.0341
Epoch [198/200] Total Loss: 96.5563
Epoch [199/200] Step [0/17] Loss: 5.6451 Bio: 0.8144
Epoch [199/200] Total Loss: 95.4754
MLP training complete.
--- MLP 3plus_p53 RESULTS ---
============================================================
CLUSTERING EVALUATION
============================================================
✅ Loaded ground truth from ground_truth_BRCA.csv
   Total patients with labels: 803

📂 Loading model from save/model_combo_mlp_3plus_p53/checkpoint_200.tar...
✅ Model loaded successfully

📊 Loading data for BRCA...
[dataloader] No bio_anchor_file specified — loading omics only
✅ Data loaded successfully

🔮 Getting predictions...
✅ Predictions obtained: 1031 samples

🔍 Filtering to patients with ground truth...
   Patients with both predictions and ground truth: 803
   Final evaluation size: 803 patients

📈 Computing metrics...

============================================================
RESULTS
============================================================
ARI                 : 0.3384
NMI                 : 0.4646
V-measure           : 0.4646
============================================================

📊 Creating visualizations...
Saved confusion matrix to results/BRCA_confusion_matrix.png
Saved distribution plot to results/BRCA_cluster_distribution.png
Computing t-SNE (this may take a minute)...
Saved t-SNE plot to results/BRCA_tsne.png

💾 Saved results to results/BRCA_evaluation.csv

✅ Evaluation complete!
Linear Bio-Anchor Head
Cancer: BRCA | bio_dim: 4 | lambda_bio: 0.1
Bio anchor file: bio_anchors_BRCA_combo_3plus_p53_score.csv
[dataloader] Loaded bio-anchors from bio_anchors_BRCA_combo_3plus_p53_score.csv: torch.Size([1031, 4])
Cluster number: 5
Epoch [0/200] Step [0/17] Loss: 7.1465 Bio: 1.1254
Epoch [0/200] Total Loss: 118.9726
Epoch [1/200] Step [0/17] Loss: 7.1300 Bio: 0.9622
Epoch [1/200] Total Loss: 118.8731
Epoch [2/200] Step [0/17] Loss: 7.1250 Bio: 0.9530
Epoch [2/200] Total Loss: 118.0463
Epoch [3/200] Step [0/17] Loss: 7.0516 Bio: 1.0457
Epoch [3/200] Total Loss: 116.3645
Epoch [4/200] Step [0/17] Loss: 6.9847 Bio: 0.9465
Epoch [4/200] Total Loss: 113.1396
Epoch [5/200] Step [0/17] Loss: 7.0210 Bio: 0.9079
Epoch [5/200] Total Loss: 112.4512
Epoch [6/200] Step [0/17] Loss: 6.6752 Bio: 1.1724
Epoch [6/200] Total Loss: 111.6674
Epoch [7/200] Step [0/17] Loss: 6.6393 Bio: 0.9028
Epoch [7/200] Total Loss: 110.4603
Epoch [8/200] Step [0/17] Loss: 6.8563 Bio: 1.0268
Epoch [8/200] Total Loss: 112.1480
Epoch [9/200] Step [0/17] Loss: 6.5872 Bio: 1.0235
Epoch [9/200] Total Loss: 109.8857
Epoch [10/200] Step [0/17] Loss: 6.6017 Bio: 1.0794
Epoch [10/200] Total Loss: 109.2761
Epoch [11/200] Step [0/17] Loss: 6.8157 Bio: 1.0514
Epoch [11/200] Total Loss: 108.6067
Epoch [12/200] Step [0/17] Loss: 6.7279 Bio: 0.8074
Epoch [12/200] Total Loss: 107.9064
Epoch [13/200] Step [0/17] Loss: 6.5543 Bio: 1.0133
Epoch [13/200] Total Loss: 109.1564
Epoch [14/200] Step [0/17] Loss: 6.4815 Bio: 1.0249
Epoch [14/200] Total Loss: 108.5415
Epoch [15/200] Step [0/17] Loss: 6.6808 Bio: 0.9511
Epoch [15/200] Total Loss: 108.3137
Epoch [16/200] Step [0/17] Loss: 6.4873 Bio: 0.9005
Epoch [16/200] Total Loss: 107.1137
Epoch [17/200] Step [0/17] Loss: 6.4625 Bio: 0.9668
Epoch [17/200] Total Loss: 108.0899
Epoch [18/200] Step [0/17] Loss: 6.4996 Bio: 0.8392
Epoch [18/200] Total Loss: 106.1389
Epoch [19/200] Step [0/17] Loss: 6.3482 Bio: 0.9594
Epoch [19/200] Total Loss: 106.7969
Epoch [20/200] Step [0/17] Loss: 6.6462 Bio: 0.9335
Epoch [20/200] Total Loss: 105.8634
Epoch [21/200] Step [0/17] Loss: 6.6383 Bio: 1.1840
Epoch [21/200] Total Loss: 105.7154
Epoch [22/200] Step [0/17] Loss: 6.2869 Bio: 1.0312
Epoch [22/200] Total Loss: 106.2377
Epoch [23/200] Step [0/17] Loss: 6.3899 Bio: 1.0007
Epoch [23/200] Total Loss: 107.1897
Epoch [24/200] Step [0/17] Loss: 6.2697 Bio: 1.0468
Epoch [24/200] Total Loss: 106.4162
Epoch [25/200] Step [0/17] Loss: 6.3347 Bio: 0.9524
Epoch [25/200] Total Loss: 105.2698
Epoch [26/200] Step [0/17] Loss: 6.3992 Bio: 1.1343
Epoch [26/200] Total Loss: 105.2901
Epoch [27/200] Step [0/17] Loss: 6.4432 Bio: 0.9872
Epoch [27/200] Total Loss: 104.0875
Epoch [28/200] Step [0/17] Loss: 6.3696 Bio: 0.9292
Epoch [28/200] Total Loss: 105.1260
Epoch [29/200] Step [0/17] Loss: 6.3474 Bio: 1.0072
Epoch [29/200] Total Loss: 106.7047
Epoch [30/200] Step [0/17] Loss: 6.2921 Bio: 0.9833
Epoch [30/200] Total Loss: 105.0884
Epoch [31/200] Step [0/17] Loss: 6.4513 Bio: 1.1299
Epoch [31/200] Total Loss: 105.6882
Epoch [32/200] Step [0/17] Loss: 6.2556 Bio: 1.0198
Epoch [32/200] Total Loss: 105.4781
Epoch [33/200] Step [0/17] Loss: 6.3348 Bio: 0.8971
Epoch [33/200] Total Loss: 104.4438
Epoch [34/200] Step [0/17] Loss: 6.3159 Bio: 1.0297
Epoch [34/200] Total Loss: 103.8680
Epoch [35/200] Step [0/17] Loss: 6.3293 Bio: 0.9444
Epoch [35/200] Total Loss: 104.4879
Epoch [36/200] Step [0/17] Loss: 6.2496 Bio: 0.8211
Epoch [36/200] Total Loss: 103.5707
Epoch [37/200] Step [0/17] Loss: 6.1584 Bio: 0.9457
Epoch [37/200] Total Loss: 103.9041
Epoch [38/200] Step [0/17] Loss: 6.2120 Bio: 0.9703
Epoch [38/200] Total Loss: 103.6210
Epoch [39/200] Step [0/17] Loss: 6.0694 Bio: 0.9418
Epoch [39/200] Total Loss: 103.2880
Epoch [40/200] Step [0/17] Loss: 6.6367 Bio: 1.0937
Epoch [40/200] Total Loss: 103.1755
Epoch [41/200] Step [0/17] Loss: 6.1283 Bio: 0.9429
Epoch [41/200] Total Loss: 102.3889
Epoch [42/200] Step [0/17] Loss: 6.0764 Bio: 0.9393
Epoch [42/200] Total Loss: 103.9894
Epoch [43/200] Step [0/17] Loss: 6.1815 Bio: 1.0172
Epoch [43/200] Total Loss: 103.8837
Epoch [44/200] Step [0/17] Loss: 5.9812 Bio: 0.9582
Epoch [44/200] Total Loss: 103.8881
Epoch [45/200] Step [0/17] Loss: 6.1986 Bio: 0.9306
Epoch [45/200] Total Loss: 103.5088
Epoch [46/200] Step [0/17] Loss: 6.2233 Bio: 1.3147
Epoch [46/200] Total Loss: 104.2869
Epoch [47/200] Step [0/17] Loss: 6.3515 Bio: 1.0984
Epoch [47/200] Total Loss: 101.9534
Epoch [48/200] Step [0/17] Loss: 6.2366 Bio: 0.8663
Epoch [48/200] Total Loss: 102.5890
Epoch [49/200] Step [0/17] Loss: 6.1136 Bio: 1.0496
Epoch [49/200] Total Loss: 103.2111
Epoch [50/200] Step [0/17] Loss: 6.2935 Bio: 1.1174
Epoch [50/200] Total Loss: 103.7509
Epoch [51/200] Step [0/17] Loss: 6.1853 Bio: 0.8525
Epoch [51/200] Total Loss: 101.2345
Epoch [52/200] Step [0/17] Loss: 5.8813 Bio: 0.8720
Epoch [52/200] Total Loss: 100.6927
Epoch [53/200] Step [0/17] Loss: 5.9137 Bio: 0.9793
Epoch [53/200] Total Loss: 101.8556
Epoch [54/200] Step [0/17] Loss: 6.3126 Bio: 0.9530
Epoch [54/200] Total Loss: 101.3193
Epoch [55/200] Step [0/17] Loss: 6.0973 Bio: 0.9448
Epoch [55/200] Total Loss: 102.3983
Epoch [56/200] Step [0/17] Loss: 5.9332 Bio: 0.9742
Epoch [56/200] Total Loss: 102.1588
Epoch [57/200] Step [0/17] Loss: 6.0397 Bio: 1.0092
Epoch [57/200] Total Loss: 100.4358
Epoch [58/200] Step [0/17] Loss: 6.1426 Bio: 1.0060
Epoch [58/200] Total Loss: 102.1720
Epoch [59/200] Step [0/17] Loss: 6.1690 Bio: 0.9587
Epoch [59/200] Total Loss: 101.2361
Epoch [60/200] Step [0/17] Loss: 5.9350 Bio: 1.0816
Epoch [60/200] Total Loss: 100.9445
Epoch [61/200] Step [0/17] Loss: 5.8303 Bio: 1.0672
Epoch [61/200] Total Loss: 100.9203
Epoch [62/200] Step [0/17] Loss: 6.0557 Bio: 0.8230
Epoch [62/200] Total Loss: 100.3142
Epoch [63/200] Step [0/17] Loss: 6.2017 Bio: 0.8866
Epoch [63/200] Total Loss: 101.4311
Epoch [64/200] Step [0/17] Loss: 6.0851 Bio: 0.7931
Epoch [64/200] Total Loss: 100.1108
Epoch [65/200] Step [0/17] Loss: 6.1497 Bio: 1.0272
Epoch [65/200] Total Loss: 101.3672
Epoch [66/200] Step [0/17] Loss: 5.8845 Bio: 0.9001
Epoch [66/200] Total Loss: 101.2009
Epoch [67/200] Step [0/17] Loss: 5.9604 Bio: 0.9252
Epoch [67/200] Total Loss: 100.0114
Epoch [68/200] Step [0/17] Loss: 5.9491 Bio: 1.1444
Epoch [68/200] Total Loss: 100.7355
Epoch [69/200] Step [0/17] Loss: 6.0118 Bio: 1.1166
Epoch [69/200] Total Loss: 100.5083
Epoch [70/200] Step [0/17] Loss: 5.9659 Bio: 0.9152
Epoch [70/200] Total Loss: 100.0868
Epoch [71/200] Step [0/17] Loss: 6.0823 Bio: 1.0198
Epoch [71/200] Total Loss: 98.7398
Epoch [72/200] Step [0/17] Loss: 6.0335 Bio: 0.9271
Epoch [72/200] Total Loss: 99.0367
Epoch [73/200] Step [0/17] Loss: 5.9531 Bio: 0.9563
Epoch [73/200] Total Loss: 99.9817
Epoch [74/200] Step [0/17] Loss: 5.9305 Bio: 0.9141
Epoch [74/200] Total Loss: 99.5452
Epoch [75/200] Step [0/17] Loss: 5.9375 Bio: 1.0458
Epoch [75/200] Total Loss: 100.2637
Epoch [76/200] Step [0/17] Loss: 6.2215 Bio: 0.9439
Epoch [76/200] Total Loss: 99.7862
Epoch [77/200] Step [0/17] Loss: 6.1113 Bio: 0.8152
Epoch [77/200] Total Loss: 98.4643
Epoch [78/200] Step [0/17] Loss: 6.0111 Bio: 0.9925
Epoch [78/200] Total Loss: 98.8751
Epoch [79/200] Step [0/17] Loss: 5.8418 Bio: 0.9922
Epoch [79/200] Total Loss: 100.0569
Epoch [80/200] Step [0/17] Loss: 5.9883 Bio: 0.8026
Epoch [80/200] Total Loss: 99.9869
Epoch [81/200] Step [0/17] Loss: 6.1646 Bio: 1.1699
Epoch [81/200] Total Loss: 99.4170
Epoch [82/200] Step [0/17] Loss: 6.0510 Bio: 0.8863
Epoch [82/200] Total Loss: 98.5149
Epoch [83/200] Step [0/17] Loss: 6.1645 Bio: 0.7926
Epoch [83/200] Total Loss: 98.7910
Epoch [84/200] Step [0/17] Loss: 5.8385 Bio: 0.8807
Epoch [84/200] Total Loss: 99.0179
Epoch [85/200] Step [0/17] Loss: 6.1881 Bio: 0.8658
Epoch [85/200] Total Loss: 98.0990
Epoch [86/200] Step [0/17] Loss: 6.0182 Bio: 1.0305
Epoch [86/200] Total Loss: 100.2575
Epoch [87/200] Step [0/17] Loss: 5.8511 Bio: 0.8874
Epoch [87/200] Total Loss: 98.4421
Epoch [88/200] Step [0/17] Loss: 5.9512 Bio: 0.8746
Epoch [88/200] Total Loss: 99.6958
Epoch [89/200] Step [0/17] Loss: 5.8947 Bio: 0.8953
Epoch [89/200] Total Loss: 100.5779
Epoch [90/200] Step [0/17] Loss: 5.8346 Bio: 0.8751
Epoch [90/200] Total Loss: 97.8357
Epoch [91/200] Step [0/17] Loss: 6.0458 Bio: 0.9470
Epoch [91/200] Total Loss: 99.1575
Epoch [92/200] Step [0/17] Loss: 5.9007 Bio: 0.8138
Epoch [92/200] Total Loss: 99.0790
Epoch [93/200] Step [0/17] Loss: 5.8293 Bio: 0.9012
Epoch [93/200] Total Loss: 97.7439
Epoch [94/200] Step [0/17] Loss: 5.7567 Bio: 0.8101
Epoch [94/200] Total Loss: 97.4578
Epoch [95/200] Step [0/17] Loss: 5.8524 Bio: 0.7674
Epoch [95/200] Total Loss: 98.5319
Epoch [96/200] Step [0/17] Loss: 5.9403 Bio: 1.0767
Epoch [96/200] Total Loss: 98.6380
Epoch [97/200] Step [0/17] Loss: 5.9379 Bio: 0.7080
Epoch [97/200] Total Loss: 98.5230
Epoch [98/200] Step [0/17] Loss: 5.7609 Bio: 1.0897
Epoch [98/200] Total Loss: 97.5853
Epoch [99/200] Step [0/17] Loss: 5.9404 Bio: 0.9739
Epoch [99/200] Total Loss: 97.8353
Epoch [100/200] Step [0/17] Loss: 5.7479 Bio: 1.1514
Epoch [100/200] Total Loss: 97.9377
Epoch [101/200] Step [0/17] Loss: 6.0610 Bio: 0.9921
Epoch [101/200] Total Loss: 96.7297
Epoch [102/200] Step [0/17] Loss: 5.7300 Bio: 1.0610
Epoch [102/200] Total Loss: 98.1778
Epoch [103/200] Step [0/17] Loss: 6.2430 Bio: 0.9088
Epoch [103/200] Total Loss: 98.1802
Epoch [104/200] Step [0/17] Loss: 5.9269 Bio: 0.9424
Epoch [104/200] Total Loss: 98.2504
Epoch [105/200] Step [0/17] Loss: 5.7259 Bio: 1.0006
Epoch [105/200] Total Loss: 98.5646
Epoch [106/200] Step [0/17] Loss: 5.9745 Bio: 0.9414
Epoch [106/200] Total Loss: 98.2497
Epoch [107/200] Step [0/17] Loss: 5.9503 Bio: 0.8544
Epoch [107/200] Total Loss: 98.1486
Epoch [108/200] Step [0/17] Loss: 6.1370 Bio: 1.1574
Epoch [108/200] Total Loss: 99.2016
Epoch [109/200] Step [0/17] Loss: 5.8214 Bio: 0.7625
Epoch [109/200] Total Loss: 98.2319
Epoch [110/200] Step [0/17] Loss: 5.7893 Bio: 1.0822
Epoch [110/200] Total Loss: 98.1987
Epoch [111/200] Step [0/17] Loss: 5.9978 Bio: 0.9762
Epoch [111/200] Total Loss: 97.1604
Epoch [112/200] Step [0/17] Loss: 5.6536 Bio: 0.9940
Epoch [112/200] Total Loss: 98.4475
Epoch [113/200] Step [0/17] Loss: 5.9253 Bio: 0.8726
Epoch [113/200] Total Loss: 99.1876
Epoch [114/200] Step [0/17] Loss: 5.8523 Bio: 0.9265
Epoch [114/200] Total Loss: 98.0274
Epoch [115/200] Step [0/17] Loss: 5.9533 Bio: 0.8854
Epoch [115/200] Total Loss: 97.8325
Epoch [116/200] Step [0/17] Loss: 6.0488 Bio: 1.0808
Epoch [116/200] Total Loss: 98.0750
Epoch [117/200] Step [0/17] Loss: 5.7058 Bio: 0.8901
Epoch [117/200] Total Loss: 96.3318
Epoch [118/200] Step [0/17] Loss: 5.9621 Bio: 0.9975
Epoch [118/200] Total Loss: 96.7083
Epoch [119/200] Step [0/17] Loss: 5.9158 Bio: 0.8217
Epoch [119/200] Total Loss: 96.2664
Epoch [120/200] Step [0/17] Loss: 5.8495 Bio: 1.0280
Epoch [120/200] Total Loss: 99.4129
Epoch [121/200] Step [0/17] Loss: 5.7343 Bio: 0.9259
Epoch [121/200] Total Loss: 97.1915
Epoch [122/200] Step [0/17] Loss: 5.9185 Bio: 0.8737
Epoch [122/200] Total Loss: 96.2893
Epoch [123/200] Step [0/17] Loss: 5.8441 Bio: 1.0371
Epoch [123/200] Total Loss: 97.6272
Epoch [124/200] Step [0/17] Loss: 5.8019 Bio: 0.8856
Epoch [124/200] Total Loss: 96.5286
Epoch [125/200] Step [0/17] Loss: 5.7729 Bio: 0.7674
Epoch [125/200] Total Loss: 96.8590
Epoch [126/200] Step [0/17] Loss: 5.9776 Bio: 0.8961
Epoch [126/200] Total Loss: 97.4536
Epoch [127/200] Step [0/17] Loss: 5.6284 Bio: 1.1641
Epoch [127/200] Total Loss: 95.8306
Epoch [128/200] Step [0/17] Loss: 5.6402 Bio: 0.8955
Epoch [128/200] Total Loss: 96.5167
Epoch [129/200] Step [0/17] Loss: 5.7661 Bio: 0.9630
Epoch [129/200] Total Loss: 95.7258
Epoch [130/200] Step [0/17] Loss: 5.8247 Bio: 0.7857
Epoch [130/200] Total Loss: 96.7739
Epoch [131/200] Step [0/17] Loss: 5.8780 Bio: 0.8327
Epoch [131/200] Total Loss: 96.2100
Epoch [132/200] Step [0/17] Loss: 5.7685 Bio: 0.8678
Epoch [132/200] Total Loss: 97.2070
Epoch [133/200] Step [0/17] Loss: 5.7479 Bio: 0.9932
Epoch [133/200] Total Loss: 98.9299
Epoch [134/200] Step [0/17] Loss: 5.7189 Bio: 0.8498
Epoch [134/200] Total Loss: 97.4515
Epoch [135/200] Step [0/17] Loss: 5.6766 Bio: 0.9413
Epoch [135/200] Total Loss: 96.6705
Epoch [136/200] Step [0/17] Loss: 5.7797 Bio: 0.8678
Epoch [136/200] Total Loss: 95.7671
Epoch [137/200] Step [0/17] Loss: 5.8973 Bio: 0.7720
Epoch [137/200] Total Loss: 97.6813
Epoch [138/200] Step [0/17] Loss: 5.5611 Bio: 0.9577
Epoch [138/200] Total Loss: 96.2947
Epoch [139/200] Step [0/17] Loss: 6.0191 Bio: 0.8146
Epoch [139/200] Total Loss: 95.8394
Epoch [140/200] Step [0/17] Loss: 5.8551 Bio: 1.1691
Epoch [140/200] Total Loss: 97.3301
Epoch [141/200] Step [0/17] Loss: 5.8798 Bio: 0.9527
Epoch [141/200] Total Loss: 97.8157
Epoch [142/200] Step [0/17] Loss: 6.0409 Bio: 0.7227
Epoch [142/200] Total Loss: 97.1641
Epoch [143/200] Step [0/17] Loss: 5.8364 Bio: 0.8619
Epoch [143/200] Total Loss: 97.2730
Epoch [144/200] Step [0/17] Loss: 5.8122 Bio: 0.8030
Epoch [144/200] Total Loss: 96.7177
Epoch [145/200] Step [0/17] Loss: 5.9651 Bio: 0.9733
Epoch [145/200] Total Loss: 96.4603
Epoch [146/200] Step [0/17] Loss: 5.6109 Bio: 0.9703
Epoch [146/200] Total Loss: 94.8581
Epoch [147/200] Step [0/17] Loss: 6.0713 Bio: 0.9376
Epoch [147/200] Total Loss: 96.4524
Epoch [148/200] Step [0/17] Loss: 5.5502 Bio: 0.8607
Epoch [148/200] Total Loss: 96.6275
Epoch [149/200] Step [0/17] Loss: 5.7933 Bio: 0.9845
Epoch [149/200] Total Loss: 96.3963
Epoch [150/200] Step [0/17] Loss: 5.7397 Bio: 0.9926
Epoch [150/200] Total Loss: 96.2721
Epoch [151/200] Step [0/17] Loss: 5.5602 Bio: 0.7966
Epoch [151/200] Total Loss: 95.6189
Epoch [152/200] Step [0/17] Loss: 5.9648 Bio: 0.8320
Epoch [152/200] Total Loss: 96.9868
Epoch [153/200] Step [0/17] Loss: 5.6395 Bio: 1.0095
Epoch [153/200] Total Loss: 96.7628
Epoch [154/200] Step [0/17] Loss: 5.8351 Bio: 0.9141
Epoch [154/200] Total Loss: 97.1764
Epoch [155/200] Step [0/17] Loss: 5.8856 Bio: 0.8416
Epoch [155/200] Total Loss: 96.0642
Epoch [156/200] Step [0/17] Loss: 5.7687 Bio: 0.9673
Epoch [156/200] Total Loss: 95.1220
Epoch [157/200] Step [0/17] Loss: 5.6950 Bio: 1.1694
Epoch [157/200] Total Loss: 97.2352
Epoch [158/200] Step [0/17] Loss: 5.6109 Bio: 1.0065
Epoch [158/200] Total Loss: 96.5175
Epoch [159/200] Step [0/17] Loss: 5.7038 Bio: 1.0395
Epoch [159/200] Total Loss: 96.3573
Epoch [160/200] Step [0/17] Loss: 5.8466 Bio: 0.9805
Epoch [160/200] Total Loss: 97.2243
Epoch [161/200] Step [0/17] Loss: 5.6841 Bio: 0.8729
Epoch [161/200] Total Loss: 95.5297
Epoch [162/200] Step [0/17] Loss: 5.7199 Bio: 0.9117
Epoch [162/200] Total Loss: 96.8522
Epoch [163/200] Step [0/17] Loss: 5.7586 Bio: 0.8945
Epoch [163/200] Total Loss: 97.1896
Epoch [164/200] Step [0/17] Loss: 6.0002 Bio: 0.7075
Epoch [164/200] Total Loss: 96.9275
Epoch [165/200] Step [0/17] Loss: 5.5747 Bio: 0.8642
Epoch [165/200] Total Loss: 96.3983
Epoch [166/200] Step [0/17] Loss: 5.8610 Bio: 0.9110
Epoch [166/200] Total Loss: 95.8714
Epoch [167/200] Step [0/17] Loss: 5.7197 Bio: 0.9535
Epoch [167/200] Total Loss: 96.9028
Epoch [168/200] Step [0/17] Loss: 5.7525 Bio: 0.8702
Epoch [168/200] Total Loss: 95.1383
Epoch [169/200] Step [0/17] Loss: 5.6790 Bio: 0.9788
Epoch [169/200] Total Loss: 96.3621
Epoch [170/200] Step [0/17] Loss: 5.6308 Bio: 0.9531
Epoch [170/200] Total Loss: 95.5412
Epoch [171/200] Step [0/17] Loss: 5.8728 Bio: 0.9181
Epoch [171/200] Total Loss: 96.4401
Epoch [172/200] Step [0/17] Loss: 5.8436 Bio: 0.9410
Epoch [172/200] Total Loss: 95.9510
Epoch [173/200] Step [0/17] Loss: 5.6537 Bio: 1.0808
Epoch [173/200] Total Loss: 96.3202
Epoch [174/200] Step [0/17] Loss: 5.6671 Bio: 0.8885
Epoch [174/200] Total Loss: 97.4331
Epoch [175/200] Step [0/17] Loss: 5.6520 Bio: 1.0969
Epoch [175/200] Total Loss: 96.2312
Epoch [176/200] Step [0/17] Loss: 5.8860 Bio: 1.0515
Epoch [176/200] Total Loss: 94.4648
Epoch [177/200] Step [0/17] Loss: 5.9368 Bio: 0.8746
Epoch [177/200] Total Loss: 94.7009
Epoch [178/200] Step [0/17] Loss: 5.9239 Bio: 1.0330
Epoch [178/200] Total Loss: 96.3626
Epoch [179/200] Step [0/17] Loss: 5.8052 Bio: 0.9099
Epoch [179/200] Total Loss: 94.8088
Epoch [180/200] Step [0/17] Loss: 5.5948 Bio: 0.8725
Epoch [180/200] Total Loss: 95.9732
Epoch [181/200] Step [0/17] Loss: 5.7276 Bio: 0.9678
Epoch [181/200] Total Loss: 94.8707
Epoch [182/200] Step [0/17] Loss: 5.7016 Bio: 0.9056
Epoch [182/200] Total Loss: 95.2632
Epoch [183/200] Step [0/17] Loss: 5.9358 Bio: 0.7594
Epoch [183/200] Total Loss: 96.1422
Epoch [184/200] Step [0/17] Loss: 5.8195 Bio: 0.9693
Epoch [184/200] Total Loss: 96.5293
Epoch [185/200] Step [0/17] Loss: 5.7217 Bio: 0.9171
Epoch [185/200] Total Loss: 95.1358
Epoch [186/200] Step [0/17] Loss: 5.6120 Bio: 1.0598
Epoch [186/200] Total Loss: 95.9936
Epoch [187/200] Step [0/17] Loss: 5.7230 Bio: 1.1409
Epoch [187/200] Total Loss: 95.2813
Epoch [188/200] Step [0/17] Loss: 5.8136 Bio: 1.0167
Epoch [188/200] Total Loss: 95.1246
Epoch [189/200] Step [0/17] Loss: 5.7713 Bio: 0.9118
Epoch [189/200] Total Loss: 97.0007
Epoch [190/200] Step [0/17] Loss: 5.6623 Bio: 0.8500
Epoch [190/200] Total Loss: 95.9205
Epoch [191/200] Step [0/17] Loss: 5.8276 Bio: 1.1037
Epoch [191/200] Total Loss: 94.6087
Epoch [192/200] Step [0/17] Loss: 5.6669 Bio: 0.8979
Epoch [192/200] Total Loss: 95.1167
Epoch [193/200] Step [0/17] Loss: 5.5704 Bio: 0.8377
Epoch [193/200] Total Loss: 94.8789
Epoch [194/200] Step [0/17] Loss: 5.8999 Bio: 0.8780
Epoch [194/200] Total Loss: 96.9335
Epoch [195/200] Step [0/17] Loss: 5.5945 Bio: 0.8852
Epoch [195/200] Total Loss: 95.2465
Epoch [196/200] Step [0/17] Loss: 5.7655 Bio: 1.0751
Epoch [196/200] Total Loss: 96.1394
Epoch [197/200] Step [0/17] Loss: 5.6216 Bio: 0.8914
Epoch [197/200] Total Loss: 95.4125
Epoch [198/200] Step [0/17] Loss: 5.7384 Bio: 0.9771
Epoch [198/200] Total Loss: 95.1569
Epoch [199/200] Step [0/17] Loss: 5.8809 Bio: 0.8430
Epoch [199/200] Total Loss: 94.7701
Linear training complete.
--- Linear 3plus_p53 RESULTS ---
============================================================
CLUSTERING EVALUATION
============================================================
✅ Loaded ground truth from ground_truth_BRCA.csv
   Total patients with labels: 803

📂 Loading model from save/model_combo_linear_3plus_p53/checkpoint_200.tar...
✅ Model loaded successfully

📊 Loading data for BRCA...
[dataloader] No bio_anchor_file specified — loading omics only
✅ Data loaded successfully

🔮 Getting predictions...
✅ Predictions obtained: 1031 samples

🔍 Filtering to patients with ground truth...
   Patients with both predictions and ground truth: 803
   Final evaluation size: 803 patients

📈 Computing metrics...

============================================================
RESULTS
============================================================
ARI                 : 0.3491
NMI                 : 0.4734
V-measure           : 0.4734
============================================================

📊 Creating visualizations...
Saved confusion matrix to results/BRCA_confusion_matrix.png
Saved distribution plot to results/BRCA_cluster_distribution.png
Computing t-SNE (this may take a minute)...
Saved t-SNE plot to results/BRCA_tsne.png

💾 Saved results to results/BRCA_evaluation.csv

✅ Evaluation complete!
==============================
Running: 3plus_MYC | dim=4
==============================
MLP Bio-Anchor Head (bio_dim -> 64 -> bio_dim)
Cancer: BRCA | bio_dim: 4 | lambda_bio: 0.1
Bio anchor file: bio_anchors_BRCA_combo_3plus_MYC_score.csv
[dataloader] Loaded bio-anchors from bio_anchors_BRCA_combo_3plus_MYC_score.csv: torch.Size([1031, 4])
Cluster number: 5
Epoch [0/200] Step [0/17] Loss: 7.1432 Bio: 1.0934
Epoch [0/200] Total Loss: 118.9159
Epoch [1/200] Step [0/17] Loss: 7.1430 Bio: 1.0823
Epoch [1/200] Total Loss: 118.8959
Epoch [2/200] Step [0/17] Loss: 7.0983 Bio: 1.1330
Epoch [2/200] Total Loss: 118.3123
Epoch [3/200] Step [0/17] Loss: 7.1127 Bio: 1.0973
Epoch [3/200] Total Loss: 115.7196
Epoch [4/200] Step [0/17] Loss: 6.9325 Bio: 0.9844
Epoch [4/200] Total Loss: 114.6975
Epoch [5/200] Step [0/17] Loss: 6.8129 Bio: 1.0936
Epoch [5/200] Total Loss: 113.3314
Epoch [6/200] Step [0/17] Loss: 6.8908 Bio: 1.1090
Epoch [6/200] Total Loss: 112.2043
Epoch [7/200] Step [0/17] Loss: 6.7079 Bio: 1.0386
Epoch [7/200] Total Loss: 114.2725
Epoch [8/200] Step [0/17] Loss: 6.5994 Bio: 0.9929
Epoch [8/200] Total Loss: 111.2900
Epoch [9/200] Step [0/17] Loss: 6.7397 Bio: 0.8874
Epoch [9/200] Total Loss: 112.8284
Epoch [10/200] Step [0/17] Loss: 6.6761 Bio: 1.0591
Epoch [10/200] Total Loss: 110.2017
Epoch [11/200] Step [0/17] Loss: 6.7762 Bio: 0.9391
Epoch [11/200] Total Loss: 109.7250
Epoch [12/200] Step [0/17] Loss: 6.7609 Bio: 0.8777
Epoch [12/200] Total Loss: 108.8255
Epoch [13/200] Step [0/17] Loss: 6.4907 Bio: 0.9422
Epoch [13/200] Total Loss: 108.8566
Epoch [14/200] Step [0/17] Loss: 6.8537 Bio: 1.0373
Epoch [14/200] Total Loss: 108.9235
Epoch [15/200] Step [0/17] Loss: 6.3630 Bio: 0.9739
Epoch [15/200] Total Loss: 109.9966
Epoch [16/200] Step [0/17] Loss: 6.8180 Bio: 0.9943
Epoch [16/200] Total Loss: 107.5858
Epoch [17/200] Step [0/17] Loss: 6.3512 Bio: 0.9898
Epoch [17/200] Total Loss: 107.4328
Epoch [18/200] Step [0/17] Loss: 6.6655 Bio: 0.8673
Epoch [18/200] Total Loss: 109.2238
Epoch [19/200] Step [0/17] Loss: 6.4400 Bio: 0.9361
Epoch [19/200] Total Loss: 108.1470
Epoch [20/200] Step [0/17] Loss: 6.6926 Bio: 1.2021
Epoch [20/200] Total Loss: 108.0872
Epoch [21/200] Step [0/17] Loss: 6.2792 Bio: 1.0168
Epoch [21/200] Total Loss: 107.7336
Epoch [22/200] Step [0/17] Loss: 6.4899 Bio: 0.9044
Epoch [22/200] Total Loss: 105.0745
Epoch [23/200] Step [0/17] Loss: 6.4406 Bio: 1.0492
Epoch [23/200] Total Loss: 107.0531
Epoch [24/200] Step [0/17] Loss: 6.2992 Bio: 1.1575
Epoch [24/200] Total Loss: 107.1326
Epoch [25/200] Step [0/17] Loss: 6.3210 Bio: 1.1929
Epoch [25/200] Total Loss: 105.8052
Epoch [26/200] Step [0/17] Loss: 6.1931 Bio: 1.0840
Epoch [26/200] Total Loss: 105.2219
Epoch [27/200] Step [0/17] Loss: 6.0516 Bio: 1.0230
Epoch [27/200] Total Loss: 104.5285
Epoch [28/200] Step [0/17] Loss: 6.2407 Bio: 1.0991
Epoch [28/200] Total Loss: 105.3447
Epoch [29/200] Step [0/17] Loss: 6.2872 Bio: 1.0148
Epoch [29/200] Total Loss: 104.7047
Epoch [30/200] Step [0/17] Loss: 6.7327 Bio: 1.0038
Epoch [30/200] Total Loss: 105.9704
Epoch [31/200] Step [0/17] Loss: 6.0715 Bio: 0.8830
Epoch [31/200] Total Loss: 104.9116
Epoch [32/200] Step [0/17] Loss: 6.5421 Bio: 0.9290
Epoch [32/200] Total Loss: 104.4982
Epoch [33/200] Step [0/17] Loss: 6.0992 Bio: 0.9921
Epoch [33/200] Total Loss: 105.2116
Epoch [34/200] Step [0/17] Loss: 6.1116 Bio: 0.9812
Epoch [34/200] Total Loss: 103.9727
Epoch [35/200] Step [0/17] Loss: 6.1063 Bio: 1.1794
Epoch [35/200] Total Loss: 104.1961
Epoch [36/200] Step [0/17] Loss: 6.2411 Bio: 1.0933
Epoch [36/200] Total Loss: 104.1976
Epoch [37/200] Step [0/17] Loss: 6.0321 Bio: 0.9656
Epoch [37/200] Total Loss: 105.0142
Epoch [38/200] Step [0/17] Loss: 6.3300 Bio: 1.0615
Epoch [38/200] Total Loss: 103.7701
Epoch [39/200] Step [0/17] Loss: 6.5734 Bio: 1.0336
Epoch [39/200] Total Loss: 104.0083
Epoch [40/200] Step [0/17] Loss: 5.9328 Bio: 0.9484
Epoch [40/200] Total Loss: 104.1625
Epoch [41/200] Step [0/17] Loss: 6.5434 Bio: 0.8801
Epoch [41/200] Total Loss: 103.6116
Epoch [42/200] Step [0/17] Loss: 6.2176 Bio: 0.9734
Epoch [42/200] Total Loss: 104.3498
Epoch [43/200] Step [0/17] Loss: 6.0475 Bio: 1.0028
Epoch [43/200] Total Loss: 103.7714
Epoch [44/200] Step [0/17] Loss: 6.0821 Bio: 1.0502
Epoch [44/200] Total Loss: 103.6475
Epoch [45/200] Step [0/17] Loss: 6.3267 Bio: 0.9577
Epoch [45/200] Total Loss: 102.7981
Epoch [46/200] Step [0/17] Loss: 6.0403 Bio: 0.9262
Epoch [46/200] Total Loss: 102.5405
Epoch [47/200] Step [0/17] Loss: 6.0092 Bio: 0.9407
Epoch [47/200] Total Loss: 101.8856
Epoch [48/200] Step [0/17] Loss: 6.1011 Bio: 0.9584
Epoch [48/200] Total Loss: 102.2878
Epoch [49/200] Step [0/17] Loss: 6.1545 Bio: 0.8765
Epoch [49/200] Total Loss: 102.7393
Epoch [50/200] Step [0/17] Loss: 6.2743 Bio: 1.0434
Epoch [50/200] Total Loss: 102.5063
Epoch [51/200] Step [0/17] Loss: 6.2922 Bio: 0.8860
Epoch [51/200] Total Loss: 102.1601
Epoch [52/200] Step [0/17] Loss: 6.2145 Bio: 0.9244
Epoch [52/200] Total Loss: 103.3132
Epoch [53/200] Step [0/17] Loss: 6.0670 Bio: 0.9194
Epoch [53/200] Total Loss: 102.6412
Epoch [54/200] Step [0/17] Loss: 6.5676 Bio: 0.8765
Epoch [54/200] Total Loss: 101.8262
Epoch [55/200] Step [0/17] Loss: 6.2268 Bio: 0.9024
Epoch [55/200] Total Loss: 103.6750
Epoch [56/200] Step [0/17] Loss: 5.9013 Bio: 1.0763
Epoch [56/200] Total Loss: 101.5383
Epoch [57/200] Step [0/17] Loss: 6.1873 Bio: 0.9419
Epoch [57/200] Total Loss: 103.6994
Epoch [58/200] Step [0/17] Loss: 6.1771 Bio: 1.0783
Epoch [58/200] Total Loss: 102.1066
Epoch [59/200] Step [0/17] Loss: 6.3738 Bio: 1.1332
Epoch [59/200] Total Loss: 102.6689
Epoch [60/200] Step [0/17] Loss: 5.9694 Bio: 1.0446
Epoch [60/200] Total Loss: 101.2638
Epoch [61/200] Step [0/17] Loss: 5.9802 Bio: 1.0161
Epoch [61/200] Total Loss: 100.6872
Epoch [62/200] Step [0/17] Loss: 6.0752 Bio: 0.8908
Epoch [62/200] Total Loss: 100.8505
Epoch [63/200] Step [0/17] Loss: 6.1524 Bio: 0.9141
Epoch [63/200] Total Loss: 101.8227
Epoch [64/200] Step [0/17] Loss: 6.4403 Bio: 0.8682
Epoch [64/200] Total Loss: 100.0915
Epoch [65/200] Step [0/17] Loss: 6.2317 Bio: 0.9657
Epoch [65/200] Total Loss: 100.7818
Epoch [66/200] Step [0/17] Loss: 6.0187 Bio: 0.9976
Epoch [66/200] Total Loss: 100.6727
Epoch [67/200] Step [0/17] Loss: 6.1689 Bio: 1.0265
Epoch [67/200] Total Loss: 101.3654
Epoch [68/200] Step [0/17] Loss: 5.9582 Bio: 0.9194
Epoch [68/200] Total Loss: 101.2711
Epoch [69/200] Step [0/17] Loss: 6.0067 Bio: 1.0586
Epoch [69/200] Total Loss: 99.5741
Epoch [70/200] Step [0/17] Loss: 6.1100 Bio: 1.0402
Epoch [70/200] Total Loss: 99.8727
Epoch [71/200] Step [0/17] Loss: 5.9637 Bio: 1.0940
Epoch [71/200] Total Loss: 100.3423
Epoch [72/200] Step [0/17] Loss: 6.0239 Bio: 1.1332
Epoch [72/200] Total Loss: 101.2137
Epoch [73/200] Step [0/17] Loss: 5.8835 Bio: 0.9768
Epoch [73/200] Total Loss: 101.2846
Epoch [74/200] Step [0/17] Loss: 6.0357 Bio: 0.9302
Epoch [74/200] Total Loss: 99.6094
Epoch [75/200] Step [0/17] Loss: 6.0452 Bio: 1.1062
Epoch [75/200] Total Loss: 100.2975
Epoch [76/200] Step [0/17] Loss: 5.9325 Bio: 0.9630
Epoch [76/200] Total Loss: 99.3305
Epoch [77/200] Step [0/17] Loss: 6.1550 Bio: 1.0233
Epoch [77/200] Total Loss: 100.5830
Epoch [78/200] Step [0/17] Loss: 5.8353 Bio: 1.0124
Epoch [78/200] Total Loss: 99.8211
Epoch [79/200] Step [0/17] Loss: 6.0359 Bio: 0.9354
Epoch [79/200] Total Loss: 99.6391
Epoch [80/200] Step [0/17] Loss: 5.6794 Bio: 0.9153
Epoch [80/200] Total Loss: 99.8154
Epoch [81/200] Step [0/17] Loss: 6.0921 Bio: 0.9436
Epoch [81/200] Total Loss: 100.1326
Epoch [82/200] Step [0/17] Loss: 5.8187 Bio: 1.1909
Epoch [82/200] Total Loss: 100.8721
Epoch [83/200] Step [0/17] Loss: 6.2333 Bio: 0.8859
Epoch [83/200] Total Loss: 99.8554
Epoch [84/200] Step [0/17] Loss: 5.6967 Bio: 1.0498
Epoch [84/200] Total Loss: 99.1789
Epoch [85/200] Step [0/17] Loss: 6.3772 Bio: 0.9809
Epoch [85/200] Total Loss: 99.5999
Epoch [86/200] Step [0/17] Loss: 5.9630 Bio: 1.1278
Epoch [86/200] Total Loss: 100.7993
Epoch [87/200] Step [0/17] Loss: 5.8712 Bio: 0.9475
Epoch [87/200] Total Loss: 101.1255
Epoch [88/200] Step [0/17] Loss: 5.9084 Bio: 0.9608
Epoch [88/200] Total Loss: 99.7908
Epoch [89/200] Step [0/17] Loss: 5.9042 Bio: 1.0951
Epoch [89/200] Total Loss: 98.8331
Epoch [90/200] Step [0/17] Loss: 5.7099 Bio: 1.0282
Epoch [90/200] Total Loss: 99.1245
Epoch [91/200] Step [0/17] Loss: 5.8030 Bio: 0.8222
Epoch [91/200] Total Loss: 100.0317
Epoch [92/200] Step [0/17] Loss: 5.8739 Bio: 0.9259
Epoch [92/200] Total Loss: 98.3182
Epoch [93/200] Step [0/17] Loss: 6.1115 Bio: 1.4442
Epoch [93/200] Total Loss: 98.3879
Epoch [94/200] Step [0/17] Loss: 5.8161 Bio: 1.1241
Epoch [94/200] Total Loss: 99.2463
Epoch [95/200] Step [0/17] Loss: 6.0211 Bio: 0.9653
Epoch [95/200] Total Loss: 99.7022
Epoch [96/200] Step [0/17] Loss: 5.9505 Bio: 1.0659
Epoch [96/200] Total Loss: 99.6331
Epoch [97/200] Step [0/17] Loss: 5.8220 Bio: 1.0903
Epoch [97/200] Total Loss: 97.5418
Epoch [98/200] Step [0/17] Loss: 6.1056 Bio: 1.0981
Epoch [98/200] Total Loss: 97.1076
Epoch [99/200] Step [0/17] Loss: 5.9423 Bio: 0.9836
Epoch [99/200] Total Loss: 98.0924
Epoch [100/200] Step [0/17] Loss: 5.9987 Bio: 1.0908
Epoch [100/200] Total Loss: 97.5260
Epoch [101/200] Step [0/17] Loss: 5.9925 Bio: 1.0457
Epoch [101/200] Total Loss: 97.7661
Epoch [102/200] Step [0/17] Loss: 5.8841 Bio: 0.9132
Epoch [102/200] Total Loss: 99.2245
Epoch [103/200] Step [0/17] Loss: 5.9186 Bio: 1.0170
Epoch [103/200] Total Loss: 99.1086
Epoch [104/200] Step [0/17] Loss: 5.7559 Bio: 0.9330
Epoch [104/200] Total Loss: 96.4542
Epoch [105/200] Step [0/17] Loss: 6.0623 Bio: 0.9331
Epoch [105/200] Total Loss: 99.1567
Epoch [106/200] Step [0/17] Loss: 6.2105 Bio: 1.0622
Epoch [106/200] Total Loss: 98.5160
Epoch [107/200] Step [0/17] Loss: 5.8092 Bio: 0.9513
Epoch [107/200] Total Loss: 98.1626
Epoch [108/200] Step [0/17] Loss: 5.7761 Bio: 0.9317
Epoch [108/200] Total Loss: 98.8492
Epoch [109/200] Step [0/17] Loss: 6.1675 Bio: 1.0066
Epoch [109/200] Total Loss: 97.8470
Epoch [110/200] Step [0/17] Loss: 5.8845 Bio: 1.0929
Epoch [110/200] Total Loss: 98.4161
Epoch [111/200] Step [0/17] Loss: 5.8983 Bio: 0.8676
Epoch [111/200] Total Loss: 97.7075
Epoch [112/200] Step [0/17] Loss: 5.9776 Bio: 0.9980
Epoch [112/200] Total Loss: 97.4959
Epoch [113/200] Step [0/17] Loss: 6.1278 Bio: 0.9407
Epoch [113/200] Total Loss: 97.5624
Epoch [114/200] Step [0/17] Loss: 5.8937 Bio: 1.1451
Epoch [114/200] Total Loss: 98.0722
Epoch [115/200] Step [0/17] Loss: 5.7615 Bio: 0.9444
Epoch [115/200] Total Loss: 97.3734
Epoch [116/200] Step [0/17] Loss: 5.9072 Bio: 1.0874
Epoch [116/200] Total Loss: 97.0823
Epoch [117/200] Step [0/17] Loss: 5.6632 Bio: 1.0041
Epoch [117/200] Total Loss: 97.6920
Epoch [118/200] Step [0/17] Loss: 5.7603 Bio: 1.0516
Epoch [118/200] Total Loss: 96.6616
Epoch [119/200] Step [0/17] Loss: 5.8359 Bio: 1.0862
Epoch [119/200] Total Loss: 97.9513
Epoch [120/200] Step [0/17] Loss: 5.9123 Bio: 1.0342
Epoch [120/200] Total Loss: 98.3922
Epoch [121/200] Step [0/17] Loss: 5.9068 Bio: 0.9888
Epoch [121/200] Total Loss: 97.6026
Epoch [122/200] Step [0/17] Loss: 5.7305 Bio: 1.0922
Epoch [122/200] Total Loss: 97.2995
Epoch [123/200] Step [0/17] Loss: 5.8925 Bio: 1.1050
Epoch [123/200] Total Loss: 96.6123
Epoch [124/200] Step [0/17] Loss: 6.0615 Bio: 0.9477
Epoch [124/200] Total Loss: 97.5235
Epoch [125/200] Step [0/17] Loss: 5.8998 Bio: 0.9994
Epoch [125/200] Total Loss: 97.9946
Epoch [126/200] Step [0/17] Loss: 5.9038 Bio: 0.8837
Epoch [126/200] Total Loss: 97.6328
Epoch [127/200] Step [0/17] Loss: 5.9194 Bio: 0.8460
Epoch [127/200] Total Loss: 98.6837
Epoch [128/200] Step [0/17] Loss: 5.8216 Bio: 1.3972
Epoch [128/200] Total Loss: 99.1224
Epoch [129/200] Step [0/17] Loss: 5.7742 Bio: 0.9574
Epoch [129/200] Total Loss: 96.7513
Epoch [130/200] Step [0/17] Loss: 5.5838 Bio: 0.9249
Epoch [130/200] Total Loss: 96.8988
Epoch [131/200] Step [0/17] Loss: 5.7682 Bio: 0.8773
Epoch [131/200] Total Loss: 97.3950
Epoch [132/200] Step [0/17] Loss: 5.8157 Bio: 0.9918
Epoch [132/200] Total Loss: 98.2693
Epoch [133/200] Step [0/17] Loss: 6.2366 Bio: 1.0011
Epoch [133/200] Total Loss: 98.5136
Epoch [134/200] Step [0/17] Loss: 5.7000 Bio: 1.1883
Epoch [134/200] Total Loss: 98.6932
Epoch [135/200] Step [0/17] Loss: 5.9371 Bio: 1.1154
Epoch [135/200] Total Loss: 97.7670
Epoch [136/200] Step [0/17] Loss: 5.9147 Bio: 0.8706
Epoch [136/200] Total Loss: 96.1463
Epoch [137/200] Step [0/17] Loss: 6.1014 Bio: 1.0519
Epoch [137/200] Total Loss: 98.0210
Epoch [138/200] Step [0/17] Loss: 6.1107 Bio: 0.8695
Epoch [138/200] Total Loss: 98.9192
Epoch [139/200] Step [0/17] Loss: 5.7351 Bio: 1.0116
Epoch [139/200] Total Loss: 97.3609
Epoch [140/200] Step [0/17] Loss: 5.9903 Bio: 0.9621
Epoch [140/200] Total Loss: 98.2084
Epoch [141/200] Step [0/17] Loss: 5.8489 Bio: 0.9494
Epoch [141/200] Total Loss: 97.0136
Epoch [142/200] Step [0/17] Loss: 5.6222 Bio: 0.9842
Epoch [142/200] Total Loss: 95.1875
Epoch [143/200] Step [0/17] Loss: 5.9003 Bio: 0.9991
Epoch [143/200] Total Loss: 97.3144
Epoch [144/200] Step [0/17] Loss: 6.0147 Bio: 1.0327
Epoch [144/200] Total Loss: 96.2265
Epoch [145/200] Step [0/17] Loss: 5.5111 Bio: 0.9149
Epoch [145/200] Total Loss: 96.4239
Epoch [146/200] Step [0/17] Loss: 5.5891 Bio: 1.0136
Epoch [146/200] Total Loss: 96.3308
Epoch [147/200] Step [0/17] Loss: 5.6856 Bio: 0.9338
Epoch [147/200] Total Loss: 96.7143
Epoch [148/200] Step [0/17] Loss: 5.8384 Bio: 0.8647
Epoch [148/200] Total Loss: 96.5568
Epoch [149/200] Step [0/17] Loss: 5.7120 Bio: 0.9439
Epoch [149/200] Total Loss: 96.3851
Epoch [150/200] Step [0/17] Loss: 5.7810 Bio: 0.8977
Epoch [150/200] Total Loss: 96.4323
Epoch [151/200] Step [0/17] Loss: 5.8639 Bio: 1.1026
Epoch [151/200] Total Loss: 97.5595
Epoch [152/200] Step [0/17] Loss: 5.9918 Bio: 1.0762
Epoch [152/200] Total Loss: 95.6023
Epoch [153/200] Step [0/17] Loss: 5.7807 Bio: 1.0744
Epoch [153/200] Total Loss: 97.3961
Epoch [154/200] Step [0/17] Loss: 5.8835 Bio: 1.0696
Epoch [154/200] Total Loss: 96.2047
Epoch [155/200] Step [0/17] Loss: 5.9717 Bio: 0.9771
Epoch [155/200] Total Loss: 96.4131
Epoch [156/200] Step [0/17] Loss: 5.8736 Bio: 1.0367
Epoch [156/200] Total Loss: 96.1248
Epoch [157/200] Step [0/17] Loss: 5.7913 Bio: 0.8104
Epoch [157/200] Total Loss: 96.0901
Epoch [158/200] Step [0/17] Loss: 5.8424 Bio: 0.9898
Epoch [158/200] Total Loss: 96.7537
Epoch [159/200] Step [0/17] Loss: 5.8073 Bio: 1.1746
Epoch [159/200] Total Loss: 96.2121
Epoch [160/200] Step [0/17] Loss: 5.9345 Bio: 0.9894
Epoch [160/200] Total Loss: 96.6724
Epoch [161/200] Step [0/17] Loss: 5.5517 Bio: 1.0997
Epoch [161/200] Total Loss: 96.9234
Epoch [162/200] Step [0/17] Loss: 5.7839 Bio: 1.0326
Epoch [162/200] Total Loss: 97.3771
Epoch [163/200] Step [0/17] Loss: 5.9571 Bio: 1.0221
Epoch [163/200] Total Loss: 96.2587
Epoch [164/200] Step [0/17] Loss: 5.8465 Bio: 0.9343
Epoch [164/200] Total Loss: 98.0162
Epoch [165/200] Step [0/17] Loss: 5.5512 Bio: 1.1504
Epoch [165/200] Total Loss: 95.8867
Epoch [166/200] Step [0/17] Loss: 5.8582 Bio: 1.2894
Epoch [166/200] Total Loss: 95.9792
Epoch [167/200] Step [0/17] Loss: 5.7884 Bio: 1.0427
Epoch [167/200] Total Loss: 97.4092
Epoch [168/200] Step [0/17] Loss: 5.6960 Bio: 1.0834
Epoch [168/200] Total Loss: 97.2285
Epoch [169/200] Step [0/17] Loss: 5.8354 Bio: 0.9180
Epoch [169/200] Total Loss: 95.4801
Epoch [170/200] Step [0/17] Loss: 5.8763 Bio: 1.0220
Epoch [170/200] Total Loss: 97.3276
Epoch [171/200] Step [0/17] Loss: 5.8228 Bio: 1.0102
Epoch [171/200] Total Loss: 96.7207
Epoch [172/200] Step [0/17] Loss: 5.6780 Bio: 0.8380
Epoch [172/200] Total Loss: 96.1779
Epoch [173/200] Step [0/17] Loss: 5.7529 Bio: 0.8683
Epoch [173/200] Total Loss: 96.0061
Epoch [174/200] Step [0/17] Loss: 5.5904 Bio: 1.1477
Epoch [174/200] Total Loss: 96.6706
Epoch [175/200] Step [0/17] Loss: 5.7129 Bio: 0.9031
Epoch [175/200] Total Loss: 96.2775
Epoch [176/200] Step [0/17] Loss: 5.8085 Bio: 0.9911
Epoch [176/200] Total Loss: 96.7805
Epoch [177/200] Step [0/17] Loss: 5.6542 Bio: 0.9607
Epoch [177/200] Total Loss: 95.4567
Epoch [178/200] Step [0/17] Loss: 5.7544 Bio: 1.2055
Epoch [178/200] Total Loss: 96.0954
Epoch [179/200] Step [0/17] Loss: 5.6724 Bio: 0.8910
Epoch [179/200] Total Loss: 96.6795
Epoch [180/200] Step [0/17] Loss: 5.8983 Bio: 0.9199
Epoch [180/200] Total Loss: 96.7636
Epoch [181/200] Step [0/17] Loss: 5.8044 Bio: 1.0051
Epoch [181/200] Total Loss: 96.3305
Epoch [182/200] Step [0/17] Loss: 5.8263 Bio: 1.0246
Epoch [182/200] Total Loss: 95.5034
Epoch [183/200] Step [0/17] Loss: 5.6746 Bio: 1.0744
Epoch [183/200] Total Loss: 96.2243
Epoch [184/200] Step [0/17] Loss: 5.6735 Bio: 1.0948
Epoch [184/200] Total Loss: 95.7363
Epoch [185/200] Step [0/17] Loss: 5.7289 Bio: 0.9128
Epoch [185/200] Total Loss: 97.0796
Epoch [186/200] Step [0/17] Loss: 5.7432 Bio: 0.8596
Epoch [186/200] Total Loss: 95.4237
Epoch [187/200] Step [0/17] Loss: 5.6694 Bio: 1.0026
Epoch [187/200] Total Loss: 97.5485
Epoch [188/200] Step [0/17] Loss: 5.6947 Bio: 1.1706
Epoch [188/200] Total Loss: 95.2338
Epoch [189/200] Step [0/17] Loss: 5.9241 Bio: 0.8695
Epoch [189/200] Total Loss: 96.1166
Epoch [190/200] Step [0/17] Loss: 6.0677 Bio: 0.9252
Epoch [190/200] Total Loss: 95.6839
Epoch [191/200] Step [0/17] Loss: 5.7053 Bio: 0.9341
Epoch [191/200] Total Loss: 96.4191
Epoch [192/200] Step [0/17] Loss: 5.8936 Bio: 1.0900
Epoch [192/200] Total Loss: 94.5952
Epoch [193/200] Step [0/17] Loss: 5.8185 Bio: 0.9935
Epoch [193/200] Total Loss: 96.1985
Epoch [194/200] Step [0/17] Loss: 5.6778 Bio: 1.0624
Epoch [194/200] Total Loss: 95.8919
Epoch [195/200] Step [0/17] Loss: 5.8370 Bio: 0.8657
Epoch [195/200] Total Loss: 94.9013
Epoch [196/200] Step [0/17] Loss: 5.6712 Bio: 0.9820
Epoch [196/200] Total Loss: 95.0247
Epoch [197/200] Step [0/17] Loss: 5.7153 Bio: 0.8903
Epoch [197/200] Total Loss: 96.3910
Epoch [198/200] Step [0/17] Loss: 5.6794 Bio: 1.1893
Epoch [198/200] Total Loss: 96.2302
Epoch [199/200] Step [0/17] Loss: 5.6744 Bio: 1.1041
Epoch [199/200] Total Loss: 95.9078
MLP training complete.
--- MLP 3plus_MYC RESULTS ---
============================================================
CLUSTERING EVALUATION
============================================================
✅ Loaded ground truth from ground_truth_BRCA.csv
   Total patients with labels: 803

📂 Loading model from save/model_combo_mlp_3plus_MYC/checkpoint_200.tar...
✅ Model loaded successfully

📊 Loading data for BRCA...
[dataloader] No bio_anchor_file specified — loading omics only
✅ Data loaded successfully

🔮 Getting predictions...
✅ Predictions obtained: 1031 samples

🔍 Filtering to patients with ground truth...
   Patients with both predictions and ground truth: 803
   Final evaluation size: 803 patients

📈 Computing metrics...

============================================================
RESULTS
============================================================
ARI                 : 0.3414
NMI                 : 0.4756
V-measure           : 0.4756
============================================================

📊 Creating visualizations...
Saved confusion matrix to results/BRCA_confusion_matrix.png
Saved distribution plot to results/BRCA_cluster_distribution.png
Computing t-SNE (this may take a minute)...
Saved t-SNE plot to results/BRCA_tsne.png

💾 Saved results to results/BRCA_evaluation.csv

✅ Evaluation complete!
Linear Bio-Anchor Head
Cancer: BRCA | bio_dim: 4 | lambda_bio: 0.1
Bio anchor file: bio_anchors_BRCA_combo_3plus_MYC_score.csv
[dataloader] Loaded bio-anchors from bio_anchors_BRCA_combo_3plus_MYC_score.csv: torch.Size([1031, 4])
Cluster number: 5
Epoch [0/200] Step [0/17] Loss: 7.1442 Bio: 1.1020
Epoch [0/200] Total Loss: 118.9280
Epoch [1/200] Step [0/17] Loss: 7.1273 Bio: 0.9384
Epoch [1/200] Total Loss: 118.7398
Epoch [2/200] Step [0/17] Loss: 7.0220 Bio: 0.9970
Epoch [2/200] Total Loss: 117.3828
Epoch [3/200] Step [0/17] Loss: 7.0765 Bio: 0.9508
Epoch [3/200] Total Loss: 114.7733
Epoch [4/200] Step [0/17] Loss: 6.8790 Bio: 1.0113
Epoch [4/200] Total Loss: 111.6922
Epoch [5/200] Step [0/17] Loss: 6.7568 Bio: 0.9553
Epoch [5/200] Total Loss: 111.4403
Epoch [6/200] Step [0/17] Loss: 6.6866 Bio: 0.9863
Epoch [6/200] Total Loss: 111.5752
Epoch [7/200] Step [0/17] Loss: 6.6646 Bio: 0.9121
Epoch [7/200] Total Loss: 110.9179
Epoch [8/200] Step [0/17] Loss: 6.5855 Bio: 1.0743
Epoch [8/200] Total Loss: 111.5011
Epoch [9/200] Step [0/17] Loss: 6.5504 Bio: 1.0690
Epoch [9/200] Total Loss: 110.1848
Epoch [10/200] Step [0/17] Loss: 6.5455 Bio: 1.0654
Epoch [10/200] Total Loss: 109.1161
Epoch [11/200] Step [0/17] Loss: 6.7501 Bio: 0.9972
Epoch [11/200] Total Loss: 110.1349
Epoch [12/200] Step [0/17] Loss: 6.8172 Bio: 0.8929
Epoch [12/200] Total Loss: 107.9208
Epoch [13/200] Step [0/17] Loss: 6.5053 Bio: 1.1205
Epoch [13/200] Total Loss: 109.5176
Epoch [14/200] Step [0/17] Loss: 6.6438 Bio: 1.0472
Epoch [14/200] Total Loss: 109.4288
Epoch [15/200] Step [0/17] Loss: 6.5901 Bio: 0.9891
Epoch [15/200] Total Loss: 108.8502
Epoch [16/200] Step [0/17] Loss: 6.4961 Bio: 0.8980
Epoch [16/200] Total Loss: 107.7776
Epoch [17/200] Step [0/17] Loss: 6.4304 Bio: 0.9404
Epoch [17/200] Total Loss: 107.1330
Epoch [18/200] Step [0/17] Loss: 6.5634 Bio: 0.9392
Epoch [18/200] Total Loss: 106.7066
Epoch [19/200] Step [0/17] Loss: 6.2166 Bio: 0.9281
Epoch [19/200] Total Loss: 106.9813
Epoch [20/200] Step [0/17] Loss: 6.8097 Bio: 1.0179
Epoch [20/200] Total Loss: 106.9961
Epoch [21/200] Step [0/17] Loss: 6.5409 Bio: 1.1496
Epoch [21/200] Total Loss: 106.5243
Epoch [22/200] Step [0/17] Loss: 6.4468 Bio: 0.9915
Epoch [22/200] Total Loss: 106.6455
Epoch [23/200] Step [0/17] Loss: 6.4208 Bio: 0.9788
Epoch [23/200] Total Loss: 106.6086
Epoch [24/200] Step [0/17] Loss: 6.1825 Bio: 1.0183
Epoch [24/200] Total Loss: 105.5418
Epoch [25/200] Step [0/17] Loss: 6.3675 Bio: 0.9421
Epoch [25/200] Total Loss: 108.2642
Epoch [26/200] Step [0/17] Loss: 6.3907 Bio: 1.2565
Epoch [26/200] Total Loss: 105.9094
Epoch [27/200] Step [0/17] Loss: 6.3151 Bio: 0.9447
Epoch [27/200] Total Loss: 105.0867
Epoch [28/200] Step [0/17] Loss: 6.5787 Bio: 1.0656
Epoch [28/200] Total Loss: 106.1746
Epoch [29/200] Step [0/17] Loss: 6.2976 Bio: 1.0637
Epoch [29/200] Total Loss: 105.9343
Epoch [30/200] Step [0/17] Loss: 6.2012 Bio: 1.0414
Epoch [30/200] Total Loss: 103.8493
Epoch [31/200] Step [0/17] Loss: 6.4823 Bio: 1.3068
Epoch [31/200] Total Loss: 104.8640
Epoch [32/200] Step [0/17] Loss: 6.2144 Bio: 0.9658
Epoch [32/200] Total Loss: 104.6199
Epoch [33/200] Step [0/17] Loss: 6.2981 Bio: 0.8568
Epoch [33/200] Total Loss: 104.3594
Epoch [34/200] Step [0/17] Loss: 6.1738 Bio: 0.9793
Epoch [34/200] Total Loss: 104.5579
Epoch [35/200] Step [0/17] Loss: 6.2611 Bio: 0.9473
Epoch [35/200] Total Loss: 104.4161
Epoch [36/200] Step [0/17] Loss: 6.4380 Bio: 0.9612
Epoch [36/200] Total Loss: 104.3585
Epoch [37/200] Step [0/17] Loss: 6.1659 Bio: 0.9518
Epoch [37/200] Total Loss: 104.2054
Epoch [38/200] Step [0/17] Loss: 6.2418 Bio: 0.9795
Epoch [38/200] Total Loss: 103.4804
Epoch [39/200] Step [0/17] Loss: 6.2851 Bio: 0.9901
Epoch [39/200] Total Loss: 104.0708
Epoch [40/200] Step [0/17] Loss: 6.6109 Bio: 1.1604
Epoch [40/200] Total Loss: 103.2951
Epoch [41/200] Step [0/17] Loss: 6.2934 Bio: 1.0878
Epoch [41/200] Total Loss: 103.1747
Epoch [42/200] Step [0/17] Loss: 6.1565 Bio: 0.9334
Epoch [42/200] Total Loss: 103.4437
Epoch [43/200] Step [0/17] Loss: 6.2866 Bio: 1.1205
Epoch [43/200] Total Loss: 105.1879
Epoch [44/200] Step [0/17] Loss: 6.1294 Bio: 0.9213
Epoch [44/200] Total Loss: 104.1900
Epoch [45/200] Step [0/17] Loss: 6.0674 Bio: 0.9839
Epoch [45/200] Total Loss: 104.0680
Epoch [46/200] Step [0/17] Loss: 6.1511 Bio: 1.1636
Epoch [46/200] Total Loss: 103.3103
Epoch [47/200] Step [0/17] Loss: 6.2475 Bio: 1.1138
Epoch [47/200] Total Loss: 102.5048
Epoch [48/200] Step [0/17] Loss: 6.1170 Bio: 0.8877
Epoch [48/200] Total Loss: 102.8869
Epoch [49/200] Step [0/17] Loss: 6.1322 Bio: 1.1818
Epoch [49/200] Total Loss: 103.7191
Epoch [50/200] Step [0/17] Loss: 6.2238 Bio: 1.0852
Epoch [50/200] Total Loss: 103.7055
Epoch [51/200] Step [0/17] Loss: 6.3366 Bio: 0.8500
Epoch [51/200] Total Loss: 101.3374
Epoch [52/200] Step [0/17] Loss: 5.9919 Bio: 0.9332
Epoch [52/200] Total Loss: 100.7292
Epoch [53/200] Step [0/17] Loss: 6.0204 Bio: 1.0083
Epoch [53/200] Total Loss: 102.2006
Epoch [54/200] Step [0/17] Loss: 6.2903 Bio: 1.0449
Epoch [54/200] Total Loss: 101.3405
Epoch [55/200] Step [0/17] Loss: 5.9900 Bio: 1.0181
Epoch [55/200] Total Loss: 103.1839
Epoch [56/200] Step [0/17] Loss: 5.9104 Bio: 1.0641
Epoch [56/200] Total Loss: 101.9914
Epoch [57/200] Step [0/17] Loss: 6.1187 Bio: 1.1008
Epoch [57/200] Total Loss: 101.0073
Epoch [58/200] Step [0/17] Loss: 6.1390 Bio: 1.0293
Epoch [58/200] Total Loss: 102.3188
Epoch [59/200] Step [0/17] Loss: 6.1992 Bio: 0.9459
Epoch [59/200] Total Loss: 100.8583
Epoch [60/200] Step [0/17] Loss: 5.9592 Bio: 0.9932
Epoch [60/200] Total Loss: 101.9592
Epoch [61/200] Step [0/17] Loss: 5.8926 Bio: 1.0262
Epoch [61/200] Total Loss: 100.4941
Epoch [62/200] Step [0/17] Loss: 6.0812 Bio: 1.0049
Epoch [62/200] Total Loss: 100.9413
Epoch [63/200] Step [0/17] Loss: 6.4481 Bio: 0.9427
Epoch [63/200] Total Loss: 101.9587
Epoch [64/200] Step [0/17] Loss: 6.1386 Bio: 0.9267
Epoch [64/200] Total Loss: 100.1498
Epoch [65/200] Step [0/17] Loss: 6.2257 Bio: 1.0821
Epoch [65/200] Total Loss: 102.2576
Epoch [66/200] Step [0/17] Loss: 6.0213 Bio: 0.9905
Epoch [66/200] Total Loss: 101.2911
Epoch [67/200] Step [0/17] Loss: 6.0919 Bio: 1.0733
Epoch [67/200] Total Loss: 99.5032
Epoch [68/200] Step [0/17] Loss: 5.9095 Bio: 0.9127
Epoch [68/200] Total Loss: 101.5358
Epoch [69/200] Step [0/17] Loss: 6.1274 Bio: 1.1969
Epoch [69/200] Total Loss: 100.8249
Epoch [70/200] Step [0/17] Loss: 5.8656 Bio: 0.9894
Epoch [70/200] Total Loss: 101.2295
Epoch [71/200] Step [0/17] Loss: 6.0898 Bio: 0.9264
Epoch [71/200] Total Loss: 99.6173
Epoch [72/200] Step [0/17] Loss: 5.9732 Bio: 0.9204
Epoch [72/200] Total Loss: 99.4170
Epoch [73/200] Step [0/17] Loss: 6.0492 Bio: 1.0494
Epoch [73/200] Total Loss: 100.0197
Epoch [74/200] Step [0/17] Loss: 6.0099 Bio: 0.9622
Epoch [74/200] Total Loss: 99.5809
Epoch [75/200] Step [0/17] Loss: 6.0956 Bio: 1.0694
Epoch [75/200] Total Loss: 100.4903
Epoch [76/200] Step [0/17] Loss: 6.1326 Bio: 1.0395
Epoch [76/200] Total Loss: 99.6010
Epoch [77/200] Step [0/17] Loss: 6.2551 Bio: 0.8686
Epoch [77/200] Total Loss: 99.2432
Epoch [78/200] Step [0/17] Loss: 6.0772 Bio: 0.8948
Epoch [78/200] Total Loss: 98.7817
Epoch [79/200] Step [0/17] Loss: 5.9451 Bio: 1.0136
Epoch [79/200] Total Loss: 100.2260
Epoch [80/200] Step [0/17] Loss: 5.8220 Bio: 0.9191
Epoch [80/200] Total Loss: 101.0478
Epoch [81/200] Step [0/17] Loss: 6.1601 Bio: 1.1501
Epoch [81/200] Total Loss: 99.4432
Epoch [82/200] Step [0/17] Loss: 6.0513 Bio: 0.9989
Epoch [82/200] Total Loss: 99.3305
Epoch [83/200] Step [0/17] Loss: 6.2529 Bio: 0.8853
Epoch [83/200] Total Loss: 99.4695
Epoch [84/200] Step [0/17] Loss: 5.9383 Bio: 0.9688
Epoch [84/200] Total Loss: 99.6509
Epoch [85/200] Step [0/17] Loss: 6.2731 Bio: 0.9298
Epoch [85/200] Total Loss: 98.6879
Epoch [86/200] Step [0/17] Loss: 6.0005 Bio: 1.2141
Epoch [86/200] Total Loss: 100.1928
Epoch [87/200] Step [0/17] Loss: 5.8584 Bio: 0.9417
Epoch [87/200] Total Loss: 98.3769
Epoch [88/200] Step [0/17] Loss: 5.9652 Bio: 0.9854
Epoch [88/200] Total Loss: 99.5341
Epoch [89/200] Step [0/17] Loss: 5.9893 Bio: 1.0305
Epoch [89/200] Total Loss: 100.4675
Epoch [90/200] Step [0/17] Loss: 5.9226 Bio: 1.0267
Epoch [90/200] Total Loss: 97.7569
Epoch [91/200] Step [0/17] Loss: 5.9644 Bio: 1.0308
Epoch [91/200] Total Loss: 98.8584
Epoch [92/200] Step [0/17] Loss: 5.9571 Bio: 0.8875
Epoch [92/200] Total Loss: 99.1139
Epoch [93/200] Step [0/17] Loss: 5.8330 Bio: 0.9650
Epoch [93/200] Total Loss: 97.8156
Epoch [94/200] Step [0/17] Loss: 5.7469 Bio: 0.8492
Epoch [94/200] Total Loss: 97.5503
Epoch [95/200] Step [0/17] Loss: 5.7950 Bio: 0.8184
Epoch [95/200] Total Loss: 98.5202
Epoch [96/200] Step [0/17] Loss: 5.8680 Bio: 1.1500
Epoch [96/200] Total Loss: 99.3174
Epoch [97/200] Step [0/17] Loss: 5.9571 Bio: 0.8750
Epoch [97/200] Total Loss: 98.9701
Epoch [98/200] Step [0/17] Loss: 5.8413 Bio: 1.1774
Epoch [98/200] Total Loss: 97.6293
Epoch [99/200] Step [0/17] Loss: 6.0227 Bio: 0.9670
Epoch [99/200] Total Loss: 98.5208
Epoch [100/200] Step [0/17] Loss: 5.7462 Bio: 1.0379
Epoch [100/200] Total Loss: 98.8461
Epoch [101/200] Step [0/17] Loss: 5.9029 Bio: 0.9760
Epoch [101/200] Total Loss: 97.3582
Epoch [102/200] Step [0/17] Loss: 5.7895 Bio: 1.0990
Epoch [102/200] Total Loss: 98.8082
Epoch [103/200] Step [0/17] Loss: 6.3461 Bio: 0.8895
Epoch [103/200] Total Loss: 97.8390
Epoch [104/200] Step [0/17] Loss: 5.9887 Bio: 0.9108
Epoch [104/200] Total Loss: 98.2069
Epoch [105/200] Step [0/17] Loss: 5.7987 Bio: 1.0809
Epoch [105/200] Total Loss: 98.9333
Epoch [106/200] Step [0/17] Loss: 5.9275 Bio: 0.7966
Epoch [106/200] Total Loss: 98.0627
Epoch [107/200] Step [0/17] Loss: 6.0565 Bio: 0.8548
Epoch [107/200] Total Loss: 98.2059
Epoch [108/200] Step [0/17] Loss: 6.1016 Bio: 1.2710
Epoch [108/200] Total Loss: 99.6697
Epoch [109/200] Step [0/17] Loss: 5.8678 Bio: 0.7694
Epoch [109/200] Total Loss: 98.5000
Epoch [110/200] Step [0/17] Loss: 5.8623 Bio: 1.1644
Epoch [110/200] Total Loss: 98.4255
Epoch [111/200] Step [0/17] Loss: 5.9757 Bio: 0.9282
Epoch [111/200] Total Loss: 97.6725
Epoch [112/200] Step [0/17] Loss: 5.6990 Bio: 1.0718
Epoch [112/200] Total Loss: 97.8187
Epoch [113/200] Step [0/17] Loss: 5.8909 Bio: 0.9605
Epoch [113/200] Total Loss: 98.8979
Epoch [114/200] Step [0/17] Loss: 5.9375 Bio: 0.9654
Epoch [114/200] Total Loss: 98.3055
Epoch [115/200] Step [0/17] Loss: 5.8141 Bio: 0.8853
Epoch [115/200] Total Loss: 97.5948
Epoch [116/200] Step [0/17] Loss: 6.1270 Bio: 1.2096
Epoch [116/200] Total Loss: 98.0506
Epoch [117/200] Step [0/17] Loss: 5.6986 Bio: 0.8439
Epoch [117/200] Total Loss: 97.3450
Epoch [118/200] Step [0/17] Loss: 5.8400 Bio: 1.0607
Epoch [118/200] Total Loss: 97.1596
Epoch [119/200] Step [0/17] Loss: 5.8706 Bio: 0.8945
Epoch [119/200] Total Loss: 97.5014
Epoch [120/200] Step [0/17] Loss: 5.8681 Bio: 1.1904
Epoch [120/200] Total Loss: 99.6761
Epoch [121/200] Step [0/17] Loss: 5.7825 Bio: 0.8535
Epoch [121/200] Total Loss: 97.3333
Epoch [122/200] Step [0/17] Loss: 6.0271 Bio: 0.8939
Epoch [122/200] Total Loss: 96.9999
Epoch [123/200] Step [0/17] Loss: 5.9672 Bio: 1.0246
Epoch [123/200] Total Loss: 97.4658
Epoch [124/200] Step [0/17] Loss: 5.8621 Bio: 0.9540
Epoch [124/200] Total Loss: 96.6772
Epoch [125/200] Step [0/17] Loss: 5.8862 Bio: 0.9050
Epoch [125/200] Total Loss: 97.8182
Epoch [126/200] Step [0/17] Loss: 5.9991 Bio: 0.8787
Epoch [126/200] Total Loss: 97.1881
Epoch [127/200] Step [0/17] Loss: 5.6849 Bio: 1.1737
Epoch [127/200] Total Loss: 95.7692
Epoch [128/200] Step [0/17] Loss: 5.6467 Bio: 0.9614
Epoch [128/200] Total Loss: 97.3097
Epoch [129/200] Step [0/17] Loss: 5.8780 Bio: 1.0281
Epoch [129/200] Total Loss: 96.2682
Epoch [130/200] Step [0/17] Loss: 5.9590 Bio: 0.7679
Epoch [130/200] Total Loss: 97.8179
Epoch [131/200] Step [0/17] Loss: 5.8741 Bio: 0.9325
Epoch [131/200] Total Loss: 96.7696
Epoch [132/200] Step [0/17] Loss: 5.7395 Bio: 1.0482
Epoch [132/200] Total Loss: 96.9550
Epoch [133/200] Step [0/17] Loss: 5.8143 Bio: 1.0500
Epoch [133/200] Total Loss: 98.9995
Epoch [134/200] Step [0/17] Loss: 5.6302 Bio: 0.9774
Epoch [134/200] Total Loss: 97.6005
Epoch [135/200] Step [0/17] Loss: 5.7134 Bio: 0.9819
Epoch [135/200] Total Loss: 96.5228
Epoch [136/200] Step [0/17] Loss: 5.8414 Bio: 0.9638
Epoch [136/200] Total Loss: 95.9437
Epoch [137/200] Step [0/17] Loss: 6.0008 Bio: 0.8285
Epoch [137/200] Total Loss: 97.8390
Epoch [138/200] Step [0/17] Loss: 5.5995 Bio: 1.1185
Epoch [138/200] Total Loss: 96.0204
Epoch [139/200] Step [0/17] Loss: 6.0033 Bio: 0.8306
Epoch [139/200] Total Loss: 95.9915
Epoch [140/200] Step [0/17] Loss: 5.8567 Bio: 1.2166
Epoch [140/200] Total Loss: 97.3655
Epoch [141/200] Step [0/17] Loss: 5.9636 Bio: 1.0559
Epoch [141/200] Total Loss: 98.0246
Epoch [142/200] Step [0/17] Loss: 5.8894 Bio: 0.8715
Epoch [142/200] Total Loss: 97.3171
Epoch [143/200] Step [0/17] Loss: 5.8545 Bio: 0.8157
Epoch [143/200] Total Loss: 98.0245
Epoch [144/200] Step [0/17] Loss: 5.7993 Bio: 0.8843
Epoch [144/200] Total Loss: 97.2964
Epoch [145/200] Step [0/17] Loss: 6.0511 Bio: 1.1197
Epoch [145/200] Total Loss: 96.7579
Epoch [146/200] Step [0/17] Loss: 5.5479 Bio: 1.1006
Epoch [146/200] Total Loss: 95.6716
Epoch [147/200] Step [0/17] Loss: 6.1767 Bio: 0.9975
Epoch [147/200] Total Loss: 96.9700
Epoch [148/200] Step [0/17] Loss: 5.6120 Bio: 0.9460
Epoch [148/200] Total Loss: 98.3481
Epoch [149/200] Step [0/17] Loss: 5.8116 Bio: 1.0549
Epoch [149/200] Total Loss: 96.6603
Epoch [150/200] Step [0/17] Loss: 5.9839 Bio: 1.1546
Epoch [150/200] Total Loss: 97.0724
Epoch [151/200] Step [0/17] Loss: 5.5857 Bio: 0.8155
Epoch [151/200] Total Loss: 95.7794
Epoch [152/200] Step [0/17] Loss: 5.9864 Bio: 0.9406
Epoch [152/200] Total Loss: 96.8729
Epoch [153/200] Step [0/17] Loss: 5.7017 Bio: 1.0232
Epoch [153/200] Total Loss: 97.0876
Epoch [154/200] Step [0/17] Loss: 5.8045 Bio: 0.9629
Epoch [154/200] Total Loss: 97.7259
Epoch [155/200] Step [0/17] Loss: 5.9497 Bio: 0.9499
Epoch [155/200] Total Loss: 96.4559
Epoch [156/200] Step [0/17] Loss: 5.8625 Bio: 1.0663
Epoch [156/200] Total Loss: 95.8193
Epoch [157/200] Step [0/17] Loss: 5.7748 Bio: 1.4086
Epoch [157/200] Total Loss: 97.4328
Epoch [158/200] Step [0/17] Loss: 5.5978 Bio: 0.9144
Epoch [158/200] Total Loss: 97.6367
Epoch [159/200] Step [0/17] Loss: 5.8894 Bio: 1.2700
Epoch [159/200] Total Loss: 97.1188
Epoch [160/200] Step [0/17] Loss: 5.8740 Bio: 1.1440
Epoch [160/200] Total Loss: 97.5051
Epoch [161/200] Step [0/17] Loss: 5.6759 Bio: 0.9758
Epoch [161/200] Total Loss: 96.2997
Epoch [162/200] Step [0/17] Loss: 5.6731 Bio: 0.8522
Epoch [162/200] Total Loss: 97.4479
Epoch [163/200] Step [0/17] Loss: 5.6677 Bio: 1.0040
Epoch [163/200] Total Loss: 98.4442
Epoch [164/200] Step [0/17] Loss: 6.0578 Bio: 0.8422
Epoch [164/200] Total Loss: 97.4924
Epoch [165/200] Step [0/17] Loss: 5.5388 Bio: 0.9252
Epoch [165/200] Total Loss: 96.9517
Epoch [166/200] Step [0/17] Loss: 5.8917 Bio: 0.9762
Epoch [166/200] Total Loss: 96.4075
Epoch [167/200] Step [0/17] Loss: 5.7021 Bio: 1.0373
Epoch [167/200] Total Loss: 96.9410
Epoch [168/200] Step [0/17] Loss: 5.7676 Bio: 0.9684
Epoch [168/200] Total Loss: 95.8001
Epoch [169/200] Step [0/17] Loss: 5.6820 Bio: 1.1682
Epoch [169/200] Total Loss: 95.6404
Epoch [170/200] Step [0/17] Loss: 5.6486 Bio: 1.0844
Epoch [170/200] Total Loss: 95.5726
Epoch [171/200] Step [0/17] Loss: 5.8451 Bio: 0.9910
Epoch [171/200] Total Loss: 96.7493
Epoch [172/200] Step [0/17] Loss: 5.9028 Bio: 0.9814
Epoch [172/200] Total Loss: 96.3244
Epoch [173/200] Step [0/17] Loss: 5.7283 Bio: 1.1856
Epoch [173/200] Total Loss: 96.6728
Epoch [174/200] Step [0/17] Loss: 5.6724 Bio: 1.1055
Epoch [174/200] Total Loss: 98.1995
Epoch [175/200] Step [0/17] Loss: 5.7989 Bio: 1.0231
Epoch [175/200] Total Loss: 96.9359
Epoch [176/200] Step [0/17] Loss: 5.9326 Bio: 1.1606
Epoch [176/200] Total Loss: 94.6863
Epoch [177/200] Step [0/17] Loss: 5.8954 Bio: 0.9771
Epoch [177/200] Total Loss: 95.1003
Epoch [178/200] Step [0/17] Loss: 5.8798 Bio: 0.9503
Epoch [178/200] Total Loss: 95.9727
Epoch [179/200] Step [0/17] Loss: 5.7252 Bio: 0.9310
Epoch [179/200] Total Loss: 95.3176
Epoch [180/200] Step [0/17] Loss: 5.7641 Bio: 0.9752
Epoch [180/200] Total Loss: 96.3979
Epoch [181/200] Step [0/17] Loss: 5.7188 Bio: 1.0436
Epoch [181/200] Total Loss: 94.9126
Epoch [182/200] Step [0/17] Loss: 5.7794 Bio: 0.9211
Epoch [182/200] Total Loss: 95.4529
Epoch [183/200] Step [0/17] Loss: 5.8855 Bio: 0.8442
Epoch [183/200] Total Loss: 96.0602
Epoch [184/200] Step [0/17] Loss: 5.7837 Bio: 1.0928
Epoch [184/200] Total Loss: 96.4971
Epoch [185/200] Step [0/17] Loss: 5.6900 Bio: 1.0159
Epoch [185/200] Total Loss: 95.4138
Epoch [186/200] Step [0/17] Loss: 5.6509 Bio: 1.0768
Epoch [186/200] Total Loss: 96.1054
Epoch [187/200] Step [0/17] Loss: 5.6920 Bio: 1.3138
Epoch [187/200] Total Loss: 95.2618
Epoch [188/200] Step [0/17] Loss: 5.7869 Bio: 1.1790
Epoch [188/200] Total Loss: 95.4441
Epoch [189/200] Step [0/17] Loss: 5.6319 Bio: 0.9871
Epoch [189/200] Total Loss: 97.3790
Epoch [190/200] Step [0/17] Loss: 5.8067 Bio: 1.0939
Epoch [190/200] Total Loss: 96.3563
Epoch [191/200] Step [0/17] Loss: 5.7987 Bio: 1.0522
Epoch [191/200] Total Loss: 94.8942
Epoch [192/200] Step [0/17] Loss: 5.7109 Bio: 1.0322
Epoch [192/200] Total Loss: 95.4231
Epoch [193/200] Step [0/17] Loss: 5.6528 Bio: 0.9286
Epoch [193/200] Total Loss: 95.3181
Epoch [194/200] Step [0/17] Loss: 5.8424 Bio: 0.9855
Epoch [194/200] Total Loss: 97.2473
Epoch [195/200] Step [0/17] Loss: 5.5848 Bio: 1.0283
Epoch [195/200] Total Loss: 95.4982
Epoch [196/200] Step [0/17] Loss: 5.7363 Bio: 1.2131
Epoch [196/200] Total Loss: 96.0986
Epoch [197/200] Step [0/17] Loss: 5.5808 Bio: 1.0650
Epoch [197/200] Total Loss: 95.5559
Epoch [198/200] Step [0/17] Loss: 5.7747 Bio: 1.0387
Epoch [198/200] Total Loss: 95.8297
Epoch [199/200] Step [0/17] Loss: 5.9151 Bio: 0.9034
Epoch [199/200] Total Loss: 95.1578
Linear training complete.
--- Linear 3plus_MYC RESULTS ---
============================================================
CLUSTERING EVALUATION
============================================================
✅ Loaded ground truth from ground_truth_BRCA.csv
   Total patients with labels: 803

📂 Loading model from save/model_combo_linear_3plus_MYC/checkpoint_200.tar...
✅ Model loaded successfully

📊 Loading data for BRCA...
[dataloader] No bio_anchor_file specified — loading omics only
✅ Data loaded successfully

🔮 Getting predictions...
✅ Predictions obtained: 1031 samples

🔍 Filtering to patients with ground truth...
   Patients with both predictions and ground truth: 803
   Final evaluation size: 803 patients

📈 Computing metrics...

============================================================
RESULTS
============================================================
ARI                 : 0.3310
NMI                 : 0.4710
V-measure           : 0.4710
============================================================

📊 Creating visualizations...
Saved confusion matrix to results/BRCA_confusion_matrix.png
Saved distribution plot to results/BRCA_cluster_distribution.png
Computing t-SNE (this may take a minute)...
Saved t-SNE plot to results/BRCA_tsne.png

💾 Saved results to results/BRCA_evaluation.csv

✅ Evaluation complete!
==============================
Running: 3plus_MAPK | dim=4
==============================
MLP Bio-Anchor Head (bio_dim -> 64 -> bio_dim)
Cancer: BRCA | bio_dim: 4 | lambda_bio: 0.1
Bio anchor file: bio_anchors_BRCA_combo_3plus_MAPK_score.csv
[dataloader] Loaded bio-anchors from bio_anchors_BRCA_combo_3plus_MAPK_score.csv: torch.Size([1031, 4])
Cluster number: 5
Epoch [0/200] Step [0/17] Loss: 7.1340 Bio: 1.0015
Epoch [0/200] Total Loss: 118.9190
Epoch [1/200] Step [0/17] Loss: 7.1447 Bio: 1.1129
Epoch [1/200] Total Loss: 118.9021
Epoch [2/200] Step [0/17] Loss: 7.1275 Bio: 1.0349
Epoch [2/200] Total Loss: 117.7469
Epoch [3/200] Step [0/17] Loss: 7.0499 Bio: 1.0580
Epoch [3/200] Total Loss: 115.9245
Epoch [4/200] Step [0/17] Loss: 6.8802 Bio: 0.9428
Epoch [4/200] Total Loss: 112.4301
Epoch [5/200] Step [0/17] Loss: 6.6534 Bio: 0.9571
Epoch [5/200] Total Loss: 111.4906
Epoch [6/200] Step [0/17] Loss: 6.6792 Bio: 1.0465
Epoch [6/200] Total Loss: 111.7652
Epoch [7/200] Step [0/17] Loss: 6.5759 Bio: 0.9839
Epoch [7/200] Total Loss: 111.2115
Epoch [8/200] Step [0/17] Loss: 6.5416 Bio: 0.9967
Epoch [8/200] Total Loss: 110.5270
Epoch [9/200] Step [0/17] Loss: 6.6357 Bio: 0.9411
Epoch [9/200] Total Loss: 111.4578
Epoch [10/200] Step [0/17] Loss: 6.7140 Bio: 0.9573
Epoch [10/200] Total Loss: 110.1548
Epoch [11/200] Step [0/17] Loss: 6.7814 Bio: 0.9100
Epoch [11/200] Total Loss: 109.7196
Epoch [12/200] Step [0/17] Loss: 6.5400 Bio: 0.8800
Epoch [12/200] Total Loss: 108.5882
Epoch [13/200] Step [0/17] Loss: 6.4438 Bio: 0.9123
Epoch [13/200] Total Loss: 108.5382
Epoch [14/200] Step [0/17] Loss: 6.4641 Bio: 0.9795
Epoch [14/200] Total Loss: 108.2503
Epoch [15/200] Step [0/17] Loss: 6.5299 Bio: 0.8554
Epoch [15/200] Total Loss: 109.0528
Epoch [16/200] Step [0/17] Loss: 6.4601 Bio: 0.8918
Epoch [16/200] Total Loss: 107.9951
Epoch [17/200] Step [0/17] Loss: 6.4365 Bio: 0.7759
Epoch [17/200] Total Loss: 108.4673
Epoch [18/200] Step [0/17] Loss: 6.4163 Bio: 0.8026
Epoch [18/200] Total Loss: 108.9835
Epoch [19/200] Step [0/17] Loss: 6.3544 Bio: 0.8323
Epoch [19/200] Total Loss: 107.1730
Epoch [20/200] Step [0/17] Loss: 6.4572 Bio: 1.0958
Epoch [20/200] Total Loss: 106.1729
Epoch [21/200] Step [0/17] Loss: 6.2245 Bio: 1.0671
Epoch [21/200] Total Loss: 106.9337
Epoch [22/200] Step [0/17] Loss: 6.3247 Bio: 0.8516
Epoch [22/200] Total Loss: 106.0380
Epoch [23/200] Step [0/17] Loss: 6.3026 Bio: 0.9091
Epoch [23/200] Total Loss: 106.9097
Epoch [24/200] Step [0/17] Loss: 6.3993 Bio: 1.0252
Epoch [24/200] Total Loss: 106.1529
Epoch [25/200] Step [0/17] Loss: 6.4508 Bio: 1.1039
Epoch [25/200] Total Loss: 106.4698
Epoch [26/200] Step [0/17] Loss: 6.1498 Bio: 0.9102
Epoch [26/200] Total Loss: 106.4302
Epoch [27/200] Step [0/17] Loss: 6.1103 Bio: 0.9225
Epoch [27/200] Total Loss: 105.6881
Epoch [28/200] Step [0/17] Loss: 6.1895 Bio: 1.0396
Epoch [28/200] Total Loss: 104.1315
Epoch [29/200] Step [0/17] Loss: 6.4128 Bio: 0.8600
Epoch [29/200] Total Loss: 104.5036
Epoch [30/200] Step [0/17] Loss: 6.3350 Bio: 0.8233
Epoch [30/200] Total Loss: 104.5366
Epoch [31/200] Step [0/17] Loss: 6.1151 Bio: 0.7573
Epoch [31/200] Total Loss: 103.6850
Epoch [32/200] Step [0/17] Loss: 6.5613 Bio: 0.9222
Epoch [32/200] Total Loss: 104.9318
Epoch [33/200] Step [0/17] Loss: 6.2355 Bio: 0.7955
Epoch [33/200] Total Loss: 104.5074
Epoch [34/200] Step [0/17] Loss: 6.0975 Bio: 0.8638
Epoch [34/200] Total Loss: 103.8605
Epoch [35/200] Step [0/17] Loss: 6.3426 Bio: 1.0717
Epoch [35/200] Total Loss: 104.6589
Epoch [36/200] Step [0/17] Loss: 6.1673 Bio: 0.9458
Epoch [36/200] Total Loss: 103.6816
Epoch [37/200] Step [0/17] Loss: 6.2089 Bio: 0.7635
Epoch [37/200] Total Loss: 105.2002
Epoch [38/200] Step [0/17] Loss: 6.1930 Bio: 0.9186
Epoch [38/200] Total Loss: 103.2167
Epoch [39/200] Step [0/17] Loss: 6.5531 Bio: 1.0072
Epoch [39/200] Total Loss: 102.9364
Epoch [40/200] Step [0/17] Loss: 5.8632 Bio: 0.8762
Epoch [40/200] Total Loss: 104.6297
Epoch [41/200] Step [0/17] Loss: 6.5356 Bio: 0.7563
Epoch [41/200] Total Loss: 103.6774
Epoch [42/200] Step [0/17] Loss: 6.1094 Bio: 0.8772
Epoch [42/200] Total Loss: 104.4221
Epoch [43/200] Step [0/17] Loss: 6.2143 Bio: 0.8928
Epoch [43/200] Total Loss: 104.7711
Epoch [44/200] Step [0/17] Loss: 5.8866 Bio: 0.9540
Epoch [44/200] Total Loss: 102.7872
Epoch [45/200] Step [0/17] Loss: 6.2667 Bio: 0.7977
Epoch [45/200] Total Loss: 102.4697
Epoch [46/200] Step [0/17] Loss: 6.1861 Bio: 0.8271
Epoch [46/200] Total Loss: 102.6915
Epoch [47/200] Step [0/17] Loss: 6.1175 Bio: 0.7794
Epoch [47/200] Total Loss: 102.9545
Epoch [48/200] Step [0/17] Loss: 6.1519 Bio: 0.8227
Epoch [48/200] Total Loss: 102.7215
Epoch [49/200] Step [0/17] Loss: 6.1608 Bio: 0.8351
Epoch [49/200] Total Loss: 102.8040
Epoch [50/200] Step [0/17] Loss: 6.2269 Bio: 0.8874
Epoch [50/200] Total Loss: 102.7841
Epoch [51/200] Step [0/17] Loss: 6.1446 Bio: 0.9267
Epoch [51/200] Total Loss: 101.7224
Epoch [52/200] Step [0/17] Loss: 6.2158 Bio: 0.8861
Epoch [52/200] Total Loss: 103.3745
Epoch [53/200] Step [0/17] Loss: 6.1569 Bio: 0.8102
Epoch [53/200] Total Loss: 101.9040
Epoch [54/200] Step [0/17] Loss: 6.4624 Bio: 0.8026
Epoch [54/200] Total Loss: 101.8871
Epoch [55/200] Step [0/17] Loss: 6.2664 Bio: 0.8762
Epoch [55/200] Total Loss: 103.6587
Epoch [56/200] Step [0/17] Loss: 5.9697 Bio: 0.9886
Epoch [56/200] Total Loss: 100.8391
Epoch [57/200] Step [0/17] Loss: 6.3255 Bio: 0.8652
Epoch [57/200] Total Loss: 102.5449
Epoch [58/200] Step [0/17] Loss: 6.0013 Bio: 0.9487
Epoch [58/200] Total Loss: 101.2432
Epoch [59/200] Step [0/17] Loss: 6.3484 Bio: 1.0485
Epoch [59/200] Total Loss: 102.3452
Epoch [60/200] Step [0/17] Loss: 5.9917 Bio: 0.8779
Epoch [60/200] Total Loss: 102.2194
Epoch [61/200] Step [0/17] Loss: 6.0004 Bio: 0.8497
Epoch [61/200] Total Loss: 100.8207
Epoch [62/200] Step [0/17] Loss: 5.9616 Bio: 0.8080
Epoch [62/200] Total Loss: 100.5508
Epoch [63/200] Step [0/17] Loss: 6.1424 Bio: 0.8311
Epoch [63/200] Total Loss: 100.9717
Epoch [64/200] Step [0/17] Loss: 6.3380 Bio: 0.8189
Epoch [64/200] Total Loss: 100.5380
Epoch [65/200] Step [0/17] Loss: 6.2515 Bio: 0.7758
Epoch [65/200] Total Loss: 101.4152
Epoch [66/200] Step [0/17] Loss: 6.0507 Bio: 0.9469
Epoch [66/200] Total Loss: 100.5270
Epoch [67/200] Step [0/17] Loss: 6.0960 Bio: 0.9249
Epoch [67/200] Total Loss: 101.2597
Epoch [68/200] Step [0/17] Loss: 5.9679 Bio: 0.8662
Epoch [68/200] Total Loss: 101.7882
Epoch [69/200] Step [0/17] Loss: 6.0625 Bio: 0.9370
Epoch [69/200] Total Loss: 100.0552
Epoch [70/200] Step [0/17] Loss: 6.0864 Bio: 0.8474
Epoch [70/200] Total Loss: 99.8381
Epoch [71/200] Step [0/17] Loss: 5.9824 Bio: 0.9050
Epoch [71/200] Total Loss: 100.3010
Epoch [72/200] Step [0/17] Loss: 6.0639 Bio: 0.8616
Epoch [72/200] Total Loss: 101.6353
Epoch [73/200] Step [0/17] Loss: 6.0005 Bio: 0.8868
Epoch [73/200] Total Loss: 100.6710
Epoch [74/200] Step [0/17] Loss: 5.8905 Bio: 0.8218
Epoch [74/200] Total Loss: 99.4372
Epoch [75/200] Step [0/17] Loss: 5.9740 Bio: 0.9988
Epoch [75/200] Total Loss: 99.7317
Epoch [76/200] Step [0/17] Loss: 6.0141 Bio: 0.9158
Epoch [76/200] Total Loss: 99.7567
Epoch [77/200] Step [0/17] Loss: 6.1089 Bio: 0.9563
Epoch [77/200] Total Loss: 100.5218
Epoch [78/200] Step [0/17] Loss: 5.8507 Bio: 0.9814
Epoch [78/200] Total Loss: 99.5223
Epoch [79/200] Step [0/17] Loss: 6.0558 Bio: 0.8575
Epoch [79/200] Total Loss: 99.7990
Epoch [80/200] Step [0/17] Loss: 5.7984 Bio: 0.7667
Epoch [80/200] Total Loss: 99.6491
Epoch [81/200] Step [0/17] Loss: 6.1835 Bio: 0.8338
Epoch [81/200] Total Loss: 100.5036
Epoch [82/200] Step [0/17] Loss: 5.8139 Bio: 0.9011
Epoch [82/200] Total Loss: 99.2484
Epoch [83/200] Step [0/17] Loss: 6.1617 Bio: 0.8240
Epoch [83/200] Total Loss: 99.4440
Epoch [84/200] Step [0/17] Loss: 5.7213 Bio: 0.9274
Epoch [84/200] Total Loss: 99.4635
Epoch [85/200] Step [0/17] Loss: 6.2648 Bio: 0.8537
Epoch [85/200] Total Loss: 99.3099
Epoch [86/200] Step [0/17] Loss: 5.9249 Bio: 0.8958
Epoch [86/200] Total Loss: 100.8963
Epoch [87/200] Step [0/17] Loss: 5.8966 Bio: 0.8379
Epoch [87/200] Total Loss: 100.4105
Epoch [88/200] Step [0/17] Loss: 5.8478 Bio: 0.8739
Epoch [88/200] Total Loss: 99.4152
Epoch [89/200] Step [0/17] Loss: 5.9706 Bio: 0.8469
Epoch [89/200] Total Loss: 99.6658
Epoch [90/200] Step [0/17] Loss: 5.7611 Bio: 0.8884
Epoch [90/200] Total Loss: 99.0775
Epoch [91/200] Step [0/17] Loss: 5.8281 Bio: 0.8154
Epoch [91/200] Total Loss: 100.0443
Epoch [92/200] Step [0/17] Loss: 5.8332 Bio: 0.8709
Epoch [92/200] Total Loss: 98.0150
Epoch [93/200] Step [0/17] Loss: 6.0597 Bio: 1.3019
Epoch [93/200] Total Loss: 98.3700
Epoch [94/200] Step [0/17] Loss: 5.8457 Bio: 0.9051
Epoch [94/200] Total Loss: 99.8974
Epoch [95/200] Step [0/17] Loss: 5.9907 Bio: 0.8324
Epoch [95/200] Total Loss: 99.3122
Epoch [96/200] Step [0/17] Loss: 5.8894 Bio: 0.8473
Epoch [96/200] Total Loss: 100.0285
Epoch [97/200] Step [0/17] Loss: 5.9136 Bio: 1.0580
Epoch [97/200] Total Loss: 97.0159
Epoch [98/200] Step [0/17] Loss: 5.9971 Bio: 0.8723
Epoch [98/200] Total Loss: 96.8053
Epoch [99/200] Step [0/17] Loss: 5.9450 Bio: 0.8691
Epoch [99/200] Total Loss: 98.7122
Epoch [100/200] Step [0/17] Loss: 6.0648 Bio: 0.8873
Epoch [100/200] Total Loss: 98.6218
Epoch [101/200] Step [0/17] Loss: 5.9264 Bio: 0.9417
Epoch [101/200] Total Loss: 96.8501
Epoch [102/200] Step [0/17] Loss: 5.9509 Bio: 0.8353
Epoch [102/200] Total Loss: 100.0371
Epoch [103/200] Step [0/17] Loss: 5.9459 Bio: 0.9031
Epoch [103/200] Total Loss: 99.0234
Epoch [104/200] Step [0/17] Loss: 5.8032 Bio: 0.8487
Epoch [104/200] Total Loss: 96.3930
Epoch [105/200] Step [0/17] Loss: 6.1315 Bio: 0.8266
Epoch [105/200] Total Loss: 98.8311
Epoch [106/200] Step [0/17] Loss: 6.1099 Bio: 0.8328
Epoch [106/200] Total Loss: 97.3905
Epoch [107/200] Step [0/17] Loss: 5.7664 Bio: 0.7922
Epoch [107/200] Total Loss: 98.3160
Epoch [108/200] Step [0/17] Loss: 5.7431 Bio: 0.8103
Epoch [108/200] Total Loss: 97.5004
Epoch [109/200] Step [0/17] Loss: 6.2019 Bio: 0.8813
Epoch [109/200] Total Loss: 97.6753
Epoch [110/200] Step [0/17] Loss: 5.8971 Bio: 0.9335
Epoch [110/200] Total Loss: 97.4771
Epoch [111/200] Step [0/17] Loss: 5.9195 Bio: 0.8277
Epoch [111/200] Total Loss: 97.7362
Epoch [112/200] Step [0/17] Loss: 6.0225 Bio: 0.8824
Epoch [112/200] Total Loss: 97.4042
Epoch [113/200] Step [0/17] Loss: 6.0480 Bio: 0.8542
Epoch [113/200] Total Loss: 97.5283
Epoch [114/200] Step [0/17] Loss: 5.7941 Bio: 0.9315
Epoch [114/200] Total Loss: 97.4570
Epoch [115/200] Step [0/17] Loss: 5.8006 Bio: 0.7769
Epoch [115/200] Total Loss: 97.6016
Epoch [116/200] Step [0/17] Loss: 5.9156 Bio: 0.9405
Epoch [116/200] Total Loss: 97.7724
Epoch [117/200] Step [0/17] Loss: 5.5838 Bio: 0.8710
Epoch [117/200] Total Loss: 97.3949
Epoch [118/200] Step [0/17] Loss: 5.8349 Bio: 0.8983
Epoch [118/200] Total Loss: 97.2558
Epoch [119/200] Step [0/17] Loss: 5.7875 Bio: 1.0323
Epoch [119/200] Total Loss: 97.5133
Epoch [120/200] Step [0/17] Loss: 5.9160 Bio: 0.8742
Epoch [120/200] Total Loss: 97.3218
Epoch [121/200] Step [0/17] Loss: 5.8447 Bio: 0.8704
Epoch [121/200] Total Loss: 97.4218
Epoch [122/200] Step [0/17] Loss: 5.6371 Bio: 0.9119
Epoch [122/200] Total Loss: 97.1912
Epoch [123/200] Step [0/17] Loss: 5.9473 Bio: 0.9181
Epoch [123/200] Total Loss: 96.6921
Epoch [124/200] Step [0/17] Loss: 6.0464 Bio: 0.8722
Epoch [124/200] Total Loss: 97.1102
Epoch [125/200] Step [0/17] Loss: 5.9683 Bio: 0.8928
Epoch [125/200] Total Loss: 97.0138
Epoch [126/200] Step [0/17] Loss: 5.8772 Bio: 0.7374
Epoch [126/200] Total Loss: 97.3183
Epoch [127/200] Step [0/17] Loss: 5.8320 Bio: 0.6782
Epoch [127/200] Total Loss: 98.3785
Epoch [128/200] Step [0/17] Loss: 5.8359 Bio: 1.1919
Epoch [128/200] Total Loss: 98.0841
Epoch [129/200] Step [0/17] Loss: 5.8802 Bio: 0.8494
Epoch [129/200] Total Loss: 96.5599
Epoch [130/200] Step [0/17] Loss: 5.5490 Bio: 0.9638
Epoch [130/200] Total Loss: 97.4366
Epoch [131/200] Step [0/17] Loss: 5.7695 Bio: 0.7715
Epoch [131/200] Total Loss: 97.0089
Epoch [132/200] Step [0/17] Loss: 5.9026 Bio: 0.8229
Epoch [132/200] Total Loss: 97.5381
Epoch [133/200] Step [0/17] Loss: 6.0140 Bio: 0.8992
Epoch [133/200] Total Loss: 98.3702
Epoch [134/200] Step [0/17] Loss: 5.6435 Bio: 1.0664
Epoch [134/200] Total Loss: 97.6854
Epoch [135/200] Step [0/17] Loss: 5.9080 Bio: 0.9226
Epoch [135/200] Total Loss: 98.0253
Epoch [136/200] Step [0/17] Loss: 5.8987 Bio: 0.7392
Epoch [136/200] Total Loss: 95.3343
Epoch [137/200] Step [0/17] Loss: 5.9920 Bio: 0.9006
Epoch [137/200] Total Loss: 97.4043
Epoch [138/200] Step [0/17] Loss: 6.0566 Bio: 0.7883
Epoch [138/200] Total Loss: 96.3749
Epoch [139/200] Step [0/17] Loss: 5.8188 Bio: 0.9253
Epoch [139/200] Total Loss: 96.5522
Epoch [140/200] Step [0/17] Loss: 6.0268 Bio: 0.8441
Epoch [140/200] Total Loss: 97.1006
Epoch [141/200] Step [0/17] Loss: 5.8636 Bio: 0.8008
Epoch [141/200] Total Loss: 97.0397
Epoch [142/200] Step [0/17] Loss: 5.6366 Bio: 0.9253
Epoch [142/200] Total Loss: 94.8682
Epoch [143/200] Step [0/17] Loss: 6.0171 Bio: 0.8017
Epoch [143/200] Total Loss: 97.6703
Epoch [144/200] Step [0/17] Loss: 5.9742 Bio: 0.8696
Epoch [144/200] Total Loss: 95.5786
Epoch [145/200] Step [0/17] Loss: 5.7214 Bio: 0.8730
Epoch [145/200] Total Loss: 96.3716
Epoch [146/200] Step [0/17] Loss: 5.6359 Bio: 0.9449
Epoch [146/200] Total Loss: 96.2832
Epoch [147/200] Step [0/17] Loss: 5.6651 Bio: 0.8506
Epoch [147/200] Total Loss: 96.6280
Epoch [148/200] Step [0/17] Loss: 5.7952 Bio: 0.8236
Epoch [148/200] Total Loss: 96.4602
Epoch [149/200] Step [0/17] Loss: 5.7648 Bio: 0.7967
Epoch [149/200] Total Loss: 96.2989
Epoch [150/200] Step [0/17] Loss: 5.8053 Bio: 0.7242
Epoch [150/200] Total Loss: 96.4465
Epoch [151/200] Step [0/17] Loss: 5.7503 Bio: 0.8463
Epoch [151/200] Total Loss: 97.1086
Epoch [152/200] Step [0/17] Loss: 5.9623 Bio: 0.9380
Epoch [152/200] Total Loss: 95.0765
Epoch [153/200] Step [0/17] Loss: 5.8485 Bio: 0.8831
Epoch [153/200] Total Loss: 96.9144
Epoch [154/200] Step [0/17] Loss: 5.7510 Bio: 0.7810
Epoch [154/200] Total Loss: 96.7812
Epoch [155/200] Step [0/17] Loss: 5.9274 Bio: 0.8225
Epoch [155/200] Total Loss: 96.7443
Epoch [156/200] Step [0/17] Loss: 5.8649 Bio: 0.9358
Epoch [156/200] Total Loss: 95.6311
Epoch [157/200] Step [0/17] Loss: 5.7543 Bio: 0.7758
Epoch [157/200] Total Loss: 95.8313
Epoch [158/200] Step [0/17] Loss: 5.9041 Bio: 0.8334
Epoch [158/200] Total Loss: 96.3150
Epoch [159/200] Step [0/17] Loss: 5.7787 Bio: 0.9201
Epoch [159/200] Total Loss: 95.7870
Epoch [160/200] Step [0/17] Loss: 5.9271 Bio: 0.8076
Epoch [160/200] Total Loss: 96.4453
Epoch [161/200] Step [0/17] Loss: 5.5877 Bio: 0.9066
Epoch [161/200] Total Loss: 96.8603
Epoch [162/200] Step [0/17] Loss: 5.7762 Bio: 0.8831
Epoch [162/200] Total Loss: 97.2423
Epoch [163/200] Step [0/17] Loss: 5.9757 Bio: 0.7677
Epoch [163/200] Total Loss: 96.3192
Epoch [164/200] Step [0/17] Loss: 5.8870 Bio: 0.8537
Epoch [164/200] Total Loss: 97.8961
Epoch [165/200] Step [0/17] Loss: 5.5243 Bio: 0.9079
Epoch [165/200] Total Loss: 95.3461
Epoch [166/200] Step [0/17] Loss: 5.7894 Bio: 1.1281
Epoch [166/200] Total Loss: 95.0763
Epoch [167/200] Step [0/17] Loss: 5.6660 Bio: 0.9131
Epoch [167/200] Total Loss: 96.8501
Epoch [168/200] Step [0/17] Loss: 5.7349 Bio: 0.9340
Epoch [168/200] Total Loss: 96.7998
Epoch [169/200] Step [0/17] Loss: 5.8322 Bio: 0.7459
Epoch [169/200] Total Loss: 95.6718
Epoch [170/200] Step [0/17] Loss: 5.9410 Bio: 0.8774
Epoch [170/200] Total Loss: 96.8719
Epoch [171/200] Step [0/17] Loss: 5.7912 Bio: 0.9543
Epoch [171/200] Total Loss: 96.7206
Epoch [172/200] Step [0/17] Loss: 5.6643 Bio: 0.6701
Epoch [172/200] Total Loss: 95.6908
Epoch [173/200] Step [0/17] Loss: 5.7115 Bio: 0.7992
Epoch [173/200] Total Loss: 95.4875
Epoch [174/200] Step [0/17] Loss: 5.5667 Bio: 1.0405
Epoch [174/200] Total Loss: 96.1982
Epoch [175/200] Step [0/17] Loss: 5.7179 Bio: 0.7243
Epoch [175/200] Total Loss: 96.2314
Epoch [176/200] Step [0/17] Loss: 5.8143 Bio: 0.9666
Epoch [176/200] Total Loss: 96.3182
Epoch [177/200] Step [0/17] Loss: 5.5179 Bio: 0.7110
Epoch [177/200] Total Loss: 95.2778
Epoch [178/200] Step [0/17] Loss: 5.9044 Bio: 0.9977
Epoch [178/200] Total Loss: 95.7535
Epoch [179/200] Step [0/17] Loss: 5.7026 Bio: 0.7637
Epoch [179/200] Total Loss: 96.5802
Epoch [180/200] Step [0/17] Loss: 5.8490 Bio: 0.8234
Epoch [180/200] Total Loss: 96.6416
Epoch [181/200] Step [0/17] Loss: 5.9288 Bio: 0.9361
Epoch [181/200] Total Loss: 96.2115
Epoch [182/200] Step [0/17] Loss: 5.6815 Bio: 0.8457
Epoch [182/200] Total Loss: 94.8395
Epoch [183/200] Step [0/17] Loss: 5.5351 Bio: 0.7691
Epoch [183/200] Total Loss: 95.8486
Epoch [184/200] Step [0/17] Loss: 5.6807 Bio: 0.8862
Epoch [184/200] Total Loss: 95.4805
Epoch [185/200] Step [0/17] Loss: 5.7458 Bio: 0.9386
Epoch [185/200] Total Loss: 96.6430
Epoch [186/200] Step [0/17] Loss: 5.7892 Bio: 0.7747
Epoch [186/200] Total Loss: 95.6801
Epoch [187/200] Step [0/17] Loss: 5.6529 Bio: 0.9051
Epoch [187/200] Total Loss: 96.8566
Epoch [188/200] Step [0/17] Loss: 5.6711 Bio: 0.9956
Epoch [188/200] Total Loss: 95.0263
Epoch [189/200] Step [0/17] Loss: 5.9378 Bio: 0.8016
Epoch [189/200] Total Loss: 95.6480
Epoch [190/200] Step [0/17] Loss: 6.1003 Bio: 0.8170
Epoch [190/200] Total Loss: 95.2545
Epoch [191/200] Step [0/17] Loss: 5.5800 Bio: 0.8633
Epoch [191/200] Total Loss: 95.6374
Epoch [192/200] Step [0/17] Loss: 5.8740 Bio: 0.9470
Epoch [192/200] Total Loss: 94.4408
Epoch [193/200] Step [0/17] Loss: 5.8263 Bio: 0.7915
Epoch [193/200] Total Loss: 96.0468
Epoch [194/200] Step [0/17] Loss: 5.5365 Bio: 0.9157
Epoch [194/200] Total Loss: 95.1559
Epoch [195/200] Step [0/17] Loss: 5.8680 Bio: 0.7991
Epoch [195/200] Total Loss: 94.9256
Epoch [196/200] Step [0/17] Loss: 5.6790 Bio: 0.7536
Epoch [196/200] Total Loss: 95.3568
Epoch [197/200] Step [0/17] Loss: 5.6213 Bio: 0.7538
Epoch [197/200] Total Loss: 95.8869
Epoch [198/200] Step [0/17] Loss: 5.6203 Bio: 0.9964
Epoch [198/200] Total Loss: 96.2976
Epoch [199/200] Step [0/17] Loss: 5.6502 Bio: 0.7631
Epoch [199/200] Total Loss: 95.6616
MLP training complete.
--- MLP 3plus_MAPK RESULTS ---
============================================================
CLUSTERING EVALUATION
============================================================
✅ Loaded ground truth from ground_truth_BRCA.csv
   Total patients with labels: 803

📂 Loading model from save/model_combo_mlp_3plus_MAPK/checkpoint_200.tar...
✅ Model loaded successfully

📊 Loading data for BRCA...
[dataloader] No bio_anchor_file specified — loading omics only
✅ Data loaded successfully

🔮 Getting predictions...
✅ Predictions obtained: 1031 samples

🔍 Filtering to patients with ground truth...
   Patients with both predictions and ground truth: 803
   Final evaluation size: 803 patients

📈 Computing metrics...

============================================================
RESULTS
============================================================
ARI                 : 0.3458
NMI                 : 0.4759
V-measure           : 0.4759
============================================================

📊 Creating visualizations...
Saved confusion matrix to results/BRCA_confusion_matrix.png
Saved distribution plot to results/BRCA_cluster_distribution.png
Computing t-SNE (this may take a minute)...
Saved t-SNE plot to results/BRCA_tsne.png

💾 Saved results to results/BRCA_evaluation.csv

✅ Evaluation complete!
Linear Bio-Anchor Head
Cancer: BRCA | bio_dim: 4 | lambda_bio: 0.1
Bio anchor file: bio_anchors_BRCA_combo_3plus_MAPK_score.csv
[dataloader] Loaded bio-anchors from bio_anchors_BRCA_combo_3plus_MAPK_score.csv: torch.Size([1031, 4])
Cluster number: 5
Epoch [0/200] Step [0/17] Loss: 7.1488 Bio: 1.1482
Epoch [0/200] Total Loss: 118.9637
Epoch [1/200] Step [0/17] Loss: 7.1328 Bio: 0.9942
Epoch [1/200] Total Loss: 118.8516
Epoch [2/200] Step [0/17] Loss: 7.1098 Bio: 0.9677
Epoch [2/200] Total Loss: 117.2569
Epoch [3/200] Step [0/17] Loss: 6.9673 Bio: 0.9513
Epoch [3/200] Total Loss: 115.1332
Epoch [4/200] Step [0/17] Loss: 6.9071 Bio: 1.0655
Epoch [4/200] Total Loss: 113.1560
Epoch [5/200] Step [0/17] Loss: 6.6668 Bio: 0.9661
Epoch [5/200] Total Loss: 112.1721
Epoch [6/200] Step [0/17] Loss: 6.8403 Bio: 1.0825
Epoch [6/200] Total Loss: 111.6944
Epoch [7/200] Step [0/17] Loss: 6.6799 Bio: 0.9448
Epoch [7/200] Total Loss: 110.8047
Epoch [8/200] Step [0/17] Loss: 6.5792 Bio: 1.0193
Epoch [8/200] Total Loss: 111.5914
Epoch [9/200] Step [0/17] Loss: 6.6855 Bio: 1.0823
Epoch [9/200] Total Loss: 110.0165
Epoch [10/200] Step [0/17] Loss: 6.5700 Bio: 1.1588
Epoch [10/200] Total Loss: 109.0934
Epoch [11/200] Step [0/17] Loss: 6.6751 Bio: 1.0429
Epoch [11/200] Total Loss: 108.5016
Epoch [12/200] Step [0/17] Loss: 6.7815 Bio: 0.9575
Epoch [12/200] Total Loss: 108.7037
Epoch [13/200] Step [0/17] Loss: 6.4755 Bio: 0.9699
Epoch [13/200] Total Loss: 108.4738
Epoch [14/200] Step [0/17] Loss: 6.6091 Bio: 1.0796
Epoch [14/200] Total Loss: 108.9074
Epoch [15/200] Step [0/17] Loss: 6.7186 Bio: 1.0252
Epoch [15/200] Total Loss: 110.1011
Epoch [16/200] Step [0/17] Loss: 6.3715 Bio: 0.9019
Epoch [16/200] Total Loss: 107.0193
Epoch [17/200] Step [0/17] Loss: 6.3960 Bio: 0.9151
Epoch [17/200] Total Loss: 107.0715
Epoch [18/200] Step [0/17] Loss: 6.6022 Bio: 0.8995
Epoch [18/200] Total Loss: 105.8284
Epoch [19/200] Step [0/17] Loss: 6.2341 Bio: 0.9495
Epoch [19/200] Total Loss: 106.8678
Epoch [20/200] Step [0/17] Loss: 6.7521 Bio: 1.0011
Epoch [20/200] Total Loss: 107.4841
Epoch [21/200] Step [0/17] Loss: 6.5955 Bio: 1.0877
Epoch [21/200] Total Loss: 105.9392
Epoch [22/200] Step [0/17] Loss: 6.2611 Bio: 1.0823
Epoch [22/200] Total Loss: 105.8705
Epoch [23/200] Step [0/17] Loss: 6.4245 Bio: 1.0243
Epoch [23/200] Total Loss: 105.2061
Epoch [24/200] Step [0/17] Loss: 6.4054 Bio: 1.1034
Epoch [24/200] Total Loss: 106.4086
Epoch [25/200] Step [0/17] Loss: 6.5038 Bio: 1.0286
Epoch [25/200] Total Loss: 105.6638
Epoch [26/200] Step [0/17] Loss: 6.3482 Bio: 1.2688
Epoch [26/200] Total Loss: 106.5010
Epoch [27/200] Step [0/17] Loss: 6.2857 Bio: 0.9137
Epoch [27/200] Total Loss: 105.0429
Epoch [28/200] Step [0/17] Loss: 6.3832 Bio: 0.9647
Epoch [28/200] Total Loss: 106.3249
Epoch [29/200] Step [0/17] Loss: 6.2387 Bio: 1.0369
Epoch [29/200] Total Loss: 106.9971
Epoch [30/200] Step [0/17] Loss: 6.2935 Bio: 1.0006
Epoch [30/200] Total Loss: 104.5749
Epoch [31/200] Step [0/17] Loss: 6.5334 Bio: 1.2146
Epoch [31/200] Total Loss: 105.5133
Epoch [32/200] Step [0/17] Loss: 6.1159 Bio: 1.0624
Epoch [32/200] Total Loss: 104.7217
Epoch [33/200] Step [0/17] Loss: 6.2420 Bio: 0.8470
Epoch [33/200] Total Loss: 104.9229
Epoch [34/200] Step [0/17] Loss: 6.1618 Bio: 0.9292
Epoch [34/200] Total Loss: 103.8751
Epoch [35/200] Step [0/17] Loss: 6.2115 Bio: 0.9555
Epoch [35/200] Total Loss: 104.6832
Epoch [36/200] Step [0/17] Loss: 6.4072 Bio: 0.9555
Epoch [36/200] Total Loss: 103.6850
Epoch [37/200] Step [0/17] Loss: 6.3345 Bio: 1.0735
Epoch [37/200] Total Loss: 104.4457
Epoch [38/200] Step [0/17] Loss: 6.0821 Bio: 1.0397
Epoch [38/200] Total Loss: 104.7589
Epoch [39/200] Step [0/17] Loss: 6.1212 Bio: 0.9461
Epoch [39/200] Total Loss: 103.2616
Epoch [40/200] Step [0/17] Loss: 6.6435 Bio: 1.0921
Epoch [40/200] Total Loss: 103.5941
Epoch [41/200] Step [0/17] Loss: 6.4010 Bio: 1.1235
Epoch [41/200] Total Loss: 103.0940
Epoch [42/200] Step [0/17] Loss: 6.1762 Bio: 0.9530
Epoch [42/200] Total Loss: 103.3440
Epoch [43/200] Step [0/17] Loss: 6.3672 Bio: 1.1742
Epoch [43/200] Total Loss: 104.5448
Epoch [44/200] Step [0/17] Loss: 6.1302 Bio: 0.9224
Epoch [44/200] Total Loss: 104.7063
Epoch [45/200] Step [0/17] Loss: 6.1949 Bio: 0.9597
Epoch [45/200] Total Loss: 104.2507
Epoch [46/200] Step [0/17] Loss: 6.1606 Bio: 1.2577
Epoch [46/200] Total Loss: 103.9307
Epoch [47/200] Step [0/17] Loss: 6.3319 Bio: 1.1386
Epoch [47/200] Total Loss: 103.4160
Epoch [48/200] Step [0/17] Loss: 6.0092 Bio: 1.0383
Epoch [48/200] Total Loss: 102.7427
Epoch [49/200] Step [0/17] Loss: 6.0687 Bio: 1.1295
Epoch [49/200] Total Loss: 103.5942
Epoch [50/200] Step [0/17] Loss: 6.3712 Bio: 1.1110
Epoch [50/200] Total Loss: 103.6460
Epoch [51/200] Step [0/17] Loss: 6.2450 Bio: 0.7798
Epoch [51/200] Total Loss: 101.5165
Epoch [52/200] Step [0/17] Loss: 5.9180 Bio: 0.8730
Epoch [52/200] Total Loss: 100.8631
Epoch [53/200] Step [0/17] Loss: 5.9591 Bio: 0.9698
Epoch [53/200] Total Loss: 102.4527
Epoch [54/200] Step [0/17] Loss: 6.4327 Bio: 0.9412
Epoch [54/200] Total Loss: 101.9550
Epoch [55/200] Step [0/17] Loss: 5.9767 Bio: 0.9835
Epoch [55/200] Total Loss: 103.1549
Epoch [56/200] Step [0/17] Loss: 5.9221 Bio: 1.1025
Epoch [56/200] Total Loss: 102.4005
Epoch [57/200] Step [0/17] Loss: 6.1068 Bio: 1.1955
Epoch [57/200] Total Loss: 101.5306
Epoch [58/200] Step [0/17] Loss: 6.1346 Bio: 1.0475
Epoch [58/200] Total Loss: 102.7524
Epoch [59/200] Step [0/17] Loss: 6.0736 Bio: 0.9330
Epoch [59/200] Total Loss: 101.7415
Epoch [60/200] Step [0/17] Loss: 5.8988 Bio: 0.9633
Epoch [60/200] Total Loss: 101.9450
Epoch [61/200] Step [0/17] Loss: 6.0415 Bio: 1.0260
Epoch [61/200] Total Loss: 101.6473
Epoch [62/200] Step [0/17] Loss: 6.0419 Bio: 0.9888
Epoch [62/200] Total Loss: 101.4262
Epoch [63/200] Step [0/17] Loss: 6.2374 Bio: 0.8718
Epoch [63/200] Total Loss: 102.1349
Epoch [64/200] Step [0/17] Loss: 6.0576 Bio: 0.8823
Epoch [64/200] Total Loss: 100.5101
Epoch [65/200] Step [0/17] Loss: 6.2105 Bio: 1.1061
Epoch [65/200] Total Loss: 101.9013
Epoch [66/200] Step [0/17] Loss: 5.9711 Bio: 0.9782
Epoch [66/200] Total Loss: 101.1666
Epoch [67/200] Step [0/17] Loss: 6.0609 Bio: 1.0772
Epoch [67/200] Total Loss: 100.1719
Epoch [68/200] Step [0/17] Loss: 5.8794 Bio: 0.9403
Epoch [68/200] Total Loss: 101.0863
Epoch [69/200] Step [0/17] Loss: 6.0280 Bio: 1.1810
Epoch [69/200] Total Loss: 100.7366
Epoch [70/200] Step [0/17] Loss: 6.0413 Bio: 0.9959
Epoch [70/200] Total Loss: 100.8194
Epoch [71/200] Step [0/17] Loss: 6.0660 Bio: 0.9675
Epoch [71/200] Total Loss: 98.9720
Epoch [72/200] Step [0/17] Loss: 6.0581 Bio: 0.9187
Epoch [72/200] Total Loss: 99.2898
Epoch [73/200] Step [0/17] Loss: 6.1304 Bio: 1.0308
Epoch [73/200] Total Loss: 100.1636
Epoch [74/200] Step [0/17] Loss: 5.9760 Bio: 1.0204
Epoch [74/200] Total Loss: 99.4148
Epoch [75/200] Step [0/17] Loss: 5.9996 Bio: 1.0891
Epoch [75/200] Total Loss: 100.5273
Epoch [76/200] Step [0/17] Loss: 6.1308 Bio: 1.0485
Epoch [76/200] Total Loss: 99.9714
Epoch [77/200] Step [0/17] Loss: 6.2352 Bio: 0.7803
Epoch [77/200] Total Loss: 99.6313
Epoch [78/200] Step [0/17] Loss: 6.0293 Bio: 1.0034
Epoch [78/200] Total Loss: 99.0910
Epoch [79/200] Step [0/17] Loss: 6.0437 Bio: 1.0108
Epoch [79/200] Total Loss: 100.6390
Epoch [80/200] Step [0/17] Loss: 5.9498 Bio: 0.9168
Epoch [80/200] Total Loss: 100.1819
Epoch [81/200] Step [0/17] Loss: 6.2074 Bio: 1.1896
Epoch [81/200] Total Loss: 99.5675
Epoch [82/200] Step [0/17] Loss: 6.0004 Bio: 0.9274
Epoch [82/200] Total Loss: 99.2310
Epoch [83/200] Step [0/17] Loss: 6.0340 Bio: 0.8781
Epoch [83/200] Total Loss: 98.8560
Epoch [84/200] Step [0/17] Loss: 5.9796 Bio: 0.8698
Epoch [84/200] Total Loss: 99.7192
Epoch [85/200] Step [0/17] Loss: 6.3014 Bio: 0.9571
Epoch [85/200] Total Loss: 98.5445
Epoch [86/200] Step [0/17] Loss: 6.0022 Bio: 1.1346
Epoch [86/200] Total Loss: 100.6411
Epoch [87/200] Step [0/17] Loss: 5.8794 Bio: 0.9334
Epoch [87/200] Total Loss: 98.4165
Epoch [88/200] Step [0/17] Loss: 5.8651 Bio: 0.8984
Epoch [88/200] Total Loss: 99.2779
Epoch [89/200] Step [0/17] Loss: 5.9595 Bio: 0.9522
Epoch [89/200] Total Loss: 100.4843
Epoch [90/200] Step [0/17] Loss: 5.9347 Bio: 0.9506
Epoch [90/200] Total Loss: 97.9690
Epoch [91/200] Step [0/17] Loss: 5.9084 Bio: 0.9606
Epoch [91/200] Total Loss: 98.6748
Epoch [92/200] Step [0/17] Loss: 5.9950 Bio: 0.9576
Epoch [92/200] Total Loss: 99.1022
Epoch [93/200] Step [0/17] Loss: 5.8563 Bio: 1.0157
Epoch [93/200] Total Loss: 97.4750
Epoch [94/200] Step [0/17] Loss: 5.7606 Bio: 0.8355
Epoch [94/200] Total Loss: 98.2833
Epoch [95/200] Step [0/17] Loss: 5.8362 Bio: 0.8497
Epoch [95/200] Total Loss: 99.0526
Epoch [96/200] Step [0/17] Loss: 5.8124 Bio: 1.1222
Epoch [96/200] Total Loss: 98.7699
Epoch [97/200] Step [0/17] Loss: 5.8110 Bio: 0.8151
Epoch [97/200] Total Loss: 98.5883
Epoch [98/200] Step [0/17] Loss: 5.7919 Bio: 1.1914
Epoch [98/200] Total Loss: 98.1628
Epoch [99/200] Step [0/17] Loss: 5.8935 Bio: 0.9225
Epoch [99/200] Total Loss: 98.8163
Epoch [100/200] Step [0/17] Loss: 5.8358 Bio: 1.1790
Epoch [100/200] Total Loss: 98.4102
Epoch [101/200] Step [0/17] Loss: 5.8946 Bio: 1.0328
Epoch [101/200] Total Loss: 97.4278
Epoch [102/200] Step [0/17] Loss: 5.6818 Bio: 1.0521
Epoch [102/200] Total Loss: 98.2204
Epoch [103/200] Step [0/17] Loss: 6.2021 Bio: 0.9037
Epoch [103/200] Total Loss: 98.2966
Epoch [104/200] Step [0/17] Loss: 5.9719 Bio: 0.9574
Epoch [104/200] Total Loss: 97.9395
Epoch [105/200] Step [0/17] Loss: 5.7622 Bio: 1.0630
Epoch [105/200] Total Loss: 98.8795
Epoch [106/200] Step [0/17] Loss: 5.9581 Bio: 0.8185
Epoch [106/200] Total Loss: 97.6466
Epoch [107/200] Step [0/17] Loss: 5.9152 Bio: 0.9860
Epoch [107/200] Total Loss: 98.4771
Epoch [108/200] Step [0/17] Loss: 6.0532 Bio: 1.3239
Epoch [108/200] Total Loss: 99.9944
Epoch [109/200] Step [0/17] Loss: 5.8408 Bio: 0.8069
Epoch [109/200] Total Loss: 97.9944
Epoch [110/200] Step [0/17] Loss: 5.8646 Bio: 1.1669
Epoch [110/200] Total Loss: 98.5835
Epoch [111/200] Step [0/17] Loss: 5.9927 Bio: 1.0662
Epoch [111/200] Total Loss: 97.4994
Epoch [112/200] Step [0/17] Loss: 5.7231 Bio: 1.0415
Epoch [112/200] Total Loss: 98.0822
Epoch [113/200] Step [0/17] Loss: 5.9772 Bio: 0.9490
Epoch [113/200] Total Loss: 99.2050
Epoch [114/200] Step [0/17] Loss: 5.8141 Bio: 0.9091
Epoch [114/200] Total Loss: 98.0159
Epoch [115/200] Step [0/17] Loss: 5.8380 Bio: 0.9819
Epoch [115/200] Total Loss: 98.0576
Epoch [116/200] Step [0/17] Loss: 6.1690 Bio: 1.1873
Epoch [116/200] Total Loss: 97.7905
Epoch [117/200] Step [0/17] Loss: 5.6487 Bio: 0.8657
Epoch [117/200] Total Loss: 97.2173
Epoch [118/200] Step [0/17] Loss: 5.8918 Bio: 0.9639
Epoch [118/200] Total Loss: 97.4877
Epoch [119/200] Step [0/17] Loss: 5.7843 Bio: 0.9746
Epoch [119/200] Total Loss: 96.6188
Epoch [120/200] Step [0/17] Loss: 5.8247 Bio: 1.0701
Epoch [120/200] Total Loss: 99.8969
Epoch [121/200] Step [0/17] Loss: 5.7698 Bio: 0.9576
Epoch [121/200] Total Loss: 97.5146
Epoch [122/200] Step [0/17] Loss: 5.8821 Bio: 0.9744
Epoch [122/200] Total Loss: 96.6654
Epoch [123/200] Step [0/17] Loss: 5.9084 Bio: 0.9799
Epoch [123/200] Total Loss: 97.5824
Epoch [124/200] Step [0/17] Loss: 5.9667 Bio: 0.9706
Epoch [124/200] Total Loss: 96.9856
Epoch [125/200] Step [0/17] Loss: 5.9667 Bio: 0.8575
Epoch [125/200] Total Loss: 97.2397
Epoch [126/200] Step [0/17] Loss: 5.9661 Bio: 0.8710
Epoch [126/200] Total Loss: 97.8964
Epoch [127/200] Step [0/17] Loss: 5.6311 Bio: 1.2717
Epoch [127/200] Total Loss: 96.0683
Epoch [128/200] Step [0/17] Loss: 5.6782 Bio: 0.9228
Epoch [128/200] Total Loss: 97.0714
Epoch [129/200] Step [0/17] Loss: 5.8163 Bio: 1.0406
Epoch [129/200] Total Loss: 96.5192
Epoch [130/200] Step [0/17] Loss: 5.9027 Bio: 0.8467
Epoch [130/200] Total Loss: 97.4688
Epoch [131/200] Step [0/17] Loss: 5.9788 Bio: 0.8500
Epoch [131/200] Total Loss: 96.2403
Epoch [132/200] Step [0/17] Loss: 5.6849 Bio: 1.0965
Epoch [132/200] Total Loss: 97.0726
Epoch [133/200] Step [0/17] Loss: 5.7493 Bio: 1.0020
Epoch [133/200] Total Loss: 98.7436
Epoch [134/200] Step [0/17] Loss: 5.6999 Bio: 0.9545
Epoch [134/200] Total Loss: 97.5268
Epoch [135/200] Step [0/17] Loss: 5.6687 Bio: 0.9904
Epoch [135/200] Total Loss: 96.4291
Epoch [136/200] Step [0/17] Loss: 5.8899 Bio: 0.9645
Epoch [136/200] Total Loss: 96.1178
Epoch [137/200] Step [0/17] Loss: 5.9419 Bio: 0.8560
Epoch [137/200] Total Loss: 97.8538
Epoch [138/200] Step [0/17] Loss: 5.6499 Bio: 1.1561
Epoch [138/200] Total Loss: 96.8134
Epoch [139/200] Step [0/17] Loss: 5.9998 Bio: 0.8249
Epoch [139/200] Total Loss: 96.6638
Epoch [140/200] Step [0/17] Loss: 5.8419 Bio: 1.3028
Epoch [140/200] Total Loss: 98.4080
Epoch [141/200] Step [0/17] Loss: 5.9740 Bio: 1.1598
Epoch [141/200] Total Loss: 99.0250
Epoch [142/200] Step [0/17] Loss: 6.0201 Bio: 0.8583
Epoch [142/200] Total Loss: 98.1360
Epoch [143/200] Step [0/17] Loss: 5.8212 Bio: 0.7590
Epoch [143/200] Total Loss: 97.9262
Epoch [144/200] Step [0/17] Loss: 5.8480 Bio: 0.8214
Epoch [144/200] Total Loss: 97.4652
Epoch [145/200] Step [0/17] Loss: 6.0458 Bio: 1.0908
Epoch [145/200] Total Loss: 96.1406
Epoch [146/200] Step [0/17] Loss: 5.6189 Bio: 1.1060
Epoch [146/200] Total Loss: 95.2609
Epoch [147/200] Step [0/17] Loss: 6.1861 Bio: 0.9225
Epoch [147/200] Total Loss: 97.0626
Epoch [148/200] Step [0/17] Loss: 5.5680 Bio: 0.9645
Epoch [148/200] Total Loss: 97.4228
Epoch [149/200] Step [0/17] Loss: 5.8023 Bio: 1.0367
Epoch [149/200] Total Loss: 96.0712
Epoch [150/200] Step [0/17] Loss: 5.7287 Bio: 1.1993
Epoch [150/200] Total Loss: 96.5624
Epoch [151/200] Step [0/17] Loss: 5.5850 Bio: 0.8482
Epoch [151/200] Total Loss: 95.3349
Epoch [152/200] Step [0/17] Loss: 6.0655 Bio: 0.9797
Epoch [152/200] Total Loss: 97.1933
Epoch [153/200] Step [0/17] Loss: 5.6155 Bio: 1.0287
Epoch [153/200] Total Loss: 96.7964
Epoch [154/200] Step [0/17] Loss: 5.7543 Bio: 0.9698
Epoch [154/200] Total Loss: 97.6970
Epoch [155/200] Step [0/17] Loss: 5.9285 Bio: 0.8995
Epoch [155/200] Total Loss: 96.0273
Epoch [156/200] Step [0/17] Loss: 5.8282 Bio: 0.9814
Epoch [156/200] Total Loss: 95.5446
Epoch [157/200] Step [0/17] Loss: 5.7363 Bio: 1.2965
Epoch [157/200] Total Loss: 97.5329
Epoch [158/200] Step [0/17] Loss: 5.6391 Bio: 0.9376
Epoch [158/200] Total Loss: 97.0602
Epoch [159/200] Step [0/17] Loss: 5.7609 Bio: 1.1233
Epoch [159/200] Total Loss: 96.7817
Epoch [160/200] Step [0/17] Loss: 5.8545 Bio: 1.0068
Epoch [160/200] Total Loss: 97.0152
Epoch [161/200] Step [0/17] Loss: 5.7321 Bio: 1.0308
Epoch [161/200] Total Loss: 95.9128
Epoch [162/200] Step [0/17] Loss: 5.7890 Bio: 0.8744
Epoch [162/200] Total Loss: 97.2909
Epoch [163/200] Step [0/17] Loss: 5.7228 Bio: 0.9443
Epoch [163/200] Total Loss: 97.7400
Epoch [164/200] Step [0/17] Loss: 5.9502 Bio: 0.8644
Epoch [164/200] Total Loss: 97.3180
Epoch [165/200] Step [0/17] Loss: 5.6068 Bio: 0.9414
Epoch [165/200] Total Loss: 96.7000
Epoch [166/200] Step [0/17] Loss: 5.7977 Bio: 1.0868
Epoch [166/200] Total Loss: 95.9844
Epoch [167/200] Step [0/17] Loss: 5.7291 Bio: 1.0317
Epoch [167/200] Total Loss: 97.3250
Epoch [168/200] Step [0/17] Loss: 5.7884 Bio: 0.9923
Epoch [168/200] Total Loss: 95.3729
Epoch [169/200] Step [0/17] Loss: 5.7254 Bio: 1.3191
Epoch [169/200] Total Loss: 96.3547
Epoch [170/200] Step [0/17] Loss: 5.5990 Bio: 1.0219
Epoch [170/200] Total Loss: 95.4592
Epoch [171/200] Step [0/17] Loss: 5.9338 Bio: 0.9221
Epoch [171/200] Total Loss: 96.5862
Epoch [172/200] Step [0/17] Loss: 5.8504 Bio: 1.0231
Epoch [172/200] Total Loss: 96.4102
Epoch [173/200] Step [0/17] Loss: 5.7252 Bio: 1.1789
Epoch [173/200] Total Loss: 96.7036
Epoch [174/200] Step [0/17] Loss: 5.6241 Bio: 1.1611
Epoch [174/200] Total Loss: 97.6841
Epoch [175/200] Step [0/17] Loss: 5.6752 Bio: 1.0492
Epoch [175/200] Total Loss: 96.5226
Epoch [176/200] Step [0/17] Loss: 5.8931 Bio: 1.0170
Epoch [176/200] Total Loss: 95.4162
Epoch [177/200] Step [0/17] Loss: 5.9759 Bio: 1.0104
Epoch [177/200] Total Loss: 95.3412
Epoch [178/200] Step [0/17] Loss: 5.8937 Bio: 0.9908
Epoch [178/200] Total Loss: 95.9630
Epoch [179/200] Step [0/17] Loss: 5.8708 Bio: 0.9268
Epoch [179/200] Total Loss: 95.2941
Epoch [180/200] Step [0/17] Loss: 5.7725 Bio: 1.0003
Epoch [180/200] Total Loss: 95.9837
Epoch [181/200] Step [0/17] Loss: 5.7044 Bio: 0.9691
Epoch [181/200] Total Loss: 94.9568
Epoch [182/200] Step [0/17] Loss: 5.6950 Bio: 0.9798
Epoch [182/200] Total Loss: 95.7980
Epoch [183/200] Step [0/17] Loss: 5.9202 Bio: 0.9159
Epoch [183/200] Total Loss: 95.9551
Epoch [184/200] Step [0/17] Loss: 5.8252 Bio: 1.0716
Epoch [184/200] Total Loss: 96.3316
Epoch [185/200] Step [0/17] Loss: 5.6405 Bio: 0.9612
Epoch [185/200] Total Loss: 95.2286
Epoch [186/200] Step [0/17] Loss: 5.6633 Bio: 1.0291
Epoch [186/200] Total Loss: 96.0039
Epoch [187/200] Step [0/17] Loss: 5.7210 Bio: 1.4036
Epoch [187/200] Total Loss: 94.9886
Epoch [188/200] Step [0/17] Loss: 5.7439 Bio: 1.0980
Epoch [188/200] Total Loss: 95.4556
Epoch [189/200] Step [0/17] Loss: 5.7129 Bio: 0.9680
Epoch [189/200] Total Loss: 97.1831
Epoch [190/200] Step [0/17] Loss: 5.7425 Bio: 1.0972
Epoch [190/200] Total Loss: 96.6129
Epoch [191/200] Step [0/17] Loss: 5.8583 Bio: 0.9829
Epoch [191/200] Total Loss: 94.7657
Epoch [192/200] Step [0/17] Loss: 5.7479 Bio: 1.1017
Epoch [192/200] Total Loss: 95.2820
Epoch [193/200] Step [0/17] Loss: 5.6940 Bio: 1.0270
Epoch [193/200] Total Loss: 94.8248
Epoch [194/200] Step [0/17] Loss: 5.9209 Bio: 0.9361
Epoch [194/200] Total Loss: 97.4249
Epoch [195/200] Step [0/17] Loss: 5.5774 Bio: 1.0033
Epoch [195/200] Total Loss: 95.4371
Epoch [196/200] Step [0/17] Loss: 5.6794 Bio: 1.1903
Epoch [196/200] Total Loss: 95.8998
Epoch [197/200] Step [0/17] Loss: 5.6327 Bio: 0.9966
Epoch [197/200] Total Loss: 94.9606
Epoch [198/200] Step [0/17] Loss: 5.6744 Bio: 0.9501
Epoch [198/200] Total Loss: 95.9033
Epoch [199/200] Step [0/17] Loss: 5.8559 Bio: 0.8277
Epoch [199/200] Total Loss: 94.8771
Linear training complete.
--- Linear 3plus_MAPK RESULTS ---
============================================================
CLUSTERING EVALUATION
============================================================
✅ Loaded ground truth from ground_truth_BRCA.csv
   Total patients with labels: 803

📂 Loading model from save/model_combo_linear_3plus_MAPK/checkpoint_200.tar...
✅ Model loaded successfully

📊 Loading data for BRCA...
[dataloader] No bio_anchor_file specified — loading omics only
✅ Data loaded successfully

🔮 Getting predictions...
✅ Predictions obtained: 1031 samples

🔍 Filtering to patients with ground truth...
   Patients with both predictions and ground truth: 803
   Final evaluation size: 803 patients

📈 Computing metrics...

============================================================
RESULTS
============================================================
ARI                 : 0.3272
NMI                 : 0.4559
V-measure           : 0.4559
============================================================

📊 Creating visualizations...
Saved confusion matrix to results/BRCA_confusion_matrix.png
Saved distribution plot to results/BRCA_cluster_distribution.png
Computing t-SNE (this may take a minute)...
Saved t-SNE plot to results/BRCA_tsne.png

💾 Saved results to results/BRCA_evaluation.csv

✅ Evaluation complete!
==============================
Running: 3plus_WNT | dim=4
==============================
MLP Bio-Anchor Head (bio_dim -> 64 -> bio_dim)
Cancer: BRCA | bio_dim: 4 | lambda_bio: 0.1
Bio anchor file: bio_anchors_BRCA_combo_3plus_WNT_score.csv
[dataloader] Loaded bio-anchors from bio_anchors_BRCA_combo_3plus_WNT_score.csv: torch.Size([1031, 4])
Cluster number: 5
Epoch [0/200] Step [0/17] Loss: 7.1382 Bio: 1.0434
Epoch [0/200] Total Loss: 118.9110
Epoch [1/200] Step [0/17] Loss: 7.1515 Bio: 1.1811
Epoch [1/200] Total Loss: 118.8234
Epoch [2/200] Step [0/17] Loss: 7.0329 Bio: 1.1324
Epoch [2/200] Total Loss: 117.9980
Epoch [3/200] Step [0/17] Loss: 7.1151 Bio: 1.0706
Epoch [3/200] Total Loss: 115.8517
Epoch [4/200] Step [0/17] Loss: 6.7416 Bio: 1.0657
Epoch [4/200] Total Loss: 112.6631
Epoch [5/200] Step [0/17] Loss: 6.7472 Bio: 1.0757
Epoch [5/200] Total Loss: 112.8382
Epoch [6/200] Step [0/17] Loss: 6.8285 Bio: 0.9845
Epoch [6/200] Total Loss: 111.8475
Epoch [7/200] Step [0/17] Loss: 6.9295 Bio: 1.0160
Epoch [7/200] Total Loss: 112.7792
Epoch [8/200] Step [0/17] Loss: 6.6630 Bio: 0.9831
Epoch [8/200] Total Loss: 110.1439
Epoch [9/200] Step [0/17] Loss: 6.7696 Bio: 0.9020
Epoch [9/200] Total Loss: 112.8801
Epoch [10/200] Step [0/17] Loss: 6.7166 Bio: 1.0951
Epoch [10/200] Total Loss: 109.7773
Epoch [11/200] Step [0/17] Loss: 6.7910 Bio: 0.9061
Epoch [11/200] Total Loss: 111.1382
Epoch [12/200] Step [0/17] Loss: 6.6173 Bio: 0.9081
Epoch [12/200] Total Loss: 109.5635
Epoch [13/200] Step [0/17] Loss: 6.4243 Bio: 0.9126
Epoch [13/200] Total Loss: 109.5850
Epoch [14/200] Step [0/17] Loss: 6.5944 Bio: 1.0157
Epoch [14/200] Total Loss: 108.4261
Epoch [15/200] Step [0/17] Loss: 6.9019 Bio: 0.9700
Epoch [15/200] Total Loss: 109.6256
Epoch [16/200] Step [0/17] Loss: 6.5086 Bio: 0.9157
Epoch [16/200] Total Loss: 107.0855
Epoch [17/200] Step [0/17] Loss: 6.3217 Bio: 0.8431
Epoch [17/200] Total Loss: 106.8282
Epoch [18/200] Step [0/17] Loss: 6.4731 Bio: 0.7844
Epoch [18/200] Total Loss: 108.5029
Epoch [19/200] Step [0/17] Loss: 6.3791 Bio: 0.8786
Epoch [19/200] Total Loss: 106.3211
Epoch [20/200] Step [0/17] Loss: 6.3162 Bio: 1.2418
Epoch [20/200] Total Loss: 106.5410
Epoch [21/200] Step [0/17] Loss: 6.1317 Bio: 1.0466
Epoch [21/200] Total Loss: 106.9824
Epoch [22/200] Step [0/17] Loss: 6.3768 Bio: 0.9270
Epoch [22/200] Total Loss: 105.4549
Epoch [23/200] Step [0/17] Loss: 6.3764 Bio: 0.9732
Epoch [23/200] Total Loss: 107.1621
Epoch [24/200] Step [0/17] Loss: 6.3559 Bio: 1.1487
Epoch [24/200] Total Loss: 107.1622
Epoch [25/200] Step [0/17] Loss: 6.5369 Bio: 1.0836
Epoch [25/200] Total Loss: 106.1156
Epoch [26/200] Step [0/17] Loss: 6.1655 Bio: 1.0327
Epoch [26/200] Total Loss: 105.2910
Epoch [27/200] Step [0/17] Loss: 6.0962 Bio: 0.9927
Epoch [27/200] Total Loss: 103.8032
Epoch [28/200] Step [0/17] Loss: 6.2378 Bio: 1.0937
Epoch [28/200] Total Loss: 105.1782
Epoch [29/200] Step [0/17] Loss: 6.2850 Bio: 0.8754
Epoch [29/200] Total Loss: 104.4307
Epoch [30/200] Step [0/17] Loss: 6.5542 Bio: 0.9425
Epoch [30/200] Total Loss: 105.6203
Epoch [31/200] Step [0/17] Loss: 6.0561 Bio: 0.9954
Epoch [31/200] Total Loss: 104.5003
Epoch [32/200] Step [0/17] Loss: 6.2502 Bio: 0.8937
Epoch [32/200] Total Loss: 104.2170
Epoch [33/200] Step [0/17] Loss: 6.0462 Bio: 0.9402
Epoch [33/200] Total Loss: 105.4356
Epoch [34/200] Step [0/17] Loss: 6.0106 Bio: 1.0374
Epoch [34/200] Total Loss: 103.7083
Epoch [35/200] Step [0/17] Loss: 6.1473 Bio: 1.1945
Epoch [35/200] Total Loss: 102.6587
Epoch [36/200] Step [0/17] Loss: 6.1164 Bio: 0.9482
Epoch [36/200] Total Loss: 103.4818
Epoch [37/200] Step [0/17] Loss: 6.0322 Bio: 0.8799
Epoch [37/200] Total Loss: 103.9784
Epoch [38/200] Step [0/17] Loss: 6.0497 Bio: 0.9968
Epoch [38/200] Total Loss: 102.7622
Epoch [39/200] Step [0/17] Loss: 6.5818 Bio: 1.0585
Epoch [39/200] Total Loss: 102.8514
Epoch [40/200] Step [0/17] Loss: 5.7870 Bio: 1.0325
Epoch [40/200] Total Loss: 102.7383
Epoch [41/200] Step [0/17] Loss: 6.3417 Bio: 0.7847
Epoch [41/200] Total Loss: 102.6255
Epoch [42/200] Step [0/17] Loss: 6.0588 Bio: 1.0137
Epoch [42/200] Total Loss: 102.5770
Epoch [43/200] Step [0/17] Loss: 6.2219 Bio: 0.9670
Epoch [43/200] Total Loss: 104.5386
Epoch [44/200] Step [0/17] Loss: 5.9038 Bio: 1.1168
Epoch [44/200] Total Loss: 103.5545
Epoch [45/200] Step [0/17] Loss: 6.1916 Bio: 0.8782
Epoch [45/200] Total Loss: 102.0099
Epoch [46/200] Step [0/17] Loss: 6.1035 Bio: 0.8630
Epoch [46/200] Total Loss: 102.1251
Epoch [47/200] Step [0/17] Loss: 6.1122 Bio: 0.9680
Epoch [47/200] Total Loss: 101.4482
Epoch [48/200] Step [0/17] Loss: 5.9836 Bio: 1.0725
Epoch [48/200] Total Loss: 101.1818
Epoch [49/200] Step [0/17] Loss: 6.1041 Bio: 0.9446
Epoch [49/200] Total Loss: 101.8837
Epoch [50/200] Step [0/17] Loss: 6.2635 Bio: 0.9593
Epoch [50/200] Total Loss: 102.1608
Epoch [51/200] Step [0/17] Loss: 6.1875 Bio: 0.9897
Epoch [51/200] Total Loss: 100.9780
Epoch [52/200] Step [0/17] Loss: 6.2127 Bio: 1.0119
Epoch [52/200] Total Loss: 101.5372
Epoch [53/200] Step [0/17] Loss: 6.0314 Bio: 0.8872
Epoch [53/200] Total Loss: 101.4562
Epoch [54/200] Step [0/17] Loss: 6.4878 Bio: 0.8785
Epoch [54/200] Total Loss: 101.4107
Epoch [55/200] Step [0/17] Loss: 6.1772 Bio: 0.9469
Epoch [55/200] Total Loss: 102.8993
Epoch [56/200] Step [0/17] Loss: 5.9552 Bio: 1.2178
Epoch [56/200] Total Loss: 100.5559
Epoch [57/200] Step [0/17] Loss: 6.3394 Bio: 0.9500
Epoch [57/200] Total Loss: 101.2007
Epoch [58/200] Step [0/17] Loss: 5.9445 Bio: 1.1505
Epoch [58/200] Total Loss: 100.7919
Epoch [59/200] Step [0/17] Loss: 6.2820 Bio: 1.1332
Epoch [59/200] Total Loss: 100.4264
Epoch [60/200] Step [0/17] Loss: 5.6974 Bio: 0.9793
Epoch [60/200] Total Loss: 100.2230
Epoch [61/200] Step [0/17] Loss: 6.0862 Bio: 1.0095
Epoch [61/200] Total Loss: 99.7750
Epoch [62/200] Step [0/17] Loss: 5.7040 Bio: 0.9356
Epoch [62/200] Total Loss: 98.8831
Epoch [63/200] Step [0/17] Loss: 6.0548 Bio: 0.8992
Epoch [63/200] Total Loss: 99.2000
Epoch [64/200] Step [0/17] Loss: 6.3170 Bio: 0.8561
Epoch [64/200] Total Loss: 98.4743
Epoch [65/200] Step [0/17] Loss: 6.2075 Bio: 0.9355
Epoch [65/200] Total Loss: 99.6559
Epoch [66/200] Step [0/17] Loss: 6.0726 Bio: 1.0240
Epoch [66/200] Total Loss: 99.6919
Epoch [67/200] Step [0/17] Loss: 6.1333 Bio: 1.0995
Epoch [67/200] Total Loss: 99.3602
Epoch [68/200] Step [0/17] Loss: 5.8766 Bio: 1.0412
Epoch [68/200] Total Loss: 100.2599
Epoch [69/200] Step [0/17] Loss: 5.9181 Bio: 0.9935
Epoch [69/200] Total Loss: 98.2414
Epoch [70/200] Step [0/17] Loss: 5.9980 Bio: 1.0747
Epoch [70/200] Total Loss: 98.6872
Epoch [71/200] Step [0/17] Loss: 5.9648 Bio: 1.0295
Epoch [71/200] Total Loss: 99.8744
Epoch [72/200] Step [0/17] Loss: 6.0311 Bio: 0.9972
Epoch [72/200] Total Loss: 100.0961
Epoch [73/200] Step [0/17] Loss: 5.8534 Bio: 1.0259
Epoch [73/200] Total Loss: 100.6278
Epoch [74/200] Step [0/17] Loss: 5.8951 Bio: 0.9570
Epoch [74/200] Total Loss: 99.1905
Epoch [75/200] Step [0/17] Loss: 6.0046 Bio: 1.1012
Epoch [75/200] Total Loss: 99.1840
Epoch [76/200] Step [0/17] Loss: 6.0144 Bio: 1.1099
Epoch [76/200] Total Loss: 98.8207
Epoch [77/200] Step [0/17] Loss: 6.1004 Bio: 0.9890
Epoch [77/200] Total Loss: 99.9602
Epoch [78/200] Step [0/17] Loss: 5.9818 Bio: 1.0475
Epoch [78/200] Total Loss: 98.9613
Epoch [79/200] Step [0/17] Loss: 6.2063 Bio: 0.9236
Epoch [79/200] Total Loss: 99.4274
Epoch [80/200] Step [0/17] Loss: 5.6697 Bio: 0.8484
Epoch [80/200] Total Loss: 98.5868
Epoch [81/200] Step [0/17] Loss: 6.2252 Bio: 0.8576
Epoch [81/200] Total Loss: 100.5496
Epoch [82/200] Step [0/17] Loss: 5.8455 Bio: 0.9110
Epoch [82/200] Total Loss: 99.1934
Epoch [83/200] Step [0/17] Loss: 6.2023 Bio: 0.8112
Epoch [83/200] Total Loss: 99.4502
Epoch [84/200] Step [0/17] Loss: 5.6865 Bio: 0.9251
Epoch [84/200] Total Loss: 99.7035
Epoch [85/200] Step [0/17] Loss: 6.1943 Bio: 0.8749
Epoch [85/200] Total Loss: 99.0134
Epoch [86/200] Step [0/17] Loss: 5.7970 Bio: 0.8722
Epoch [86/200] Total Loss: 100.6135
Epoch [87/200] Step [0/17] Loss: 5.7693 Bio: 0.8513
Epoch [87/200] Total Loss: 99.8902
Epoch [88/200] Step [0/17] Loss: 5.8540 Bio: 0.8401
Epoch [88/200] Total Loss: 99.0189
Epoch [89/200] Step [0/17] Loss: 5.9562 Bio: 0.9705
Epoch [89/200] Total Loss: 98.6273
Epoch [90/200] Step [0/17] Loss: 5.8588 Bio: 0.9653
Epoch [90/200] Total Loss: 98.3023
Epoch [91/200] Step [0/17] Loss: 5.7896 Bio: 0.8306
Epoch [91/200] Total Loss: 98.8798
Epoch [92/200] Step [0/17] Loss: 5.8781 Bio: 0.8694
Epoch [92/200] Total Loss: 97.5661
Epoch [93/200] Step [0/17] Loss: 6.0884 Bio: 1.3829
Epoch [93/200] Total Loss: 97.9469
Epoch [94/200] Step [0/17] Loss: 5.7742 Bio: 0.9751
Epoch [94/200] Total Loss: 98.2534
Epoch [95/200] Step [0/17] Loss: 6.0046 Bio: 0.8324
Epoch [95/200] Total Loss: 99.6287
Epoch [96/200] Step [0/17] Loss: 5.9049 Bio: 0.9649
Epoch [96/200] Total Loss: 98.9258
Epoch [97/200] Step [0/17] Loss: 5.7346 Bio: 1.0981
Epoch [97/200] Total Loss: 96.7704
Epoch [98/200] Step [0/17] Loss: 5.9921 Bio: 0.9275
Epoch [98/200] Total Loss: 96.3328
Epoch [99/200] Step [0/17] Loss: 5.9199 Bio: 0.8756
Epoch [99/200] Total Loss: 97.8237
Epoch [100/200] Step [0/17] Loss: 5.8326 Bio: 0.8201
Epoch [100/200] Total Loss: 97.0643
Epoch [101/200] Step [0/17] Loss: 5.8631 Bio: 0.8434
Epoch [101/200] Total Loss: 96.1905
Epoch [102/200] Step [0/17] Loss: 5.8419 Bio: 0.8981
Epoch [102/200] Total Loss: 98.3342
Epoch [103/200] Step [0/17] Loss: 5.9012 Bio: 0.9015
Epoch [103/200] Total Loss: 98.6964
Epoch [104/200] Step [0/17] Loss: 5.6885 Bio: 0.8510
Epoch [104/200] Total Loss: 95.9406
Epoch [105/200] Step [0/17] Loss: 6.0792 Bio: 0.8665
Epoch [105/200] Total Loss: 98.2057
Epoch [106/200] Step [0/17] Loss: 6.1308 Bio: 0.9336
Epoch [106/200] Total Loss: 97.3497
Epoch [107/200] Step [0/17] Loss: 5.7043 Bio: 0.8425
Epoch [107/200] Total Loss: 97.8796
Epoch [108/200] Step [0/17] Loss: 5.7035 Bio: 0.9236
Epoch [108/200] Total Loss: 97.6746
Epoch [109/200] Step [0/17] Loss: 6.0960 Bio: 0.8299
Epoch [109/200] Total Loss: 96.8588
Epoch [110/200] Step [0/17] Loss: 5.9482 Bio: 0.9799
Epoch [110/200] Total Loss: 97.7772
Epoch [111/200] Step [0/17] Loss: 5.8535 Bio: 0.7596
Epoch [111/200] Total Loss: 97.3520
Epoch [112/200] Step [0/17] Loss: 5.9055 Bio: 0.8988
Epoch [112/200] Total Loss: 97.1052
Epoch [113/200] Step [0/17] Loss: 6.1255 Bio: 0.7742
Epoch [113/200] Total Loss: 97.1348
Epoch [114/200] Step [0/17] Loss: 5.7741 Bio: 0.9768
Epoch [114/200] Total Loss: 97.4068
Epoch [115/200] Step [0/17] Loss: 5.7328 Bio: 0.8776
Epoch [115/200] Total Loss: 97.4908
Epoch [116/200] Step [0/17] Loss: 5.8146 Bio: 0.9946
Epoch [116/200] Total Loss: 97.4746
Epoch [117/200] Step [0/17] Loss: 5.6407 Bio: 0.9507
Epoch [117/200] Total Loss: 97.4552
Epoch [118/200] Step [0/17] Loss: 5.7546 Bio: 0.8943
Epoch [118/200] Total Loss: 97.1851
Epoch [119/200] Step [0/17] Loss: 5.7381 Bio: 1.0476
Epoch [119/200] Total Loss: 97.0838
Epoch [120/200] Step [0/17] Loss: 6.0174 Bio: 0.9646
Epoch [120/200] Total Loss: 97.8018
Epoch [121/200] Step [0/17] Loss: 5.9385 Bio: 0.8510
Epoch [121/200] Total Loss: 96.6932
Epoch [122/200] Step [0/17] Loss: 5.7609 Bio: 0.9577
Epoch [122/200] Total Loss: 96.5952
Epoch [123/200] Step [0/17] Loss: 5.8867 Bio: 0.8871
Epoch [123/200] Total Loss: 96.3273
Epoch [124/200] Step [0/17] Loss: 6.1226 Bio: 0.8511
Epoch [124/200] Total Loss: 97.3034
Epoch [125/200] Step [0/17] Loss: 5.9578 Bio: 0.9677
Epoch [125/200] Total Loss: 96.6686
Epoch [126/200] Step [0/17] Loss: 5.8970 Bio: 0.7633
Epoch [126/200] Total Loss: 97.3460
Epoch [127/200] Step [0/17] Loss: 5.8409 Bio: 0.7513
Epoch [127/200] Total Loss: 98.2389
Epoch [128/200] Step [0/17] Loss: 5.7304 Bio: 1.3233
Epoch [128/200] Total Loss: 98.1252
Epoch [129/200] Step [0/17] Loss: 5.8949 Bio: 0.8822
Epoch [129/200] Total Loss: 96.3493
Epoch [130/200] Step [0/17] Loss: 5.5941 Bio: 0.9764
Epoch [130/200] Total Loss: 96.7799
Epoch [131/200] Step [0/17] Loss: 5.7532 Bio: 0.8455
Epoch [131/200] Total Loss: 97.1042
Epoch [132/200] Step [0/17] Loss: 5.8868 Bio: 0.9177
Epoch [132/200] Total Loss: 98.0445
Epoch [133/200] Step [0/17] Loss: 6.0885 Bio: 0.8314
Epoch [133/200] Total Loss: 98.2327
Epoch [134/200] Step [0/17] Loss: 5.5817 Bio: 1.0275
Epoch [134/200] Total Loss: 96.9856
Epoch [135/200] Step [0/17] Loss: 5.8866 Bio: 0.9530
Epoch [135/200] Total Loss: 97.4379
Epoch [136/200] Step [0/17] Loss: 5.8350 Bio: 0.7322
Epoch [136/200] Total Loss: 96.1048
Epoch [137/200] Step [0/17] Loss: 5.9170 Bio: 0.8882
Epoch [137/200] Total Loss: 97.8962
Epoch [138/200] Step [0/17] Loss: 6.0255 Bio: 0.7765
Epoch [138/200] Total Loss: 97.0718
Epoch [139/200] Step [0/17] Loss: 5.7700 Bio: 0.9291
Epoch [139/200] Total Loss: 96.7175
Epoch [140/200] Step [0/17] Loss: 6.0590 Bio: 0.7796
Epoch [140/200] Total Loss: 97.0207
Epoch [141/200] Step [0/17] Loss: 5.8578 Bio: 0.8081
Epoch [141/200] Total Loss: 96.0768
Epoch [142/200] Step [0/17] Loss: 5.6562 Bio: 0.9317
Epoch [142/200] Total Loss: 95.0678
Epoch [143/200] Step [0/17] Loss: 5.9247 Bio: 0.7990
Epoch [143/200] Total Loss: 97.1619
Epoch [144/200] Step [0/17] Loss: 5.9364 Bio: 0.9412
Epoch [144/200] Total Loss: 95.8802
Epoch [145/200] Step [0/17] Loss: 5.5587 Bio: 0.8541
Epoch [145/200] Total Loss: 96.4463
Epoch [146/200] Step [0/17] Loss: 5.6087 Bio: 1.0066
Epoch [146/200] Total Loss: 97.3924
Epoch [147/200] Step [0/17] Loss: 5.7593 Bio: 0.8784
Epoch [147/200] Total Loss: 96.4209
Epoch [148/200] Step [0/17] Loss: 5.9293 Bio: 0.7804
Epoch [148/200] Total Loss: 96.6703
Epoch [149/200] Step [0/17] Loss: 5.7107 Bio: 0.7793
Epoch [149/200] Total Loss: 95.9271
Epoch [150/200] Step [0/17] Loss: 5.7576 Bio: 0.6807
Epoch [150/200] Total Loss: 96.2457
Epoch [151/200] Step [0/17] Loss: 5.8520 Bio: 0.9321
Epoch [151/200] Total Loss: 97.1100
Epoch [152/200] Step [0/17] Loss: 6.1025 Bio: 0.9731
Epoch [152/200] Total Loss: 95.0378
Epoch [153/200] Step [0/17] Loss: 5.7601 Bio: 0.9162
Epoch [153/200] Total Loss: 96.8031
Epoch [154/200] Step [0/17] Loss: 5.8189 Bio: 0.8278
Epoch [154/200] Total Loss: 95.8255
Epoch [155/200] Step [0/17] Loss: 5.9853 Bio: 0.8215
Epoch [155/200] Total Loss: 96.5649
Epoch [156/200] Step [0/17] Loss: 5.8589 Bio: 0.9529
Epoch [156/200] Total Loss: 95.8216
Epoch [157/200] Step [0/17] Loss: 5.7905 Bio: 0.8039
Epoch [157/200] Total Loss: 96.1873
Epoch [158/200] Step [0/17] Loss: 5.7726 Bio: 0.9313
Epoch [158/200] Total Loss: 95.8011
Epoch [159/200] Step [0/17] Loss: 5.8008 Bio: 0.8960
Epoch [159/200] Total Loss: 95.6116
Epoch [160/200] Step [0/17] Loss: 5.8255 Bio: 0.8351
Epoch [160/200] Total Loss: 96.4395
Epoch [161/200] Step [0/17] Loss: 5.5203 Bio: 0.9478
Epoch [161/200] Total Loss: 96.5594
Epoch [162/200] Step [0/17] Loss: 5.7248 Bio: 0.9679
Epoch [162/200] Total Loss: 96.2498
Epoch [163/200] Step [0/17] Loss: 5.9857 Bio: 0.8095
Epoch [163/200] Total Loss: 96.0306
Epoch [164/200] Step [0/17] Loss: 5.8357 Bio: 0.7935
Epoch [164/200] Total Loss: 97.6434
Epoch [165/200] Step [0/17] Loss: 5.4823 Bio: 0.8296
Epoch [165/200] Total Loss: 95.5844
Epoch [166/200] Step [0/17] Loss: 5.8298 Bio: 1.1719
Epoch [166/200] Total Loss: 95.0415
Epoch [167/200] Step [0/17] Loss: 5.7383 Bio: 0.9744
Epoch [167/200] Total Loss: 96.7532
Epoch [168/200] Step [0/17] Loss: 5.6741 Bio: 0.9431
Epoch [168/200] Total Loss: 96.4004
Epoch [169/200] Step [0/17] Loss: 5.7937 Bio: 0.7293
Epoch [169/200] Total Loss: 95.3897
Epoch [170/200] Step [0/17] Loss: 5.9139 Bio: 0.9304
Epoch [170/200] Total Loss: 97.5971
Epoch [171/200] Step [0/17] Loss: 5.9152 Bio: 0.9684
Epoch [171/200] Total Loss: 96.7376
Epoch [172/200] Step [0/17] Loss: 5.7396 Bio: 0.7202
Epoch [172/200] Total Loss: 96.1673
Epoch [173/200] Step [0/17] Loss: 5.7331 Bio: 0.8869
Epoch [173/200] Total Loss: 95.6551
Epoch [174/200] Step [0/17] Loss: 5.6208 Bio: 1.0405
Epoch [174/200] Total Loss: 96.1082
Epoch [175/200] Step [0/17] Loss: 5.6873 Bio: 0.8302
Epoch [175/200] Total Loss: 96.1887
Epoch [176/200] Step [0/17] Loss: 5.8678 Bio: 0.9062
Epoch [176/200] Total Loss: 96.4236
Epoch [177/200] Step [0/17] Loss: 5.6252 Bio: 0.7092
Epoch [177/200] Total Loss: 95.4610
Epoch [178/200] Step [0/17] Loss: 5.8153 Bio: 0.9859
Epoch [178/200] Total Loss: 95.9498
Epoch [179/200] Step [0/17] Loss: 5.7495 Bio: 0.8377
Epoch [179/200] Total Loss: 97.3246
Epoch [180/200] Step [0/17] Loss: 5.9151 Bio: 0.8534
Epoch [180/200] Total Loss: 97.0412
Epoch [181/200] Step [0/17] Loss: 5.8723 Bio: 0.9044
Epoch [181/200] Total Loss: 96.1078
Epoch [182/200] Step [0/17] Loss: 5.7600 Bio: 0.9186
Epoch [182/200] Total Loss: 95.7156
Epoch [183/200] Step [0/17] Loss: 5.5930 Bio: 0.8133
Epoch [183/200] Total Loss: 96.3073
Epoch [184/200] Step [0/17] Loss: 5.7540 Bio: 0.9199
Epoch [184/200] Total Loss: 95.6250
Epoch [185/200] Step [0/17] Loss: 5.7368 Bio: 0.9341
Epoch [185/200] Total Loss: 97.2248
Epoch [186/200] Step [0/17] Loss: 5.8221 Bio: 0.8231
Epoch [186/200] Total Loss: 95.7219
Epoch [187/200] Step [0/17] Loss: 5.5868 Bio: 0.8169
Epoch [187/200] Total Loss: 96.9411
Epoch [188/200] Step [0/17] Loss: 5.7111 Bio: 1.0722
Epoch [188/200] Total Loss: 95.0942
Epoch [189/200] Step [0/17] Loss: 5.8850 Bio: 0.7846
Epoch [189/200] Total Loss: 95.5566
Epoch [190/200] Step [0/17] Loss: 6.1060 Bio: 0.8777
Epoch [190/200] Total Loss: 95.3324
Epoch [191/200] Step [0/17] Loss: 5.6337 Bio: 0.8722
Epoch [191/200] Total Loss: 96.4750
Epoch [192/200] Step [0/17] Loss: 5.8126 Bio: 0.9322
Epoch [192/200] Total Loss: 94.8313
Epoch [193/200] Step [0/17] Loss: 5.7207 Bio: 0.8457
Epoch [193/200] Total Loss: 96.2262
Epoch [194/200] Step [0/17] Loss: 5.6430 Bio: 0.9838
Epoch [194/200] Total Loss: 95.2288
Epoch [195/200] Step [0/17] Loss: 5.7925 Bio: 0.7747
Epoch [195/200] Total Loss: 95.2502
Epoch [196/200] Step [0/17] Loss: 5.6243 Bio: 0.8801
Epoch [196/200] Total Loss: 94.8884
Epoch [197/200] Step [0/17] Loss: 5.6861 Bio: 0.7784
Epoch [197/200] Total Loss: 96.4138
Epoch [198/200] Step [0/17] Loss: 5.6926 Bio: 0.9408
Epoch [198/200] Total Loss: 95.9000
Epoch [199/200] Step [0/17] Loss: 5.6208 Bio: 0.8813
Epoch [199/200] Total Loss: 95.1972
MLP training complete.
--- MLP 3plus_WNT RESULTS ---
============================================================
CLUSTERING EVALUATION
============================================================
✅ Loaded ground truth from ground_truth_BRCA.csv
   Total patients with labels: 803

📂 Loading model from save/model_combo_mlp_3plus_WNT/checkpoint_200.tar...
✅ Model loaded successfully

📊 Loading data for BRCA...
[dataloader] No bio_anchor_file specified — loading omics only
✅ Data loaded successfully

🔮 Getting predictions...
✅ Predictions obtained: 1031 samples

🔍 Filtering to patients with ground truth...
   Patients with both predictions and ground truth: 803
   Final evaluation size: 803 patients

📈 Computing metrics...

============================================================
RESULTS
============================================================
ARI                 : 0.3462
NMI                 : 0.4781
V-measure           : 0.4781
============================================================

📊 Creating visualizations...
Saved confusion matrix to results/BRCA_confusion_matrix.png
Saved distribution plot to results/BRCA_cluster_distribution.png
Computing t-SNE (this may take a minute)...
Saved t-SNE plot to results/BRCA_tsne.png

💾 Saved results to results/BRCA_evaluation.csv

✅ Evaluation complete!
Linear Bio-Anchor Head
Cancer: BRCA | bio_dim: 4 | lambda_bio: 0.1
Bio anchor file: bio_anchors_BRCA_combo_3plus_WNT_score.csv
[dataloader] Loaded bio-anchors from bio_anchors_BRCA_combo_3plus_WNT_score.csv: torch.Size([1031, 4])
Cluster number: 5
Epoch [0/200] Step [0/17] Loss: 7.1403 Bio: 1.0638
Epoch [0/200] Total Loss: 118.9235
Epoch [1/200] Step [0/17] Loss: 7.1301 Bio: 0.9665
Epoch [1/200] Total Loss: 118.6465
Epoch [2/200] Step [0/17] Loss: 7.0335 Bio: 0.9503
Epoch [2/200] Total Loss: 117.7494
Epoch [3/200] Step [0/17] Loss: 6.9591 Bio: 0.9223
Epoch [3/200] Total Loss: 115.5301
Epoch [4/200] Step [0/17] Loss: 6.8779 Bio: 1.0301
Epoch [4/200] Total Loss: 112.3462
Epoch [5/200] Step [0/17] Loss: 6.7004 Bio: 1.0147
Epoch [5/200] Total Loss: 111.3889
Epoch [6/200] Step [0/17] Loss: 6.6393 Bio: 1.0329
Epoch [6/200] Total Loss: 111.0013
Epoch [7/200] Step [0/17] Loss: 6.8426 Bio: 0.9340
Epoch [7/200] Total Loss: 110.5821
Epoch [8/200] Step [0/17] Loss: 6.5691 Bio: 1.0001
Epoch [8/200] Total Loss: 111.4437
Epoch [9/200] Step [0/17] Loss: 6.6263 Bio: 1.0953
Epoch [9/200] Total Loss: 109.8885
Epoch [10/200] Step [0/17] Loss: 6.5492 Bio: 1.0885
Epoch [10/200] Total Loss: 109.3675
Epoch [11/200] Step [0/17] Loss: 6.8133 Bio: 1.0030
Epoch [11/200] Total Loss: 109.1930
Epoch [12/200] Step [0/17] Loss: 6.8068 Bio: 0.8805
Epoch [12/200] Total Loss: 109.1455
Epoch [13/200] Step [0/17] Loss: 6.4967 Bio: 1.0765
Epoch [13/200] Total Loss: 109.8186
Epoch [14/200] Step [0/17] Loss: 6.5193 Bio: 1.0881
Epoch [14/200] Total Loss: 108.6563
Epoch [15/200] Step [0/17] Loss: 6.6816 Bio: 1.0014
Epoch [15/200] Total Loss: 109.1466
Epoch [16/200] Step [0/17] Loss: 6.4321 Bio: 0.9953
Epoch [16/200] Total Loss: 108.1969
Epoch [17/200] Step [0/17] Loss: 6.4644 Bio: 0.9753
Epoch [17/200] Total Loss: 106.7542
Epoch [18/200] Step [0/17] Loss: 6.6041 Bio: 0.9260
Epoch [18/200] Total Loss: 108.9291
Epoch [19/200] Step [0/17] Loss: 6.4483 Bio: 1.0364
Epoch [19/200] Total Loss: 108.1151
Epoch [20/200] Step [0/17] Loss: 6.8155 Bio: 0.9594
Epoch [20/200] Total Loss: 106.6479
Epoch [21/200] Step [0/17] Loss: 6.4525 Bio: 1.1288
Epoch [21/200] Total Loss: 105.3997
Epoch [22/200] Step [0/17] Loss: 6.3949 Bio: 1.0907
Epoch [22/200] Total Loss: 106.5048
Epoch [23/200] Step [0/17] Loss: 6.4344 Bio: 0.9832
Epoch [23/200] Total Loss: 106.1729
Epoch [24/200] Step [0/17] Loss: 6.4279 Bio: 1.0312
Epoch [24/200] Total Loss: 106.2885
Epoch [25/200] Step [0/17] Loss: 6.3840 Bio: 0.9162
Epoch [25/200] Total Loss: 106.0293
Epoch [26/200] Step [0/17] Loss: 6.4611 Bio: 1.1840
Epoch [26/200] Total Loss: 105.6880
Epoch [27/200] Step [0/17] Loss: 6.4535 Bio: 0.9481
Epoch [27/200] Total Loss: 105.7935
Epoch [28/200] Step [0/17] Loss: 6.3741 Bio: 0.9356
Epoch [28/200] Total Loss: 105.6040
Epoch [29/200] Step [0/17] Loss: 6.2870 Bio: 1.0714
Epoch [29/200] Total Loss: 107.4065
Epoch [30/200] Step [0/17] Loss: 6.2231 Bio: 1.0197
Epoch [30/200] Total Loss: 104.4492
Epoch [31/200] Step [0/17] Loss: 6.4167 Bio: 1.1115
Epoch [31/200] Total Loss: 105.4292
Epoch [32/200] Step [0/17] Loss: 6.4640 Bio: 1.0748
Epoch [32/200] Total Loss: 104.4064
Epoch [33/200] Step [0/17] Loss: 6.2795 Bio: 0.8295
Epoch [33/200] Total Loss: 104.7226
Epoch [34/200] Step [0/17] Loss: 6.1805 Bio: 0.9697
Epoch [34/200] Total Loss: 105.3078
Epoch [35/200] Step [0/17] Loss: 6.3392 Bio: 0.8697
Epoch [35/200] Total Loss: 104.8971
Epoch [36/200] Step [0/17] Loss: 6.3753 Bio: 1.0374
Epoch [36/200] Total Loss: 103.8866
Epoch [37/200] Step [0/17] Loss: 6.3184 Bio: 1.1395
Epoch [37/200] Total Loss: 104.7695
Epoch [38/200] Step [0/17] Loss: 6.2240 Bio: 1.0737
Epoch [38/200] Total Loss: 103.8554
Epoch [39/200] Step [0/17] Loss: 6.1433 Bio: 1.0241
Epoch [39/200] Total Loss: 104.8409
Epoch [40/200] Step [0/17] Loss: 6.5002 Bio: 1.1624
Epoch [40/200] Total Loss: 103.8417
Epoch [41/200] Step [0/17] Loss: 6.2061 Bio: 1.1244
Epoch [41/200] Total Loss: 103.3330
Epoch [42/200] Step [0/17] Loss: 6.0664 Bio: 0.9879
Epoch [42/200] Total Loss: 103.5835
Epoch [43/200] Step [0/17] Loss: 6.3680 Bio: 1.0670
Epoch [43/200] Total Loss: 105.4261
Epoch [44/200] Step [0/17] Loss: 6.2501 Bio: 0.8507
Epoch [44/200] Total Loss: 104.8974
Epoch [45/200] Step [0/17] Loss: 6.2416 Bio: 0.9539
Epoch [45/200] Total Loss: 104.0526
Epoch [46/200] Step [0/17] Loss: 6.1908 Bio: 1.3398
Epoch [46/200] Total Loss: 103.7337
Epoch [47/200] Step [0/17] Loss: 6.2676 Bio: 1.1163
Epoch [47/200] Total Loss: 103.5249
Epoch [48/200] Step [0/17] Loss: 6.1722 Bio: 0.8794
Epoch [48/200] Total Loss: 103.1792
Epoch [49/200] Step [0/17] Loss: 6.1590 Bio: 1.1478
Epoch [49/200] Total Loss: 104.3600
Epoch [50/200] Step [0/17] Loss: 6.2752 Bio: 1.1447
Epoch [50/200] Total Loss: 104.0156
Epoch [51/200] Step [0/17] Loss: 6.3660 Bio: 0.7848
Epoch [51/200] Total Loss: 102.1440
Epoch [52/200] Step [0/17] Loss: 5.8833 Bio: 0.9811
Epoch [52/200] Total Loss: 101.6328
Epoch [53/200] Step [0/17] Loss: 6.0654 Bio: 1.0240
Epoch [53/200] Total Loss: 102.8668
Epoch [54/200] Step [0/17] Loss: 6.3125 Bio: 1.0065
Epoch [54/200] Total Loss: 102.9209
Epoch [55/200] Step [0/17] Loss: 6.0633 Bio: 0.9966
Epoch [55/200] Total Loss: 103.3165
Epoch [56/200] Step [0/17] Loss: 5.9481 Bio: 1.0173
Epoch [56/200] Total Loss: 102.7986
Epoch [57/200] Step [0/17] Loss: 6.1731 Bio: 1.1151
Epoch [57/200] Total Loss: 101.5033
Epoch [58/200] Step [0/17] Loss: 6.0887 Bio: 1.0167
Epoch [58/200] Total Loss: 102.8934
Epoch [59/200] Step [0/17] Loss: 6.1397 Bio: 0.9130
Epoch [59/200] Total Loss: 101.8124
Epoch [60/200] Step [0/17] Loss: 6.0258 Bio: 0.9791
Epoch [60/200] Total Loss: 101.8960
Epoch [61/200] Step [0/17] Loss: 5.9656 Bio: 1.1016
Epoch [61/200] Total Loss: 101.9764
Epoch [62/200] Step [0/17] Loss: 6.0572 Bio: 0.9539
Epoch [62/200] Total Loss: 101.2047
Epoch [63/200] Step [0/17] Loss: 6.3734 Bio: 1.0147
Epoch [63/200] Total Loss: 101.9147
Epoch [64/200] Step [0/17] Loss: 6.1559 Bio: 0.9784
Epoch [64/200] Total Loss: 101.3399
Epoch [65/200] Step [0/17] Loss: 6.3523 Bio: 1.2236
Epoch [65/200] Total Loss: 102.5970
Epoch [66/200] Step [0/17] Loss: 5.9890 Bio: 1.1579
Epoch [66/200] Total Loss: 102.6652
Epoch [67/200] Step [0/17] Loss: 6.0522 Bio: 1.0295
Epoch [67/200] Total Loss: 101.1719
Epoch [68/200] Step [0/17] Loss: 5.9227 Bio: 1.0890
Epoch [68/200] Total Loss: 101.1663
Epoch [69/200] Step [0/17] Loss: 5.9912 Bio: 1.0800
Epoch [69/200] Total Loss: 100.9285
Epoch [70/200] Step [0/17] Loss: 6.0495 Bio: 0.9803
Epoch [70/200] Total Loss: 102.1733
Epoch [71/200] Step [0/17] Loss: 6.0199 Bio: 0.9122
Epoch [71/200] Total Loss: 99.3353
Epoch [72/200] Step [0/17] Loss: 6.1331 Bio: 0.8691
Epoch [72/200] Total Loss: 99.3922
Epoch [73/200] Step [0/17] Loss: 6.1335 Bio: 1.0763
Epoch [73/200] Total Loss: 101.0026
Epoch [74/200] Step [0/17] Loss: 5.9245 Bio: 1.0086
Epoch [74/200] Total Loss: 100.1982
Epoch [75/200] Step [0/17] Loss: 6.0794 Bio: 1.2013
Epoch [75/200] Total Loss: 101.1346
Epoch [76/200] Step [0/17] Loss: 6.0842 Bio: 1.1273
Epoch [76/200] Total Loss: 100.5097
Epoch [77/200] Step [0/17] Loss: 6.2220 Bio: 0.9224
Epoch [77/200] Total Loss: 99.9204
Epoch [78/200] Step [0/17] Loss: 6.1072 Bio: 0.9006
Epoch [78/200] Total Loss: 99.2332
Epoch [79/200] Step [0/17] Loss: 5.8256 Bio: 1.0523
Epoch [79/200] Total Loss: 100.4459
Epoch [80/200] Step [0/17] Loss: 5.9456 Bio: 0.8107
Epoch [80/200] Total Loss: 101.4994
Epoch [81/200] Step [0/17] Loss: 6.2366 Bio: 1.2899
Epoch [81/200] Total Loss: 99.6759
Epoch [82/200] Step [0/17] Loss: 6.0509 Bio: 0.9621
Epoch [82/200] Total Loss: 99.7530
Epoch [83/200] Step [0/17] Loss: 6.1466 Bio: 0.9199
Epoch [83/200] Total Loss: 100.0731
Epoch [84/200] Step [0/17] Loss: 5.9294 Bio: 0.8901
Epoch [84/200] Total Loss: 99.9519
Epoch [85/200] Step [0/17] Loss: 6.1645 Bio: 0.9813
Epoch [85/200] Total Loss: 98.6705
Epoch [86/200] Step [0/17] Loss: 6.0919 Bio: 1.1569
Epoch [86/200] Total Loss: 100.5789
Epoch [87/200] Step [0/17] Loss: 5.9194 Bio: 1.0326
Epoch [87/200] Total Loss: 99.0287
Epoch [88/200] Step [0/17] Loss: 5.9712 Bio: 0.9162
Epoch [88/200] Total Loss: 99.8188
Epoch [89/200] Step [0/17] Loss: 5.9878 Bio: 0.9512
Epoch [89/200] Total Loss: 100.1669
Epoch [90/200] Step [0/17] Loss: 6.0609 Bio: 0.9353
Epoch [90/200] Total Loss: 98.7570
Epoch [91/200] Step [0/17] Loss: 5.9644 Bio: 0.9361
Epoch [91/200] Total Loss: 99.8683
Epoch [92/200] Step [0/17] Loss: 5.9748 Bio: 0.8346
Epoch [92/200] Total Loss: 100.0518
Epoch [93/200] Step [0/17] Loss: 5.8666 Bio: 1.0228
Epoch [93/200] Total Loss: 98.0434
Epoch [94/200] Step [0/17] Loss: 5.9099 Bio: 0.9229
Epoch [94/200] Total Loss: 97.7576
Epoch [95/200] Step [0/17] Loss: 5.9296 Bio: 0.8371
Epoch [95/200] Total Loss: 98.7956
Epoch [96/200] Step [0/17] Loss: 5.9037 Bio: 1.0612
Epoch [96/200] Total Loss: 99.2485
Epoch [97/200] Step [0/17] Loss: 5.8484 Bio: 0.8520
Epoch [97/200] Total Loss: 98.7327
Epoch [98/200] Step [0/17] Loss: 5.8690 Bio: 1.1377
Epoch [98/200] Total Loss: 98.0602
Epoch [99/200] Step [0/17] Loss: 5.8037 Bio: 0.9343
Epoch [99/200] Total Loss: 97.7883
Epoch [100/200] Step [0/17] Loss: 5.8465 Bio: 1.0883
Epoch [100/200] Total Loss: 98.2987
Epoch [101/200] Step [0/17] Loss: 6.0104 Bio: 0.9590
Epoch [101/200] Total Loss: 97.1852
Epoch [102/200] Step [0/17] Loss: 5.7116 Bio: 1.1174
Epoch [102/200] Total Loss: 98.5592
Epoch [103/200] Step [0/17] Loss: 6.2524 Bio: 0.8953
Epoch [103/200] Total Loss: 98.3368
Epoch [104/200] Step [0/17] Loss: 6.0523 Bio: 0.9655
Epoch [104/200] Total Loss: 98.4613
Epoch [105/200] Step [0/17] Loss: 5.7030 Bio: 0.9740
Epoch [105/200] Total Loss: 99.5634
Epoch [106/200] Step [0/17] Loss: 5.9803 Bio: 0.8076
Epoch [106/200] Total Loss: 98.3640
Epoch [107/200] Step [0/17] Loss: 6.0594 Bio: 0.9270
Epoch [107/200] Total Loss: 98.8165
Epoch [108/200] Step [0/17] Loss: 6.0641 Bio: 1.3099
Epoch [108/200] Total Loss: 100.1909
Epoch [109/200] Step [0/17] Loss: 5.8798 Bio: 0.8299
Epoch [109/200] Total Loss: 98.2181
Epoch [110/200] Step [0/17] Loss: 5.8087 Bio: 1.1509
Epoch [110/200] Total Loss: 99.0499
Epoch [111/200] Step [0/17] Loss: 6.0372 Bio: 1.1588
Epoch [111/200] Total Loss: 98.4312
Epoch [112/200] Step [0/17] Loss: 5.6841 Bio: 1.0401
Epoch [112/200] Total Loss: 97.8321
Epoch [113/200] Step [0/17] Loss: 5.8936 Bio: 0.9031
Epoch [113/200] Total Loss: 99.5685
Epoch [114/200] Step [0/17] Loss: 5.7682 Bio: 0.9133
Epoch [114/200] Total Loss: 98.7449
Epoch [115/200] Step [0/17] Loss: 5.7868 Bio: 0.9073
Epoch [115/200] Total Loss: 98.4063
Epoch [116/200] Step [0/17] Loss: 6.0806 Bio: 1.0740
Epoch [116/200] Total Loss: 98.0877
Epoch [117/200] Step [0/17] Loss: 5.7196 Bio: 1.0450
Epoch [117/200] Total Loss: 97.2282
Epoch [118/200] Step [0/17] Loss: 5.9036 Bio: 0.9060
Epoch [118/200] Total Loss: 97.2440
Epoch [119/200] Step [0/17] Loss: 5.7773 Bio: 0.9248
Epoch [119/200] Total Loss: 96.9457
Epoch [120/200] Step [0/17] Loss: 5.9198 Bio: 1.1110
Epoch [120/200] Total Loss: 99.7571
Epoch [121/200] Step [0/17] Loss: 5.8279 Bio: 0.9412
Epoch [121/200] Total Loss: 97.6183
Epoch [122/200] Step [0/17] Loss: 5.8713 Bio: 0.9362
Epoch [122/200] Total Loss: 96.6266
Epoch [123/200] Step [0/17] Loss: 5.9806 Bio: 1.0539
Epoch [123/200] Total Loss: 97.6309
Epoch [124/200] Step [0/17] Loss: 5.7389 Bio: 0.9903
Epoch [124/200] Total Loss: 96.6743
Epoch [125/200] Step [0/17] Loss: 5.8784 Bio: 0.8677
Epoch [125/200] Total Loss: 96.5771
Epoch [126/200] Step [0/17] Loss: 5.9076 Bio: 0.8419
Epoch [126/200] Total Loss: 98.0986
Epoch [127/200] Step [0/17] Loss: 5.6273 Bio: 1.2406
Epoch [127/200] Total Loss: 95.6564
Epoch [128/200] Step [0/17] Loss: 5.6816 Bio: 0.8691
Epoch [128/200] Total Loss: 97.2102
Epoch [129/200] Step [0/17] Loss: 5.8179 Bio: 1.0303
Epoch [129/200] Total Loss: 96.3964
Epoch [130/200] Step [0/17] Loss: 5.8679 Bio: 0.7858
Epoch [130/200] Total Loss: 97.8722
Epoch [131/200] Step [0/17] Loss: 5.9879 Bio: 0.8626
Epoch [131/200] Total Loss: 97.0667
Epoch [132/200] Step [0/17] Loss: 5.6913 Bio: 0.9737
Epoch [132/200] Total Loss: 97.7392
Epoch [133/200] Step [0/17] Loss: 5.7707 Bio: 0.9825
Epoch [133/200] Total Loss: 99.1146
Epoch [134/200] Step [0/17] Loss: 5.7439 Bio: 0.8626
Epoch [134/200] Total Loss: 97.5181
Epoch [135/200] Step [0/17] Loss: 5.6306 Bio: 1.0054
Epoch [135/200] Total Loss: 96.4539
Epoch [136/200] Step [0/17] Loss: 5.8716 Bio: 0.9468
Epoch [136/200] Total Loss: 95.8278
Epoch [137/200] Step [0/17] Loss: 5.8681 Bio: 0.7206
Epoch [137/200] Total Loss: 97.3344
Epoch [138/200] Step [0/17] Loss: 5.6022 Bio: 1.0462
Epoch [138/200] Total Loss: 96.3927
Epoch [139/200] Step [0/17] Loss: 6.0557 Bio: 0.8426
Epoch [139/200] Total Loss: 96.9273
Epoch [140/200] Step [0/17] Loss: 5.9842 Bio: 1.1977
Epoch [140/200] Total Loss: 97.6601
Epoch [141/200] Step [0/17] Loss: 5.9429 Bio: 0.9845
Epoch [141/200] Total Loss: 98.0806
Epoch [142/200] Step [0/17] Loss: 6.0171 Bio: 0.7755
Epoch [142/200] Total Loss: 97.4512
Epoch [143/200] Step [0/17] Loss: 5.7989 Bio: 0.8476
Epoch [143/200] Total Loss: 97.8659
Epoch [144/200] Step [0/17] Loss: 5.8232 Bio: 0.8175
Epoch [144/200] Total Loss: 96.4667
Epoch [145/200] Step [0/17] Loss: 5.9488 Bio: 1.0281
Epoch [145/200] Total Loss: 96.0005
Epoch [146/200] Step [0/17] Loss: 5.7286 Bio: 1.0119
Epoch [146/200] Total Loss: 95.3262
Epoch [147/200] Step [0/17] Loss: 6.1810 Bio: 0.8770
Epoch [147/200] Total Loss: 97.0676
Epoch [148/200] Step [0/17] Loss: 5.6195 Bio: 0.9261
Epoch [148/200] Total Loss: 97.4000
Epoch [149/200] Step [0/17] Loss: 5.8783 Bio: 0.9790
Epoch [149/200] Total Loss: 96.1778
Epoch [150/200] Step [0/17] Loss: 5.9541 Bio: 1.2142
Epoch [150/200] Total Loss: 96.7262
Epoch [151/200] Step [0/17] Loss: 5.6024 Bio: 0.8249
Epoch [151/200] Total Loss: 95.0725
Epoch [152/200] Step [0/17] Loss: 5.9819 Bio: 0.8402
Epoch [152/200] Total Loss: 96.9128
Epoch [153/200] Step [0/17] Loss: 5.6753 Bio: 1.1099
Epoch [153/200] Total Loss: 97.0719
Epoch [154/200] Step [0/17] Loss: 5.7205 Bio: 0.8564
Epoch [154/200] Total Loss: 97.8698
Epoch [155/200] Step [0/17] Loss: 6.0109 Bio: 0.8903
Epoch [155/200] Total Loss: 96.3659
Epoch [156/200] Step [0/17] Loss: 5.8645 Bio: 0.9656
Epoch [156/200] Total Loss: 95.4281
Epoch [157/200] Step [0/17] Loss: 5.6957 Bio: 1.2294
Epoch [157/200] Total Loss: 97.1695
Epoch [158/200] Step [0/17] Loss: 5.6618 Bio: 1.0054
Epoch [158/200] Total Loss: 97.5013
Epoch [159/200] Step [0/17] Loss: 5.7438 Bio: 1.0383
Epoch [159/200] Total Loss: 96.9167
Epoch [160/200] Step [0/17] Loss: 5.8095 Bio: 0.9978
Epoch [160/200] Total Loss: 96.9671
Epoch [161/200] Step [0/17] Loss: 5.6543 Bio: 0.8743
Epoch [161/200] Total Loss: 96.0397
Epoch [162/200] Step [0/17] Loss: 5.7062 Bio: 0.7440
Epoch [162/200] Total Loss: 96.6291
Epoch [163/200] Step [0/17] Loss: 5.7033 Bio: 0.9113
Epoch [163/200] Total Loss: 98.2527
Epoch [164/200] Step [0/17] Loss: 6.0012 Bio: 0.8212
Epoch [164/200] Total Loss: 97.6280
Epoch [165/200] Step [0/17] Loss: 5.5413 Bio: 0.8360
Epoch [165/200] Total Loss: 96.2390
Epoch [166/200] Step [0/17] Loss: 5.8715 Bio: 0.9759
Epoch [166/200] Total Loss: 96.2310
Epoch [167/200] Step [0/17] Loss: 5.6369 Bio: 1.0006
Epoch [167/200] Total Loss: 96.6252
Epoch [168/200] Step [0/17] Loss: 5.8085 Bio: 0.8827
Epoch [168/200] Total Loss: 95.7660
Epoch [169/200] Step [0/17] Loss: 5.6695 Bio: 1.0325
Epoch [169/200] Total Loss: 96.8354
Epoch [170/200] Step [0/17] Loss: 5.6454 Bio: 0.9578
Epoch [170/200] Total Loss: 95.7929
Epoch [171/200] Step [0/17] Loss: 5.9419 Bio: 0.8512
Epoch [171/200] Total Loss: 97.2269
Epoch [172/200] Step [0/17] Loss: 5.8637 Bio: 0.8846
Epoch [172/200] Total Loss: 96.8043
Epoch [173/200] Step [0/17] Loss: 5.7332 Bio: 1.1230
Epoch [173/200] Total Loss: 97.2854
Epoch [174/200] Step [0/17] Loss: 5.6094 Bio: 1.0392
Epoch [174/200] Total Loss: 97.2471
Epoch [175/200] Step [0/17] Loss: 5.7855 Bio: 1.1387
Epoch [175/200] Total Loss: 96.4643
Epoch [176/200] Step [0/17] Loss: 5.9495 Bio: 1.0124
Epoch [176/200] Total Loss: 95.0762
Epoch [177/200] Step [0/17] Loss: 5.8996 Bio: 0.8983
Epoch [177/200] Total Loss: 95.6415
Epoch [178/200] Step [0/17] Loss: 5.8846 Bio: 0.8807
Epoch [178/200] Total Loss: 96.2627
Epoch [179/200] Step [0/17] Loss: 5.8328 Bio: 0.8232
Epoch [179/200] Total Loss: 95.3531
Epoch [180/200] Step [0/17] Loss: 5.7043 Bio: 0.8080
Epoch [180/200] Total Loss: 96.1078
Epoch [181/200] Step [0/17] Loss: 5.7600 Bio: 0.9253
Epoch [181/200] Total Loss: 95.5085
Epoch [182/200] Step [0/17] Loss: 5.6939 Bio: 0.8271
Epoch [182/200] Total Loss: 95.6946
Epoch [183/200] Step [0/17] Loss: 5.8931 Bio: 0.7980
Epoch [183/200] Total Loss: 95.5999
Epoch [184/200] Step [0/17] Loss: 5.8213 Bio: 1.0239
Epoch [184/200] Total Loss: 96.5192
Epoch [185/200] Step [0/17] Loss: 5.7223 Bio: 0.8452
Epoch [185/200] Total Loss: 95.2304
Epoch [186/200] Step [0/17] Loss: 5.6946 Bio: 0.9456
Epoch [186/200] Total Loss: 96.1094
Epoch [187/200] Step [0/17] Loss: 5.6506 Bio: 1.2611
Epoch [187/200] Total Loss: 95.4292
Epoch [188/200] Step [0/17] Loss: 5.7202 Bio: 1.0310
Epoch [188/200] Total Loss: 95.4209
Epoch [189/200] Step [0/17] Loss: 5.6481 Bio: 0.8965
Epoch [189/200] Total Loss: 97.2897
Epoch [190/200] Step [0/17] Loss: 5.6932 Bio: 0.9847
Epoch [190/200] Total Loss: 96.5609
Epoch [191/200] Step [0/17] Loss: 5.8515 Bio: 1.0232
Epoch [191/200] Total Loss: 95.2342
Epoch [192/200] Step [0/17] Loss: 5.7392 Bio: 0.9374
Epoch [192/200] Total Loss: 95.6176
Epoch [193/200] Step [0/17] Loss: 5.6633 Bio: 0.9039
Epoch [193/200] Total Loss: 95.4096
Epoch [194/200] Step [0/17] Loss: 5.9327 Bio: 0.9887
Epoch [194/200] Total Loss: 97.4652
Epoch [195/200] Step [0/17] Loss: 5.5489 Bio: 0.8827
Epoch [195/200] Total Loss: 95.7589
Epoch [196/200] Step [0/17] Loss: 5.6894 Bio: 1.0013
Epoch [196/200] Total Loss: 96.3196
Epoch [197/200] Step [0/17] Loss: 5.6862 Bio: 0.9933
Epoch [197/200] Total Loss: 95.1391
Epoch [198/200] Step [0/17] Loss: 5.8643 Bio: 0.9177
Epoch [198/200] Total Loss: 96.1213
Epoch [199/200] Step [0/17] Loss: 5.9042 Bio: 0.7643
Epoch [199/200] Total Loss: 95.0122
Linear training complete.
--- Linear 3plus_WNT RESULTS ---
============================================================
CLUSTERING EVALUATION
============================================================
✅ Loaded ground truth from ground_truth_BRCA.csv
   Total patients with labels: 803

📂 Loading model from save/model_combo_linear_3plus_WNT/checkpoint_200.tar...
✅ Model loaded successfully

📊 Loading data for BRCA...
[dataloader] No bio_anchor_file specified — loading omics only
✅ Data loaded successfully

🔮 Getting predictions...
✅ Predictions obtained: 1031 samples

🔍 Filtering to patients with ground truth...
   Patients with both predictions and ground truth: 803
   Final evaluation size: 803 patients

📈 Computing metrics...

============================================================
RESULTS
============================================================
ARI                 : 0.3263
NMI                 : 0.4695
V-measure           : 0.4695
============================================================

📊 Creating visualizations...
Saved confusion matrix to results/BRCA_confusion_matrix.png
Saved distribution plot to results/BRCA_cluster_distribution.png
Computing t-SNE (this may take a minute)...
Saved t-SNE plot to results/BRCA_tsne.png

💾 Saved results to results/BRCA_evaluation.csv

✅ Evaluation complete!
==============================
Running: 3plus_hypoxia | dim=4
==============================
MLP Bio-Anchor Head (bio_dim -> 64 -> bio_dim)
Cancer: BRCA | bio_dim: 4 | lambda_bio: 0.1
Bio anchor file: bio_anchors_BRCA_combo_3plus_hypoxia_score.csv
[dataloader] Loaded bio-anchors from bio_anchors_BRCA_combo_3plus_hypoxia_score.csv: torch.Size([1031, 4])
Cluster number: 5
Epoch [0/200] Step [0/17] Loss: 7.1336 Bio: 0.9979
Epoch [0/200] Total Loss: 118.9354
Epoch [1/200] Step [0/17] Loss: 7.1467 Bio: 1.1296
Epoch [1/200] Total Loss: 118.9608
Epoch [2/200] Step [0/17] Loss: 7.1234 Bio: 1.0834
Epoch [2/200] Total Loss: 117.9476
Epoch [3/200] Step [0/17] Loss: 7.0073 Bio: 1.0500
Epoch [3/200] Total Loss: 116.4881
Epoch [4/200] Step [0/17] Loss: 7.2644 Bio: 1.0661
Epoch [4/200] Total Loss: 112.9367
Epoch [5/200] Step [0/17] Loss: 6.6013 Bio: 1.0083
Epoch [5/200] Total Loss: 112.4004
Epoch [6/200] Step [0/17] Loss: 6.7880 Bio: 1.0364
Epoch [6/200] Total Loss: 111.7543
Epoch [7/200] Step [0/17] Loss: 6.5297 Bio: 1.0741
Epoch [7/200] Total Loss: 111.8099
Epoch [8/200] Step [0/17] Loss: 6.5932 Bio: 1.0113
Epoch [8/200] Total Loss: 110.2862
Epoch [9/200] Step [0/17] Loss: 6.7850 Bio: 0.9970
Epoch [9/200] Total Loss: 111.0248
Epoch [10/200] Step [0/17] Loss: 6.7228 Bio: 1.0137
Epoch [10/200] Total Loss: 110.1138
Epoch [11/200] Step [0/17] Loss: 6.6386 Bio: 0.9344
Epoch [11/200] Total Loss: 108.8538
Epoch [12/200] Step [0/17] Loss: 6.4196 Bio: 0.8684
Epoch [12/200] Total Loss: 108.3462
Epoch [13/200] Step [0/17] Loss: 6.6070 Bio: 0.9327
Epoch [13/200] Total Loss: 110.8196
Epoch [14/200] Step [0/17] Loss: 6.5643 Bio: 0.9964
Epoch [14/200] Total Loss: 109.1861
Epoch [15/200] Step [0/17] Loss: 6.4344 Bio: 1.0542
Epoch [15/200] Total Loss: 109.5341
Epoch [16/200] Step [0/17] Loss: 6.7204 Bio: 0.9368
Epoch [16/200] Total Loss: 106.9588
Epoch [17/200] Step [0/17] Loss: 6.2946 Bio: 0.8587
Epoch [17/200] Total Loss: 106.5284
Epoch [18/200] Step [0/17] Loss: 6.6122 Bio: 0.8452
Epoch [18/200] Total Loss: 108.8915
Epoch [19/200] Step [0/17] Loss: 6.5378 Bio: 0.9473
Epoch [19/200] Total Loss: 108.0258
Epoch [20/200] Step [0/17] Loss: 6.3868 Bio: 1.2629
Epoch [20/200] Total Loss: 106.4702
Epoch [21/200] Step [0/17] Loss: 6.4518 Bio: 1.1412
Epoch [21/200] Total Loss: 107.0301
Epoch [22/200] Step [0/17] Loss: 6.5018 Bio: 0.8473
Epoch [22/200] Total Loss: 105.7794
Epoch [23/200] Step [0/17] Loss: 6.4663 Bio: 0.9138
Epoch [23/200] Total Loss: 106.6703
Epoch [24/200] Step [0/17] Loss: 6.2886 Bio: 1.0350
Epoch [24/200] Total Loss: 106.7389
Epoch [25/200] Step [0/17] Loss: 6.3563 Bio: 1.1259
Epoch [25/200] Total Loss: 106.0196
Epoch [26/200] Step [0/17] Loss: 6.1429 Bio: 1.0510
Epoch [26/200] Total Loss: 105.3369
Epoch [27/200] Step [0/17] Loss: 6.1520 Bio: 1.0673
Epoch [27/200] Total Loss: 103.0819
Epoch [28/200] Step [0/17] Loss: 6.2416 Bio: 1.1770
Epoch [28/200] Total Loss: 105.0512
Epoch [29/200] Step [0/17] Loss: 6.4893 Bio: 0.9494
Epoch [29/200] Total Loss: 104.8109
Epoch [30/200] Step [0/17] Loss: 6.3809 Bio: 0.8923
Epoch [30/200] Total Loss: 105.3572
Epoch [31/200] Step [0/17] Loss: 6.2476 Bio: 0.8976
Epoch [31/200] Total Loss: 104.7702
Epoch [32/200] Step [0/17] Loss: 6.3723 Bio: 0.8988
Epoch [32/200] Total Loss: 104.5458
Epoch [33/200] Step [0/17] Loss: 6.1013 Bio: 0.9033
Epoch [33/200] Total Loss: 104.7582
Epoch [34/200] Step [0/17] Loss: 6.1919 Bio: 0.9644
Epoch [34/200] Total Loss: 103.7196
Epoch [35/200] Step [0/17] Loss: 6.1308 Bio: 1.1382
Epoch [35/200] Total Loss: 103.3451
Epoch [36/200] Step [0/17] Loss: 5.9956 Bio: 1.0959
Epoch [36/200] Total Loss: 102.9404
Epoch [37/200] Step [0/17] Loss: 6.1078 Bio: 0.9283
Epoch [37/200] Total Loss: 104.4247
Epoch [38/200] Step [0/17] Loss: 6.0661 Bio: 0.9468
Epoch [38/200] Total Loss: 103.1216
Epoch [39/200] Step [0/17] Loss: 6.4874 Bio: 1.0147
Epoch [39/200] Total Loss: 102.8289
Epoch [40/200] Step [0/17] Loss: 5.7469 Bio: 1.0282
Epoch [40/200] Total Loss: 103.3353
Epoch [41/200] Step [0/17] Loss: 6.4635 Bio: 0.8820
Epoch [41/200] Total Loss: 103.3420
Epoch [42/200] Step [0/17] Loss: 6.1381 Bio: 1.1629
Epoch [42/200] Total Loss: 104.7144
Epoch [43/200] Step [0/17] Loss: 6.1239 Bio: 0.9857
Epoch [43/200] Total Loss: 103.8090
Epoch [44/200] Step [0/17] Loss: 5.8545 Bio: 1.0150
Epoch [44/200] Total Loss: 103.3995
Epoch [45/200] Step [0/17] Loss: 6.2342 Bio: 0.9041
Epoch [45/200] Total Loss: 102.5610
Epoch [46/200] Step [0/17] Loss: 6.3112 Bio: 1.0487
Epoch [46/200] Total Loss: 101.9560
Epoch [47/200] Step [0/17] Loss: 6.0487 Bio: 0.8805
Epoch [47/200] Total Loss: 102.2697
Epoch [48/200] Step [0/17] Loss: 5.9563 Bio: 0.9656
Epoch [48/200] Total Loss: 101.0652
Epoch [49/200] Step [0/17] Loss: 5.9750 Bio: 0.8375
Epoch [49/200] Total Loss: 101.6385
Epoch [50/200] Step [0/17] Loss: 6.1561 Bio: 0.9737
Epoch [50/200] Total Loss: 102.5845
Epoch [51/200] Step [0/17] Loss: 6.2635 Bio: 1.0345
Epoch [51/200] Total Loss: 101.0892
Epoch [52/200] Step [0/17] Loss: 6.3360 Bio: 1.0323
Epoch [52/200] Total Loss: 103.3032
Epoch [53/200] Step [0/17] Loss: 5.9973 Bio: 0.9223
Epoch [53/200] Total Loss: 101.1448
Epoch [54/200] Step [0/17] Loss: 6.4179 Bio: 0.8619
Epoch [54/200] Total Loss: 101.1504
Epoch [55/200] Step [0/17] Loss: 6.1837 Bio: 0.9460
Epoch [55/200] Total Loss: 103.1911
Epoch [56/200] Step [0/17] Loss: 5.8396 Bio: 1.0980
Epoch [56/200] Total Loss: 101.1018
Epoch [57/200] Step [0/17] Loss: 6.3235 Bio: 0.9348
Epoch [57/200] Total Loss: 100.5619
Epoch [58/200] Step [0/17] Loss: 6.0452 Bio: 0.9660
Epoch [58/200] Total Loss: 100.5135
Epoch [59/200] Step [0/17] Loss: 6.2320 Bio: 1.1222
Epoch [59/200] Total Loss: 101.7222
Epoch [60/200] Step [0/17] Loss: 5.9245 Bio: 0.9415
Epoch [60/200] Total Loss: 101.4558
Epoch [61/200] Step [0/17] Loss: 5.9939 Bio: 0.9949
Epoch [61/200] Total Loss: 100.4935
Epoch [62/200] Step [0/17] Loss: 5.7888 Bio: 0.9379
Epoch [62/200] Total Loss: 99.9724
Epoch [63/200] Step [0/17] Loss: 6.1705 Bio: 0.8766
Epoch [63/200] Total Loss: 100.2082
Epoch [64/200] Step [0/17] Loss: 6.3708 Bio: 0.9078
Epoch [64/200] Total Loss: 99.1659
Epoch [65/200] Step [0/17] Loss: 6.1591 Bio: 0.9415
Epoch [65/200] Total Loss: 99.6574
Epoch [66/200] Step [0/17] Loss: 5.9607 Bio: 1.0661
Epoch [66/200] Total Loss: 99.7621
Epoch [67/200] Step [0/17] Loss: 6.1254 Bio: 1.1184
Epoch [67/200] Total Loss: 99.5585
Epoch [68/200] Step [0/17] Loss: 5.8079 Bio: 0.8875
Epoch [68/200] Total Loss: 100.5253
Epoch [69/200] Step [0/17] Loss: 6.0001 Bio: 1.0489
Epoch [69/200] Total Loss: 98.6012
Epoch [70/200] Step [0/17] Loss: 6.1369 Bio: 0.8906
Epoch [70/200] Total Loss: 99.2376
Epoch [71/200] Step [0/17] Loss: 5.9120 Bio: 0.9901
Epoch [71/200] Total Loss: 100.0853
Epoch [72/200] Step [0/17] Loss: 5.9838 Bio: 0.9416
Epoch [72/200] Total Loss: 101.2149
Epoch [73/200] Step [0/17] Loss: 5.9432 Bio: 0.9748
Epoch [73/200] Total Loss: 100.0898
Epoch [74/200] Step [0/17] Loss: 5.9069 Bio: 0.9929
Epoch [74/200] Total Loss: 99.4836
Epoch [75/200] Step [0/17] Loss: 5.9669 Bio: 1.0318
Epoch [75/200] Total Loss: 99.7425
Epoch [76/200] Step [0/17] Loss: 5.9166 Bio: 0.9722
Epoch [76/200] Total Loss: 99.4109
Epoch [77/200] Step [0/17] Loss: 6.0075 Bio: 1.0685
Epoch [77/200] Total Loss: 99.7117
Epoch [78/200] Step [0/17] Loss: 5.8357 Bio: 1.0109
Epoch [78/200] Total Loss: 99.5408
Epoch [79/200] Step [0/17] Loss: 6.1802 Bio: 0.9217
Epoch [79/200] Total Loss: 99.3759
Epoch [80/200] Step [0/17] Loss: 5.8114 Bio: 0.8646
Epoch [80/200] Total Loss: 99.4808
Epoch [81/200] Step [0/17] Loss: 6.0416 Bio: 0.8325
Epoch [81/200] Total Loss: 99.9076
Epoch [82/200] Step [0/17] Loss: 5.8390 Bio: 0.9781
Epoch [82/200] Total Loss: 99.5208
Epoch [83/200] Step [0/17] Loss: 6.2705 Bio: 0.8455
Epoch [83/200] Total Loss: 98.6812
Epoch [84/200] Step [0/17] Loss: 5.7385 Bio: 1.0270
Epoch [84/200] Total Loss: 99.9375
Epoch [85/200] Step [0/17] Loss: 6.3500 Bio: 0.9634
Epoch [85/200] Total Loss: 99.4858
Epoch [86/200] Step [0/17] Loss: 5.9069 Bio: 0.9685
Epoch [86/200] Total Loss: 101.4234
Epoch [87/200] Step [0/17] Loss: 5.7655 Bio: 0.8612
Epoch [87/200] Total Loss: 99.6248
Epoch [88/200] Step [0/17] Loss: 5.8047 Bio: 0.8940
Epoch [88/200] Total Loss: 99.0019
Epoch [89/200] Step [0/17] Loss: 6.0212 Bio: 0.9621
Epoch [89/200] Total Loss: 99.6623
Epoch [90/200] Step [0/17] Loss: 5.7431 Bio: 0.9355
Epoch [90/200] Total Loss: 98.8435
Epoch [91/200] Step [0/17] Loss: 5.7900 Bio: 0.8093
Epoch [91/200] Total Loss: 99.2949
Epoch [92/200] Step [0/17] Loss: 5.8273 Bio: 0.9364
Epoch [92/200] Total Loss: 97.4988
Epoch [93/200] Step [0/17] Loss: 6.0128 Bio: 1.2651
Epoch [93/200] Total Loss: 98.2672
Epoch [94/200] Step [0/17] Loss: 5.7536 Bio: 0.9843
Epoch [94/200] Total Loss: 98.9691
Epoch [95/200] Step [0/17] Loss: 5.9872 Bio: 0.9122
Epoch [95/200] Total Loss: 98.9190
Epoch [96/200] Step [0/17] Loss: 5.9063 Bio: 0.9027
Epoch [96/200] Total Loss: 99.4336
Epoch [97/200] Step [0/17] Loss: 5.7782 Bio: 1.0294
Epoch [97/200] Total Loss: 96.3397
Epoch [98/200] Step [0/17] Loss: 6.2826 Bio: 0.9341
Epoch [98/200] Total Loss: 97.1669
Epoch [99/200] Step [0/17] Loss: 5.8751 Bio: 0.8920
Epoch [99/200] Total Loss: 97.9411
Epoch [100/200] Step [0/17] Loss: 5.9722 Bio: 0.9281
Epoch [100/200] Total Loss: 97.6050
Epoch [101/200] Step [0/17] Loss: 6.0310 Bio: 0.9185
Epoch [101/200] Total Loss: 97.1873
Epoch [102/200] Step [0/17] Loss: 5.9139 Bio: 0.8650
Epoch [102/200] Total Loss: 99.4522
Epoch [103/200] Step [0/17] Loss: 5.9801 Bio: 1.0284
Epoch [103/200] Total Loss: 98.7767
Epoch [104/200] Step [0/17] Loss: 5.7618 Bio: 0.9435
Epoch [104/200] Total Loss: 95.9361
Epoch [105/200] Step [0/17] Loss: 6.1641 Bio: 0.9161
Epoch [105/200] Total Loss: 98.6386
Epoch [106/200] Step [0/17] Loss: 6.1100 Bio: 0.9100
Epoch [106/200] Total Loss: 96.8507
Epoch [107/200] Step [0/17] Loss: 5.6205 Bio: 0.8558
Epoch [107/200] Total Loss: 97.5467
Epoch [108/200] Step [0/17] Loss: 5.7339 Bio: 0.8286
Epoch [108/200] Total Loss: 97.5042
Epoch [109/200] Step [0/17] Loss: 6.0903 Bio: 0.9430
Epoch [109/200] Total Loss: 97.0130
Epoch [110/200] Step [0/17] Loss: 5.8749 Bio: 0.9971
Epoch [110/200] Total Loss: 97.6300
Epoch [111/200] Step [0/17] Loss: 5.8820 Bio: 0.8572
Epoch [111/200] Total Loss: 97.4852
Epoch [112/200] Step [0/17] Loss: 5.9891 Bio: 0.9427
Epoch [112/200] Total Loss: 97.4356
Epoch [113/200] Step [0/17] Loss: 6.0470 Bio: 0.8093
Epoch [113/200] Total Loss: 97.3622
Epoch [114/200] Step [0/17] Loss: 5.8335 Bio: 0.9912
Epoch [114/200] Total Loss: 98.0748
Epoch [115/200] Step [0/17] Loss: 5.7000 Bio: 0.8899
Epoch [115/200] Total Loss: 97.2299
Epoch [116/200] Step [0/17] Loss: 5.8649 Bio: 0.9293
Epoch [116/200] Total Loss: 97.1380
Epoch [117/200] Step [0/17] Loss: 5.6247 Bio: 0.9568
Epoch [117/200] Total Loss: 97.3465
Epoch [118/200] Step [0/17] Loss: 5.7482 Bio: 0.9789
Epoch [118/200] Total Loss: 96.5169
Epoch [119/200] Step [0/17] Loss: 5.8459 Bio: 1.0192
Epoch [119/200] Total Loss: 97.2777
Epoch [120/200] Step [0/17] Loss: 5.9810 Bio: 0.8958
Epoch [120/200] Total Loss: 97.8813
Epoch [121/200] Step [0/17] Loss: 5.9745 Bio: 0.9165
Epoch [121/200] Total Loss: 97.0957
Epoch [122/200] Step [0/17] Loss: 5.6765 Bio: 0.9641
Epoch [122/200] Total Loss: 96.6712
Epoch [123/200] Step [0/17] Loss: 5.9847 Bio: 0.9532
Epoch [123/200] Total Loss: 96.2193
Epoch [124/200] Step [0/17] Loss: 6.0042 Bio: 0.8233
Epoch [124/200] Total Loss: 97.2403
Epoch [125/200] Step [0/17] Loss: 5.9109 Bio: 0.9387
Epoch [125/200] Total Loss: 96.8130
Epoch [126/200] Step [0/17] Loss: 5.8937 Bio: 0.8187
Epoch [126/200] Total Loss: 97.2035
Epoch [127/200] Step [0/17] Loss: 5.7957 Bio: 0.7645
Epoch [127/200] Total Loss: 98.1823
Epoch [128/200] Step [0/17] Loss: 5.7440 Bio: 1.2543
Epoch [128/200] Total Loss: 98.1165
Epoch [129/200] Step [0/17] Loss: 5.8040 Bio: 0.8739
Epoch [129/200] Total Loss: 96.2824
Epoch [130/200] Step [0/17] Loss: 5.6417 Bio: 0.8470
Epoch [130/200] Total Loss: 96.4678
Epoch [131/200] Step [0/17] Loss: 5.7086 Bio: 0.8117
Epoch [131/200] Total Loss: 97.0219
Epoch [132/200] Step [0/17] Loss: 5.7250 Bio: 0.8767
Epoch [132/200] Total Loss: 97.5546
Epoch [133/200] Step [0/17] Loss: 6.0612 Bio: 0.8345
Epoch [133/200] Total Loss: 99.4054
Epoch [134/200] Step [0/17] Loss: 5.6120 Bio: 0.9460
Epoch [134/200] Total Loss: 97.8271
Epoch [135/200] Step [0/17] Loss: 5.9248 Bio: 0.9722
Epoch [135/200] Total Loss: 97.7562
Epoch [136/200] Step [0/17] Loss: 5.8206 Bio: 0.7956
Epoch [136/200] Total Loss: 96.2070
Epoch [137/200] Step [0/17] Loss: 6.0013 Bio: 0.9223
Epoch [137/200] Total Loss: 98.1516
Epoch [138/200] Step [0/17] Loss: 5.9724 Bio: 0.7777
Epoch [138/200] Total Loss: 96.1743
Epoch [139/200] Step [0/17] Loss: 5.6931 Bio: 0.9725
Epoch [139/200] Total Loss: 96.6179
Epoch [140/200] Step [0/17] Loss: 6.1072 Bio: 0.8190
Epoch [140/200] Total Loss: 97.6110
Epoch [141/200] Step [0/17] Loss: 5.7541 Bio: 0.8245
Epoch [141/200] Total Loss: 96.0435
Epoch [142/200] Step [0/17] Loss: 5.7393 Bio: 0.9466
Epoch [142/200] Total Loss: 95.2815
Epoch [143/200] Step [0/17] Loss: 6.0302 Bio: 0.8356
Epoch [143/200] Total Loss: 97.5457
Epoch [144/200] Step [0/17] Loss: 6.0240 Bio: 0.9030
Epoch [144/200] Total Loss: 96.7641
Epoch [145/200] Step [0/17] Loss: 5.6565 Bio: 0.8072
Epoch [145/200] Total Loss: 97.1628
Epoch [146/200] Step [0/17] Loss: 5.6542 Bio: 0.9265
Epoch [146/200] Total Loss: 96.6987
Epoch [147/200] Step [0/17] Loss: 5.6572 Bio: 0.8796
Epoch [147/200] Total Loss: 95.9763
Epoch [148/200] Step [0/17] Loss: 5.7934 Bio: 0.7847
Epoch [148/200] Total Loss: 96.3837
Epoch [149/200] Step [0/17] Loss: 5.7282 Bio: 0.8006
Epoch [149/200] Total Loss: 95.7248
Epoch [150/200] Step [0/17] Loss: 5.7667 Bio: 0.7685
Epoch [150/200] Total Loss: 96.7388
Epoch [151/200] Step [0/17] Loss: 5.7153 Bio: 0.8622
Epoch [151/200] Total Loss: 96.7722
Epoch [152/200] Step [0/17] Loss: 5.9204 Bio: 0.9709
Epoch [152/200] Total Loss: 95.5167
Epoch [153/200] Step [0/17] Loss: 5.7799 Bio: 0.9403
Epoch [153/200] Total Loss: 97.2483
Epoch [154/200] Step [0/17] Loss: 5.7393 Bio: 0.8002
Epoch [154/200] Total Loss: 96.3934
Epoch [155/200] Step [0/17] Loss: 5.9360 Bio: 0.9123
Epoch [155/200] Total Loss: 96.1745
Epoch [156/200] Step [0/17] Loss: 5.8133 Bio: 0.9303
Epoch [156/200] Total Loss: 95.7206
Epoch [157/200] Step [0/17] Loss: 5.7632 Bio: 0.8639
Epoch [157/200] Total Loss: 96.0371
Epoch [158/200] Step [0/17] Loss: 5.8227 Bio: 0.9497
Epoch [158/200] Total Loss: 96.0569
Epoch [159/200] Step [0/17] Loss: 5.7737 Bio: 0.9381
Epoch [159/200] Total Loss: 95.6180
Epoch [160/200] Step [0/17] Loss: 5.9162 Bio: 0.8420
Epoch [160/200] Total Loss: 96.6037
Epoch [161/200] Step [0/17] Loss: 5.5552 Bio: 0.9321
Epoch [161/200] Total Loss: 96.1912
Epoch [162/200] Step [0/17] Loss: 5.7196 Bio: 0.9296
Epoch [162/200] Total Loss: 96.6335
Epoch [163/200] Step [0/17] Loss: 5.8107 Bio: 0.7898
Epoch [163/200] Total Loss: 95.4944
Epoch [164/200] Step [0/17] Loss: 5.8428 Bio: 0.8259
Epoch [164/200] Total Loss: 97.6634
Epoch [165/200] Step [0/17] Loss: 5.5226 Bio: 0.8528
Epoch [165/200] Total Loss: 95.4998
Epoch [166/200] Step [0/17] Loss: 5.7952 Bio: 1.0860
Epoch [166/200] Total Loss: 95.3315
Epoch [167/200] Step [0/17] Loss: 5.7641 Bio: 0.9119
Epoch [167/200] Total Loss: 97.3101
Epoch [168/200] Step [0/17] Loss: 5.7098 Bio: 1.0503
Epoch [168/200] Total Loss: 96.8655
Epoch [169/200] Step [0/17] Loss: 5.7992 Bio: 0.8284
Epoch [169/200] Total Loss: 95.5592
Epoch [170/200] Step [0/17] Loss: 5.9445 Bio: 0.8517
Epoch [170/200] Total Loss: 97.0517
Epoch [171/200] Step [0/17] Loss: 5.7385 Bio: 1.0155
Epoch [171/200] Total Loss: 96.7802
Epoch [172/200] Step [0/17] Loss: 5.6507 Bio: 0.6992
Epoch [172/200] Total Loss: 95.9262
Epoch [173/200] Step [0/17] Loss: 5.7009 Bio: 0.7886
Epoch [173/200] Total Loss: 95.0861
Epoch [174/200] Step [0/17] Loss: 5.6061 Bio: 0.9772
Epoch [174/200] Total Loss: 96.2135
Epoch [175/200] Step [0/17] Loss: 5.6781 Bio: 0.7940
Epoch [175/200] Total Loss: 96.3666
Epoch [176/200] Step [0/17] Loss: 5.8049 Bio: 0.8870
Epoch [176/200] Total Loss: 96.1417
Epoch [177/200] Step [0/17] Loss: 5.6287 Bio: 0.8500
Epoch [177/200] Total Loss: 95.3649
Epoch [178/200] Step [0/17] Loss: 5.7972 Bio: 1.1143
Epoch [178/200] Total Loss: 95.4398
Epoch [179/200] Step [0/17] Loss: 5.7095 Bio: 0.7097
Epoch [179/200] Total Loss: 96.4078
Epoch [180/200] Step [0/17] Loss: 5.8898 Bio: 0.8340
Epoch [180/200] Total Loss: 96.4043
Epoch [181/200] Step [0/17] Loss: 5.9029 Bio: 0.9609
Epoch [181/200] Total Loss: 96.1851
Epoch [182/200] Step [0/17] Loss: 5.8297 Bio: 0.8836
Epoch [182/200] Total Loss: 95.6421
Epoch [183/200] Step [0/17] Loss: 5.6108 Bio: 0.8334
Epoch [183/200] Total Loss: 96.0864
Epoch [184/200] Step [0/17] Loss: 5.6363 Bio: 0.8987
Epoch [184/200] Total Loss: 95.5480
Epoch [185/200] Step [0/17] Loss: 5.6770 Bio: 0.9487
Epoch [185/200] Total Loss: 96.9364
Epoch [186/200] Step [0/17] Loss: 5.8222 Bio: 0.7640
Epoch [186/200] Total Loss: 96.1026
Epoch [187/200] Step [0/17] Loss: 5.6346 Bio: 0.8638
Epoch [187/200] Total Loss: 98.2546
Epoch [188/200] Step [0/17] Loss: 5.7227 Bio: 1.0071
Epoch [188/200] Total Loss: 94.9965
Epoch [189/200] Step [0/17] Loss: 5.8800 Bio: 0.7660
Epoch [189/200] Total Loss: 95.5584
Epoch [190/200] Step [0/17] Loss: 6.0688 Bio: 0.8579
Epoch [190/200] Total Loss: 95.0028
Epoch [191/200] Step [0/17] Loss: 5.5647 Bio: 0.8297
Epoch [191/200] Total Loss: 96.2924
Epoch [192/200] Step [0/17] Loss: 5.8599 Bio: 0.9288
Epoch [192/200] Total Loss: 94.7246
Epoch [193/200] Step [0/17] Loss: 5.7641 Bio: 0.7770
Epoch [193/200] Total Loss: 96.0722
Epoch [194/200] Step [0/17] Loss: 5.6169 Bio: 0.9444
Epoch [194/200] Total Loss: 94.8911
Epoch [195/200] Step [0/17] Loss: 5.8099 Bio: 0.8190
Epoch [195/200] Total Loss: 95.0229
Epoch [196/200] Step [0/17] Loss: 5.6520 Bio: 0.7725
Epoch [196/200] Total Loss: 95.3922
Epoch [197/200] Step [0/17] Loss: 5.6658 Bio: 0.8396
Epoch [197/200] Total Loss: 95.7434
Epoch [198/200] Step [0/17] Loss: 5.6120 Bio: 1.0984
Epoch [198/200] Total Loss: 96.7190
Epoch [199/200] Step [0/17] Loss: 5.6730 Bio: 0.7928
Epoch [199/200] Total Loss: 95.8993
MLP training complete.
--- MLP 3plus_hypoxia RESULTS ---
============================================================
CLUSTERING EVALUATION
============================================================
✅ Loaded ground truth from ground_truth_BRCA.csv
   Total patients with labels: 803

📂 Loading model from save/model_combo_mlp_3plus_hypoxia/checkpoint_200.tar...
✅ Model loaded successfully

📊 Loading data for BRCA...
[dataloader] No bio_anchor_file specified — loading omics only
✅ Data loaded successfully

🔮 Getting predictions...
✅ Predictions obtained: 1031 samples

🔍 Filtering to patients with ground truth...
   Patients with both predictions and ground truth: 803
   Final evaluation size: 803 patients

📈 Computing metrics...

============================================================
RESULTS
============================================================
ARI                 : 0.3423
NMI                 : 0.4795
V-measure           : 0.4795
============================================================

📊 Creating visualizations...
Saved confusion matrix to results/BRCA_confusion_matrix.png
Saved distribution plot to results/BRCA_cluster_distribution.png
Computing t-SNE (this may take a minute)...
Saved t-SNE plot to results/BRCA_tsne.png

💾 Saved results to results/BRCA_evaluation.csv

✅ Evaluation complete!
Linear Bio-Anchor Head
Cancer: BRCA | bio_dim: 4 | lambda_bio: 0.1
Bio anchor file: bio_anchors_BRCA_combo_3plus_hypoxia_score.csv
[dataloader] Loaded bio-anchors from bio_anchors_BRCA_combo_3plus_hypoxia_score.csv: torch.Size([1031, 4])
Cluster number: 5
Epoch [0/200] Step [0/17] Loss: 7.1435 Bio: 1.0958
Epoch [0/200] Total Loss: 118.9448
Epoch [1/200] Step [0/17] Loss: 7.1297 Bio: 0.9618
Epoch [1/200] Total Loss: 118.4098
Epoch [2/200] Step [0/17] Loss: 7.1390 Bio: 1.0568
Epoch [2/200] Total Loss: 119.0189
Epoch [3/200] Step [0/17] Loss: 7.1380 Bio: 1.0304
Epoch [3/200] Total Loss: 119.0755
Epoch [4/200] Step [0/17] Loss: 7.1330 Bio: 0.9901
Epoch [4/200] Total Loss: 119.0226
Epoch [5/200] Step [0/17] Loss: 7.1283 Bio: 0.9444
Epoch [5/200] Total Loss: 118.9804
Epoch [6/200] Step [0/17] Loss: 7.1439 Bio: 1.1012
Epoch [6/200] Total Loss: 119.0081
Epoch [7/200] Step [0/17] Loss: 7.1266 Bio: 0.9312
Epoch [7/200] Total Loss: 119.0150
Epoch [8/200] Step [0/17] Loss: 7.1350 Bio: 1.0104
Epoch [8/200] Total Loss: 118.9692
Epoch [9/200] Step [0/17] Loss: 7.1369 Bio: 1.0228
Epoch [9/200] Total Loss: 118.9725
Epoch [10/200] Step [0/17] Loss: 7.1453 Bio: 1.1104
Epoch [10/200] Total Loss: 117.8133
Epoch [11/200] Step [0/17] Loss: 7.0333 Bio: 1.0608
Epoch [11/200] Total Loss: 113.6955
Epoch [12/200] Step [0/17] Loss: 6.8001 Bio: 0.8571
Epoch [12/200] Total Loss: 112.8513
Epoch [13/200] Step [0/17] Loss: 6.7592 Bio: 0.9517
Epoch [13/200] Total Loss: 111.8264
Epoch [14/200] Step [0/17] Loss: 6.7318 Bio: 1.0918
Epoch [14/200] Total Loss: 112.0689
Epoch [15/200] Step [0/17] Loss: 6.7546 Bio: 1.0922
Epoch [15/200] Total Loss: 111.4436
Epoch [16/200] Step [0/17] Loss: 6.6579 Bio: 0.9507
Epoch [16/200] Total Loss: 110.3333
Epoch [17/200] Step [0/17] Loss: 6.4390 Bio: 0.8635
Epoch [17/200] Total Loss: 109.5095
Epoch [18/200] Step [0/17] Loss: 6.6516 Bio: 0.8730
Epoch [18/200] Total Loss: 109.2471
Epoch [19/200] Step [0/17] Loss: 6.5854 Bio: 0.9505
Epoch [19/200] Total Loss: 109.6071
Epoch [20/200] Step [0/17] Loss: 6.8039 Bio: 1.0227
Epoch [20/200] Total Loss: 108.9583
Epoch [21/200] Step [0/17] Loss: 6.4631 Bio: 1.0468
Epoch [21/200] Total Loss: 107.8809
Epoch [22/200] Step [0/17] Loss: 6.4404 Bio: 1.0701
Epoch [22/200] Total Loss: 108.9600
Epoch [23/200] Step [0/17] Loss: 6.4318 Bio: 1.0138
Epoch [23/200] Total Loss: 107.4837
Epoch [24/200] Step [0/17] Loss: 6.3203 Bio: 1.0864
Epoch [24/200] Total Loss: 107.1535
Epoch [25/200] Step [0/17] Loss: 6.4781 Bio: 0.9729
Epoch [25/200] Total Loss: 107.0899
Epoch [26/200] Step [0/17] Loss: 6.2804 Bio: 1.2354
Epoch [26/200] Total Loss: 107.4573
Epoch [27/200] Step [0/17] Loss: 6.3355 Bio: 0.9193
Epoch [27/200] Total Loss: 105.5153
Epoch [28/200] Step [0/17] Loss: 6.5537 Bio: 0.9645
Epoch [28/200] Total Loss: 106.0910
Epoch [29/200] Step [0/17] Loss: 6.3268 Bio: 0.9941
Epoch [29/200] Total Loss: 107.3485
Epoch [30/200] Step [0/17] Loss: 6.3163 Bio: 1.0678
Epoch [30/200] Total Loss: 105.3289
Epoch [31/200] Step [0/17] Loss: 6.4855 Bio: 1.2355
Epoch [31/200] Total Loss: 106.0848
Epoch [32/200] Step [0/17] Loss: 6.5216 Bio: 1.1403
Epoch [32/200] Total Loss: 105.8534
Epoch [33/200] Step [0/17] Loss: 6.3811 Bio: 0.9494
Epoch [33/200] Total Loss: 106.6258
Epoch [34/200] Step [0/17] Loss: 6.1431 Bio: 0.9506
Epoch [34/200] Total Loss: 105.8661
Epoch [35/200] Step [0/17] Loss: 6.3681 Bio: 1.0000
Epoch [35/200] Total Loss: 106.2361
Epoch [36/200] Step [0/17] Loss: 6.3630 Bio: 0.9785
Epoch [36/200] Total Loss: 104.6116
Epoch [37/200] Step [0/17] Loss: 6.2627 Bio: 0.9629
Epoch [37/200] Total Loss: 105.4480
Epoch [38/200] Step [0/17] Loss: 6.2999 Bio: 1.0227
Epoch [38/200] Total Loss: 105.2697
Epoch [39/200] Step [0/17] Loss: 6.1751 Bio: 1.0074
Epoch [39/200] Total Loss: 104.9141
Epoch [40/200] Step [0/17] Loss: 6.4871 Bio: 1.1251
Epoch [40/200] Total Loss: 103.8631
Epoch [41/200] Step [0/17] Loss: 6.2153 Bio: 1.0451
Epoch [41/200] Total Loss: 103.8939
Epoch [42/200] Step [0/17] Loss: 6.0840 Bio: 0.8875
Epoch [42/200] Total Loss: 104.8527
Epoch [43/200] Step [0/17] Loss: 6.3681 Bio: 1.0577
Epoch [43/200] Total Loss: 105.3485
Epoch [44/200] Step [0/17] Loss: 6.0320 Bio: 0.9518
Epoch [44/200] Total Loss: 104.0876
Epoch [45/200] Step [0/17] Loss: 6.3197 Bio: 1.0233
Epoch [45/200] Total Loss: 104.1848
Epoch [46/200] Step [0/17] Loss: 6.3189 Bio: 1.3000
Epoch [46/200] Total Loss: 103.9852
Epoch [47/200] Step [0/17] Loss: 6.3175 Bio: 1.0863
Epoch [47/200] Total Loss: 102.6338
Epoch [48/200] Step [0/17] Loss: 6.0967 Bio: 0.9777
Epoch [48/200] Total Loss: 103.6032
Epoch [49/200] Step [0/17] Loss: 6.1581 Bio: 1.1988
Epoch [49/200] Total Loss: 104.4455
Epoch [50/200] Step [0/17] Loss: 6.3972 Bio: 0.9937
Epoch [50/200] Total Loss: 104.0709
Epoch [51/200] Step [0/17] Loss: 6.2340 Bio: 0.8055
Epoch [51/200] Total Loss: 102.9237
Epoch [52/200] Step [0/17] Loss: 6.0858 Bio: 0.8469
Epoch [52/200] Total Loss: 102.3920
Epoch [53/200] Step [0/17] Loss: 6.0286 Bio: 0.9172
Epoch [53/200] Total Loss: 103.7974
Epoch [54/200] Step [0/17] Loss: 6.3015 Bio: 0.9475
Epoch [54/200] Total Loss: 103.5083
Epoch [55/200] Step [0/17] Loss: 6.1380 Bio: 0.9614
Epoch [55/200] Total Loss: 104.5361
Epoch [56/200] Step [0/17] Loss: 6.0170 Bio: 1.0480
Epoch [56/200] Total Loss: 103.1341
Epoch [57/200] Step [0/17] Loss: 6.0316 Bio: 1.1401
Epoch [57/200] Total Loss: 101.5185
Epoch [58/200] Step [0/17] Loss: 6.1394 Bio: 0.9618
Epoch [58/200] Total Loss: 103.4256
Epoch [59/200] Step [0/17] Loss: 6.1757 Bio: 0.9038
Epoch [59/200] Total Loss: 102.5653
Epoch [60/200] Step [0/17] Loss: 6.1247 Bio: 0.9775
Epoch [60/200] Total Loss: 102.8404
Epoch [61/200] Step [0/17] Loss: 5.9272 Bio: 1.0370
Epoch [61/200] Total Loss: 102.9974
Epoch [62/200] Step [0/17] Loss: 6.0340 Bio: 0.9803
Epoch [62/200] Total Loss: 101.2467
Epoch [63/200] Step [0/17] Loss: 6.3246 Bio: 0.9785
Epoch [63/200] Total Loss: 102.3386
Epoch [64/200] Step [0/17] Loss: 6.1594 Bio: 0.8633
Epoch [64/200] Total Loss: 101.1391
Epoch [65/200] Step [0/17] Loss: 6.3334 Bio: 1.1009
Epoch [65/200] Total Loss: 103.1631
Epoch [66/200] Step [0/17] Loss: 5.9100 Bio: 0.9326
Epoch [66/200] Total Loss: 103.1052
Epoch [67/200] Step [0/17] Loss: 6.0220 Bio: 1.1044
Epoch [67/200] Total Loss: 102.6909
Epoch [68/200] Step [0/17] Loss: 5.9538 Bio: 1.0588
Epoch [68/200] Total Loss: 102.0534
Epoch [69/200] Step [0/17] Loss: 6.0587 Bio: 1.2106
Epoch [69/200] Total Loss: 101.9036
Epoch [70/200] Step [0/17] Loss: 6.1284 Bio: 0.9571
Epoch [70/200] Total Loss: 101.7996
Epoch [71/200] Step [0/17] Loss: 6.2392 Bio: 1.0249
Epoch [71/200] Total Loss: 101.2028
Epoch [72/200] Step [0/17] Loss: 5.9569 Bio: 0.9374
Epoch [72/200] Total Loss: 100.4294
Epoch [73/200] Step [0/17] Loss: 6.1401 Bio: 1.0734
Epoch [73/200] Total Loss: 102.9861
Epoch [74/200] Step [0/17] Loss: 6.0786 Bio: 1.1064
Epoch [74/200] Total Loss: 101.3893
Epoch [75/200] Step [0/17] Loss: 6.2258 Bio: 1.1081
Epoch [75/200] Total Loss: 103.0915
Epoch [76/200] Step [0/17] Loss: 6.1099 Bio: 1.0406
Epoch [76/200] Total Loss: 101.7667
Epoch [77/200] Step [0/17] Loss: 6.2994 Bio: 0.8809
Epoch [77/200] Total Loss: 100.6634
Epoch [78/200] Step [0/17] Loss: 5.9767 Bio: 0.9865
Epoch [78/200] Total Loss: 100.5016
Epoch [79/200] Step [0/17] Loss: 6.0052 Bio: 1.0580
Epoch [79/200] Total Loss: 101.8062
Epoch [80/200] Step [0/17] Loss: 5.9966 Bio: 0.8606
Epoch [80/200] Total Loss: 101.7272
Epoch [81/200] Step [0/17] Loss: 6.3311 Bio: 1.1649
Epoch [81/200] Total Loss: 101.1425
Epoch [82/200] Step [0/17] Loss: 6.0371 Bio: 0.8794
Epoch [82/200] Total Loss: 100.8021
Epoch [83/200] Step [0/17] Loss: 6.0855 Bio: 0.9634
Epoch [83/200] Total Loss: 101.2072
Epoch [84/200] Step [0/17] Loss: 6.1223 Bio: 0.8747
Epoch [84/200] Total Loss: 102.2830
Epoch [85/200] Step [0/17] Loss: 6.5134 Bio: 0.9434
Epoch [85/200] Total Loss: 101.0291
Epoch [86/200] Step [0/17] Loss: 6.2614 Bio: 1.1454
Epoch [86/200] Total Loss: 101.4959
Epoch [87/200] Step [0/17] Loss: 6.0669 Bio: 0.9850
Epoch [87/200] Total Loss: 101.3792
Epoch [88/200] Step [0/17] Loss: 6.0936 Bio: 0.9412
Epoch [88/200] Total Loss: 101.9150
Epoch [89/200] Step [0/17] Loss: 6.0601 Bio: 0.9333
Epoch [89/200] Total Loss: 101.8219
Epoch [90/200] Step [0/17] Loss: 5.9268 Bio: 0.9501
Epoch [90/200] Total Loss: 99.6810
Epoch [91/200] Step [0/17] Loss: 6.0886 Bio: 1.0216
Epoch [91/200] Total Loss: 101.2421
Epoch [92/200] Step [0/17] Loss: 6.0970 Bio: 0.8833
Epoch [92/200] Total Loss: 100.7903
Epoch [93/200] Step [0/17] Loss: 5.8936 Bio: 0.9758
Epoch [93/200] Total Loss: 98.7078
Epoch [94/200] Step [0/17] Loss: 5.8957 Bio: 0.8282
Epoch [94/200] Total Loss: 99.4994
Epoch [95/200] Step [0/17] Loss: 5.8884 Bio: 0.8186
Epoch [95/200] Total Loss: 99.9782
Epoch [96/200] Step [0/17] Loss: 5.8961 Bio: 1.1131
Epoch [96/200] Total Loss: 100.1690
Epoch [97/200] Step [0/17] Loss: 6.0562 Bio: 0.8615
Epoch [97/200] Total Loss: 99.0611
Epoch [98/200] Step [0/17] Loss: 5.9264 Bio: 1.2083
Epoch [98/200] Total Loss: 99.1542
Epoch [99/200] Step [0/17] Loss: 5.9795 Bio: 0.8966
Epoch [99/200] Total Loss: 99.2159
Epoch [100/200] Step [0/17] Loss: 5.8436 Bio: 1.0901
Epoch [100/200] Total Loss: 98.9052
Epoch [101/200] Step [0/17] Loss: 5.9717 Bio: 0.9389
Epoch [101/200] Total Loss: 98.3146
Epoch [102/200] Step [0/17] Loss: 5.7230 Bio: 1.1631
Epoch [102/200] Total Loss: 99.1939
Epoch [103/200] Step [0/17] Loss: 6.1757 Bio: 0.8854
Epoch [103/200] Total Loss: 99.1862
Epoch [104/200] Step [0/17] Loss: 6.0958 Bio: 1.0504
Epoch [104/200] Total Loss: 98.6787
Epoch [105/200] Step [0/17] Loss: 5.8729 Bio: 0.9384
Epoch [105/200] Total Loss: 99.1037
Epoch [106/200] Step [0/17] Loss: 5.9734 Bio: 0.8629
Epoch [106/200] Total Loss: 98.9553
Epoch [107/200] Step [0/17] Loss: 6.0528 Bio: 0.9816
Epoch [107/200] Total Loss: 99.1655
Epoch [108/200] Step [0/17] Loss: 6.0736 Bio: 1.3028
Epoch [108/200] Total Loss: 100.5121
Epoch [109/200] Step [0/17] Loss: 5.8493 Bio: 0.7774
Epoch [109/200] Total Loss: 98.6877
Epoch [110/200] Step [0/17] Loss: 5.9521 Bio: 1.1279
Epoch [110/200] Total Loss: 99.9255
Epoch [111/200] Step [0/17] Loss: 6.0690 Bio: 1.1535
Epoch [111/200] Total Loss: 98.6641
Epoch [112/200] Step [0/17] Loss: 5.7824 Bio: 1.0743
Epoch [112/200] Total Loss: 98.5862
Epoch [113/200] Step [0/17] Loss: 6.0322 Bio: 0.9332
Epoch [113/200] Total Loss: 100.3657
Epoch [114/200] Step [0/17] Loss: 6.0663 Bio: 1.0469
Epoch [114/200] Total Loss: 98.7810
Epoch [115/200] Step [0/17] Loss: 5.8331 Bio: 0.9346
Epoch [115/200] Total Loss: 98.9984
Epoch [116/200] Step [0/17] Loss: 6.0917 Bio: 1.1632
Epoch [116/200] Total Loss: 98.7030
Epoch [117/200] Step [0/17] Loss: 5.6954 Bio: 0.8898
Epoch [117/200] Total Loss: 97.5607
Epoch [118/200] Step [0/17] Loss: 5.8645 Bio: 0.9250
Epoch [118/200] Total Loss: 98.4875
Epoch [119/200] Step [0/17] Loss: 5.8997 Bio: 1.0117
Epoch [119/200] Total Loss: 98.1535
Epoch [120/200] Step [0/17] Loss: 6.1100 Bio: 1.2125
Epoch [120/200] Total Loss: 100.3297
Epoch [121/200] Step [0/17] Loss: 5.9718 Bio: 0.8941
Epoch [121/200] Total Loss: 97.8691
Epoch [122/200] Step [0/17] Loss: 6.0127 Bio: 0.9913
Epoch [122/200] Total Loss: 97.1550
Epoch [123/200] Step [0/17] Loss: 5.9292 Bio: 1.0146
Epoch [123/200] Total Loss: 97.6859
Epoch [124/200] Step [0/17] Loss: 5.7673 Bio: 0.9440
Epoch [124/200] Total Loss: 97.7459
Epoch [125/200] Step [0/17] Loss: 5.7791 Bio: 0.8276
Epoch [125/200] Total Loss: 97.9048
Epoch [126/200] Step [0/17] Loss: 6.0908 Bio: 0.9606
Epoch [126/200] Total Loss: 98.4194
Epoch [127/200] Step [0/17] Loss: 5.6797 Bio: 1.1401
Epoch [127/200] Total Loss: 96.4395
Epoch [128/200] Step [0/17] Loss: 5.7702 Bio: 0.9281
Epoch [128/200] Total Loss: 97.4151
Epoch [129/200] Step [0/17] Loss: 5.8531 Bio: 1.1033
Epoch [129/200] Total Loss: 97.4914
Epoch [130/200] Step [0/17] Loss: 5.9649 Bio: 0.8377
Epoch [130/200] Total Loss: 97.6870
Epoch [131/200] Step [0/17] Loss: 5.9733 Bio: 0.9055
Epoch [131/200] Total Loss: 96.8016
Epoch [132/200] Step [0/17] Loss: 5.8354 Bio: 1.0250
Epoch [132/200] Total Loss: 97.8444
Epoch [133/200] Step [0/17] Loss: 5.7631 Bio: 0.9825
Epoch [133/200] Total Loss: 99.1861
Epoch [134/200] Step [0/17] Loss: 5.7775 Bio: 0.9156
Epoch [134/200] Total Loss: 98.0492
Epoch [135/200] Step [0/17] Loss: 5.7542 Bio: 1.0437
Epoch [135/200] Total Loss: 96.8472
Epoch [136/200] Step [0/17] Loss: 5.8348 Bio: 0.8927
Epoch [136/200] Total Loss: 97.3055
Epoch [137/200] Step [0/17] Loss: 6.0527 Bio: 0.8261
Epoch [137/200] Total Loss: 98.4629
Epoch [138/200] Step [0/17] Loss: 5.6882 Bio: 1.1295
Epoch [138/200] Total Loss: 96.9672
Epoch [139/200] Step [0/17] Loss: 6.0568 Bio: 0.8600
Epoch [139/200] Total Loss: 97.1279
Epoch [140/200] Step [0/17] Loss: 5.9225 Bio: 1.2488
Epoch [140/200] Total Loss: 97.7926
Epoch [141/200] Step [0/17] Loss: 5.9598 Bio: 1.0393
Epoch [141/200] Total Loss: 99.0249
Epoch [142/200] Step [0/17] Loss: 6.0150 Bio: 0.8857
Epoch [142/200] Total Loss: 97.6115
Epoch [143/200] Step [0/17] Loss: 5.8215 Bio: 0.7578
Epoch [143/200] Total Loss: 98.6341
Epoch [144/200] Step [0/17] Loss: 5.8491 Bio: 0.9197
Epoch [144/200] Total Loss: 97.6760
Epoch [145/200] Step [0/17] Loss: 6.0114 Bio: 1.1507
Epoch [145/200] Total Loss: 97.0787
Epoch [146/200] Step [0/17] Loss: 5.7607 Bio: 1.1116
Epoch [146/200] Total Loss: 95.7729
Epoch [147/200] Step [0/17] Loss: 6.2036 Bio: 0.9200
Epoch [147/200] Total Loss: 98.1659
Epoch [148/200] Step [0/17] Loss: 5.6298 Bio: 0.9862
Epoch [148/200] Total Loss: 97.8926
Epoch [149/200] Step [0/17] Loss: 5.8160 Bio: 0.9702
Epoch [149/200] Total Loss: 96.6322
Epoch [150/200] Step [0/17] Loss: 5.8276 Bio: 1.2810
Epoch [150/200] Total Loss: 97.0784
Epoch [151/200] Step [0/17] Loss: 5.5709 Bio: 0.8938
Epoch [151/200] Total Loss: 96.2101
Epoch [152/200] Step [0/17] Loss: 6.0554 Bio: 0.9522
Epoch [152/200] Total Loss: 97.5939
Epoch [153/200] Step [0/17] Loss: 5.7166 Bio: 1.1274
Epoch [153/200] Total Loss: 97.3878
Epoch [154/200] Step [0/17] Loss: 5.8514 Bio: 0.9856
Epoch [154/200] Total Loss: 98.0161
Epoch [155/200] Step [0/17] Loss: 5.9287 Bio: 0.9211
Epoch [155/200] Total Loss: 96.5906
Epoch [156/200] Step [0/17] Loss: 5.7489 Bio: 0.9652
Epoch [156/200] Total Loss: 95.9302
Epoch [157/200] Step [0/17] Loss: 5.8111 Bio: 1.3087
Epoch [157/200] Total Loss: 97.8424
Epoch [158/200] Step [0/17] Loss: 5.6392 Bio: 0.9937
Epoch [158/200] Total Loss: 97.4744
Epoch [159/200] Step [0/17] Loss: 5.7452 Bio: 1.1370
Epoch [159/200] Total Loss: 96.8065
Epoch [160/200] Step [0/17] Loss: 5.7472 Bio: 1.0100
Epoch [160/200] Total Loss: 97.3783
Epoch [161/200] Step [0/17] Loss: 5.7881 Bio: 1.0627
Epoch [161/200] Total Loss: 95.8332
Epoch [162/200] Step [0/17] Loss: 5.7234 Bio: 0.8106
Epoch [162/200] Total Loss: 97.8150
Epoch [163/200] Step [0/17] Loss: 5.7486 Bio: 0.9852
Epoch [163/200] Total Loss: 97.8528
Epoch [164/200] Step [0/17] Loss: 6.0098 Bio: 0.8959
Epoch [164/200] Total Loss: 97.3598
Epoch [165/200] Step [0/17] Loss: 5.5743 Bio: 0.9327
Epoch [165/200] Total Loss: 96.3305
Epoch [166/200] Step [0/17] Loss: 5.9191 Bio: 1.0850
Epoch [166/200] Total Loss: 96.6604
Epoch [167/200] Step [0/17] Loss: 5.7773 Bio: 1.0747
Epoch [167/200] Total Loss: 96.9361
Epoch [168/200] Step [0/17] Loss: 5.7925 Bio: 0.9401
Epoch [168/200] Total Loss: 95.9488
Epoch [169/200] Step [0/17] Loss: 5.6899 Bio: 1.1363
Epoch [169/200] Total Loss: 95.7594
Epoch [170/200] Step [0/17] Loss: 5.5917 Bio: 0.9742
Epoch [170/200] Total Loss: 96.1516
Epoch [171/200] Step [0/17] Loss: 5.8545 Bio: 0.9665
Epoch [171/200] Total Loss: 97.0972
Epoch [172/200] Step [0/17] Loss: 5.7888 Bio: 1.0817
Epoch [172/200] Total Loss: 96.9208
Epoch [173/200] Step [0/17] Loss: 5.7174 Bio: 1.1427
Epoch [173/200] Total Loss: 97.7346
Epoch [174/200] Step [0/17] Loss: 5.6573 Bio: 1.2158
Epoch [174/200] Total Loss: 98.1513
Epoch [175/200] Step [0/17] Loss: 5.7250 Bio: 1.0311
Epoch [175/200] Total Loss: 96.7609
Epoch [176/200] Step [0/17] Loss: 5.9537 Bio: 1.0202
Epoch [176/200] Total Loss: 95.8586
Epoch [177/200] Step [0/17] Loss: 5.9121 Bio: 1.0064
Epoch [177/200] Total Loss: 95.5638
Epoch [178/200] Step [0/17] Loss: 5.8711 Bio: 0.9093
Epoch [178/200] Total Loss: 96.5252
Epoch [179/200] Step [0/17] Loss: 5.8939 Bio: 0.8832
Epoch [179/200] Total Loss: 95.5672
Epoch [180/200] Step [0/17] Loss: 5.7925 Bio: 0.9929
Epoch [180/200] Total Loss: 96.1349
Epoch [181/200] Step [0/17] Loss: 5.7236 Bio: 0.9656
Epoch [181/200] Total Loss: 95.2408
Epoch [182/200] Step [0/17] Loss: 5.7776 Bio: 0.9184
Epoch [182/200] Total Loss: 96.1847
Epoch [183/200] Step [0/17] Loss: 5.9968 Bio: 0.8517
Epoch [183/200] Total Loss: 96.0811
Epoch [184/200] Step [0/17] Loss: 5.8479 Bio: 1.0562
Epoch [184/200] Total Loss: 97.0134
Epoch [185/200] Step [0/17] Loss: 5.7317 Bio: 0.9820
Epoch [185/200] Total Loss: 95.5264
Epoch [186/200] Step [0/17] Loss: 5.7810 Bio: 1.1444
Epoch [186/200] Total Loss: 97.0507
Epoch [187/200] Step [0/17] Loss: 5.6783 Bio: 1.2315
Epoch [187/200] Total Loss: 95.5985
Epoch [188/200] Step [0/17] Loss: 5.8782 Bio: 1.0853
Epoch [188/200] Total Loss: 95.8175
Epoch [189/200] Step [0/17] Loss: 5.7553 Bio: 0.9711
Epoch [189/200] Total Loss: 97.7938
Epoch [190/200] Step [0/17] Loss: 5.7295 Bio: 1.1212
Epoch [190/200] Total Loss: 97.0466
Epoch [191/200] Step [0/17] Loss: 5.7680 Bio: 1.0828
Epoch [191/200] Total Loss: 95.3419
Epoch [192/200] Step [0/17] Loss: 5.7958 Bio: 1.0308
Epoch [192/200] Total Loss: 95.8748
Epoch [193/200] Step [0/17] Loss: 5.6829 Bio: 0.9246
Epoch [193/200] Total Loss: 95.9440
Epoch [194/200] Step [0/17] Loss: 5.9434 Bio: 0.8711
Epoch [194/200] Total Loss: 97.8470
Epoch [195/200] Step [0/17] Loss: 5.5763 Bio: 0.9697
Epoch [195/200] Total Loss: 96.0603
Epoch [196/200] Step [0/17] Loss: 5.7633 Bio: 1.1060
Epoch [196/200] Total Loss: 96.6928
Epoch [197/200] Step [0/17] Loss: 5.6914 Bio: 1.0334
Epoch [197/200] Total Loss: 95.7885
Epoch [198/200] Step [0/17] Loss: 5.7377 Bio: 0.9764
Epoch [198/200] Total Loss: 96.3769
Epoch [199/200] Step [0/17] Loss: 5.9302 Bio: 0.9128
Epoch [199/200] Total Loss: 95.1368
Linear training complete.
--- Linear 3plus_hypoxia RESULTS ---
============================================================
CLUSTERING EVALUATION
============================================================
✅ Loaded ground truth from ground_truth_BRCA.csv
   Total patients with labels: 803

📂 Loading model from save/model_combo_linear_3plus_hypoxia/checkpoint_200.tar...
✅ Model loaded successfully

📊 Loading data for BRCA...
[dataloader] No bio_anchor_file specified — loading omics only
✅ Data loaded successfully

🔮 Getting predictions...
✅ Predictions obtained: 1031 samples

🔍 Filtering to patients with ground truth...
   Patients with both predictions and ground truth: 803
   Final evaluation size: 803 patients

📈 Computing metrics...

============================================================
RESULTS
============================================================
ARI                 : 0.3692
NMI                 : 0.4837
V-measure           : 0.4837
============================================================

📊 Creating visualizations...
Saved confusion matrix to results/BRCA_confusion_matrix.png
Saved distribution plot to results/BRCA_cluster_distribution.png
Computing t-SNE (this may take a minute)...
Saved t-SNE plot to results/BRCA_tsne.png

💾 Saved results to results/BRCA_evaluation.csv

✅ Evaluation complete!
==============================
SWEEP 1 COMPLETE
==============================
